model_dir,n_tasks,mean_all,ifeval,bbh,math,gpqa,musr,mmlu_pro
0-hero_Matter-0.2-7B-DPO,44,28.215830870012205,33.588711286054334,35.957820153737636,0.7831536056611599,26.00566758232446,38.126934523809524,11.63563829787234
01-ai_Yi-1.5-34B,45,46.98523147669541,29.563280983346406,59.754891365260285,12.849460552633863,37.198315934159055,42.352323082010585,46.65890957446808
01-ai_Yi-1.5-34B-32K,45,47.29105434934222,32.21856895260132,60.14322362144493,12.315964375171722,37.088871815172155,43.965554728835976,47.09109042553192
01-ai_Yi-1.5-34B-Chat,45,49.80896236736798,63.95486198841297,60.82995149254802,21.198214387231513,36.58826172196558,42.79606068121693,45.20445478723404
01-ai_Yi-1.5-34B-Chat-16K,44,48.37788637879027,49.81404894568633,60.990145948040755,17.497862640107485,34.472645119142605,43.96086722883597,45.44547872340425
01-ai_Yi-1.5-6B,45,36.01119255884255,26.985343333466318,44.88086801526067,4.994357363505583,30.90512558843096,43.8512359457672,31.008976063829785
01-ai_Yi-1.5-6B-Chat,45,38.25239478974138,50.65459647069774,45.52913087012178,11.400095598684747,31.965130379035582,44.28794229497355,31.97307180851064
01-ai_Yi-1.5-9B,45,41.56438340793503,30.46627393094767,51.426745620317206,9.481548734753703,38.60807263439394,43.27208581349207,39.16223404255319
01-ai_Yi-1.5-9B-32K,45,39.839979494158676,23.59190281785662,49.62392896025098,8.427868230698289,36.643851406330434,41.84582919973545,37.649601063829785
01-ai_Yi-1.5-9B-Chat,45,44.28983665442867,62.6596874071907,55.5784389352313,10.461801911803489,33.48132659426703,42.55804811507936,39.752327127659576
01-ai_Yi-1.5-9B-Chat-16K,45,41.41904430257532,43.28071738542623,51.52212445965725,11.786489394462047,31.18102942452775,40.961222718253964,39.935172872340424
01-ai_Yi-34B,45,42.24239608190683,31.597827098764608,54.56833658982282,4.144453758109661,36.56083296131534,41.17345403439154,44.1156914893617
01-ai_Yi-34B-200K,45,41.49403893768919,15.817032141384857,54.4021880661157,4.284549614160937,35.15631489362614,38.152715773809526,45.34574468085106
01-ai_Yi-34B-Chat,45,42.97185656744319,49.255752514439465,55.59510724764263,5.822393059299672,33.63784623746872,39.75891617063492,40.93251329787234
01-ai_Yi-6B,45,33.56257374134691,29.769345337039056,43.075261824970916,1.5664867750733862,26.91731914152216,39.34799107142857,29.911901595744684
01-ai_Yi-6B-200K,45,33.50412373651144,8.645394220667828,42.875546449756584,1.2288350373494863,27.35540408044603,45.84726769179894,28.440824468085108
01-ai_Yi-6B-Chat,45,32.51704435285661,35.51709464221599,41.30811122869302,0.615898179927177,29.413006654512525,36.852496693121694,30.61003989361702
01-ai_Yi-9B,45,38.36216147439545,27.817191717974975,49.39072335445649,4.012957329774861,31.382119639774842,40.52451636904762,35.73803191489361
01-ai_Yi-9B-200K,45,37.84756305375952,24.016553854882822,47.92787300581126,5.421426025290133,31.392520953133367,42.91975446428572,36.22007978723404
01-ai_Yi-Coder-9B-Chat,44,36.36132866228034,50.12755045501491,48.13751456265883,2.8837323390381235,23.954729554561773,39.891984953703705,24.251994680851062
1-800-LLMs_Qwen-2.5-14B-Hindi,44,52.68859190482604,61.75669445958945,65.22830907234105,23.52592676810266,36.73060574539182,44.88062996031746,52.62632978723404
1-800-LLMs_Qwen-2.5-14B-Hindi-Custom-Instruct,44,51.53974236589451,31.5040758520725,62.83253573076048,28.402978733230377,37.532119434908864,44.89000496031746,51.637300531914896
1024m_PHI-4-Hindi,44,52.69176416845575,0.9692061507910124,67.09485178480546,21.3143072241967,39.92552702703709,49.12008101851852,52.3936170212766
1024m_QWEN-14B-B100,44,48.271570124446946,78.44286493171451,65.31843769402357,0.0,34.6993528935643,40.96825396825396,51.78690159574468
152334H_miqu-1-70b-sf,44,47.33758259399789,53.36861749048081,61.01766610162289,10.209903391824767,35.363185588647,45.807423941798945,42.278922872340424
1TuanPham_T-VisStar-7B-v0.1,44,38.717755320581745,39.8997437909192,50.51399488037255,4.126923726206338,28.628211949310945,43.72519841269841,32.106050531914896
1TuanPham_T-VisStar-v0.1,44,38.717755320581745,39.8997437909192,50.51399488037255,4.126923726206338,28.628211949310945,43.72519841269841,32.106050531914896
3rd-Degree-Burn_L-3.1-Science-Writer-8B,44,39.35639336343989,45.16416441708002,50.39966518923404,9.434128721373062,27.669831741245332,39.583659887566135,36.49434840425532
3rd-Degree-Burn_Llama-3.1-8B-Squareroot,44,30.05791355002316,22.983683293660818,34.59494745211966,19.892503165208495,25.493848060962154,30.87377645502645,17.49501329787234
3rd-Degree-Burn_Llama-3.1-8B-Squareroot-v1,44,27.04336765807176,31.781450994472443,33.41675364749283,5.376067448279029,25.718939605789437,33.38802083333333,11.269946808510637
3rd-Degree-Burn_Llama-Squared-8B,44,33.26942937056563,31.624090745887578,44.302123600373136,3.742676285639579,26.84578104827685,30.876120205026453,23.66190159574468
4season_final_model_test_v2,44,45.97265189881515,32.534563846150434,63.413099894983695,1.4002269568150754,32.337880531567606,43.13901703042328,35.280917553191486
AALF_FuseChat-Llama-3.1-8B-Instruct-preview,44,40.1333752153358,74.14643146850356,51.18876447682354,6.685739506071762,30.491579170270445,38.173809523809524,37.32546542553192
AALF_FuseChat-Llama-3.1-8B-SFT-preview,44,41.74094792700344,74.20389012265234,52.39543634979202,10.489229320714614,30.706654689456702,40.169841269841264,37.433510638297875
AALF_gemma-2-27b-it-SimPO-37K,44,29.859500320967573,26.61815095058888,39.104881476951164,0.0,28.40828308529651,34.85412119708995,19.71409574468085
AALF_gemma-2-27b-it-SimPO-37K-100steps,44,29.858334977794026,26.904169824953346,39.30299058613006,0.0,28.24109120512225,33.26901455026455,21.251662234042552
AELLM_gemma-2-aeria-infinity-9b,44,44.508098637922615,76.85169793924564,59.83058922287686,0.0,33.17314065269183,40.16749751984127,38.6220079787234
AELLM_gemma-2-lyco-infinity-9b,44,43.54422427890495,74.35127683435506,58.39107442508046,0.0,32.816338909040255,40.03442873677249,37.8656914893617
AGI-0_Art-v0-3B,44,29.614479782314778,33.62118068945952,33.97643970965649,12.229440995880106,26.00863377394418,39.901359953703704,25.282579787234045
AGI-0_Artificium-llama3.1-8B-001,44,34.55260851996637,54.12051135431766,42.55450886191351,9.245857511437249,26.34875494565092,37.917046957671964,31.815159574468083
AGI-0_smartllama3.1-8B-001,44,37.781821534806475,36.21280424828345,46.68964380074762,10.285798490739928,30.67887905345959,43.844204695767196,34.86535904255319
AI-MO_NuminaMath-7B-CoT,44,33.39890030429913,26.99160449828677,43.135403541856526,7.259304986255695,26.479657029678005,33.00990823412698,28.681848404255316
AI-MO_NuminaMath-7B-TIR,44,31.48843959090336,27.820959498574894,41.430539080056555,1.4560153465177588,26.080171867189485,35.08275876322751,27.32712765957447
AI-Sweden-Models_Llama-3-8B-instruct,44,32.60309594624523,24.361305779775442,41.72395728546459,0.4174753445040118,26.811226501872476,47.6867931547619,25.972406914893615
AI-Sweden-Models_gpt-sw3-40b,44,25.42892729828153,14.839126850091091,32.66873484532107,0.6396095522509231,23.19543804443133,36.30381531084656,12.757646276595743
AI4free_Dhanishtha,44,30.89657248091941,25.285520197520356,34.02832713517846,23.912252599104455,25.108923805966587,35.66659639550265,16.4311835106383
AI4free_t2,44,27.613097675693936,39.68619928456495,29.086870170567124,18.958008198409,25.510528632906993,38.43760333994709,11.436170212765957
AIDC-AI_Marco-o1,44,41.53692058630975,50.05136371494302,53.631539236582306,9.897503745719343,25.774605241887123,41.35574156746031,41.165226063829785
Aashraf995_Creative-7B-nerd,44,47.084168609851545,49.85028612969145,56.05878142320263,26.388696816259564,33.145982815655636,45.14208002645502,44.921875
Aashraf995_Gemma-Evo-10B,44,49.02755078065255,74.19014880517028,60.43995202411051,18.189133130731662,36.23396493048339,45.93580522486772,42.75265957446808
Aashraf995_Qwen-Evo-7B,44,47.89085966069239,50.32990243664588,57.08239290204104,27.30887568556348,33.29025240466096,45.40353009259259,44.622672872340424
Aashraf995_QwenStock-14B,44,54.580441813464155,53.221230778778086,65.49260353763626,31.17299398687058,39.15810664447409,47.91543072089947,53.82313829787234
AbacusResearch_Jallabi-34B,44,45.38377433681275,36.86723449336648,60.21917692902819,3.401475499953055,33.251804531691285,48.200318287037035,46.81682180851064
Ahdoot_StructuredThinker-v0.3-MoreStructure,44,40.715131338628844,43.60169904741641,48.36719041562244,21.56594471013752,29.783908066206727,41.57031663359788,36.10372340425532
Ahdoot_Test_StealthThinker,44,38.19860767324981,44.78572410094106,46.451866493258116,13.126918610250616,29.82767052345492,42.78434193121693,35.97074468085106
AicoresSecurity_Cybernet-Sec-3B-R1-V0,44,35.88868481578559,66.06188247184139,44.97019555809358,10.054999140927606,26.22894792567611,33.11953951719577,30.1030585106383
AicoresSecurity_Cybernet-Sec-3B-R1-V0-Coder,44,36.79916248283775,73.16725178083043,44.76495141682734,13.697094022269626,27.117948117318925,34.05805224867725,31.78191489361702
AicoresSecurity_Cybernet-Sec-3B-R1-V1,44,35.09945433669368,63.44654405865327,42.81574289737489,13.381374548470523,26.04904475185515,32.853401951058196,28.76496010638298
AicoresSecurity_Cybernet-Sec-3B-R1-V1.1,44,36.73340397144819,68.9294959596094,43.90796390208182,16.084488021058014,27.061203442809983,35.386396329365084,30.8843085106383
Alepach_notHumpback-M0,44,23.525206870345343,27.83215202329818,28.98670422715452,0.3132336997567184,25.07147901967533,34.86115244708995,11.627327127659575
Alepach_notHumpback-M1,44,23.877178239499717,27.301393635553666,29.482468672988375,0.48981427272090305,25.175684506116554,35.37233382936508,10.987367021276597
Alepach_notHumpback-M1-v2,44,22.887671751719527,23.288430253948412,27.74665120953463,1.2554041447410693,25.509102719148856,34.71402116402116,11.18683510638298
Alibaba-NLP_gte-Qwen2-7B-instruct,44,33.748209702970236,23.16353940876873,44.93641569245095,3.3033617064136376,23.945445691985125,35.584565145502644,33.211436170212764
Alsebay_Qwen2.5-7B-test-novelist,44,42.18246842376681,57.10553553460373,51.49853263426587,14.798369137813284,29.266503036951864,47.488099371693124,38.655252659574465
Amaorynho_BBAI2006,44,22.183441745088352,17.107275362704293,27.030487590936886,0.0,25.108923805966587,36.03533399470899,11.228390957446809
Amaorynho_BBAI270V4,44,24.242781385284797,20.434558083662463,30.700020343522482,0.7956293526867457,24.746845017398712,33.12188326719577,11.136968085106384
Amaorynho_BBAIIFEV1,44,43.71653147099556,82.10359623576554,52.919768880370086,17.366974523632265,31.304187923839777,41.83645419973545,38.57214095744681
Amaorynho_BBAI_375,44,22.183441745088352,17.107275362704293,27.030487590936886,0.0,25.108923805966587,36.03533399470899,11.228390957446809
Amu_t1-1.5B,44,31.190147416641707,34.92510981972278,40.065111754964526,4.356902992861365,24.44605578519169,35.14135251322751,25.664893617021278
Amu_t1-3B,44,32.229270514347654,34.05331187914733,39.97599593047816,12.770088617409279,23.904188186906307,34.32653356481482,12.840757978723405
ArliAI_ArliAI-RPMax-12B-v1.1,44,37.31484837999672,55.03724561940096,47.51087032167902,8.233901721654464,27.84792371359066,36.16605902777778,33.84308510638298
ArliAI_Llama-3.1-8B-ArliAI-RPMax-v1.1,44,39.54154035040231,65.73463964503074,50.14884769212205,10.428778445906934,28.293676285496755,35.75513392857143,35.51363031914894
Arthur-LAGACHERIE_Precis-1B-Instruct,44,25.75474174768163,38.454689113773675,32.22494960636544,0.07420792699153139,26.39918194920292,34.33122106481481,14.261968085106384
Artples_L-MChat-7b,44,36.876323293024235,54.80868539918527,45.99687903313921,7.651769990485896,29.90787468031596,40.26775380291006,32.98703457446808
Artples_L-MChat-Small,44,35.786055804801684,34.144514333080664,48.21224220454179,1.5838871838033681,26.623194455618954,36.94572172619048,24.642619680851062
Aryanne_QwentileSwap,44,59.04023985537562,74.86458153255585,70.07222971861852,39.67018836788119,36.59754558454223,46.37719907407407,59.45811170212766
Aryanne_SHBA,44,42.96645336162159,79.80923948456761,52.32283878964804,15.714172680791599,30.97442965312093,41.59375413359788,38.92121010638298
Aryanne_SuperHeart,44,41.89688167417703,54.81494656400573,52.144323235319604,12.663594421841463,29.85625427424924,44.346011078042324,39.12067819148936
AtAndDev_Qwen2.5-1.5B-continuous-learnt,44,33.729362913554674,47.176214665975166,42.560884781817705,6.712972172447196,26.64026031528128,36.33428406084656,28.116688829787233
Ateron_Glowing-Forest-12B,44,42.409112390874185,41.19242498792094,54.90873890883656,6.93483288191888,32.784132755294664,44.4790798611111,37.175864361702125
Ateron_Lotus-Magpic,44,41.58210670958751,65.38617534807643,52.524352790503755,9.055588491556051,30.643245468643965,43.302554563492066,34.90691489361702
Ateron_Way_of_MagPicaro,44,41.627441714876646,27.432545645553795,54.26364985802458,5.584743009907926,32.89130443335561,46.47511160714286,35.35571808510639
AuraIndustries_Aura-4B,44,34.86574344068194,39.40267379442103,44.89581491192703,4.133693027928142,28.255152460794243,39.35970982142857,27.061170212765955
AuraIndustries_Aura-8B,44,41.47469914362679,74.04774886190863,51.303216874432266,13.462291696884188,28.80584268220594,40.02036623677249,38.738364361702125
AuraIndustries_Aura-MoE-2x4B,44,33.92442809385277,48.488898345279416,43.3785308763335,2.721040312680294,26.916586978457786,40.82346643518518,26.496010638297875
AuraIndustries_Aura-MoE-2x4B-v2,44,33.983337007037804,50.72579644232857,43.143409530995186,2.4139856704264497,29.029508313275095,40.972941468253964,26.097074468085108
Aurel9_testmerge-7b,44,40.317155771480856,40.6978483756433,51.88082616484302,6.278424095001957,30.36283516306587,46.58005539021164,30.52692819148936
Ayush-Singh_Llama1B-sft-2,44,22.815303948588603,14.802889666085987,28.332523678177658,0.0,24.82732009787379,35.50305886243386,11.170212765957446
Azure99_Blossom-V6-14B,44,39.62490396463629,66.54022438241644,50.669149641281145,7.098701068181546,25.29699339158232,40.31697255291005,45.437167553191486
Azure99_Blossom-V6-7B,44,39.46752580295822,58.05723258731278,49.72881632784585,6.817056744451827,30.374738341915354,42.97131696428572,41.43949468085106
Azure99_blossom-v5-32b,44,45.29637528438691,54.84985394309321,59.53613924072169,8.541195970957729,31.341247422413527,40.169841269841264,42.34541223404255
Azure99_blossom-v5-llama3-8b,44,32.62405089015638,45.86231199882977,41.8373397136659,3.8478637826648927,26.33207437370608,36.68661541005291,22.05784574468085
Azure99_blossom-v5.1-34b,44,46.97330890255015,59.22751632335537,61.06367355652459,12.436920055648661,31.24779012467771,39.24773478835979,45.462101063829785
Azure99_blossom-v5.1-9b,44,41.925355879440254,52.760342557746775,53.423015264032536,9.203511449763779,33.6088771989569,39.9083912037037,39.84375
BAAI_Gemma2-9B-IT-Simpo-Infinity-Preference,44,43.49320309970696,32.23469283722744,59.79128699983367,0.0,33.94198694901296,39.630534887566135,38.63863031914894
BAAI_Infinity-Instruct-3M-0613-Llama3-70B,44,51.71362184041741,70.1759664357239,66.4097333840635,14.17060748316706,36.014112018201786,45.195986276455024,47.29886968085106
BAAI_Infinity-Instruct-3M-0613-Mistral-7B,44,38.91545864918374,54.53513344592349,49.575780562008184,6.025002097296607,29.716800490709883,43.47781084656085,31.607380319148938
BAAI_Infinity-Instruct-3M-0625-Llama3-70B,44,52.18748508066571,76.15726272955759,66.69103250566413,15.023218386227011,35.64582992278042,46.13215525793651,45.86103723404255
BAAI_Infinity-Instruct-3M-0625-Llama3-8B,44,38.000979653956506,61.929015013497526,49.53627120865997,4.8298107194262325,26.871398607451457,37.099884259259255,32.52160904255319
BAAI_Infinity-Instruct-3M-0625-Mistral-7B,44,38.791564239017326,59.84449039659216,49.386468483791326,6.210528513595824,28.560025335402848,42.69111689814815,32.297207446808514
BAAI_Infinity-Instruct-3M-0625-Qwen2-7B,44,41.00358262147151,56.99809837896781,53.44677496688627,5.540143990116624,30.83062130356593,38.84618468915344,39.602726063829785
BAAI_Infinity-Instruct-3M-0625-Yi-1.5-9B,44,44.39855913501684,53.577175228394005,55.086429201926755,12.889674395802855,36.14347382436728,45.72357390873016,41.18184840425532
BAAI_Infinity-Instruct-7M-0729-Llama3_1-8B,44,39.583862793238325,63.37157630642252,50.758736752957475,8.918590341275332,29.248743426595773,35.76685267857143,32.23902925531915
BAAI_Infinity-Instruct-7M-0729-mistral-7B,44,38.67897204255827,63.170498721170944,49.62518463651418,5.092173588266625,29.239112688672254,40.58311011904762,32.737699468085104
BAAI_Infinity-Instruct-7M-Gen-Llama3_1-70B,44,53.31266736299231,74.69347996648892,66.94429415660558,19.996773355185276,37.46651372490299,45.35249255952381,46.0688164893617
BAAI_Infinity-Instruct-7M-Gen-Llama3_1-8B,44,39.58039975959869,63.21920282627872,50.758736752957475,8.918590341275332,29.248743426595773,35.76685267857143,32.23902925531915
BAAI_Infinity-Instruct-7M-Gen-mistral-7B,44,38.67550900891864,63.01812524102714,49.62518463651418,5.092173588266625,29.239112688672254,40.58311011904762,32.737699468085104
BAAI_OPI-Llama-3.1-8B-Instruct,44,27.295201071841696,21.004047039632617,35.49984330063648,0.0,27.066442075355667,32.31643931878307,21.243351063829788
BEE-spoke-data_Meta-Llama-3-8Bee,44,35.23297190773534,20.810505015580883,46.26138645691371,3.588908254404603,30.726068941777836,36.53245287698413,32.19747340425532
BEE-spoke-data_smol_llama-101M-GQA,44,24.115343478886423,14.935316072465502,30.159348902462586,0.0,25.70152687078022,37.10457175925926,11.070478723404255
BEE-spoke-data_smol_llama-220M-GQA,44,24.727301468633193,24.089028222893035,30.30315951208787,0.0,25.568005470480298,40.55967261904762,11.49434840425532
BEE-spoke-data_smol_llama-220M-GQA-fineweb_edu,44,24.348528002854085,19.987411180113213,29.277723070535615,0.0,25.915523351555226,43.63666087962963,11.269946808510637
BEE-spoke-data_smol_llama-220M-openhermes,44,24.436369030542817,16.399098835534158,30.263281124777887,0.0,26.733717613017106,38.44463458994709,11.20345744680851
BEE-spoke-data_tFINE-900m-e16-d32-flan,44,23.988043385835656,15.057713533424646,30.273869423859857,0.0,22.961062637027403,37.22357804232804,13.07347074468085
BEE-spoke-data_tFINE-900m-e16-d32-flan-infinity-instruct-7m-T2T_en-1024,44,25.44068022326212,13.705080298053607,31.369059927446973,0.0,25.504596249667554,43.891079695767196,12.367021276595745
BEE-spoke-data_tFINE-900m-e16-d32-instruct_2e,44,25.319531593772066,15.043972215942587,31.33052149460365,0.0,25.995651556683434,42.03514798280423,12.367021276595745
BEE-spoke-data_tFINE-900m-instruct-orpo,44,23.922023413319476,14.270856881962082,30.211888119192665,0.0,26.368325757482637,34.06273974867725,11.519281914893616
BSC-LT_salamandra-7b,44,27.04788708466104,13.976083458556632,35.163400144952305,0.0,27.08493384877613,34.98718998015873,14.926861702127658
BSC-LT_salamandra-7b-instruct,44,29.91099941578505,25.751395186992738,38.50439171281051,0.21923499338575603,26.466674812417256,41.32527281746031,18.05186170212766
Ba2han_Llama-Phi-3_DoRA,44,42.9119897031884,53.996839496979135,55.13590578902359,9.313837433421652,32.33086910991693,40.671647652116405,39.153922872340424
Baptiste-HUVELLE-10_LeTriomphant2.2_ECE_iLAB,44,60.81257976935228,53.819532174629984,72.55600221493874,42.133323262545794,40.68316389520248,46.23241154100529,58.51063829787234
BenevolenceMessiah_Qwen2.5-72B-2x-Instruct-TIES-v1.0,44,54.01483843386307,56.22625744136669,72.72486372737701,8.519400539235638,36.426579397951045,42.03280423280423,56.28324468085106
BenevolenceMessiah_Yi-Coder-9B-Chat-Instruct-TIES-MoE-v1.0,44,36.987152021539615,31.211906629964055,49.08466100940475,3.9336809855706054,25.74944892216285,40.783622685185186,26.803523936170215
BlackBeenie_Bloslain-8B-v0.2,44,40.94573727549023,53.62715372988116,51.0995061973962,12.690388505722355,30.668863027818567,40.75315393518519,36.53590425531915
BlackBeenie_Llama-3.1-8B-OpenO1-SFT-v0.1,44,37.98125204524931,51.98600823592512,47.86542338267327,11.454493648380264,27.011855477669233,36.16371527777778,34.915226063829785
BlackBeenie_Llama-3.1-8B-pythonic-passthrough-merge,44,27.17667547601606,23.765553176682314,34.524759201053655,0.6913348139146246,26.397756035444797,37.76054067460317,13.32280585106383
BlackBeenie_Neos-Gemma-2-9b,44,42.05379149286587,59.86449287889467,55.02193041680392,6.637396507284015,31.97368207854785,36.15902777777778,39.81050531914894
BlackBeenie_Neos-Llama-3.1-8B,44,35.939579188838486,51.15670864417523,44.23731854606757,11.75554468245268,26.750398184961945,37.48268435846561,32.62134308510639
BlackBeenie_Neos-Llama-3.1-base,44,23.28238009570648,17.554422266253543,29.28800519041005,0.0,23.737652518063594,34.97312748015873,11.12034574468085
BlackBeenie_Neos-Phi-3-14B-v0.1,44,47.7192959904831,41.013843269192414,62.11536199447134,14.883492244233073,30.260516829833108,41.225016534391536,45.636635638297875
BlackBeenie_llama-3-luminous-merged,44,40.05733980682423,47.32736915827781,51.53426261299081,7.499308596114965,29.05774518872254,41.4677166005291,37.73271276595745
BlackBeenie_llama-3.1-8B-Galore-openassistant-guanaco,44,39.565063373641586,28.00580238212388,52.126418930967375,4.6486074196207,29.104935077040782,44.05877976190476,32.06449468085106
Bllossom_llama-3.2-Korean-Bllossom-AICA-5B,44,34.51727259342414,54.005594046020114,42.92432933463499,6.4977299087812845,29.74646327991546,38.31156580687831,27.102726063829785
BoltMonkey_DreadMix,44,43.33395335240867,72.36416042766525,54.34600327844119,12.728404221184425,29.56108896230541,42.10727926587302,37.898936170212764
BoltMonkey_NeuralDaredevil-SuperNova-Lite-7B-DARETIES-abliterated,44,40.04574335335093,45.73620216580894,51.61355230927273,9.071783279687388,26.859571380334803,40.669303902116404,36.419547872340424
BoltMonkey_SuperNeuralDreadDevil-8b,44,41.916337393894906,78.60648634511985,52.85614340622162,10.702053968771716,28.779260448723537,39.74719742063492,36.785239361702125
BrainWave-ML_llama3.2-3B-maths-orpo,44,23.53176959078472,20.490742341431844,29.103564494469225,0.0,25.915523351555226,35.74341517857143,11.67719414893617
BramVanroy_GEITje-7B-ultra,44,29.13512215508644,39.66741579010359,37.752971077656284,0.8773565663523407,26.122123122962048,32.8744957010582,20.113031914893618
BramVanroy_fietje-2,44,30.4997544443946,21.434959241479273,40.3511758524172,0.9172185450324509,24.800699452020762,36.943377976190476,19.855385638297875
BramVanroy_fietje-2-chat,44,31.047395930800477,31.41049083099509,41.49082089796007,0.5782105751409278,23.293440224019083,35.2533275462963,20.545212765957448
BramVanroy_fietje-2-instruct,44,30.71998636786415,29.783086654521114,41.352527577988496,0.49004388813982264,22.699258468973234,33.6682208994709,21.03557180851064
CYFRAGOVPL_Llama-PLLuM-8B-base,44,33.65168306056429,31.022076977973995,43.203084784338856,3.426879602114706,28.809194161543157,39.69797867063492,27.568151595744684
CYFRAGOVPL_Llama-PLLuM-8B-chat,44,32.30723496850473,37.13823765386951,40.76252859337447,3.239912293869171,26.44594901044146,41.97655423280423,27.194148936170215
CYFRAGOVPL_PLLuM-12B-base,44,34.15182887947034,32.384683750227175,43.898724889721436,2.9222248415543484,28.787350908785474,41.4184978505291,27.40192819148936
CYFRAGOVPL_PLLuM-12B-chat,44,34.0523916766811,34.467933970753165,44.452289241814825,1.5998333041039507,26.31350664855279,41.14532903439154,28.723404255319153
CYFRAGOVPL_PLLuM-12B-nc-base,44,32.47560607397466,25.13940788219702,42.75381370566442,2.0249068321499046,26.99409586731315,36.43219659391534,25.590093085106385
CYFRAGOVPL_PLLuM-12B-nc-chat,44,35.04634768822743,30.532431725599185,45.7577440768804,1.1637197216153945,28.86000645281266,43.53119212962963,25.972406914893615
CarrotAI_Llama-3.2-Rabbit-Ko-3B-Instruct,44,34.6052381499588,73.87415391162116,44.25522561989975,2.3193795622129794,27.282596632953176,36.46266534391535,28.22473404255319
CarrotAI_Llama-3.2-Rabbit-Ko-3B-Instruct-2412,44,36.45423474846499,49.44563757496775,43.57621530868655,15.213954995155305,29.10851906762142,38.69670965608466,31.341422872340424
Casual-Autopsy_L3-Umbral-Mind-RP-v2.0-8B,44,41.1665872198921,73.29463601023063,52.61942880059326,9.708151995885363,28.248834789837307,36.843121693121695,37.234042553191486
CausalLM_14B,45,36.70817463248836,30.81595721574312,46.994253286282195,2.9692663922141973,30.401820227218717,41.54453538359789,32.21409574468085
CausalLM_34b-beta,44,42.0657890800866,31.496595699410896,55.89331609552291,3.729343154419517,34.647038736803836,37.47330935846561,53.24966755319149
CausalLM_preview-1-hf,44,29.165899252210647,56.66963656431601,36.13848677840855,1.4249835848300783,26.18557075614542,34.19580853174604,35.97074468085106
Changgil_K2S3-14b-v0.2,44,35.47180001140344,33.811010341449574,46.12636284122427,4.275283123866382,28.445689459217142,39.20789103835979,26.437832446808514
Changgil_K2S3-v0.1,44,35.563591533290364,34.1944374260296,46.545180016198394,4.074711811868798,26.406578658571107,40.125310019841265,25.623337765957448
ClaudioItaly_Albacus,44,39.2696800629998,49.958942273168525,51.12097438401898,5.938337272740957,27.278551402922208,41.33230406746031,31.648936170212767
ClaudioItaly_Book-Gut12B,44,42.20765112194883,41.68827599657797,54.16887849779546,8.247314683848897,30.87619496228976,46.33969907407407,36.702127659574465
ClaudioItaly_Evolutionstory-7B-v2.2,44,39.28374492173075,51.34653829616529,51.07089141231268,5.865875158899152,27.555610229163086,41.33230406746031,31.590757978723406
ClaudioItaly_intelligence-cod-rag-7b-v3,44,42.03687812830218,70.3470680017908,53.649130004205546,8.996266709666115,27.50660913936921,41.4958416005291,41.95478723404255
CohereForAI_aya-23-35B,45,41.59371050394245,67.1584728520326,53.97976613670603,2.414402862531547,29.422328929459805,43.07157324735449,33.56050531914894
CohereForAI_aya-23-8B,45,33.785000289341404,49.37565659117807,42.94563279246495,1.4865024211104165,27.836828649538383,39.37611607142857,22.78091755319149
CohereForAI_aya-expanse-32b,44,44.67745487461812,75.43661928128478,56.478925366947664,12.617188259866063,32.61709743463099,38.70139715608466,41.29820478723404
CohereForAI_aya-expanse-8b,44,38.73746858024386,66.36912281634952,49.757889484349136,6.401670581950299,29.647149550673042,37.25873429232804,30.03656914893617
CohereForAI_c4ai-command-r-plus,45,45.95340797283487,77.92080568447275,58.15335705928213,7.351656455379163,30.360677086243363,48.05787450396825,39.918550531914896
CohereForAI_c4ai-command-r-plus-08-2024,44,47.4734421895473,77.56984800329792,59.941047177558794,10.174040835510736,34.83992412788554,48.29119957010582,44.207114361702125
CohereForAI_c4ai-command-r-v01,45,41.591801498945046,69.73258731277456,54.04218951274674,0.0,30.645132621852422,45.15379877645502,33.69348404255319
CohereForAI_c4ai-command-r7b-12-2024,44,46.05623501076224,78.1793419238731,55.022899807961636,24.71535123620908,31.13094929632262,41.222672784391534,35.72140957446808
Columbia-NLP_LION-Gemma-2b-dpo-v1.0,44,30.869072390720646,33.34391636413605,39.1861722854818,3.890388316336181,23.94767972054046,41.18517278439153,16.65558510638298
Columbia-NLP_LION-Gemma-2b-odpo-v1.0,44,30.740167661842644,32.56453986533509,38.94489830495923,3.4627179174043246,23.464021122892767,42.77496693121693,16.92154255319149
Columbia-NLP_LION-Gemma-2b-sft-v1.0,44,30.90965212804633,38.3972304596249,38.77490281820175,4.657704746143879,24.873777823127657,40.25837880291006,17.819148936170212
Columbia-NLP_LION-LLaMA-3-8b-dpo-v1.0,44,39.30706262264728,51.457687823862905,50.26682194967872,8.605706378025221,27.74075203552972,40.94716021825396,32.18916223404255
Columbia-NLP_LION-LLaMA-3-8b-odpo-v1.0,44,38.63854208851363,41.01633665341294,50.22104781652315,6.528548762865868,28.004096481445472,40.55029761904761,31.524268617021278
Columbia-NLP_LION-LLaMA-3-8b-sft-v1.0,44,39.688595289915604,39.978423915211636,50.86373473582827,7.960439089682687,28.037728548949183,45.01369874338624,32.3720079787234
CombinHorizon_Josiefied-abliteratedV4-Qwen2.5-14B-Inst-BaseMerge-TIES,44,47.27834035407824,83.14522134602853,63.691348208219836,0.0,32.03674442401372,42.567423115079364,49.79222074468085
CombinHorizon_Rombos-Qwen2.5-7B-Inst-BaseMerge-TIES,44,40.90003515054323,76.59814846828637,54.01034528075,0.0,29.850668766356687,40.30056630291005,43.41755319148936
CombinHorizon_YiSM-blossom5.1-34B-SLERP,44,49.51628143338381,55.928990633740696,62.06356046647519,18.52738564923031,35.78378184082882,44.11268601190476,47.40691489361702
CombinHorizon_huihui-ai-abliterated-Qwen2.5-32B-Inst-BaseMerge-TIES,44,50.82363261252981,82.76179426144851,69.280015182907,0.0,33.80476719402894,42.037491732804234,57.20578457446809
CombinHorizon_huihui-ai-abliteratedV2-Qwen2.5-14B-Inst-BaseMerge-TIES,44,46.936910812365,82.24472178264782,63.34981497358124,0.0,30.91371570031386,42.567423115079364,49.10239361702128
CombinHorizon_zetasepic-abliteratedV2-Qwen2.5-32B-Inst-BaseMerge-TIES,44,51.37063017516922,83.75222188238318,69.54072119381289,0.0,36.77818092142757,43.1020419973545,56.84840425531915
ContactDoctor_Bio-Medical-3B-CoT-012025,44,35.06812716975774,37.93761663497298,43.81547081673176,10.705070299821456,29.902250760052773,33.6565021494709,29.33843085106383
ContactDoctor_Bio-Medical-Llama-3-8B,44,37.929950892387545,47.20619068515982,48.628651329859565,6.482483566767956,33.072633520934694,35.11791501322751,36.477726063829785
CoolSpring_Qwen2-0.5B-Abyme,44,23.504034705979322,20.63812905313457,28.606745854453276,1.463114709819876,25.800146849328897,35.39577132936508,13.331117021276595
CoolSpring_Qwen2-0.5B-Abyme-merge2,44,24.502092269460203,21.478676578145986,29.937168228679447,1.6698824503577125,25.660036854457996,36.84780919312169,14.893617021276595
CoolSpring_Qwen2-0.5B-Abyme-merge3,44,24.573332187460622,24.513679259919236,30.0229968087047,1.930553152907683,26.48670686369931,34.98718998015873,15.001662234042554
Corianas_Neural-Mistral-7B,44,34.41003986028453,57.17047434141411,44.27538468719467,1.7775889372047482,28.10267804762352,38.70139715608466,27.376994680851062
Corianas_Quokka_2.7b,44,24.637666427095734,18.051492262751722,30.540682988933053,0.32293918095688057,25.456788562388393,39.06779100529101,11.45279255319149
Corianas_llama-3-reactor,44,34.579589042578384,24.459988386370384,44.57095563792369,4.320406373011294,29.850668766356687,39.74954117063491,28.008643617021278
CortexLM_btlm-7b-base-v0.2,44,30.480156785703883,15.45610092332788,40.056417067205864,1.0904573504316821,25.206079458386505,38.435259589947094,23.49567819148936
Cran-May_SCE-2-24B,44,49.70134422814871,60.78748830879843,62.63922826074671,17.262026402992685,34.61760845884167,45.27046130952381,46.1186835106383
Cran-May_SCE-3-24B,44,47.65318812878388,56.53848455431588,59.72348060698287,15.949530436623286,35.36164531078541,44.338979828042326,46.467752659574465
Cran-May_T.E-8.1,44,43.41798824863965,71.28629813339717,55.808070332514625,5.738318876191799,30.68970319389782,45.03244874338625,44.32347074468085
Cran-May_merge_model_20250308_2,44,56.97463036704323,62.608489917862386,65.84422500319616,41.9463288258164,39.23118501558099,47.92246197089946,54.19714095744681
Cran-May_merge_model_20250308_3,44,50.714686767805176,61.85160928558447,62.702109393411085,24.336139567467026,32.289264729491244,43.18354828042328,49.617686170212764
Cran-May_merge_model_20250308_4,44,56.58869687755848,48.10048449225832,66.63495842324072,39.33812434338569,39.92622077773085,46.86728670634921,53.665226063829785
Cran-May_tempmotacilla-cinerea-0308,44,56.621147179776166,58.57059269405178,65.87597378034619,41.77494901084175,37.30294424767999,47.26649305555555,53.881316489361694
CreitinGameplays_Llama-3.1-8B-R1-v0.1,44,27.73987953437645,35.086237848907565,30.56207087059779,16.33006412835975,25.83874662576424,36.18949652777778,12.516622340425531
CultriX_Qwen2.5-14B-Broca,44,54.643586223263455,58.5693182976724,65.26362173176163,32.03980410474042,38.57548119293085,47.65398065476191,53.64029255319149
CultriX_Qwen2.5-14B-BrocaV9,44,52.96015102582907,70.70428684778611,63.90197951949197,27.39881826227989,36.049013439953036,46.88369295634921,53.30784574468085
CultriX_Qwen2.5-14B-Brocav3,44,53.97695621984254,71.16140728821748,64.51506342863617,30.705821358223336,35.919922557401584,47.544349371693116,53.1748670212766
CultriX_Qwen2.5-14B-Brocav6,44,53.13728007114441,72.08312832174187,63.876127013008436,27.691290276965564,36.71843164292829,47.40424933862434,53.191489361702125
CultriX_Qwen2.5-14B-Brocav7,44,53.79506478512482,69.50402709255886,64.42957448680588,29.658767243215365,36.698399591646236,47.94121197089947,52.576462765957444
CultriX_Qwen2.5-14B-Emerged,44,52.3593884476761,71.646010363613,62.59241776280247,28.74674682798076,35.30389754959805,46.8883804563492,51.86170212765957
CultriX_Qwen2.5-14B-Emergedv3,44,50.28621481199471,65.72715949236914,61.89653692249614,19.57417144230884,36.446150209782765,47.26649305555556,51.73703457446809
CultriX_Qwen2.5-14B-FinalMerge,44,45.38944155628202,51.222866438826756,57.14502331841159,12.481305611573074,36.06896953950226,43.755667162698415,45.744680851063826
CultriX_Qwen2.5-14B-Hyper,44,54.42669908182253,57.00186615956772,65.06554622720145,30.598754230506987,39.34802584393607,48.97294973544973,53.74002659574468
CultriX_Qwen2.5-14B-HyperMarck-dl,44,55.20000608781787,68.43491934733174,60.95842494733517,50.94407411149295,36.4970384527851,44.12909226190476,50.90591755319149
CultriX_Qwen2.5-14B-Hyperionv3,44,54.757610617824696,70.87538841385303,65.21303286372036,32.060281248616754,37.548800006853696,47.27821180555555,53.39926861702128
CultriX_Qwen2.5-14B-Hyperionv4,44,54.25430981245337,57.36656515822462,64.71000494112982,30.969666572028498,39.583941529201596,48.30994957010582,53.64029255319149
CultriX_Qwen2.5-14B-Hyperionv5,44,53.57430269839328,69.08813060457364,64.41851380603251,28.238266508969613,37.15274227543522,47.936524470899464,53.01695478723404
CultriX_Qwen2.5-14B-MegaMerge-pt2,44,53.65977751520348,59.39989228580167,65.76633037942405,25.52513511999984,37.63270251839883,47.27118055555555,54.20545212765957
CultriX_Qwen2.5-14B-MergeStock,44,53.97835226001349,59.36243611395542,65.78339641679267,27.82595306228667,37.05485445995094,46.745936673280426,53.9561170212766
CultriX_Qwen2.5-14B-ReasoningMerge,44,58.64030474450824,49.01849315372101,65.77968372658594,50.30785146191833,40.9276696923509,51.6413566468254,53.449135638297875
CultriX_Qwen2.5-14B-Ultimav2,44,55.59049293742707,57.862416166881644,65.54447633809048,35.221195164764104,38.82430314372428,49.64298115079365,54.17220744680851
CultriX_Qwen2.5-14B-Unity,44,48.32578603356566,69.99361693639543,60.192545246849605,15.023890565189602,34.674082209736575,46.76937417328042,50.756316489361694
CultriX_Qwen2.5-14B-Wernicke,44,54.095608473951174,54.70379703630811,65.67315954703126,28.226602356227147,39.13961487105363,46.8743179563492,54.23869680851063
CultriX_Qwen2.5-14B-Wernicke-SFT,44,53.09048848121051,50.757046857892604,64.59895819562534,33.35059749986092,34.85483191072537,38.97222222222222,50.69813829787234
CultriX_Qwen2.5-14B-Wernicke-SLERP,44,49.01217426943445,60.0718316289667,64.40052828217115,9.459204410817872,34.255758398480715,41.369804067460315,50.939162234042556
CultriX_Qwen2.5-14B-Wernickev3,44,52.39676219399209,72.29423485241382,61.834049631518816,30.84075882887591,36.046394123680194,47.14748677248677,51.5126329787234
CultriX_Qwen2.5-14B-partialmergept1,44,49.92051624099636,66.0368932210978,61.5050533696725,18.864836718471274,35.88914231741413,47.54903687169312,52.07779255319149
CultriX_Qwenfinity-2.5-14B,44,45.48914003925051,50.60339898136943,56.53976222542369,14.832188881514352,35.44104135284923,45.03713624338624,44.98005319148936
CultriX_Qwestion-14B,44,53.664187745666844,64.74548642047544,64.494169876933,30.085646039948937,36.38281694070285,46.34438657407408,54.222074468085104
CultriX_SeQwence-14B,44,54.071158807426656,55.55182471398113,65.05115819022937,31.862469482656763,35.75192256243011,46.63630539021164,54.18882978723404
CultriX_SeQwence-14B-EvolMerge,44,54.440717068795955,56.05266249107923,65.71333937987592,29.74826917398846,37.99763313448297,48.19328703703704,54.18882978723404
CultriX_SeQwence-14B-EvolMergev1,44,54.236251335038965,58.31454983887197,65.4472184225197,30.419443718043148,37.66382963373315,46.21131779100529,53.931183510638306
CultriX_SeQwence-14B-v5,44,53.89847024029483,61.498158220189104,65.1650359529185,29.055735326860827,36.71735260451703,47.128736772486775,54.147273936170215
CultriX_SeQwence-14Bv1,44,53.45698397689366,69.47405107337421,63.43759543164249,31.77125783083539,35.94958534660716,47.02144923941799,53.199800531914896
CultriX_SeQwence-14Bv2,44,50.92164478128933,60.76626683865477,63.03538509804133,20.826162687561233,35.75226943777699,45.98268022486772,53.34109042553191
CultriX_SeQwence-14Bv3,44,51.04138354167292,59.7758392177201,63.01231217473029,21.20843179657579,36.4380213373502,46.22303654100529,53.34940159574468
DRXD1000_Atlas-7B,44,26.06696581464548,39.08291112027199,33.013862797369015,0.17452332697381784,25.429706677085033,33.40208333333333,14.012632978723405
DRXD1000_Phoenix-7B,44,30.531880183410788,34.36055222365546,39.30317974141033,0.0,27.99327234100724,38.46104083994709,23.429188829787233
DUAL-GPO_zephyr-7b-ipo-0k-15k-i1,44,34.58558062876481,28.047026334570052,44.71689733381421,2.49833830536737,28.95461874069256,41.71744791666667,31.299867021276594
DZgas_GIGABATEMAN-7B,44,38.85084912214069,48.292807528468906,50.31487144465031,4.469651171889536,29.112602710023012,43.276773313492065,31.765292553191486
Daemontatox_AetherDrake-SFT,44,39.801202928206344,51.211673914103464,48.709130497693465,13.45905447114452,32.73910094379893,40.881535218253966,34.99002659574468
Daemontatox_AetherSett,44,46.77235826727264,56.31369211470011,54.51091136574898,29.656395615571352,31.204759830493895,46.031374007936506,42.78590425531915
Daemontatox_AetherTOT,44,40.8402935311061,46.54804806801509,50.65045749943117,13.141968736545978,32.80443573019076,40.77424768518519,38.040226063829785
Daemontatox_AetherUncensored,44,34.96011000713816,41.39100918895198,44.629749597434895,5.941842332323664,28.79440074280678,37.45924685846561,27.102726063829785
Daemontatox_Cogito-MIS,44,37.61910318003298,18.221374840977493,50.59491288093525,7.4008420699721285,25.654104471218563,37.64856564153439,14.353390957446807
Daemontatox_CogitoDistil,44,30.390202486565933,27.840961980877406,36.75850585688137,9.422800136565467,25.915523351555226,37.52018435846561,26.25498670212766
Daemontatox_CogitoZ,44,57.90151821507412,42.66618128787174,67.33047490760198,44.263052379027144,39.79570398142126,47.915430720899465,55.925864361702125
Daemontatox_CogitoZ14,44,49.58289884632226,68.13388475910584,62.969594498163126,19.035473155696902,32.235025007151684,40.55967261904762,39.993351063829785
Daemontatox_DocumentCogito,44,41.30422762187785,52.75790458206448,51.11301829954531,14.54601195014192,31.650626766503443,39.71907242063492,38.02360372340425
Daemontatox_Llama3.3-70B-CogniLink,44,57.34565017800346,71.533586439536,66.68353891148696,37.7822143569992,43.52848517068316,48.74665591931217,51.72872340425532
Daemontatox_Llama_cot,44,40.54300612850955,76.81047398679948,48.366116237363094,18.3458534269475,29.26684991229874,38.69905340608466,35.1811835106383
Daemontatox_MawaredT1,44,42.6006254406508,43.70536842245243,52.13756236059702,13.458757472876727,33.96417707711751,47.00504298941799,47.18251329787234
Daemontatox_Mini_QwQ,44,46.78366372573959,48.45144217343316,55.482410984187915,27.285766027977402,30.760433172345923,46.82509920634921,43.7250664893617
Daemontatox_NemoR,44,39.7790103470944,24.953290602268645,51.93838395246295,7.248871071845247,33.01207612763821,39.065447255291005,32.903922872340424
Daemontatox_PathFinderAI2.0,44,57.57801459553982,43.29190991014952,66.88301364175273,43.624457346788404,39.66480189739418,48.4453621031746,56.05053191489362
Daemontatox_PathFinderAi3.0,44,59.36775190603836,44.96053803906966,68.82763339054416,46.214280414123074,41.205460681656156,48.05553075396825,57.571476063829785
Daemontatox_PathfinderAI,44,57.776039050681185,39.94468011542707,66.66233023805147,45.87493324122458,39.50755009112811,48.573743386243386,55.934175531914896
Daemontatox_Phi-4-COT,44,48.267057930355165,19.841243456251636,61.72154337374698,17.49001852597044,33.53807126877597,45.284523809523805,50.0498670212766
Daemontatox_PixelParse_AI,44,40.54681023251837,46.27826389535322,50.33317203458784,12.594812740753117,33.116320026450055,40.50811011904762,37.78257978723404
Daemontatox_RA2.0,44,42.58190444673121,39.29773002300562,48.877585162699305,31.660322945433713,31.05490473359601,40.902628968253964,26.163563829787233
Daemontatox_RA_Reasoner,44,47.91852890060255,57.927354973692026,60.529611412771175,18.351337927405943,33.718206953840344,39.61412863756614,43.00199468085106
Daemontatox_RA_Reasoner2.0,44,48.21063936758806,56.55100688395679,60.619426497724696,20.750657787957003,32.60041686268615,38.81571593915344,43.53390957446808
Daemontatox_ReasonTest,44,43.42851900817241,42.95474895499497,54.34135312671698,14.35986838908783,32.404565279984745,43.14604828042328,42.71941489361702
Daemontatox_Research_PathfinderAI,44,26.1898077451961,35.4971475684517,28.70819778444694,16.19952524864587,23.582287865005988,33.92029596560847,11.303191489361703
Daemontatox_SphinX,44,45.27694931091529,59.911977996161305,54.4000579843767,22.78658513990082,30.16220618726911,44.04940476190477,43.658577127659576
Daemontatox_Sphinx2.0,44,47.90357048543978,73.71053249821584,64.71867505676971,2.476911063186061,29.315851002092607,42.567423115079364,51.83676861702128
Daemontatox_TinySphinx,44,25.99684424680055,26.169840467736716,33.090211865716626,0.0,27.09017248132181,33.25729580026455,16.97972074468085
Daemontatox_TinySphinx2.0,44,25.656479153568494,27.371319210805105,31.676211465555955,2.4178706580783893,26.68960828042204,33.80128968253969,17.31216755319149
Daemontatox_Zirel-7B-Math,44,45.241127315920465,66.64638714167297,54.465587486064294,18.25677721310311,33.02509675726958,47.88964947089947,42.37034574468085
Daemontatox_Zirel_1.5,44,32.423984976696225,42.451362385138104,39.83657766868733,9.956040754732618,25.941179323100467,36.56292162698413,21.434507978723406
Daemontatox_mini-Cogito-R1,44,30.545846351769672,23.392099628984425,32.79943958543356,25.20467163813992,28.5399932841208,34.4502273478836,14.818816489361703
Daemontatox_mini_Pathfinder,44,34.282477483159404,30.52750036569635,39.54866772043305,21.14876774277058,25.91922170623932,37.78163442460317,28.091755319148938
Dampfinchen_Llama-3.1-8B-Ultra-Instruct,44,42.36157705536661,81.58652375696485,52.572641345420614,13.505489307210963,28.49777110473419,40.01099123677248,38.2563164893617
Danielbrdz_Barcenas-10b,44,48.783710437299895,67.5993585907614,61.200502060875465,18.530472204434023,34.19639440769894,41.32761656746031,43.60871010638298
Danielbrdz_Barcenas-14b-Phi-3-medium-ORPO,44,50.038225642534876,46.9514222263594,64.44500394782118,13.617207475262582,34.14038189625438,48.30760582010581,46.891622340425535
Danielbrdz_Barcenas-14b-phi-4,44,53.55059458757454,5.234444606976156,67.68484799993955,23.407206710841056,38.67040281679544,50.95726273148148,51.74534574468085
Danielbrdz_Barcenas-14b-phi-4-v2,44,53.39885992359687,28.77891771610438,65.73092126063052,29.33703300137569,38.79310007665712,43.974929728835974,52.43517287234043
Danielbrdz_Barcenas-3b-GRPO,44,36.074317715242664,58.36951510880021,44.141357279440726,12.160533692911743,28.445418535603096,35.74810267857143,30.36901595744681
Danielbrdz_Barcenas-Llama3-8b-ORPO,44,39.53741311481262,75.82253975008533,49.85602745361963,5.3905977061212145,30.645132621852422,41.87161044973545,38.297872340425535
Danielbrdz_Barcenas-R1-Qwen-1.5b,44,32.53675031723076,25.30929046042279,35.8667436543218,24.44390916850502,29.643451195988945,35.388740079365085,19.090757978723406
Dans-DiscountModels_12b-mn-dans-reasoning-test-2,44,36.6918070659462,39.61871168499581,48.05552190413145,5.970859639588196,27.281517594541928,36.99259672619048,25.074800531914892
Dans-DiscountModels_12b-mn-dans-reasoning-test-3,44,37.80350742483737,52.760342557746775,48.38481225399099,7.2483411604891606,26.728940219921764,41.64062913359788,25.157912234042552
Dans-DiscountModels_Dans-Instruct-CoreCurriculum-12b-ChatML,44,39.05206098658508,5.311905743427439,52.43713817046866,3.6205002868207816,30.5012483205646,41.83645419973545,35.80452127659575
Dans-DiscountModels_Dans-Instruct-Mix-8b-ChatML,44,35.82109852746242,8.509310850764859,47.37223315466057,4.474937586839305,28.577514022144896,39.17507853835979,32.878989361702125
Dans-DiscountModels_Dans-Instruct-Mix-8b-ChatML-V0.1.0,44,35.896278435894644,6.986795037168047,47.7408917866432,4.878991222609184,27.990728976467228,37.85142195767196,32.8374335106383
Dans-DiscountModels_Dans-Instruct-Mix-8b-ChatML-V0.1.1,44,35.76747106642075,9.33362367407368,47.47702147335292,4.519215494602231,28.008602950926775,38.24359705687831,32.7875664893617
Dans-DiscountModels_Dans-Instruct-Mix-8b-ChatML-V0.2.0,44,35.73917291151508,51.94727766769949,46.2349714067049,3.716760571699197,29.1852957934124,36.42750909391535,29.99501329787234
Dans-DiscountModels_Mistral-7b-v0.3-Test-E0.7,44,36.68972026577119,53.00142510760338,47.497622522046186,2.9327649194703813,29.747542318326715,40.025053736772485,27.44348404255319
Dans-DiscountModels_mistral-7b-test-merged,44,37.66453090447911,68.42367141407021,48.76747841258572,3.7420509204270114,30.51195809689937,35.91398396164021,29.31349734042553
Darkknight535_OpenCrystal-12B-L3,44,39.89407174942508,44.23618221873517,52.21644573426744,7.103168356835039,29.77327424160478,36.55120287698413,36.402925531914896
DavidAU_DeepHermes-3-Llama-3-8B-Preview-16.5B-Brainstorm,44,37.72010668261893,33.395113853464366,47.61501426234087,9.789226112368818,31.058679040012933,39.28002232142857,32.08942819148936
DavidAU_DeepSeek-BlackRoot-R1-Distill-Llama-3.1-8B,44,38.22295607059246,38.56711303785068,48.85871773020937,5.781357039342828,31.895018199548403,43.17886078042328,29.762300531914892
DavidAU_DeepSeek-Grand-Horror-SMB-R1-Distill-Llama-3.1-16B,44,34.76571356619795,26.207296639582967,44.8673526188107,2.8434061194438325,30.806890897599786,41.61719163359788,27.09441489361702
DavidAU_DeepSeek-MOE-4X8B-R1-Distill-Llama-3.1-Deep-Thinker-Uncensored-24B,44,38.703284080715434,40.194517214324655,48.8528026256232,7.57128947736806,32.51662871524449,43.72519841269841,30.244348404255316
DavidAU_DeepSeek-MOE-4X8B-R1-Distill-Llama-3.1-Mad-Scientist-24B,44,37.75851639834779,35.56208637526208,47.69478619739004,7.006708161554272,33.39010332508654,42.2801917989418,29.695811170212767
DavidAU_DeepSeek-R1-Distill-Qwen-25.5B-Brainstorm,44,54.064296228986194,36.05915637176026,58.071491615831896,53.844052460280366,38.35778635747176,51.52703786375661,46.23503989361702
DavidAU_DeepSeek-V2-Grand-Horror-SMB-R1-Distill-Llama-3.1-Uncensored-16.5B,44,34.46901572446438,29.36469678231537,44.61495978077724,1.964161812038593,29.847431651122925,41.75729166666667,27.77593085106383
DavidAU_DeepThought-MOE-8X3B-R1-Llama-3.2-Reasoning-18B,44,33.882165882887044,39.540031560703376,42.31729165425104,9.220079137135116,27.668367415116577,35.59394014550264,27.20246010638298
DavidAU_Gemma-The-Writer-9B,44,42.93122189892189,17.585506456202875,59.04875341204408,0.0,34.54021393408977,40.95887896825396,39.7938829787234
DavidAU_Gemma-The-Writer-DEADLINE-10B,44,43.32016099097203,23.99898934826261,58.95828515216658,1.3341691169171328,34.283187159130954,41.864579199735445,39.461436170212764
DavidAU_Gemma-The-Writer-J.GutenBerg-10B,44,43.79322434403275,29.30834629893128,59.09183974338338,3.157094005208051,33.79879639841888,41.73619791666667,39.469747340425535
DavidAU_Gemma-The-Writer-Mighty-Sword-9B,44,44.34097646703165,76.03486526859842,59.11482088533817,0.0,34.89143016984879,41.08960400132275,39.67752659574468
DavidAU_Gemma-The-Writer-N-Restless-Quill-10B-Uncensored,44,44.306419548072554,72.04567214989561,59.219591374637105,0.050157699991143216,34.22644248462201,41.607816633597885,39.66090425531915
DavidAU_L3-DARKEST-PLANET-16.5B,44,40.81693255247124,66.18427993280052,52.298637630216895,8.363786858999093,30.455137470657608,37.51080935846561,36.3031914893617
DavidAU_L3-Dark-Planet-8B,44,39.02193765684443,43.34942397283652,50.83113612532122,7.131758382736077,29.457230351211056,36.14730902777778,37.36702127659575
DavidAU_L3-Jamet-12.2B-MK.V-Blackroot-Instruct,44,36.629467165070835,40.4855228571302,47.64708866741422,4.103347703166574,27.49038980687471,40.16749751984127,32.91223404255319
DavidAU_L3-Lumimaid-12.2B-v0.1-OAS-Instruct,44,36.26685977997875,41.20245393334131,46.92211922096098,3.648998097567728,27.48777049060187,41.90676669973545,31.416223404255316
DavidAU_L3-SMB-Instruct-12.2B-F32,44,37.02650248331354,47.016361033169765,47.85408912278484,4.122938635218693,28.0997118560038,40.839872685185185,33.12001329787234
DavidAU_L3-Stheno-Maid-Blackroot-Grand-HORROR-16B,44,35.884024272700216,36.092900171544834,47.355929812990404,1.6749338146816055,26.316201916558462,40.28650380291005,35.70478723404255
DavidAU_L3-Stheno-v3.2-12.2B-Instruct,44,37.339810564990174,42.51386321626618,48.44538136152623,4.77469982100464,27.374281141583996,40.987003968253966,33.45246010638298
DavidAU_L3.1-Dark-Planet-SpinFire-Uncensored-8B,44,40.73708612947049,72.90871554143007,52.601595768699084,8.559464571623343,27.69806861669278,35.388740079365085,36.702127659574465
DavidAU_L3.1-MOE-2X8B-Deepseek-DeepHermes-e32-uncensored-abliterated-13.7B,44,38.17255814561939,34.30436796588607,44.21736369601462,24.137496704602032,31.551892423851314,37.47330935846561,28.92287234042553
DavidAU_Qwen2.5-MOE-2X1.5B-DeepSeek-Uncensored-Censored-4B,44,24.708661379637125,18.469882134957466,30.31072022552731,2.105820359097255,26.046425435582314,37.11863425925925,11.419547872340425
DavidAU_Qwen2.5-MOE-2X7B-DeepSeek-Abliterated-Censored-19B,44,32.174610045570326,29.034960571284195,35.91125698781117,22.333623760840972,26.39286427824599,38.44229083994709,16.36469414893617
DavidAU_Qwen2.5-MOE-6x1.5B-DeepSeek-Reasoning-e32,44,26.47005015367499,21.55236993399735,32.852634510961025,5.585598944463513,24.558119220451434,34.03227099867725,11.220079787234043
Davidsv_SUONG-1,44,22.89251439733046,25.048260836801905,28.15470943848448,0.0,24.11044108296625,35.75982142857143,10.85438829787234
DavieLion_Llama-3.2-1B-SPIN-iter0,44,23.427220892098074,15.15761512786074,29.286916387082957,0.0,25.15634620552825,35.63612764550265,11.253324468085106
DavieLion_Llama-3.2-1B-SPIN-iter1,44,23.55509930781799,15.814594165702559,29.390825566626656,0.0,24.926016028155292,36.43922784391535,11.178523936170212
DavieLion_Llama-3.2-1B-SPIN-iter2,44,23.699901562610037,13.9573553726335,29.785368634733057,0.0,25.3837101912815,35.510090112433865,11.28656914893617
DavieLion_Llama-3.2-1B-SPIN-iter3,44,23.59955986757984,13.571434903832941,29.734204127245945,0.0,25.25650646193851,34.97781498015873,11.278257978723403
DavieLion_Lllma-3.2-1B,44,23.546137108472067,16.104325412128706,29.6351474960586,0.0,23.878684991835158,35.76450892857143,11.261635638297872
DebateLabKIT_Llama-3.1-Argunaut-1-8B-SFT,44,38.96397649606719,56.65340186261343,48.22996409633912,9.854908684403204,28.424231494176965,45.016042493386244,34.724069148936174
Deci_DeciLM-7B,45,34.97100671789581,28.75270947751965,44.21745212741387,2.3745918418924603,29.147504131774266,43.568692129629625,26.919880319148938
Deci_DeciLM-7B-instruct,45,35.892414667067925,49.95644888894799,45.88904758918552,2.4064807231457963,28.49885014314545,38.82040343915344,26.080452127659576
DeepAutoAI_Explore_Llama-3.1-8B-Inst,44,41.875585515837784,79.94288487878829,51.16925390643588,16.2140983151614,28.263281333226804,39.077166005291005,37.9155585106383
DeepAutoAI_Explore_Llama-3.2-1B-Inst,44,28.30995221028005,59.18257999884751,34.85586159785683,3.8326228303537713,26.518180854380518,31.945357969576722,17.478390957446805
DeepAutoAI_Explore_Llama-3.2-1B-Inst_v0,44,27.463584569520656,57.675079899112134,33.64213490778385,3.767206779888527,26.339471083074272,31.011532738095237,18.035239361702125
DeepAutoAI_Explore_Llama-3.2-1B-Inst_v1,44,25.825815491778798,51.888600025709565,31.399613349214604,1.2276819789637456,23.784842406381838,37.78163442460317,12.691156914893616
DeepAutoAI_Explore_Llama-3.2-1B-Inst_v1.1,44,25.856087412458635,50.291171868420236,31.27372855736599,1.3047670074754345,26.843893895068394,36.047052744709,12.749335106382977
DeepAutoAI_causal_gpt2,44,24.837018150088976,18.674727500808967,30.244499735445096,0.22850368429293738,25.911824996871136,42.670023148148154,11.311502659574469
DeepAutoAI_d2nwg_Llama-3.1-8B-Instruct-v0.0,44,40.23418711537177,80.61731760617384,50.790351347239074,6.9176524532652355,28.558561009274097,41.32761656746032,38.77160904255319
DeepAutoAI_d2nwg_causal_gpt2,44,24.908386425231658,19.9511739961081,30.25523961194318,0.37979339153845443,25.6915108451392,42.94319196428572,11.51097074468085
DeepAutoAI_d2nwg_causal_gpt2_v1,44,24.72704390332514,21.132705665412217,29.90465880999908,0.14076761877326746,25.768287570930188,43.34005456349207,11.353058510638297
DeepAutoAI_ldm_soup_Llama-3.1-8B-Inst,44,41.14191522202963,81.99992686072952,51.19758034170526,10.424949633229641,28.27780382834913,41.59375413359789,38.86303191489361
DeepAutoAI_ldm_soup_Llama-3.1-8B-Instruct-v0.0,44,40.92615181773817,80.23389052159382,51.23744089962181,9.444218316913569,28.431357279931106,41.19454778439154,38.95445478723404
DeepAutoAI_ldm_soup_Llama-3.1-8B-Instruct-v0.1,44,40.92615181773817,80.23389052159382,51.23744089962181,9.444218316913569,28.431357279931106,41.19454778439154,38.95445478723404
DeepMount00_Lexora-Lite-3B,44,38.6258911515036,60.29911745280301,48.7217304708713,8.976550479128635,27.630114514028104,39.63287863756614,36.02061170212766
DeepMount00_Lexora-Lite-3B_v2,44,40.0578442602871,53.62837271772231,48.11275415380324,20.699496407335076,27.132009372990918,38.185528273809524,35.43882978723404
DeepMount00_Lexora-Medium-7B,44,41.47220837306793,43.92140631302721,51.43667968429282,12.748831957992298,31.226217795534073,44.374136078042326,43.25132978723404
DeepMount00_Llama-3-8b-Ita,44,39.28429012596562,78.05694446291396,49.35036416775125,5.077025557588582,30.32061298367926,42.65596064814815,38.522273936170215
DeepMount00_Llama-3.1-8b-ITA,44,42.17513150895472,55.99149146486877,51.687849536130734,15.197716539729523,29.83371727079781,44.86422371031746,39.602726063829785
DeepMount00_Llama-3.1-Distilled,44,41.73058373028648,80.4624507418095,50.99582881025147,14.11726991695681,30.317646792059545,40.554985119047615,37.815824468085104
DeepMount00_Qwen2-1.5B-Ita,44,32.683936659121684,53.876935420240514,39.792427106139705,10.23448465436359,25.699021918610843,35.00828373015874,27.71775265957447
DeepMount00_Qwen2-1.5B-Ita_v2,44,32.42769983610959,52.18957920539723,39.52522461300268,8.599285057346764,25.623324231231116,36.990252976190476,30.319148936170215
DeepMount00_Qwen2-1.5B-Ita_v3,44,32.47305208682589,51.15294086357531,39.470402912541616,9.282556805060915,25.025097246154292,37.38711557539682,30.17785904255319
DeepMount00_Qwen2-1.5B-Ita_v5,44,32.83513413800102,51.593826602304105,40.305264856888456,10.113771731422124,25.313251136447445,34.200496031746034,29.429853723404253
DeepMount00_Qwen2-1.5B-Ita_v6,44,33.759471497226365,32.57329441437608,42.471068167517,7.643496537953834,27.905015263446476,37.51784060846561,28.715093085106385
DeepMount00_Qwen2.5-7B-Instruct-MathCoder,44,24.200606043550035,17.118523295965815,29.971669337378444,0.0,26.283073283912213,38.03839699074074,11.178523936170212
DeepMount00_mergekit-ties-okvgjfz,44,24.200606043550035,17.118523295965815,29.971669337378444,0.0,26.283073283912213,38.03839699074074,11.178523936170212
Delta-Vector_Baldur-8B,44,42.110680549347244,51.72874639290417,53.05308594098883,12.061075270635484,29.620452953087177,43.69941716269841,36.54421542553192
Delta-Vector_Control-8B,44,40.97412372559686,55.64297175937622,50.40946039232451,12.446062561391356,32.294427410304095,43.545254629629625,37.31715425531915
Delta-Vector_Control-8B-V1.1,44,40.31327766251843,58.16588873078986,49.9212027820197,11.237709760299472,31.178410108254905,42.36169808201058,37.4501329787234
Delta-Vector_Darkens-8B,44,39.987237938319744,27.48246873850273,52.494195744296604,4.720075798895598,33.06254154356083,41.042729001322755,37.35871010638298
Delta-Vector_Henbane-7b-attempt2,44,41.34197143856842,42.272780666409574,50.59737624787398,18.878945017612637,28.928269018453577,39.721416170634924,40.275930851063826
Delta-Vector_Odin-9B,44,43.12963023193754,37.95385133667558,54.39480661656164,10.82274893589394,34.15598342978796,46.46573660714285,40.46708776595745
Delta-Vector_Tor-8B,44,39.78571537118079,26.248465183490914,52.08138975409201,5.421845120949934,32.5529944631245,40.90966021825396,37.30053191489361
DevQuasar_DevQuasar-R1-Uncensored-Llama-8B,44,44.66543527521608,40.23823455099137,51.175656073437324,30.847589225448065,34.3618510381304,44.346011078042324,36.14527925531915
Dongwei_DeepSeek-R1-Distill-Qwen-7B-GRPO,44,27.57457050257226,40.77154173149465,34.41299637021484,0.0,27.2953463389705,36.59807787698413,23.221409574468087
DoppelReflEx_L3-8B-R1-WolfCore,44,42.671632650937966,39.09294006569236,53.17344617563744,15.107001084064335,32.792608503074106,42.75621693121693,37.16755319148936
DoppelReflEx_L3-8B-R1-WolfCore-V1.5-test,44,41.5436990126659,41.40602490281342,53.141942196631774,10.933879007928793,32.81371959276741,38.39541583994709,37.27559840425532
DoppelReflEx_L3-8B-WolfCore,44,40.39987551637555,41.90686267991153,51.81262913463085,9.079589308632938,31.13692009193268,39.71672867063492,37.05119680851064
DoppelReflEx_MN-12B-FoxFrame-test,44,42.05613710638984,43.893923678063096,54.5544484753801,7.660511177506899,31.697626338985398,42.520548115079364,35.031582446808514
DoppelReflEx_MN-12B-FoxFrame2-test,44,43.236210809243865,45.79111202719894,54.83768790864334,12.720897272133453,32.090793830516986,42.50414186507936,35.68816489361702
DoppelReflEx_MN-12B-FoxFrame3-test,44,42.82024305664079,46.17952588022004,53.93450363808452,12.340323659183085,30.62024722574219,45.95689897486772,35.28922872340425
DoppelReflEx_MN-12B-Kakigori,44,42.10652723879407,40.48048068015089,54.144957360449766,10.167825218590247,32.52961093250523,40.510453869047616,35.812832446808514
DoppelReflEx_MN-12B-LilithFrame,44,38.47614837712193,46.967656928061984,49.4291788928122,6.0307832701797235,32.058240801424525,38.93940972222222,32.56316489361702
DoppelReflEx_MN-12B-LilithFrame-Experiment-2,44,38.576453499461756,45.06548181048507,49.81525897558373,5.762121668386591,32.54559775375631,38.02433449074074,32.7626329787234
DoppelReflEx_MN-12B-LilithFrame-Experiment-3,44,42.82705218189753,45.17037017336224,54.6702796454524,11.674994778947992,32.95760389405524,40.37504133597884,36.03723404255319
DoppelReflEx_MN-12B-LilithFrame-Experiment-4,44,42.89944554901985,42.64246643350754,55.33096570916036,9.213897809326182,31.59684828361422,43.69238591269841,36.48603723404255
DoppelReflEx_MN-12B-Mimicore-GreenSnake,44,43.309300697050205,51.33030359446269,54.79654188896663,12.068110353502307,32.27816966543896,43.041104497354496,36.51097074468085
DoppelReflEx_MN-12B-Mimicore-Nocturne,44,44.17809457597984,42.75738374180508,57.023099309214906,9.501483956689423,32.149425658234385,45.67669890873016,36.336436170212764
DoppelReflEx_MN-12B-Mimicore-Orochi,44,43.16420095233534,48.849829563336385,54.96333617442013,10.418492170450348,31.65540415959879,45.436342592592595,34.466422872340424
DoppelReflEx_MN-12B-Mimicore-Orochi-v2-Experiment,44,39.74200756798159,29.534468543464676,53.210465769318326,0.37309688094802385,30.051683029870947,45.71185515873017,34.23371010638298
DoppelReflEx_MN-12B-Mimicore-Orochi-v3-Experiment,44,41.43778103760493,42.96217369911834,54.36864784089538,5.2223155311306115,29.641102803330156,44.36241732804233,33.9594414893617
DoppelReflEx_MN-12B-Mimicore-Orochi-v4-Experiment,44,42.57823957367039,46.44809106504076,54.609783429697586,9.439341395174274,30.873575646016928,44.48142361111111,35.197805851063826
DoppelReflEx_MN-12B-Mimicore-WhiteSnake,44,43.88834410636886,46.96139576324153,56.03091312374651,10.552465425321772,32.16649151789672,45.674355158730165,36.57746010638298
DoppelReflEx_MN-12B-Mimicore-WhiteSnake-v2-Experiment-1,44,36.79166475938753,40.30688572986343,48.647997407060934,1.5272901215668404,30.70295633477261,37.879546957671955,31.141954787234045
DoppelReflEx_MN-12B-Mimicore-WhiteSnake-v2-Experiment-2,44,39.530608428010176,44.184929320868626,51.83642397145049,3.9374619292201,31.76735323075508,40.001616236772485,33.41921542553192
DoppelReflEx_MN-12B-Mimicore-WhiteSnake-v2-Experiment-3,44,36.65282568643214,44.55716388072536,48.10196498743628,2.5774742534111263,30.445929559813788,36.82437169312169,31.981382978723406
DoppelReflEx_MN-12B-Mimicore-WhiteSnake-v2-Experiment-4,44,39.530608428010176,44.184929320868626,51.83642397145049,3.9374619292201,31.76735323075508,40.001616236772485,33.41921542553192
DoppelReflEx_MN-12B-Unleashed-Twilight,44,42.8172067786094,40.88640363125396,55.196944564426445,8.659295925445143,32.833366356331965,43.8254546957672,36.77692819148936
DoppelReflEx_MN-12B-WolFrame,44,39.71309737813159,45.88979463379389,51.15577263942556,6.871810528557656,31.606403069804912,40.12999751984127,33.9345079787234
DoppelReflEx_MiniusLight-24B,44,47.828202855657835,27.056598713635378,62.55673186056821,11.454355793147746,35.461149355864116,43.174173280423275,50.91422872340425
DoppelReflEx_MiniusLight-24B-test,44,45.99741698917767,4.0129633816052515,63.33373563194284,2.1434829785037497,36.74512824051415,40.91200396825397,51.82014627659575
DoppelReflEx_MiniusLight-24B-v1b-test,44,52.66050401546523,40.19202383010413,66.16094639496701,22.002557874203813,37.84407968290099,45.55534887566137,53.64860372340425
DoppelReflEx_MiniusLight-24B-v1c-test,44,54.85350236194403,41.14615885849546,67.52041497382791,28.09900930147724,39.6050526188949,46.33032407407408,54.87034574468085
DoppelReflEx_MiniusLight-24B-v1d-test,44,54.594880868330634,43.826436078493956,67.1127560891577,27.540949913793966,39.9673639187062,46.19725529100529,54.88696808510638
DreadPoor_Again-8B-Model_Stock,44,41.9369862780178,69.77004348462081,53.09316672493096,10.352054121335941,30.640279277024245,39.854484953703704,35.1811835106383
DreadPoor_Alita99-8B-LINEAR,44,44.07389420176889,73.7405085174005,54.41142063550569,14.905394257829405,31.922100084851767,42.64658564814815,38.09009308510639
DreadPoor_AnotherTest,44,36.633157518853366,51.02306324995456,46.822925727400445,3.802966604210995,29.780556586869505,42.11196676587301,28.748337765957448
DreadPoor_Aspire-8B-model_stock,44,42.47719464885615,72.95741964653786,52.77571347260046,12.014889274704219,31.53713741748557,42.10962301587301,37.63297872340425
DreadPoor_Aspire_1.3-8B_model-stock,44,43.08639359400656,71.95574409234166,53.01139315281213,15.396023247142201,31.445838196572257,41.03569775132275,37.1592420212766
DreadPoor_Aspire_V2-8B-Model_Stock,44,43.27941096637426,75.96743307756752,53.292743618449755,15.44675469889717,32.80921312328611,38.92534722222222,36.96808510638298
DreadPoor_Aspire_V2.1-8B-Model_Stock,44,42.97747379532313,74.4899089970168,52.35931472917946,16.35358781701525,31.36832930771689,41.336991567460316,38.00698138297872
DreadPoor_Aspire_V2_ALT-8B-Model_Stock,44,43.025778978394555,75.5914861456491,52.653585447449245,15.486306557010538,33.233854605498905,39.733134920634924,37.26728723404255
DreadPoor_Aspire_V2_ALT_ROW-8B-Model_Stock,44,43.027510495214365,75.667672885721,52.653585447449245,15.486306557010538,33.233854605498905,39.733134920634924,37.26728723404255
DreadPoor_Aspire_V3-8B-Model_Stock,44,42.511433785143474,52.115941258084106,52.67759415729927,16.49692118657182,31.135032938724216,40.13234126984127,36.419547872340424
DreadPoor_Aspire_V4-8B-Model_Stock,44,43.37731123551728,78.78384907600721,53.13799924337326,17.42660940167855,30.514962700889715,38.66155340608465,37.0844414893617
DreadPoor_Aspire_V4_ALT-8B-Model_Stock,44,43.084309772194814,75.16434172440236,52.68022225303083,16.439815697739224,32.5778039075019,39.19148478835979,36.81848404255319
DreadPoor_Asymmetric_Linearity-8B-Model_Stock,44,44.143726513965184,73.72178043147737,54.64691522365771,14.968412002906955,31.658023475871634,41.978897982804234,38.43916223404255
DreadPoor_Aurora_faustus-8B-LINEAR,44,44.38458980527303,74.225111592796,55.1487856043365,15.6081408548888,30.252426369771168,41.4442791005291,38.42253989361702
DreadPoor_Aurora_faustus-8B-LORABLATED,44,43.31572716958559,76.47325762310669,53.91242161935562,13.644508048297277,29.29855263118686,42.37107308201058,36.727061170212764
DreadPoor_Aurora_faustus-8B-LORABLATED_ALT,44,43.401663247236314,75.3629259254334,53.87265437214248,14.465556355421882,29.23287096944815,42.2380042989418,36.94315159574468
DreadPoor_Autumn_Dawn-8B-LINEAR,44,44.310577696453514,74.54359987056564,54.58591158222076,17.060805127862483,29.416358133849744,41.84114169973545,39.67752659574468
DreadPoor_BaeZel-8B-LINEAR,44,44.564469170576366,75.37666724291546,54.63266237408031,16.470699878043444,32.60450050508775,42.2520667989418,38.61369680851064
DreadPoor_BaeZel-8B-Model_Stock,44,43.907629891728334,78.69890778689432,54.069608998104,14.796733683995566,31.79262391458281,41.97655423280423,38.80485372340425
DreadPoor_BaeZel_V2-8B-Model_Stock,44,43.77333182483653,78.69890778689434,53.72976807265798,16.052737413286405,30.023907393873838,41.843485449735454,39.469747340425535
DreadPoor_BaeZel_V2_ALT-8B-Model_Stock,44,43.77333182483653,78.69890778689434,53.72976807265798,16.052737413286405,30.023907393873838,41.843485449735454,39.469747340425535
DreadPoor_BaeZel_V3-8B-Model_Stock,44,44.370003719285236,79.97784766641402,53.916504493681686,17.420770349572546,32.50769172801472,41.72447916666666,38.87965425531915
DreadPoor_Blunt_Edge-8B-SLERP,44,44.01152017815603,76.65560712243513,53.88854709237404,16.5526916457977,31.65278484332595,41.719791666666666,37.66622340425532
DreadPoor_BulkUp,44,22.969364000194613,17.67432634299215,28.68171246630631,0.0,24.679352154184368,34.4478835978836,11.095412234042554
DreadPoor_Cadence-8B-LINEAR,44,43.94265288627636,78.51157151912481,54.325838382971966,15.024731039229913,30.622866542015032,41.71744791666667,38.03191489361702
DreadPoor_Caelid-8B-Model_Stock,44,43.690501991790356,74.6659973315248,54.58960964735973,13.535956625968984,31.787038406690254,39.994584986772495,38.16489361702128
DreadPoor_Casuar-9B-Model_Stock,44,48.998712277627966,78.83504656533555,61.06191724242023,18.586205778785747,34.715225350711926,41.62422288359788,41.56416223404255
DreadPoor_Condensed_Milk-8B-Model_Stock,44,44.2118737871151,76.90040204435343,54.34098614692333,15.683594430674951,32.45356636977862,41.584379133597885,38.763297872340424
DreadPoor_CoolerCoder-8B-LINEAR,44,37.400706956412215,46.423101814297176,47.60872796910911,7.273935755782773,29.229790413724977,39.61412863756614,31.590757978723406
DreadPoor_Damasteel-8B-LINEAR,44,43.607338504115845,75.07690705106894,53.87509737581438,14.870156238814655,30.671753267705448,42.10962301587301,37.79089095744681
DreadPoor_Dearly_Beloved-8B-TIES,44,36.379926189198564,83.59486163379832,40.488534915196965,18.859842827555713,30.017589722916902,41.72682291666667,28.26628989361702
DreadPoor_Decayed-8B-LINEAR,44,44.023315802202504,78.11689650128326,54.161988263852464,15.59405598870047,31.468836439474025,41.84582919973545,37.63297872340425
DreadPoor_Derivative-8B-Model_Stock,44,44.11620986554519,78.6526970660071,53.94984070294747,16.041624973613157,32.52248514675109,41.98592923280423,38.10671542553192
DreadPoor_Derivative_V2-8B-Model_Stock,44,43.91085052355111,77.13145564878965,53.92109173499551,16.149001852795696,31.33901339385819,41.20626653439153,38.56382978723404
DreadPoor_Derivative_V2_ALT-8B-Model_Stock,44,44.064903614562176,78.67142515193022,53.64797566661949,17.443765718432353,31.612720740761844,41.32761656746032,38.821476063829785
DreadPoor_Derivative_V3-8B-Model_Stock,44,42.18762768693876,71.61603434442834,52.42113889818179,13.140939164363413,30.11690345215932,41.474747850529106,35.02327127659575
DreadPoor_Elusive_Dragon_Heart-8B-LINEAR,44,43.68073635311731,72.98739566572252,54.557588205645715,13.428174847000832,31.060875529206065,41.4419353505291,38.13996010638298
DreadPoor_Emu_Eggs-9B-Model_Stock,44,48.45074782037178,77.83337101113933,60.51354507687816,18.50274491396989,33.45867522671214,40.683366402116405,42.27061170212766
DreadPoor_Eunoia_Vespera-8B-LINEAR,44,43.43405208100234,73.78173246984667,53.98786903060391,13.906618894067153,30.383328453798253,41.83645419973545,38.38929521276596
DreadPoor_Fu_sion_HA-8B-SLERP,44,43.92368679105328,77.72222148344173,53.72160385335304,15.900471382712611,32.748037931028705,41.584379133597885,38.24800531914894
DreadPoor_HOT_STINKING_GARBAGE,44,38.093684713545116,58.97147346817555,48.836764156149805,5.464920639188203,26.881414633092483,42.49007936507937,30.169547872340424
DreadPoor_H_the_eighth-8B-LINEAR,44,44.11898201843811,75.95618514430599,53.83086980260956,16.33313668964534,33.62108971379105,41.71276041666667,38.239694148936174
DreadPoor_Happy_New_Year-8B-Model_Stock,44,43.58210793707283,78.10564856802173,53.67396235597145,14.385521733177326,31.863082969416865,41.84114169973545,38.78823138297872
DreadPoor_Heart_Stolen-8B-Model_Stock,44,43.88120793170786,73.76799115236462,53.94935837420503,15.916521946359847,31.84828955068049,41.60078538359789,37.9404920212766
DreadPoor_Heart_Stolen-ALT-8B-Model_Stock,44,42.50986630781007,73.96657535339565,52.62951703151455,14.066307902013058,30.11736469160966,40.53154761904762,37.72440159574468
DreadPoor_Here_We_Go_Again-8B-SLERP,44,44.332988495622836,75.98865454771118,54.59515150913221,15.500628031234559,32.48469348511295,41.85051669973545,38.73005319148936
DreadPoor_Howdy-8B-LINEAR,44,43.860558015362244,75.49906470387461,53.836544317903304,16.227974319534702,31.67805552715368,41.19454778439154,38.06515957446808
DreadPoor_Incidental-8B-Model_Stock,44,44.001192534680115,76.38582294977327,54.51450034495922,14.387559472840044,30.995193867467357,42.38279183201058,38.73005319148936
DreadPoor_Irina-8B-model_stock,44,41.13278354151998,70.35332916661126,52.36095459983363,9.217924874513074,28.400501088210817,40.00864748677249,35.73803191489361
DreadPoor_Kindling-8B-Model_Stock,44,44.408412427262725,74.6497626298222,54.91501263116869,15.837884536155666,32.23695057273078,40.66461640211641,38.297872340425535
DreadPoor_L3.1-BaeZel-8B-Della,44,43.76001304084839,52.16713874741242,54.47834941855503,15.699077386491634,32.27998086691459,41.981241732804236,39.020944148936174
DreadPoor_Laughing_Stock-8B-Model_Stock,44,43.588943725187356,73.61561767222081,54.48706040635993,14.051529692374427,29.293931797602102,41.4419353505291,37.64128989361702
DreadPoor_Lava_Lamp-8B-SLERP,44,43.713193952967764,75.5315341072798,53.672211870041366,15.995943887948675,31.07493678487806,41.85286044973545,37.5
DreadPoor_LemonP-8B-Model_Stock,44,44.143458887184586,78.5278062208274,54.38750370701191,16.232173922699612,30.452247230770723,40.792997685185185,40.04321808510639
DreadPoor_Lydia_of_Whiterun-8B-LINEAR,44,44.129903113193016,77.64603474336982,53.78684615538408,16.581598660592917,32.415313468690144,42.49476686507936,38.00698138297872
DreadPoor_Machroom-3B-model_stock,44,29.426334956331267,34.785203260681655,36.232839814807036,2.305565757843629,25.018779575197357,46.075905257936505,16.12367021276596
DreadPoor_Matryoshka-8B-LINEAR,44,44.331490630782966,74.6335279281196,54.437627550883235,15.913402127748293,32.326362640435626,42.508829365079364,38.655252659574465
DreadPoor_Mercury_In_Retrograde-8b-Model-Stock,44,43.81529640709471,74.5298585530836,53.895723086601585,15.199344694785689,32.264379333381015,41.97421048280424,38.289561170212764
DreadPoor_Minthy-8B-Model_Stock,44,43.896212865814235,78.31298731809378,53.52268434361014,17.47126731424912,30.77044919798695,40.92372271825397,39.92686170212766
DreadPoor_Minthy_ALT-8B-Model_Stock,44,43.69260728017515,71.33500223850494,53.743542802344855,16.037815745661522,31.151366635322177,42.2380042989418,36.735372340425535
DreadPoor_Minthy_V2-8B-Model_Stock,44,43.987449592262315,72.94866509749687,54.90441850391243,14.352566828094732,30.056460422966296,41.97421048280423,37.36702127659575
DreadPoor_Minus_Penus-8B-Model_Stock,44,43.80908060158946,74.81837081166859,53.426322871760505,18.25634966717267,31.116888040650625,40.16281001984127,37.516622340425535
DreadPoor_Morphing-8B-Model_Stock,44,43.73696121161083,75.97491323022912,53.96235463296817,16.44678873658925,29.476454287695898,40.6669601521164,38.522273936170215
DreadPoor_Not_Even_My_Final_Form-8B-Model_Stock,44,43.565196482141026,78.95245725785361,53.50181536402574,15.981425871962424,29.952254936525076,41.4559978505291,38.39760638297872
DreadPoor_Nother_One-8B-Model_Stock,44,41.82525256367764,70.94409500126332,52.042965050875104,13.607557625709477,30.410566898612203,38.68264715608466,35.945811170212764
DreadPoor_Noxis-8B-LINEAR,44,44.462491966393785,71.0165139607353,54.200529755390136,18.27155281357879,32.2536311446756,42.2801917989418,36.60239361702128
DreadPoor_Nullsworn-12B-LINEAR,44,42.79520417664127,45.95351445276311,54.81532633699378,10.431020999329297,30.792368402477464,43.468435846560844,36.452792553191486
DreadPoor_Nwah-8B-Model_Stock,44,43.88357406252163,78.255528663945,53.83513776899528,16.558630669723957,31.455122059148906,40.38207258597884,38.07347074468085
DreadPoor_ONeil-model_stock-8B,44,43.36483289363444,70.07728382912893,55.47893787874737,9.338016940769691,30.81313261682389,41.717447916666664,35.9873670212766
DreadPoor_Oh_Boy-8B-LINEAR,44,43.75538707758367,76.70431122754292,53.74378186229012,16.04734755077493,31.255186834045894,41.05913525132275,38.48902925531915
DreadPoor_OrangeJ-8B-Model_Stock,44,43.88898664924692,79.88542622463952,54.1245707096078,15.946128074278143,30.238250749995714,40.26072255291005,39.68583776595745
DreadPoor_Promissum_Mane-8B-LINEAR,44,43.73136709101901,72.75008089646583,54.56978133139112,13.831192019974642,30.152998276425286,41.98592923280424,38.50565159574468
DreadPoor_Promissum_Mane-8B-LINEAR-lorablated,44,43.58484874605927,73.26715337526652,54.34960803287674,13.771780824379354,30.226808810596562,41.967179232804234,37.39195478723404
DreadPoor_RPMash-8B-Model_Stock,44,40.37613979213214,46.516797652451054,51.68052932200855,9.615175275087914,29.03285979261231,40.522172619047616,36.03723404255319
DreadPoor_RPMash_V3-8B-Model_Stock,44,41.142778382635804,73.10979312668164,52.17052432252287,9.741016622060684,30.141095097575803,37.755853174603175,36.13696808510639
DreadPoor_Rusted_Gold-8B-LINEAR,44,43.99843915754245,74.8620881483353,53.85657235099933,17.461310669794976,30.34985294580513,41.74791666666666,37.799202127659576
DreadPoor_Rusted_Platinum-8B-LINEAR,44,43.568230363819644,73.79048701888766,54.27313305373321,15.822083482585434,28.821368264006686,39.63756613756614,37.30053191489361
DreadPoor_Rusted_Platinum-8B-Model_Stock,44,40.215901108312266,45.29282304285962,52.42256901468233,9.306842110013921,26.830873265437027,37.38008432539682,35.46376329787234
DreadPoor_Sellen-8B-model_stock,44,41.58210027803555,73.89914316236474,52.31335397461705,12.325603452325392,27.015668196456787,39.59069113756614,35.696476063829785
DreadPoor_Something-8B-Model_Stock,44,43.45687628956586,50.59719322508721,53.9453803769558,16.111011276453212,32.11976286902881,41.855204199735454,38.85472074468085
DreadPoor_Spring_Dusk-8B-SCE,44,43.497425728597804,66.53146983337544,56.346131507236386,6.719404431774542,28.938670331812112,45.97330522486772,34.358377659574465
DreadPoor_Summer_Dawn-8B-SCE,44,43.525976015014066,68.23007398148025,53.90223586887897,15.802697210754262,30.462995419476123,41.18751653439154,37.53324468085106
DreadPoor_Summer_Dusk-8B-TIES,44,43.27349823414677,49.630480458516736,53.59058404716437,16.51383862577273,31.127983104702906,42.64892939814815,38.55551861702128
DreadPoor_Summer_Rain-8B-SCE,44,44.4564510024783,56.14380953647433,58.45611609543301,6.364302871289099,30.096253601916356,44.756936177248676,35.505319148936174
DreadPoor_Summer_Rain-8B-TIES,44,44.45471948565849,56.067622796402425,58.45611609543301,6.364302871289099,30.096253601916356,44.756936177248676,35.505319148936174
DreadPoor_Sun-8B-Model_Stock,44,43.5169475035251,79.10483073799742,52.62656392265579,18.58903410801869,30.326122539838984,40.949503968253964,38.347739361702125
DreadPoor_Sweetened_Condensed_Milk-8B-Model_Stock,44,43.93049683336427,75.70889683816718,54.05554276993345,16.542183703323808,30.46226325641175,41.05210400132275,38.48071808510639
DreadPoor_TEST02-Ignore,44,43.00931319897483,62.86325837666281,56.012202627682186,7.782096515192268,28.530709421544152,41.97186673280423,34.68251329787234
DreadPoor_TEST03-ignore,44,43.525383628339334,71.41994352761783,53.82762519526714,14.813039526986005,31.311584633207957,41.84582919973545,37.890625
DreadPoor_TEST06-ignore,44,43.40239568200603,75.22429376277167,55.08937986688729,10.73697675660287,29.13336692436944,42.2356605489418,36.15359042553192
DreadPoor_TEST07-ignore,44,44.56140371464823,75.1668351086229,55.60730602161197,14.823921834249475,31.00971636258969,40.92137896825397,38.796542553191486
DreadPoor_TEST08-ignore,44,44.33960498072999,76.73428724672758,54.52771682974792,16.690544820818076,31.58494510476474,40.792997685185185,38.53058510638298
DreadPoor_Trinas_Nectar-8B-model_stock,44,42.220779475535295,75.24052846447427,52.5570358248456,13.669669294950666,28.191396364634624,40.659928902116405,36.178523936170215
DreadPoor_UNTESTED-VENN_1.2-8B-Model_Stock,44,43.67690081997502,48.92607171194652,54.7425217921761,13.879229820055652,31.8657022856897,44.481423611111104,37.8656914893617
DreadPoor_VENN_1.2-8B-Model_Stock,44,44.02085029504603,74.04026870924702,54.58338827359084,15.384448439463538,30.165904541953203,41.98358548280424,37.20910904255319
DreadPoor_WIP-Acacia-8B-Model_Stock,44,42.306838550934955,64.92905490764504,51.93648604231254,15.114950272077474,30.849845240050776,42.2426917989418,37.36702127659575
DreadPoor_WIP_Damascus-8B-TIES,44,43.07483173737353,48.52264214506399,54.101112977109665,15.096663208822376,30.51388366247846,41.17345403439154,37.60804521276596
DreadPoor_Wannabe-8B-Model_Stock,44,43.76047221680416,73.99655137258031,53.88737377523699,16.185996535355336,30.590546024165988,41.32761656746032,38.3061835106383
DreadPoor_What_A_Thrill-8B-Model_Stock,44,43.27246728057021,73.04984108831233,53.1096816949725,16.683295408442593,30.558263918687572,40.78831018518518,36.15359042553192
DreadPoor_Winter-8B-SCE,44,43.23788987053123,77.02030612109203,52.60880536754537,17.44274734270796,30.446661722878165,40.683366402116405,38.38929521276596
DreadPoor_Winter_Dawn-8B-TIES,44,43.01678133312885,55.46566443702709,53.08530557048308,15.784156690112722,31.29821712822971,42.770279431216935,39.104055851063826
DreadPoor_Winter_Dusk-8B-TIES,44,38.8430900528304,73.83919112399543,49.512725903657525,6.377086571162059,29.772813002154443,36.854840443121695,34.782247340425535
DreadPoor_Winter_Night-8B-Model_Stock,44,41.69780199153847,72.214280331742,51.844087942644414,12.954664289086953,30.60876687397241,39.112322255291005,36.66057180851064
DreadPoor_Yafune-8B-Model_Stock,44,44.38210129708017,76.6855831416198,54.66207302463527,15.243700200805963,33.091510582072665,41.71276041666667,38.50565159574468
DreadPoor_Yearn_V3-8B-Model_Stock,44,43.36475982277651,75.10438968603306,53.2187946274409,17.032485785005296,30.90397059828687,39.072478505291,38.015292553191486
DreadPoor_ZEUS-8B-V17-Abliterated_ALT,44,42.68253674004192,55.811635349760856,52.302689669404145,17.407421104265925,30.711546446655507,41.4700603505291,38.90458776595745
DreadPoor_Zelus-8B-Model_Stock,44,43.34058454893137,79.77178331272135,53.06569165236576,14.897382319727063,31.514024810480347,42.12134176587301,38.41422872340425
DreadPoor_Zelus_V2-8B-Model_Stock,44,43.99062683905248,81.00700585557432,53.44389901431601,18.54281292987949,31.22741119804878,39.59303488756614,38.3311170212766
DreadPoor_felix_dies-mistral-7B-model_stock,44,37.992947471690044,30.731071335168465,48.99986367076518,5.081444966664664,29.544294026257113,45.163173776455025,31.092087765957448
DreadPoor_hakuchido-8B-MODEL_STOCK,44,44.049731961415226,75.4391126655053,53.976094318664316,17.591345508227352,29.760216072611207,41.72682291666666,37.815824468085104
DreadPoor_ichor-8B-Model_Stock,44,40.575570657046775,55.1396405980576,50.838734652231345,9.777629302939284,33.499357128237165,42.10727926587302,31.507646276595747
DreadPoor_ichor_1.1-8B-Model_Stock,44,43.336395409698206,82.50076463782763,52.79761307877444,16.429544694324083,30.92997344517898,40.659928902116405,38.55551861702128
DreadPoor_inexpertus-8B-Model_Stock,44,43.17639037392272,79.12605220814108,52.79501858766162,15.643359895580527,31.21739517240776,41.17111028439154,37.907247340425535
DreadPoor_inexpertus_1.1-8B-LINEAR,44,44.514903401782085,77.03654082279463,55.24031656607513,15.760237658817317,29.880716843279764,41.717447916666664,38.272938829787236
DreadPoor_inexpertus_1.2-8B-LINEAR,44,44.117711747016216,75.30546727128463,55.22742518438882,14.229127047641867,29.60997568799582,41.31824156746031,37.882313829787236
DreadPoor_mergekit-nuslerp-nqzkedi,44,44.03742215390984,79.33837772665417,53.61501690901931,17.428550500428543,30.39920091094588,42.2333167989418,39.187167553191486
DreadPoor_remember_to_breathe-8b-Model-Stock,44,43.320272970756776,72.91370230987114,54.10984126948707,13.236491171999251,30.539772145267115,41.4349041005291,37.60804521276596
DreadPoor_test,44,43.21753952962678,49.6279870742962,53.70781181909366,17.845198562100062,26.930301358782906,43.47781084656084,36.46941489361702
DreadPoor_test_ALT,44,42.76320625517714,50.379880938133034,53.69398312152119,15.168628599961831,27.450249752577772,43.60150462962963,34.92353723404255
DreadPoor_tests_pending-do_not_use_yet,44,44.21748467110035,78.58775825919672,54.06891800970938,18.150152713143523,30.739593006266663,40.02270998677248,38.272938829787236
EVA-UNIT-01_EVA-Qwen2.5-14B-v0.2,44,51.78787141838757,42.1778104318763,60.89849701350474,31.90512412525858,39.86986139093941,47.92949322089947,51.35472074468085
EVA-UNIT-01_EVA-Qwen2.5-72B-v0.2,44,59.456704422097715,69.62642455351799,70.86664972740384,37.263127585743156,41.55810283117331,47.17092427248677,58.128324468085104
Edgerunners_meta-llama-3-8b-instruct-hf-ortho-baukit-34fail-3000total-bf16,44,38.61189052226,74.48115444797581,49.793581034807325,7.6611347600113415,25.99230007734622,33.39505208333333,36.36136968085106
EleutherAI_gpt-j-6b,45,25.85428365366444,25.54034406485902,31.901167659290973,1.3705010808165625,24.314421538100227,36.55823412698413,12.408577127659575
EleutherAI_gpt-neo-1.3B,45,24.789363442018978,21.03280407097612,30.379886556922013,0.8467134161985527,25.70892358014841,38.14802827380952,11.63563829787234
EleutherAI_gpt-neo-125m,44,24.761169987449353,19.11439425169661,31.1420969732393,0.5382479295776297,25.77009877240582,35.911640211640204,10.255984042553191
EleutherAI_gpt-neo-2.7B,45,25.36303352545481,26.42710231075768,31.381499380683913,0.8912208282902724,26.409891725537697,35.51477761243386,11.627327127659575
EleutherAI_gpt-neox-20b,45,25.74598381918057,26.064896696321316,31.639008399137758,1.1854360671826116,24.325516602152508,36.44391534391534,11.55252659574468
EleutherAI_pythia-1.4b,44,25.245751659332715,24.331329760590787,31.49179442718284,1.3022824074912225,26.31681971551938,35.362958829365084,11.228390957446809
EleutherAI_pythia-12b,45,25.81835269838311,25.093197161309767,31.789041821903936,1.7087398103936304,24.69306653450949,36.446259093915344,11.087101063829788
EleutherAI_pythia-160m,45,24.458213297231957,18.29130041622894,29.69030156716834,0.9142157432342651,25.788319622212242,41.76197916666667,11.195146276595745
EleutherAI_pythia-1b,44,24.12781665567503,22.59399504426034,30.027281165111834,0.22860727172996803,25.876191412055505,35.50305886243386,11.361369680851062
EleutherAI_pythia-2.8b,45,25.686551335332414,22.233063826203363,32.233641235429744,1.2688815610718058,24.839223276723278,34.84005869708995,11.36968085106383
EleutherAI_pythia-410m,45,24.4676922599347,22.33296542063946,30.267793889307963,0.9496426005444046,26.02604650895339,35.76450892857143,11.278257978723403
EleutherAI_pythia-6.9b,45,25.89511243082387,23.1136163158198,32.31099114486999,0.7329959056700167,25.345072002475526,35.89054646164021,11.46941489361702
Enno-Ai_EnnoAi-Pro-French-Llama-3-8B-v0.4,44,31.93874410792651,43.2244777191186,40.73664730592024,0.4773385256953172,27.061203442809983,41.69166666666667,26.346409574468083
Enno-Ai_EnnoAi-Pro-Llama-3-8B,44,32.111780681621035,32.756862901545674,41.498592415195,1.93347705783799,26.065378448453107,40.6810226521164,21.5093085106383
Enno-Ai_EnnoAi-Pro-Llama-3-8B-v0.3,44,33.07331437041477,51.75118685088898,40.993733176895404,4.37088384648205,26.42291235516907,42.349979332010584,29.903590425531917
Enno-Ai_EnnoAi-Pro-Llama-3.1-8B-v0.9,44,32.731806097439986,48.60880242201803,41.586936946328706,3.4704978036315013,26.590180187076157,38.29515955687831,25.955784574468083
EnnoAi_EnnoAi-Pro-Llama-3.1-8B-v1.0,44,32.10253801359953,48.68498916208993,41.586936946328706,0.0,26.590180187076157,38.29515955687831,25.955784574468083
Epiculous_Azure_Dusk-v0.2,44,32.06152545300062,35.5370971245185,41.186545747267104,2.5822542912872177,25.71712840431381,38.31625330687831,30.344082446808514
Epiculous_Crimson_Dawn-v0.2,44,34.71121681741049,32.477105192001666,44.81525705845746,3.6642808438003778,27.57229080110791,41.4888103505291,27.210771276595747
Epiculous_NovaSpark,44,40.805888853675484,65.772095816877,50.62893113607089,13.627775136568287,29.29735922867215,38.80399718915344,36.48603723404255
Epiculous_Violet_Twilight-v0.2,44,35.79839549737074,47.489716175303755,46.1361904987759,2.7725021324339076,26.620575139346116,42.95959821428571,31.10871010638298
EpistemeAI2_Athene-codegemma-2-7b-it-alpaca-v1.2,44,33.0309213528927,44.77447616767953,41.73786781734228,3.3730540850842434,27.312644709876256,41.68932291666667,22.972074468085108
EpistemeAI2_Fireball-12B-v1.2,44,37.79155271300803,14.37075847639818,50.17596888061415,3.8133544200306817,29.32440270160488,41.71510416666667,33.36934840425532
EpistemeAI2_Fireball-Alpaca-Llama3.1-8B-Philos,44,39.75798169615494,52.61799802302336,49.7726287815457,10.685918011741194,28.997649034876382,42.756216931216926,34.059175531914896
EpistemeAI2_Fireball-Alpaca-Llama3.1.01-8B-Philos,44,39.80173067955992,43.772800613483334,49.556777417302634,12.438023807186049,28.693893611049653,43.69238591269842,33.834773936170215
EpistemeAI2_Fireball-Alpaca-Llama3.1.03-8B-Philos,44,39.30434443664693,40.81398467178198,49.50439719116628,11.398936592008113,27.42027762738753,42.78199818121693,33.552194148936174
EpistemeAI2_Fireball-Alpaca-Llama3.1.04-8B-Philos,44,39.09110066789253,42.81733578017438,49.29441852999718,9.331219859264369,28.958317095376657,43.70410466269842,34.025930851063826
EpistemeAI2_Fireball-Alpaca-Llama3.1.06-8B-Philos-dpo,44,38.90870368481373,50.7420865525694,48.802305538938185,10.792438968170773,29.15644111900404,39.31049107142857,36.14527925531915
EpistemeAI2_Fireball-Alpaca-Llama3.1.07-8B-Philos-Math,44,38.94499905534783,53.77332145374274,48.46439589265481,10.961707757038816,29.505770201554594,40.624772652116405,35.305851063829785
EpistemeAI2_Fireball-Alpaca-Llama3.1.08-8B-C-R1-KTO-Reflection,44,39.36358608053728,41.013843269192414,49.54489309461337,11.232724686483486,29.792845053436494,40.47998511904762,35.929188829787236
EpistemeAI2_Fireball-Alpaca-Llama3.1.08-8B-Philos-C-R1,44,38.717242355181774,55.87158738813016,48.274193108915924,9.842265832096222,29.542482824781484,41.02397900132275,35.231050531914896
EpistemeAI2_Fireball-Llama-3.1-8B-Philos-Reflection,44,39.02323708569803,37.5116912015674,48.968213942517686,11.851895386113691,30.409678176037236,39.56725363756614,35.505319148936174
EpistemeAI2_Fireball-MathMistral-Nemo-Base-2407-v2dpo,44,33.07244967104028,32.26223088072979,43.26099271634474,2.8792467135429436,26.429962189190377,40.274785052910055,11.477726063829788
EpistemeAI2_Fireball-Meta-Llama-3.1-8B-Instruct-Agent-0.003-128K-code-math,44,38.428400009214755,58.608048865898034,48.06819674382318,10.717294574736812,29.700195870497886,36.919940476190476,34.20046542553192
EpistemeAI2_Fireball-Meta-Llama-3.1-8B-Instruct-Agent-0.005-128K-code-COT,44,38.25994327657435,48.841130422833636,47.90278849837954,10.487402892522383,30.582531515836887,37.732415674603175,35.64660904255319
EpistemeAI2_Fireball-Phi-3-medium-4k-inst-Philos,44,47.748930697174146,54.83240025354947,61.77005621791001,12.679806854606587,33.45201068040833,41.360429067460316,45.98570478723404
EpistemeAI_Alpaca-Llama3.1-8B,44,35.52080016239872,16.716312716924428,47.54600845088706,3.88892240611685,28.666464850399414,34.01820849867725,32.463430851063826
EpistemeAI_Athena-gemma-2-2b-it,44,33.52961263575459,31.99494009228846,42.63908405545017,4.205864778032144,26.33765988159864,43.47546709656085,24.21875
EpistemeAI_Athena-gemma-2-2b-it-Philos,44,31.0130385457562,46.73782231146691,37.93654090652099,3.247518519131423,27.962838976366665,43.0996982473545,22.481715425531913
EpistemeAI_Athene-codegemma-2-7b-it-alpaca-v1.3,44,34.60961527056268,41.65203881257287,43.31317896355279,4.866524564948986,28.117124591013017,45.016042493386244,25.872672872340424
EpistemeAI_DeepPhi-3.5-mini-instruct,44,23.122609205344276,13.575147275894627,28.80516582085642,0.5971593861495703,23.323373936838703,36.54885912698413,11.028922872340425
EpistemeAI_DeepThinkers-Phi4,44,57.44679398063387,71.86332265056717,67.89585431897908,44.083308975564684,33.57667104521131,39.775322420634915,52.576462765957444
EpistemeAI_FineLlama3.1-8B-Instruct,44,33.83914280029911,8.000992921005155,45.56842994449545,2.156920694342375,28.096745664384088,34.80958994708995,31.125332446808514
EpistemeAI_Fireball-12B,44,38.1552505028865,19.186813211168584,51.105197012736184,3.8133983028869887,25.58252796560263,42.35466683201059,33.43583776595745
EpistemeAI_Fireball-12B-v1.13a-philosophers,44,38.10535553457915,9.359831912658413,51.02512722620814,3.745896771134322,29.524684802054768,40.79065393518518,33.668550531914896
EpistemeAI_Fireball-Alpaca-Llama-3.1-8B-Philos-DPO-200,44,38.42865088213661,47.688355784873025,48.37884724473983,9.74972402477607,29.386771296377002,39.438872354497356,35.82945478723404
EpistemeAI_Fireball-Alpaca-Llama3.1.07-8B-Philos-Math-KTO-beta,44,39.48905812232257,74.4137222569449,48.64427568435425,13.66220684031857,28.358549832438257,36.17309027777778,35.43051861702128
EpistemeAI_Fireball-Alpaca-Llama3.1.08-8B-Philos-C-R2,44,39.71140224000828,49.60294241501438,49.31378908934214,11.036210878030934,28.121284185147445,46.21834904100529,33.518949468085104
EpistemeAI_Fireball-Meta-Llama-3.1-8B-Instruct-0.001-128K-auto,44,38.939201019770394,46.29699198127635,48.2288782617312,11.59992487949706,31.508515254320624,40.65055390211641,35.15625
EpistemeAI_Fireball-Meta-Llama-3.1-8B-Instruct-Agent-0.003-128K,44,38.69624287452331,46.61171247844608,48.96601573699015,10.76399177654608,28.798560336941215,37.608721891534394,35.43051861702128
EpistemeAI_Fireball-Meta-Llama-3.1-8B-Instruct-Agent-0.003-128K-code,44,39.431089185114004,61.96026542906156,49.030590618219094,11.073133391973666,29.75135503711427,40.09718501984127,34.225398936170215
EpistemeAI_Fireball-Meta-Llama-3.1-8B-Instruct-Agent-0.003-128K-code-ds,44,37.57695437385125,68.68968780613216,46.67148413640389,11.927067833371552,27.41577115790622,34.165339781746034,33.892952127659576
EpistemeAI_Fireball-Meta-Llama-3.1-8B-Instruct-Agent-0.003-128K-code-ds-auto,44,37.7277897696837,75.12062438773565,46.338167469633454,12.190705647612072,28.995376593950418,33.929670965608466,34.88198138297872
EpistemeAI_Fireball-Meta-Llama-3.1-8B-Instruct-Agent-0.004-128K-code-COT,44,38.07760687600557,47.71456402345776,47.602051608196476,11.165137514490143,28.64130853067514,38.799309689153446,34.70744680851064
EpistemeAI_Fireball-Meta-Llama-3.1-8B-Instruct-Agent-0.004-128K-code-ds-auto,44,38.451700703329124,73.68931102807218,48.17064263709335,13.057462763078433,24.776507806604283,32.98412698412698,35.480385638297875
EpistemeAI_Fireball-Meta-Llama-3.1-8B-Instruct-Math,44,38.735547823385176,49.699187045927026,49.82209050796829,8.828507007394723,28.601976591175415,36.399384093915344,33.31117021276596
EpistemeAI_Fireball-Meta-Llama-3.2-8B-Instruct-agent-003-128k-code-DPO,44,38.28378570883857,48.088017571155646,48.00329255063993,9.924835125222732,29.3764083953891,39.97349123677249,35.2061170212766
EpistemeAI_Fireball-Mistral-Nemo-Base-2407-v1-DPO2,44,37.345212941926405,19.608970863974253,49.67148617942911,3.385689672919516,28.53852895799205,40.38676008597884,33.527260638297875
EpistemeAI_Fireball-R1-Llama-3.1-8B,44,33.542276493896225,49.94520095568647,36.42593844521825,29.76035485613549,25.118093304439782,32.8604332010582,11.153590425531915
EpistemeAI_Llama-3.2-3B-Agent007-Coder,44,34.75141587163961,56.44484412470023,43.0380073801967,10.051032272778906,25.329199545327903,36.670209160052906,28.515625
EpistemeAI_Mistral-Nemo-Instruct-12B-Philosophy-Math,44,40.907220460454745,7.327723772922512,53.64044105464597,8.296343657874793,32.84230334356174,42.90569196428571,32.962101063829785
EpistemeAI_OpenReasoner-Llama-3.2-3B-rs1.0,44,36.83432794738905,74.47616767953474,45.175407714063454,12.206725388678787,27.087900040395844,34.585639880952385,31.341422872340424
EpistemeAI_Polypsyche-Llama-3.1-8B-Instruct-Agent-0.003-128K-code-ds-auto-Empathy,44,37.340965276567786,73.0473477040918,46.2755811297536,12.595777553582732,27.387610234191616,31.93129546957672,33.111702127659576
EpistemeAI_Polypsyche-Llama-3.1-8B-Instruct-Agent-0.003-128K-code-ds-auto-Logic,44,36.764496795326046,73.07732372327646,45.65419881843601,10.704195513943663,28.289977930812665,32.33050181878307,33.502327127659576
EpistemeAI_Polypsyche-Llama-3.1-8B-Instruct-Agent-0.003-128K-code-ds-auto-divergent,44,36.300684377563954,71.22135932658679,45.23642966459916,8.916198630618661,26.6469248615851,35.75982142857143,32.903922872340424
EpistemeAI_Reasoning-Llama-3.1-CoT-RE1-NMT,44,36.37529091388048,53.213750626116486,47.35529394263894,7.081153369966087,25.908126642187046,31.802914186507934,33.42752659574468
EpistemeAI_Reasoning-Llama-3.1-CoT-RE1-NMT-V2-ORPO,44,38.70774573250536,47.28243283376995,48.03544817522238,11.796322400833915,30.755655779250574,39.30580357142857,35.979055851063826
EpistemeAI_Reasoning-Llama-3.2-1B-Instruct-v1.2,44,26.95296782186923,43.22824549971852,33.23506466830487,4.430134268820758,25.988601722662125,32.199776785714285,11.785239361702128
EpistemeAI_Reasoning-Llama-3.2-1B-Instruct-v1.3,44,26.428307491145432,34.41302410936316,32.61589112436196,4.534188120268139,25.83874662576424,32.584920634920636,11.727061170212766
EpistemeAI_Reasoning-Llama-3.2-3B-Math-Instruct-RE1,44,34.943524358481994,54.75244573287765,43.80672063174033,9.692138541338712,26.185185468427917,34.32887731481482,27.892287234042552
EpistemeAI_Reasoning-Llama-3.2-3B-Math-Instruct-RE1-ORPO,44,37.16850466814247,75.57774482816704,45.17358122200245,13.776688155954602,27.16097841150274,34.84708994708995,31.00066489361702
EpistemeAI_ReasoningCore-3B-T1_1,44,37.3126677889919,75.18057642610496,45.23022941452453,13.961212121328995,27.381292563234677,35.51477761243386,31.16688829787234
Eric111_CatunaMayo,44,40.761267505568775,43.76781384504226,52.42951024779175,7.591209051744527,29.222393704356797,45.39181134259259,31.78191489361702
Eric111_CatunaMayo-DPO,44,40.56867300123103,44.84816952353089,52.231899767401515,7.534137902285895,29.171966700804784,44.488454861111116,31.69880319148936
Etherll_Chocolatine-3B-Instruct-DPO-Revised-Ties,44,43.518800400431914,38.31107018267087,54.100889782364916,14.916382633500906,32.27150511913515,46.47745535714286,39.777260638297875
Etherll_Chocolatine-3B-Instruct-DPO-Revised-Ties-v2,44,43.52053191725172,38.38725692274277,54.100889782364916,14.916382633500906,32.27150511913515,46.47745535714286,39.777260638297875
Etherll_Herplete-LLM-Llama-3.1-8b,44,42.85329863488453,65.30500183956347,53.46937253978673,14.210735697898006,31.023545107018258,39.88260995370369,37.5249335106383
Etherll_Herplete-LLM-Llama-3.1-8b-Ties,44,42.80837563546092,65.71341817488707,53.37614353065643,13.977367473597035,31.213811181827122,40.148747519841265,37.5249335106383
Etherll_Qwen2.5-7B-della-test,44,49.76283303392307,76.76675665013276,54.461371958216986,46.822192925868244,30.527212755086076,40.43832258597884,43.60871010638298
Etherll_Qwen2.5-Coder-7B-Instruct-Ties,44,42.87168222767443,52.83531030997752,48.94027107630261,27.602859271719417,33.39264668962656,43.708792162698415,35.031582446808514
Etherll_Replete-LLM-V3-Llama-3.1-8b,44,38.25843731557897,53.32866793441402,45.42305403097494,21.02812369575975,27.41353712935089,35.136665013227514,34.699135638297875
Etherll_SuperHermes,44,43.02518941031037,57.512732882086205,52.884695280894775,15.081930479569236,32.191030038660074,43.98196097883598,39.48636968085106
Eurdem_Defne-llama3.1-8B,44,42.570172235791155,76.89790866013288,53.08445726647324,13.823544722979397,27.765176192189617,40.40082258597884,37.99867021276596
FINGU-AI_L3-8B,44,42.26686032894762,77.54862653315425,49.85085577596649,22.886770717666323,29.46905757832771,38.26937830687831,36.394614361702125
FINGU-AI_Phi-4-RRStock,44,47.810443541136976,30.24148149133189,64.42604994735319,2.6907528059273145,38.76567131600689,44.77334242724867,48.828125
FINGU-AI_Q-Small-3B,44,34.52343221597358,43.690352708590986,43.17427066131752,7.483483227230369,26.99922013575537,40.027397486772486,27.900598404255316
FINGU-AI_QwQ-Buddy-32B-Alpha,44,54.53038601458208,36.257740572791306,64.23512104125376,36.46221730132868,37.89415981110612,50.58149388227513,52.94215425531915
FINGU-AI_RomboUltima-32B,44,60.841083397770944,68.73966630761934,69.37181880920961,51.70723964104993,36.740003972071925,48.34276207010581,57.887300531914896
FallenMerick_Chewy-Lemon-Cookie-11B,44,40.43565857657283,51.35152506460635,52.49930044831878,5.127437046576943,28.029984964234124,45.433998842592594,32.67121010638298
Felladrin_Llama-160M-Chat-v1,44,24.22955882320868,16.663896239754962,30.3454760794217,0.0,25.782001951255307,36.58635912698413,11.361369680851062
Felladrin_Minueza-32M-UltraChat,44,23.787311124047932,14.986513561793819,29.40466000239823,0.42622910108480927,25.70892358014841,37.38945932539682,11.328125
FlofloB_100k_fineweb_continued_pretraining_Qwen2.5-0.5B-Instruct_Unsloth_merged_16bit,44,26.75981430481018,31.940030230898458,33.22928948478624,3.6216177399141474,26.665877874455894,33.00053323412698,14.976728723404257
FlofloB_10k_continued_pretraining_Phi-3-mini-4k-instruct_Unsloth_merged_16bit,44,40.87059055902865,52.88650779930584,52.14548498608328,7.796591758821742,30.42628279624924,43.06922949735449,37.69115691489361
FlofloB_10k_continued_pretraining_Qwen2.5-0.5B-Instruct_Unsloth_merged_16bit,44,26.041212968938204,29.158577020084486,33.05011224785481,0.0,27.708431517680676,33.00053323412698,15.408909574468085
FlofloB_40k_continued_pretraining_Qwen2.5-0.5B-Instruct_Unsloth_merged_16bit,44,26.141479143252873,30.870922485671347,33.240315031593695,0.0,26.26088315580765,34.06039599867725,14.852061170212766
FlofloB_83k_continued_pretraining_Qwen2.5-0.5B-Instruct_Unsloth_merged_16bit,44,26.69057784887327,29.711886682890288,33.46468923288765,2.511752347635983,27.12022055824489,32.8721519510582,15.550199468085108
FlofloB_smollm2-135M_pretrained_1000k_fineweb,44,23.69251347740347,15.041478831722053,29.164101672364236,0.7754800093526635,27.06779203738096,35.78325892857143,11.63563829787234
FlofloB_smollm2-135M_pretrained_1000k_fineweb_uncovai_human_removed,44,24.360330838358514,15.673468618820285,30.652757827153692,0.5545209728324909,25.198183097197358,35.78091517857143,11.427859042553191
FlofloB_smollm2-135M_pretrained_1000k_fineweb_uncovai_selected,44,24.132713192799706,15.178892006542641,29.303896381294432,0.5603002092676461,26.63024428964026,40.443010085978834,11.569148936170212
FlofloB_smollm2-135M_pretrained_1200k_fineweb,44,23.947735794346958,16.264234453472344,29.394357373625628,0.6898425580265534,27.11047545621791,37.111603009259255,10.762965425531915
FlofloB_smollm2-135M_pretrained_1200k_fineweb_uncovai_human_removed,44,23.855906550239048,16.003204829851462,29.48629939164861,0.09060991878212422,26.724780625787336,36.976190476190474,11.394614361702128
FlofloB_smollm2-135M_pretrained_1200k_fineweb_uncovai_selected,44,23.899862301238787,16.271714606133948,29.590421294065116,0.6662601342385388,26.64168622903941,35.65019014550265,11.643949468085106
FlofloB_smollm2-135M_pretrained_1400k_fineweb,44,24.045219970446283,17.894132014166853,29.20307305410594,0.9614270977502427,26.811920252566228,38.706084656084656,10.79621010638298
FlofloB_smollm2-135M_pretrained_1400k_fineweb_uncovai_human_removed,44,24.446077180420314,17.460726428099665,29.91144999503954,0.8661939214725467,26.23037383943424,39.36674107142857,11.045545212765957
FlofloB_smollm2-135M_pretrained_1400k_fineweb_uncovai_selected,44,23.90333979357902,15.83958341644614,29.154570246969126,1.016707983748441,27.162789612978365,37.38008432539682,11.36968085106383
FlofloB_smollm2-135M_pretrained_200k_fineweb_uncovai_human_removed,44,24.09922062619863,15.036492063280985,30.274974617208372,0.36392885692403043,25.345186366578986,35.76685267857143,11.195146276595745
FlofloB_smollm2-135M_pretrained_200k_fineweb_uncovai_selected,44,23.62159529679935,13.587669605535535,29.26051128392518,0.7231143448201126,25.42855168694095,36.579327876984124,11.311502659574469
FlofloB_smollm2-135M_pretrained_400k_fineweb,44,24.100891229102874,15.341239023568576,29.710653084044402,1.0972326043512965,25.169713710506493,37.91470320767196,11.627327127659575
FlofloB_smollm2-135M_pretrained_400k_fineweb_uncovai_human_removed,44,24.605835330112658,15.777137993856302,30.47456307710054,0.7956039915880447,25.68257385790943,38.57301587301587,11.377992021276597
FlofloB_smollm2-135M_pretrained_400k_fineweb_uncovai_selected,44,23.75230265067419,16.08437833836443,29.239780786036317,0.6050118756795844,24.901553459124766,38.173809523809524,11.57746010638298
FlofloB_smollm2-135M_pretrained_600k_fineweb,44,24.418708732665966,16.481546740426513,30.120377520720886,0.5304707458321026,26.79119445059042,38.05480324074074,11.261635638297872
FlofloB_smollm2-135M_pretrained_600k_fineweb_uncovai_human_removed,44,24.318237541977723,16.550253327836806,29.991682745406724,0.8389304695422083,25.96117296201189,37.907671957671965,11.46941489361702
FlofloB_smollm2-135M_pretrained_600k_fineweb_uncovai_selected,44,24.191570545956452,16.241738586949296,29.821420422259543,0.6865883707941386,25.485372313182715,38.43760333994709,11.619015957446809
FlofloB_smollm2-135M_pretrained_800k_fineweb,44,23.859202832134677,16.656416087093355,29.579913209966,0.7128465623359344,24.792494627855366,36.98556547619047,11.519281914893616
FlofloB_smollm2-135M_pretrained_800k_fineweb_uncovai_human_removed,44,24.61477882281737,16.51778392443162,30.368296937042093,0.6290621026799725,25.26055169196948,39.8990162037037,11.377992021276597
FlofloB_smollm2-135M_pretrained_800k_fineweb_uncovai_selected,44,23.87118933189608,15.137668054096466,29.413255641254366,0.4062340673851597,26.326835741160405,37.63919064153439,11.303191489361703
FlofloB_smollm2_pretrained_200k_fineweb,44,23.917567939237053,15.48236457045085,29.932791266340157,0.303019453041718,24.27593612576834,36.97150297619047,11.59408244680851
FlofloB_test_continued_pretraining_Phi-3-mini-4k-instruct_Unsloth_merged_16bit,44,41.49001270444846,53.41482821136805,52.40742975841002,10.051944002095556,31.64242194233805,42.41326058201058,37.20910904255319
FuJhen_ft-openhermes-25-mistral-7b-irca-dpo-pairs,44,36.36469131065469,55.64546514359676,47.7200868119706,0.10031539998228643,27.57086488734979,41.71979166666666,29.562832446808514
FuJhen_mistral-instruct-7B-DPO,44,35.90425498514995,51.814906669858196,46.23777876632184,3.4104563709630282,27.77627125624189,40.13702876984127,30.335771276595747
FuJhen_mistral_7b_v0.1_structedData_e2e,44,31.20783307559849,17.709289130617872,41.132187016807876,0.2853578948745112,27.326088166587326,37.214203042328045,28.10837765957447
FuJhen_mistral_7b_v0.1_structedData_viggo,44,34.21748789297225,18.742159691839873,45.233636985706084,2.7937566543133032,28.253265307585774,37.361334325396825,29.421542553191486
FuseAI_FuseChat-7B-v2.0,44,38.76532261919573,35.21988324312823,49.53023975059877,5.436939028686052,29.782096864731095,47.94589947089947,31.62400265957447
FuseAI_FuseChat-Llama-3.1-8B-Instruct,44,40.13356410556791,74.14643146850356,51.18876447682354,6.685739506071762,30.491579170270445,38.173809523809524,37.33377659574468
FuseAI_FuseChat-Llama-3.2-3B-Instruct,44,40.092493249873385,70.34457461757026,46.57625984319914,22.315855153483355,29.988967559751956,39.10997850529101,31.316489361702125
FuseAI_FuseChat-Qwen-2.5-7B-Instruct,44,48.83062727453431,63.04062110755019,55.24851262504512,42.7668111965273,29.17385385401325,38.708428406084664,41.18184840425532
GalrionSoftworks_MN-LooseCannon-12B-v1,44,39.88104701103976,56.22996981342837,51.26701656818402,7.388516930407457,28.46726178836078,41.35574156746031,31.956449468085108
GalrionSoftworks_MagnusIntellectus-12B-v1,44,40.77867801600872,45.06548181048507,53.21372820605418,5.717289847993707,28.42053313949287,44.25512979497354,34.20877659574468
GenVRadmin_AryaBhatta-GemmaOrca-2-Merged,44,30.964229071209417,33.021660305766474,38.85716751595646,0.8811821442341599,26.97109762441138,45.469155092592594,23.84474734042553
GenVRadmin_AryaBhatta-GemmaOrca-Merged,44,31.436717872792226,32.29226230845268,41.297550091259396,1.9754708354584785,25.346612280337112,35.225202546296295,22.28224734042553
GenVRadmin_AryaBhatta-GemmaUltra-Merged,44,32.65760787030382,31.93881124305731,41.40272895733793,4.696593135617601,24.944969041026088,42.77027943121693,22.65625
GenVRadmin_llama38bGenZ_Vikas-Merged,44,35.505448699223955,32.14493100528819,45.35413140322315,4.0281004285734285,29.79130477557491,43.99133597883598,26.221742021276594
GoToCompany_gemma2-9b-cpt-sahabatai-v1-instruct,44,48.117794206494544,66.99734482284782,59.543144823613446,17.362200377327405,33.66230880649924,47.77767443783068,42.63630319148936
GoToCompany_llama3-8b-cpt-sahabatai-v1-instruct,44,39.879269809732634,53.494782732039866,49.50706042086374,11.708047681325375,27.602609801645038,44.87359871031747,34.53291223404255
Goekdeniz-Guelmez_Josiefied-Qwen2.5-0.5B-Instruct-abliterated-v1,44,27.062049549901662,35.67445489080085,32.67759823511799,7.473623440302693,25.023171680575206,32.60367063492063,16.414561170212767
Goekdeniz-Guelmez_Josiefied-Qwen2.5-1.5B-Instruct-abliterated-v1,44,32.17819597964666,49.93644640664547,41.845104353084686,1.3866853889105988,23.90310914849505,36.7217716600529,27.825797872340424
Goekdeniz-Guelmez_Josiefied-Qwen2.5-1.5B-Instruct-abliterated-v2,44,31.129999076359628,43.309419008231494,40.40605305011103,0.9091368459842458,23.84744351239737,37.655596891534394,25.615026595744684
Goekdeniz-Guelmez_Josiefied-Qwen2.5-1.5B-Instruct-abliterated-v3,44,31.118364545569012,44.060038475688955,40.52183178164493,0.571180861694547,24.144534389920295,36.990252976190476,25.556848404255316
Goekdeniz-Guelmez_Josiefied-Qwen2.5-14B-Instruct-abliterated-v4,44,56.91095118682718,83.32757084535697,63.547012868339934,52.16482830171507,34.11222097253977,42.83121693121693,50.18284574468085
Goekdeniz-Guelmez_Josiefied-Qwen2.5-7B-Instruct-abliterated-v2,44,48.52355438367731,78.92746800711004,53.08706906215854,43.21087295433905,29.91742946650665,43.50124834656085,41.19847074468085
Goekdeniz-Guelmez_j.o.s.i.e.v4o-1.5b-dpo-stage1-v1,44,33.34216857774424,44.71075634871031,41.22685603383361,10.53692339545381,25.73076683290609,35.2603587962963,25.548537234042552
Goekdeniz-Guelmez_josie-3b-v6.0,44,39.65763345385804,62.10139097594383,44.952986305356575,26.81787354033944,29.058824227133794,38.58239087301587,32.19747340425532
Goekdeniz-Guelmez_josie-7b-v6.0,44,46.56637807486561,75.60772084735169,51.04445065036807,41.79345929753397,28.065965424396634,41.505216600529096,38.06515957446808
Goekdeniz-Guelmez_josie-7b-v6.0-step2000,44,46.71679465022385,76.6006418525069,51.0627863742715,40.464016231318276,27.598640523346894,45.35483630952381,40.11801861702128
GreenNode_GreenNode-small-9B-it,44,47.42728239048876,75.0144616284791,59.93418639503874,15.663700890781776,31.756719406153135,42.014054232804234,39.27027925531915
GritLM_GritLM-7B-KTO,44,36.96593068089404,55.24580335731415,48.51077997464624,2.5379485557875627,29.719766682329606,37.08582175925926,26.803523936170215
GritLM_GritLM-8x7B-KTO,44,44.91885037714033,59.05641475728844,58.190492091886966,10.792094122754667,29.817654497813894,42.14009176587302,36.477726063829785
Groq_Llama-3-Groq-8B-Tool-Use,44,37.62072868991176,62.15258846527214,48.627048122518495,5.445737074023886,27.417929234728728,36.57932787698413,33.992686170212764
Gryphe_Pantheon-RP-1.0-8b-Llama-3,44,35.593118959993944,44.844401742930984,45.383834991633776,6.060007687320662,28.125253463445578,38.29984705687831,30.668218085106385
Gryphe_Pantheon-RP-1.5-12b-Nemo,44,39.861135528322556,52.09965114784328,51.94689507750914,4.66359541064675,27.24480497131504,44.164248511904766,33.02027925531915
Gryphe_Pantheon-RP-1.6-12b-Nemo,44,39.68040834137971,47.69079376055533,52.02963957013284,4.098636338591157,28.268444014039652,42.83824818121693,33.111702127659576
Gryphe_Pantheon-RP-1.6-12b-Nemo-KTO,44,40.39279240757763,48.45764792971538,52.757956971658146,4.874682240311228,29.841038028433164,42.44138558201058,33.81815159574468
Gryphe_Pantheon-RP-Pure-1.6.2-22b-Small,44,43.51257174382503,71.04399659569941,53.02874748433874,18.55345198715002,32.833366356331965,37.62747189153439,39.41988031914894
Gunulhona_Gemma-Ko-Merge,44,43.37141454525169,66.21176256776464,58.126186490945976,0.1612248038645989,33.65861045181515,40.43832258597884,38.78823138297872
Gunulhona_Gemma-Ko-Merge-PEFT,44,36.782852370957556,47.36355093374469,48.61908739434715,0.0,30.111855135449932,39.84745370370371,30.975731382978722
HPAI-BSC_Llama3-Aloe-8B-Alpha,44,37.329998713113085,54.27787160290253,48.3015518280061,5.061493472995633,29.07970280558368,36.705365410052906,32.95378989361702
HPAI-BSC_Llama3.1-Aloe-Beta-8B,44,41.53216304426897,64.48068901625464,51.69390303243729,13.190950175680893,31.46008976808054,38.425884589947096,38.297872340425535
HPAI-BSC_Qwen2.5-Aloe-Beta-7B,44,39.67873666676647,48.86357088081845,50.47209649123804,7.4583303404458405,28.91420776278159,42.567423115079364,43.54222074468085
Hastagaras_Llama-3.1-Jamet-8B-MK.I,44,40.20106092376833,75.98616116349064,50.4814314038314,11.487330722600712,27.40837444853804,37.237640542328045,34.82380319148936
Hastagaras_Zabuza-8B-Llama-3.1,44,35.26414790485205,65.86202387443095,45.383693541219046,3.9016080592833458,26.678051976919427,35.654877645502644,29.230385638297875
HelpingAI_Cipher-20B,44,47.23094028841105,55.23455542405264,60.315103687025754,18.34331707410338,29.358534420929562,40.00864748677249,37.44182180851064
HelpingAI_Priya-10B,44,33.81163188990931,42.82730931705652,44.40851613093281,1.9253072943596496,25.496852664952495,37.90298445767196,24.925199468085108
HelpingAI_Priya-3B,44,30.864378392104214,47.065065138277554,39.603489945715054,1.2305620010377458,25.543234438473533,37.10691550925925,23.387632978723406
HeraiHench_Double-Down-Qwen-Math-7B,44,23.2780275077549,17.137251381888944,28.43587175336807,0.050157699991143216,26.6139105930423,37.349615575396825,11.12034574468085
HeraiHench_Marge-Qwen-Math-7B,44,24.515454233934843,12.834501345319307,30.677377310415473,0.4309563519181402,24.29358137202097,39.36439732142857,10.555186170212766
HeraiHench_Phi-4-slerp-ReasoningRP-14B,44,30.9803449348404,16.830011037380814,41.952918728072376,0.0,28.762541464408077,31.142257771164022,18.99933510638298
HiroseKoichi_Llama-Salad-4x8B-V3,44,40.969227014454965,69.19678674805073,52.43716427193462,8.562309454932276,30.492311333334825,37.37774057539683,35.1811835106383
HoangHa_Pensez-Llama3.1-8B,44,36.99550442879422,41.878105648568024,46.68375470765223,10.46886618123757,29.297630152286192,35.972052744708996,31.258311170212767
HuggingFaceH4_zephyr-7b-alpha,33,35.1012833369667,,45.81808989969572,1.6112628284385293,,,
HuggingFaceH4_zephyr-7b-beta,45,34.56981095776327,51.161695412616304,43.15450802523921,2.6963494469674347,29.088525428709993,39.22898478835979,27.809175531914892
HuggingFaceH4_zephyr-7b-gemma-v0.1,25,46.30356209865376,,46.30356209865376,,,,
HuggingFaceH4_zephyr-orpo-141b-A35b-v0.1,45,51.03957330546478,67.31583310061747,62.89611932821768,19.14822851418038,38.24013741431946,44.633242394179895,45.86103723404255
HuggingFaceTB_SmolLM-1.7B,44,25.19624757582403,24.010348098600602,31.795239628080306,1.638947701394789,24.433420443277825,34.188777281746034,11.477726063829788
HuggingFaceTB_SmolLM-1.7B-Instruct,44,23.789543138853773,25.16312273656121,28.836455312035625,1.945155047052955,26.333885575181714,34.84708994708995,11.660571808510637
HuggingFaceTB_SmolLM-135M,44,25.32529564545754,21.887092913469594,30.445384218944554,1.2885692700050604,26.129905120047738,43.62494212962963,11.220079787234043
HuggingFaceTB_SmolLM-135M-Instruct,44,24.15837726228662,14.641817045439431,30.138326906090075,0.5380153936048674,25.915523351555226,36.320221560846555,11.76030585106383
HuggingFaceTB_SmolLM-360M,44,25.095926901565374,21.517407146371625,30.6302548050894,1.0646888432076946,26.47191344496294,40.15343501984127,11.236702127659575
HuggingFaceTB_SmolLM-360M-Instruct,44,23.67654450158615,20.984099965868342,28.836455312035625,1.6545553729194578,26.84867128816374,34.70230241402116,11.660571808510637
HuggingFaceTB_SmolLM2-1.7B,44,27.57671850421216,24.79471136584263,34.516195727444256,2.454986872215234,27.989573986323148,34.83771494708995,21.37632978723404
HuggingFaceTB_SmolLM2-1.7B-Instruct,44,29.50429907399152,54.954797714508615,35.97356392040169,4.978391520263621,28.11080692005608,34.191121031746036,20.53690159574468
HuggingFaceTB_SmolLM2-135M,40,24.280641154803494,18.830868761552683,30.44234246877141,1.159225006754826,26.068607318607324,41.11770833333333,10.945811170212766
HuggingFaceTB_SmolLM2-135M-Instruct,44,24.738417431757025,5.955143463787197,31.335748290299957,1.2806914193763452,23.148362520216548,38.69202215608466,10.920877659574469
HuggingFaceTB_SmolLM2-360M,44,25.895329420320735,21.616089752966573,32.32727709199248,1.162564259666665,24.716450065128754,39.51152860449735,11.693816489361703
HuggingFaceTB_SmolLM2-360M-Instruct,44,25.386633362479806,39.597490214852144,31.42673721721146,1.4751818412229576,24.93687858096415,34.59032738095239,11.170212765957446
HumanLLMs_Humanish-LLama3-8B-Instruct,44,38.87228811043915,69.21052806553278,49.66744723596242,9.038535823917737,25.648480550955384,35.790290178571425,37.017952127659576
HumanLLMs_Humanish-Mistral-Nemo-Instruct-2407,44,40.58283154254243,57.114290083644725,52.604399009439284,7.150566517895446,28.758034994926774,39.64459738756614,35.2061170212766
HumanLLMs_Humanish-Qwen2.5-7B-Instruct,44,49.40986645463018,74.33127435205256,53.62777664171061,48.53428416649614,29.806559433761613,39.775322420634915,43.98271276595745
IDEA-CCNL_Ziya-LLaMA-13B-v1,45,23.363890988738916,16.968643200042553,28.75747762313553,0.0,24.702003521739258,37.487371858465615,11.012300531914894
INSAIT-Institute_BgGPT-Gemma-2-27B-IT-v1.0,44,23.072245980331047,0.0,29.103564494469225,0.0,25.98228405170519,35.74341517857143,11.668882978723403
IlyaGusev_gemma-2-2b-it-abliterated,44,32.8969615687398,54.95230433028808,41.17092822547296,5.294663035830096,26.513403461285172,37.78866567460317,25.382313829787233
IlyaGusev_gemma-2-9b-it-abliterated,44,47.04157674789062,75.74635301001342,59.06008040438622,15.533730439302607,34.892509208260044,40.30525380291005,39.153922872340424
Infinirc_Infinirc-Llama3-8B-2G-Release-v1.0,44,33.84404359518253,20.684284365483585,43.50364232066134,1.6832230945046003,29.973827265668714,46.078249007936506,21.600731382978726
Intel_neural-chat-7b-v3,45,39.36704055437462,28.370501380780773,50.47320909776414,2.672041433985709,28.779607324070415,50.54399388227513,26.986369680851062
Intel_neural-chat-7b-v3-1,45,39.859068387768225,48.281559595207376,50.5071791232133,3.5302391720983715,28.263742572677142,49.77604993386243,26.778590425531917
Intel_neural-chat-7b-v3-2,45,39.9503680020961,51.557589418299,50.311807720515624,4.250858731707578,28.726907879592446,48.94951223544973,26.670545212765955
IntervitensInc_internlm2_5-20b-llamafied,44,55.70081998233341,35.80062013235991,74.78650899709689,15.424232568920848,34.24123590335839,44.742873677248674,40.50864361702128
Invalid-Null_PeiYangMe-0.5,44,22.73237641354971,15.071454850906704,27.895413270787472,0.0,24.794305829330995,37.361334325396825,11.087101063829788
Invalid-Null_PeiYangMe-0.7,44,24.309830766947414,16.382864133831568,30.259229175565817,1.149390577018932,23.162076900541663,38.55192212301587,11.012300531914894
Isaak-Carter_JOSIEv4o-8b-stage1-v4,44,35.94051025079991,26.196048706321445,47.24274834204925,4.764255428216496,28.35719987041296,36.534796626984125,33.161569148936174
Isaak-Carter_Josiefied-Qwen2.5-7B-Instruct-abliterated,44,40.89053827354094,74.4374371113091,53.954144807825365,0.0,30.241216941615434,40.83518518518518,42.76097074468085
Isaak-Carter_Josiefied-Qwen2.5-7B-Instruct-abliterated-v2,44,48.94609176463758,79.10981750643847,53.09908283404339,45.464102862298375,29.91742946650665,43.50124834656085,41.281582446808514
J-LAB_Thynk_orpo,44,36.711470514002684,21.959511872941572,44.61850214962337,13.153904248773058,29.430072514174867,45.137392526455024,32.31382978723404
JackFram_llama-160m,44,23.702050830823378,18.1526682535672,28.86786598033787,0.7794316152163715,26.206296558121224,37.89829695767196,11.278257978723403
JackFram_llama-68m,44,24.024450237257955,17.42953142107386,29.3486822893726,0.5345259391328413,26.100203918471536,39.07950975529101,11.436170212765957
Jacoby746_Casual-Magnum-34B,44,45.736330645455595,19.53023533114359,60.30792778277338,8.05698850918067,37.80251371484593,40.76721643518518,51.83676861702128
Jacoby746_Inf-Silent-Kunoichi-v0.1-2x7B,44,39.89119406956939,39.72614884063175,51.84813271428537,6.500958951528733,29.032474504894807,42.78434193121693,32.71276595744681
Jacoby746_Inf-Silent-Kunoichi-v0.2-2x7B,44,39.98708906516583,37.225727735741174,52.08851751863309,5.761643509890417,30.19152210112781,43.17886078042328,32.721077127659576
Jacoby746_Proto-Athena-4x7B,44,39.33910798247103,37.60666143610066,51.058615012890066,5.809341628170361,29.41265977916565,43.45437334656084,32.06449468085106
Jacoby746_Proto-Athena-v0.2-4x7B,44,38.92769221154131,38.16119008674761,50.67000588328951,5.489363880808473,29.27328194735913,42.11196676587302,31.97307180851064
Jacoby746_Proto-Harpy-Blazing-Light-v0.1-2x7B,44,40.38366315497028,52.63672610894648,51.85867019415129,6.612421130558229,29.10709315386329,44.48376736111111,33.01196808510639
Jacoby746_Proto-Harpy-Spark-v0.1-7B,44,37.30270365464705,46.38065887400985,47.346415782142955,5.359034207719613,30.24013790320418,43.15542328042328,30.693151595744684
JayHyeon_Qwen-0.5B-DPO-1epoch,44,25.580852524071513,27.71978350775941,31.90320372555525,2.6657569120289817,24.59671899688678,33.50468336640212,15.575132978723405
JayHyeon_Qwen-0.5B-DPO-5epoch,44,24.90547349070817,26.490822129726904,31.1163141198915,2.0141054824916105,23.66133703172294,33.780195932539684,15.325797872340424
JayHyeon_Qwen-0.5B-IRPO-1epoch,44,25.06792343595346,26.955422722819893,31.635663123570446,1.4701562438984943,24.089329993272944,32.8487144510582,15.001662234042554
JayHyeon_Qwen-0.5B-IRPO-5epoch,44,25.380449335813804,25.991203340469955,31.88660271235657,2.9138218713725563,23.283771073724935,32.851058201058194,15.06815159574468
JayHyeon_Qwen-0.5B-eDPO-1epoch,44,25.479357444153788,27.235180432363904,31.80195624636184,3.1602956261194985,23.574544280290922,33.252608300264555,15.525265957446807
JayHyeon_Qwen-0.5B-eDPO-5epoch,44,24.654900580268947,25.71643239936701,30.962912378786413,1.1195737940321688,24.410151276762015,33.24792080026455,15.226063829787234
JayHyeon_Qwen2.5-0.5B-Instruct-SFT,44,26.42371019607373,29.122395244617614,32.529024324619165,3.500842312483554,27.925047314728523,33.39505208333333,15.201130319148938
JayHyeon_Qwen2.5-0.5B-Instruct-SFT-DPO-1epoch_v1,44,26.32591761731977,25.735160485290145,32.596696534601534,3.220208341987803,26.771970514105583,34.31715856481482,15.74966755319149
JayHyeon_Qwen2.5-0.5B-Instruct-SFT-IRPO-1epoch_v1,44,26.79810420951919,26.84798556718396,33.0721224693047,4.266911624627855,27.876046224934647,32.8627769510582,16.256648936170212
JayHyeon_Qwen2.5-0.5B-Instruct-SFT-MDPO-1epoch_v1,44,26.06840378036372,26.584462559342548,32.61240263342624,2.4402082566758696,26.559053071741832,32.99350198412698,15.757978723404257
JayHyeon_Qwen2.5-0.5B-SFT,44,25.275051114683304,19.954941776708026,31.198547982507403,2.4424668364326125,27.360181473541378,33.92263971560847,16.730385638297875
JayHyeon_Qwen2.5-0.5B-SFT-1e-4,44,24.071543579044928,20.56066791668329,30.165271420226368,0.050157699991143216,25.09732909009335,34.4455398478836,16.190159574468087
JayHyeon_Qwen2.5-0.5B-SFT-1e-4-2ep,44,25.37331623071694,21.617308740807722,31.712890416515627,2.4240075986516527,24.41157719052014,34.709333664021166,15.367353723404257
JayHyeon_Qwen2.5-0.5B-SFT-1e-4-3ep,44,24.56404639760945,22.998643598984028,30.636143718234443,0.2113825038557421,24.59552559437207,36.581671626984125,15.317486702127658
JayHyeon_Qwen2.5-0.5B-SFT-1e-4-5ep,44,24.85523786013833,19.94491283128765,31.032605059758104,1.8659373597843456,25.23716816135021,34.04867724867725,15.575132978723405
JayHyeon_Qwen2.5-0.5B-SFT-1e-5,44,25.457944860618966,20.705561244165484,31.386192938446555,3.0050347930192576,26.166693695007453,34.583296130952384,16.97972074468085
JayHyeon_Qwen2.5-0.5B-SFT-1e-5-2ep,44,25.3686818128335,20.463259706467728,32.236056897502934,0.3288190842752238,26.183374266952285,33.6565021494709,16.51429521276596
JayHyeon_Qwen2.5-0.5B-SFT-1e-5-3ep,44,25.60495910726368,23.002411379583947,32.45875188532488,0.22850368429293738,26.95437864009592,33.51640211640212,16.888297872340424
JayHyeon_Qwen2.5-0.5B-SFT-1e-5-5ep,44,26.430663974541453,23.555721042389745,32.58391629301206,4.5207913969137605,27.68839946639863,32.33284556878307,16.87998670212766
JayHyeon_Qwen2.5-0.5B-SFT-2e-4,44,23.590542553585962,21.28507914555601,29.344268573745047,0.0,25.6514467425751,34.321846064814814,14.128989361702127
JayHyeon_Qwen2.5-0.5B-SFT-2e-4-2ep,44,23.81630684712328,18.79213819332704,29.825688388645265,0.0,24.187949971821617,35.65253389550265,14.84375
JayHyeon_Qwen2.5-0.5B-SFT-2e-4-3ep,44,24.617211016892977,20.07606484128778,31.086531845845204,0.07420792699153139,25.716781528966937,34.4689773478836,14.162234042553193
JayHyeon_Qwen2.5-0.5B-SFT-2e-4-5ep,44,24.15008377813076,19.306717287907198,29.351915330341637,0.36339139974786167,27.179470184923204,38.71077215608466,13.364361702127658
JayHyeon_Qwen2.5-0.5B-SFT-2e-5,44,25.8880577116617,21.372513818889438,32.02593401643919,3.0458979527988634,26.3139294756325,34.84708994708995,16.78025265957447
JayHyeon_Qwen2.5-0.5B-SFT-2e-5-2ep,44,25.52607856254101,23.029894014548066,32.161261131831424,0.20063079996457286,27.836714285434926,33.6518146494709,17.096077127659576
JayHyeon_Qwen2.5-0.5B-SFT-2e-5-2ep-DPOP_3e-7-3ep_0alp_5lam,44,25.579675982664448,25.017010421237874,31.665140747756375,2.998171663956502,26.578006084612625,32.99350198412698,15.625
JayHyeon_Qwen2.5-0.5B-SFT-2e-5-2ep-DPOP_5e-6-1ep_0alp_5lam,44,25.718074797575973,24.3987619516217,32.59892251657351,0.20445345729254918,27.22034240228452,33.530464616402114,15.699800531914892
JayHyeon_Qwen2.5-0.5B-SFT-2e-5-2ep-DPOP_5e-6-2ep_0alp_5lam,44,25.72946330505345,23.337134359056193,32.610558836792734,0.0,27.477022301896465,34.06039599867725,15.408909574468085
JayHyeon_Qwen2.5-0.5B-SFT-2e-5-2ep-DPOP_5e-6-3ep_0alp_5lam,44,26.0109369123948,25.808853841141506,31.986972581748518,3.6606287390549483,27.17993142437354,33.52577711640212,15.550199468085108
JayHyeon_Qwen2.5-0.5B-SFT-2e-5-2ep-DPOP_5e-7-1ep_0alp_5lam,44,25.71318340858789,24.627322171837395,31.80984780110279,3.411674038482225,26.129981071780566,33.25963955026455,15.600066489361703
JayHyeon_Qwen2.5-0.5B-SFT-2e-5-2ep-DPOP_5e-7-2ep_0alp_5lam,44,24.914094589719564,24.943317065386513,31.531731905781403,0.0,25.918603907278403,33.25963955026455,15.475398936170212
JayHyeon_Qwen2.5-0.5B-SFT-2e-5-2ep-DPOP_5e-7-3ep_0alp_5lam,44,25.799750057034515,25.645232427736186,31.88981371508027,3.632095728916354,25.74871675909847,33.39270833333333,15.608377659574469
JayHyeon_Qwen2.5-0.5B-SFT-2e-5-2ep-DPO_1e-6-1ep_0alp_0lam,44,25.660716585931713,26.527003905193773,31.663123425436584,3.270299829667907,26.654782810403617,32.865120701058196,15.799534574468085
JayHyeon_Qwen2.5-0.5B-SFT-2e-5-2ep-DPO_1e-6-2ep_0alp_0lam,44,25.658445008958182,25.08444261226878,31.585466332262545,3.496021316413057,26.945556016969608,32.99818948412698,15.608377659574469
JayHyeon_Qwen2.5-0.5B-SFT-2e-5-2ep-DPO_1e-6-3ep_0alp_0lam,44,25.584370689699504,26.363382491788457,31.410039599008506,3.4425808486182943,26.875096962135554,33.13125826719577,15.74966755319149
JayHyeon_Qwen2.5-0.5B-SFT-2e-5-2ep-DPO_1e-7-2ep_0alp_0lam,44,25.62570325679929,26.66064929941444,31.665174352375107,2.984498975688869,26.249788091755377,33.39270833333333,15.766289893617023
JayHyeon_Qwen2.5-0.5B-SFT-2e-5-2ep-DPO_1e-7-3ep_0alp_0lam,44,25.534275646032572,26.358395723347382,31.72711960852532,3.0212545651337623,25.403818194296377,32.8604332010582,15.83277925531915
JayHyeon_Qwen2.5-0.5B-SFT-2e-5-2ep-DPO_2e-6-1ep_0alp_0lam,44,25.24223640889891,24.142719096441883,31.96428446762456,0.23543273085613026,26.91180958536244,32.73439566798942,15.80784574468085
JayHyeon_Qwen2.5-0.5B-SFT-2e-5-2ep-DPO_2e-6-2ep_0alp_0lam,44,26.147682863732115,25.280533429079288,32.25183847763765,4.227537129652928,26.98858631115343,32.60132688492063,15.375664893617023
JayHyeon_Qwen2.5-0.5B-SFT-2e-5-2ep-DPO_2e-6-3ep_0alp_0lam,44,26.025826630529792,25.51784819833597,32.28058744558961,3.5619590023300534,26.611020353155425,32.72970816798942,15.392287234042554
JayHyeon_Qwen2.5-0.5B-SFT-2e-5-2ep-DPO_3e-6-1ep_0alp_0lam,44,25.57508860814524,24.847127843012096,32.44489532133278,0.11106710387345567,27.667288376705322,32.60132688492063,15.733045212765958
JayHyeon_Qwen2.5-0.5B-SFT-2e-5-2ep-DPO_3e-6-2ep_0alp_0lam,44,26.148054266485758,24.13523894378028,32.2342477100144,4.041555996691987,26.865427811841403,33.52812086640212,15.159574468085108
JayHyeon_Qwen2.5-0.5B-SFT-2e-5-2ep-DPO_3e-6-3ep_0alp_0lam,44,25.596867958732844,24.765954334499128,32.46871893912312,0.11106710387345567,26.521608285450572,33.92263971560847,15.50033244680851
JayHyeon_Qwen2.5-0.5B-SFT-2e-5-2ep-DPO_3e-7-3ep_0alp_0lam,44,25.034104000925613,25.432906909223085,31.798131265900714,0.05408394475615019,25.63784672635344,32.8627769510582,15.741356382978724
JayHyeon_Qwen2.5-0.5B-SFT-2e-5-2ep-DPO_5e-6-1ep_0alp_0lam,44,25.578051709674533,24.47744207591413,32.416413189770516,0.2855904308472735,26.965934943598533,33.26198330026455,15.724734042553193
JayHyeon_Qwen2.5-0.5B-SFT-2e-5-2ep-DPO_5e-6-2ep_0alp_0lam,44,25.542228673650165,24.782189036201725,32.24117307792332,0.07420792699153139,27.403211767725193,34.06039599867725,14.960106382978724
JayHyeon_Qwen2.5-0.5B-SFT-2e-5-2ep-DPO_5e-6-3ep_0alp_0lam,44,26.460278661308244,24.899599728719796,32.645697970527024,3.9938390618438353,27.039360190052303,34.05805224867725,14.985039893617023
JayHyeon_Qwen2.5-0.5B-SFT-2e-5-2ep-DPO_5e-7_1ep_0alp_0lam,44,25.146558912623323,25.841323244546693,31.762021211661533,0.050157699991143216,26.436008936533266,33.39505208333333,15.724734042553193
JayHyeon_Qwen2.5-0.5B-SFT-2e-5-2ep-DPO_5e-7_2ep_0alp_0lam,44,25.01681515117146,25.30175489922295,31.59708955676121,0.0,26.72154351055358,32.99584573412698,15.716422872340424
JayHyeon_Qwen2.5-0.5B-SFT-2e-5-2ep-DPO_5e-7_3ep_0alp_0lam,44,25.94154143473534,24.89084517967881,31.929336164149046,4.149267840549112,26.425992910892237,33.12891451719577,15.66655585106383
JayHyeon_Qwen2.5-0.5B-SFT-2e-5-2ep-DPO_7e-7_1ep_0alp_0lam,44,25.168958849701184,26.44455600030142,31.77763399978282,0.0,27.07907741726953,32.8627769510582,15.674867021276595
JayHyeon_Qwen2.5-0.5B-SFT-2e-5-2ep-DPO_7e-7_2ep_0alp_0lam,44,25.062252259875727,25.765136504474796,31.71864921001284,0.050157699991143216,26.246089737071284,32.99818948412698,15.691489361702127
JayHyeon_Qwen2.5-0.5B-SFT-2e-5-2ep-DPO_7e-7_3ep_0alp_0lam,44,25.037329401115215,26.719326941404365,31.48492867538344,0.11106710387345567,26.704130775544364,33.397395833333334,15.658244680851062
JayHyeon_Qwen2.5-0.5B-SFT-2e-5-2ep-IRPO_1e-7-1ep_1alp_0lam,44,26.06830679597538,26.233504878167707,32.104803769568115,4.214801018917851,26.501229358821643,32.8580894510582,15.708111702127658
JayHyeon_Qwen2.5-0.5B-SFT-2e-5-2ep-IRPO_1e-7-2ep_1alp_0lam,44,25.198832861265334,25.585280389366883,31.97201717740311,0.050157699991143216,25.982745291155528,33.126570767195766,15.866023936170212
JayHyeon_Qwen2.5-0.5B-SFT-2e-5-2ep-IRPO_1e-7-3ep_1alp_0lam,44,25.98953153902816,25.582787005146347,32.24160296812734,3.3367780468536097,26.567990058971603,32.99350198412698,15.558510638297873
JayHyeon_Qwen2.5-0.5B-SFT-2e-5-2ep-IRPO_3e-7-3ep_1alp_0lam,44,25.72603290351504,26.40211306001409,31.84441129539122,3.053207333332017,26.781986539746605,32.732051917989416,15.857712765957446
JayHyeon_Qwen2.5-0.5B-SFT-2e-5-2ep-IRPO_5e-6-1ep_1alp_0lam,44,25.913692217160563,23.916652260446728,31.793564533485046,3.8982784456210062,28.26732656325777,32.60367063492063,15.475398936170212
JayHyeon_Qwen2.5-0.5B-SFT-2e-5-2ep-IRPO_5e-6-2ep_1alp_0lam,44,26.306837293666025,23.63562015452333,32.59016644775166,3.753525519246359,26.733332325299607,33.805977182539685,15.209441489361703
JayHyeon_Qwen2.5-0.5B-SFT-2e-5-2ep-IRPO_5e-6-3ep_1alp_0lam,44,25.91692510501174,23.66687057008737,33.20189615655107,0.050157699991143216,26.33908579535677,33.26667080026455,15.674867021276595
JayHyeon_Qwen2.5-0.5B-SFT-2e-5-2ep-IRPO_5e-7-1ep_1alp_0lam,44,25.20354014283589,25.49285894759239,31.779087249030148,0.0,27.517086404460567,32.99584573412698,15.74966755319149
JayHyeon_Qwen2.5-0.5B-SFT-2e-5-2ep-IRPO_5e-7-2ep_1alp_0lam,44,25.133311523888796,25.78137120617739,31.67198437133525,0.0,27.102807823235675,33.26198330026455,15.757978723404257
JayHyeon_Qwen2.5-0.5B-SFT-2e-5-2ep-IRPO_5e-7-3ep_1alp_0lam,44,25.229890366032514,27.31136717243581,31.900407842336527,0.0,26.755289942160747,32.865120701058196,15.66655585106383
JayHyeon_Qwen2.5-0.5B-SFT-2e-5-2ep-MDPO_0.5_1e-7-1ep_0alp_0lam,44,25.099932600751192,25.72141916780808,31.77519099611093,0.05408394475615019,25.909666920048636,33.39270833333333,15.625
JayHyeon_Qwen2.5-0.5B-SFT-2e-5-2ep-MDPO_0.5_1e-7-2ep_0alp_0lam,44,25.707621799595064,24.8071782869453,31.78039474903564,3.4791821284287554,26.025775585339346,33.25963955026455,15.74966755319149
JayHyeon_Qwen2.5-0.5B-SFT-2e-5-2ep-MDPO_0.5_1e-7-3ep_0alp_0lam,44,25.859864506318793,26.53575845423476,31.900110605653758,3.7826357940352997,25.765050455696432,33.39270833333333,15.757978723404257
JayHyeon_Qwen2.5-0.5B-SFT-2e-5-2ep-MDPO_1e-6-3ep_0alp_0lam,44,25.07347698372366,24.84214107457103,31.636724150453084,0.2131007840793413,26.687797078946414,33.13125826719577,15.566821808510639
JayHyeon_Qwen2.5-0.5B-SFT-2e-5-2ep-MDPO_1e-6_1ep_0alp_0lam,44,25.323718736087127,25.55530437018223,32.031997549771944,0.050157699991143216,27.07907741726953,32.99818948412698,15.915890957446807
JayHyeon_Qwen2.5-0.5B-SFT-2e-5-2ep-MDPO_1e-6_2ep_0alp_0lam,44,25.184339402766735,26.13232888735223,31.84578432965569,0.11106710387345567,26.715225839596645,32.865120701058196,15.608377659574469
JayHyeon_Qwen2.5-0.5B-SFT-2e-5-2ep-MDPO_2e-6-3ep_0alp_0lam,44,25.239335892639037,25.974968638767358,32.02670048614382,0.0,26.74192243718251,32.596639384920636,15.375664893617023
JayHyeon_Qwen2.5-0.5B-SFT-2e-5-2ep-MDPO_2e-6_1ep_0alp_0lam,44,26.00913279318449,23.70682012615416,32.11533651576118,3.858595702988103,27.765176192189617,32.202120535714286,15.824468085106384
JayHyeon_Qwen2.5-0.5B-SFT-2e-5-2ep-MDPO_2e-6_2ep_0alp_0lam,44,25.821933942236345,25.80259267632105,31.85750086485777,3.7138739636980125,26.574307729928538,32.8674644510582,15.392287234042554
JayHyeon_Qwen2.5-0.5B-SFT-2e-5-2ep-MDPO_3e-6-1ep_0alp_0lam,44,25.82430816382783,25.462882928407737,32.126382571466806,2.937724411465872,26.64141530542537,32.59898313492064,15.882646276595743
JayHyeon_Qwen2.5-0.5B-SFT-2e-5-2ep-MDPO_3e-6-2ep_0alp_0lam,44,26.03647425451685,25.176864054043275,32.328651565628945,3.1638973514932154,27.004187844687007,33.00053323412698,15.334109042553193
JayHyeon_Qwen2.5-0.5B-SFT-2e-5-2ep-MDPO_3e-6-3ep_0alp_0lam,44,26.50348324620331,25.89002734965447,32.548346744252825,4.5189756980646765,27.172534715005348,33.658845899470904,15.309175531914892
JayHyeon_Qwen2.5-0.5B-SFT-2e-5-2ep-MDPO_5e-6-1ep_0alp_0lam,44,25.514387861775745,23.512003705723036,32.51714320625558,0.12436562698267462,26.869126166525497,32.596639384920636,15.683178191489361
JayHyeon_Qwen2.5-0.5B-SFT-2e-5-2ep-MDPO_5e-6-2ep_0alp_0lam,44,25.468520101259912,23.729315992677208,32.23742257424593,0.0,27.03566183536821,34.05805224867725,15.001662234042554
JayHyeon_Qwen2.5-0.5B-SFT-2e-5-2ep-MDPO_5e-6-3ep_0alp_0lam,44,26.505731342894386,26.314678386680672,32.772309889262424,3.557982705897194,27.323468850314487,33.92498346560846,15.209441489361703
JayHyeon_Qwen2.5-0.5B-SFT-2e-5-2ep-MDPO_5e-7-3ep_0alp_0lam,44,25.58503686005667,27.152732527471553,31.745698601225946,3.0086781512249883,25.562149038973704,32.99818948412698,15.74966755319149
JayHyeon_Qwen2.5-0.5B-SFT-2e-5-2ep-MDPO_5e-7_1ep_0alp_0lam,44,25.162657406779505,25.73765386951068,31.883806829137846,0.11106710387345567,26.362930565426367,32.732051917989416,15.949135638297873
JayHyeon_Qwen2.5-0.5B-SFT-2e-5-2ep-MDPO_5e-7_2ep_0alp_0lam,44,25.011658431074764,26.194774309942066,31.578901111446772,0.0,26.843969846801226,32.732051917989416,15.616688829787234
JayHyeon_Qwen2.5-0.5B-SFT-2e-5-2ep-MDPO_7e-7-3ep_0alp_0lam,44,24.953569772278676,25.71643239936701,31.55207768445835,0.0,26.269820143037425,32.99818948412698,15.558510638297873
JayHyeon_Qwen2.5-0.5B-SFT-2e-5-2ep-MDPO_7e-7_1ep_0alp_0lam,44,25.056312387836282,25.795112523659448,31.76628917804726,0.11106710387345567,25.638925764764693,33.12891451719577,15.66655585106383
JayHyeon_Qwen2.5-0.5B-SFT-2e-5-2ep-MDPO_7e-7_2ep_0alp_0lam,44,25.723676748998958,25.81633399380311,31.71325883568129,3.8442446772862056,26.269820143037425,32.732051917989416,15.533577127659576
JayHyeon_Qwen2.5-0.5B-SFT-2e-5-3ep,44,26.11633444862035,23.551953261789826,32.38475925267108,3.985829420322415,25.83431610801577,32.99350198412698,17.461768617021274
JayHyeon_Qwen2.5-0.5B-SFT-2e-5-5ep,44,25.99002294737395,23.949121663851912,33.06945249688189,0.3830066164684046,26.14546824121069,34.065083498677254,16.954787234042552
JayHyeon_Qwen2.5-0.5B-SFT-2e-5-5ep-MDPO_5e-7_3ep_0alp_0lam,44,25.67651655681797,25.822595158623564,32.37226262722289,0.12436562698267462,26.31096328401278,35.2580150462963,15.741356382978724
JayHyeon_Qwen2.5-0.5B-SFT-2e-5-5ep-MDPO_5e-7_3ep_0alp_0lam_1ep,44,25.22914073711902,25.283026813299823,31.7379716296465,0.12436562698267462,26.121776247615173,34.72808366402116,15.965757978723405
JayHyeon_Qwen2.5-0.5B-SFT-2e-5-5ep-MDPO_5e-7_3ep_0alp_0lam_2ep,44,25.943762857644852,26.039907445577736,31.98032714594988,3.3596126534087305,26.25159929323101,34.32653356481482,15.616688829787234
JayHyeon_Qwen2.5-0.5B-SFT-2e-5-5ep-MDPO_7e-7_3ep_0alp_0lam,44,26.0605206566566,24.747226248576006,32.182298903429256,2.8671317022994343,26.702243622335903,35.127290013227515,15.633311170212766
JayHyeon_Qwen2.5-0.5B-SFT-2e-5-5ep-MDPO_7e-7_3ep_0alp_0lam_1ep,44,25.98068752590916,25.732667101069605,31.89952449433595,3.3965754177276852,26.679592254781014,34.72808366402116,15.915890957446807
JayHyeon_Qwen2.5-0.5B-SFT-2e-5-5ep-MDPO_7e-7_3ep_0alp_0lam_2ep,44,26.207989851249287,25.31050944826394,32.172169800342935,3.7221062702071337,26.565370742698764,35.127290013227515,15.558510638297873
JayHyeon_Qwen2.5-0.5B-SFT-5e-5,44,25.213222768704075,20.4445316205446,31.085954677052175,2.8749652641711143,26.593146378695877,33.78957093253969,16.722074468085108
JayHyeon_Qwen2.5-0.5B-SFT-5e-5-2ep,44,25.059085065056607,22.125626670567428,31.791204893465547,0.10031539998228643,25.761237736908875,33.658845899470904,16.273271276595743
JayHyeon_Qwen2.5-0.5B-SFT-5e-5-3ep,44,25.925329019721666,22.591501660039807,32.96671089627613,0.15047309997342964,25.16670910651615,35.91164021164021,16.51429521276596
JayHyeon_Qwen2.5-0.5B-SFT-5e-5-5ep,44,26.517872714174256,20.939108232822246,32.75057386172369,2.7343619180787213,26.660253954192708,37.63919064153439,15.866023936170212
JayHyeon_Qwen2.5-0.5B-SFT-7e-5,44,25.297306266635484,21.151433751335343,31.574550396204764,2.549531719227025,25.15226256312666,33.6518146494709,16.22340425531915
JayHyeon_Qwen2.5-0.5B-SFT-7e-5-2ep,44,24.973214599138768,21.8945730661312,30.99915087769493,3.3090501181654686,23.76588939351104,33.6541583994709,15.674867021276595
JayHyeon_Qwen2.5-0.5B-SFT-7e-5-3ep,44,25.687666473521958,23.94164151119031,31.982634962227074,3.0680832564067404,23.52030455795137,35.51477761243386,15.217752659574469
JayHyeon_Qwen2.5-0.5B-SFT-7e-5-5ep,44,25.70475738482726,21.42371130821775,31.996919887076025,2.063440000498393,24.30475238780608,37.10457175925925,16.28158244680851
JayHyeon_Qwen2.5-0.5B-SFT-DPO-1epoch_v1,44,25.999330765433402,20.716809177427002,32.671865543086724,3.0570807951623222,27.204393993404064,32.0713955026455,13.297872340425531
JayHyeon_Qwen2.5-0.5B-SFT-MDPO-1epoch_v1,44,26.467031872421252,20.21846478454944,32.916890027286684,4.387741820852779,27.66243503187714,32.596639384920636,13.372672872340424
JayHyeon_Qwen_0.5-DPOP_1e-6-3ep_0alp_5lam,44,24.926846601233642,25.947486003803245,31.398623504814864,0.0,26.71414680118539,33.126570767195766,15.658244680851062
JayHyeon_Qwen_0.5-DPOP_1e-7-3ep_0alp_5lam,44,25.765439642185516,27.56114886279516,31.880241417520132,3.4362928466683007,25.871875258410494,32.8604332010582,15.625
JayHyeon_Qwen_0.5-DPOP_3e-6-1ep_0alp_5lam,44,25.650434939547374,25.580293620925808,32.6021277810981,0.4395000912679015,25.650367704163845,33.6611896494709,15.649933510638297
JayHyeon_Qwen_0.5-DPOP_3e-6-2ep_0alp_5lam,44,26.100652857119737,24.34756446229338,32.17829777343323,3.887364091456433,27.094678950803107,33.397395833333334,15.034906914893616
JayHyeon_Qwen_0.5-DPOP_3e-6-3ep_0alp_5lam,44,25.990641738268476,25.580293620925808,32.23627229988048,3.319292303707324,26.45114923061651,33.25729580026455,15.334109042553193
JayHyeon_Qwen_0.5-DPOP_3e-7-1ep_0alp_5lam,44,25.05183911292156,25.20434668900739,31.80816705828361,0.07420792699153139,25.27029679399646,33.39270833333333,15.649933510638297
JayHyeon_Qwen_0.5-DPOP_3e-7-2ep_0alp_5lam,44,25.11497221180984,26.28968913593709,31.932244191990875,0.11106710387345567,25.642624119448783,32.596639384920636,15.66655585106383
JayHyeon_Qwen_0.5-DPOP_3e-7-3ep_0alp_5lam,44,25.515966700611674,25.880053812772335,31.52337532687051,3.461755683962464,26.01945791438241,32.594295634920634,15.83277925531915
JayHyeon_Qwen_0.5-DPOP_5e-7-1ep_0alp_5lam,44,25.664409415627937,24.888351795458274,31.67690972149686,3.2180569448595415,26.735257890878692,33.25963955026455,15.683178191489361
JayHyeon_Qwen_0.5-DPOP_5e-7-2ep_0alp_5lam,44,25.93772505023646,25.59902170684894,32.09764087106113,3.6697804131487612,26.360311249153533,32.8627769510582,15.733045212765958
JayHyeon_Qwen_0.5-DPOP_5e-7-3ep_0alp_5lam,44,25.28019321521792,26.464558482603934,32.02519326901091,0.05408394475615019,26.567990058971603,32.865120701058196,15.83277925531915
JayHyeon_Qwen_0.5-DPO_1e-6-3ep_0alp_0lam,44,26.339946796513132,23.83049198349269,32.57512356087712,4.60694790841193,26.957730119433137,32.19508928571428,15.799534574468085
JayHyeon_Qwen_0.5-DPO_1e-7-3ep_0alp_0lam,44,25.264670702719982,24.373772700878114,32.2429235638534,0.0,26.286153839635386,32.202120535714286,15.957446808510639
JayHyeon_Qwen_0.5-DPO_3e-6-1ep_0alp_0lam,44,25.23945205702052,24.07030013696991,31.316412774945736,3.0458417323194653,26.00863377394418,32.33284556878307,15.325797872340424
JayHyeon_Qwen_0.5-DPO_3e-6-2ep_0alp_0lam,44,25.722593648511733,26.407099828455166,32.75008526996123,0.4253118269295339,27.4598804905013,31.539120370370373,15.649933510638297
JayHyeon_Qwen_0.5-DPO_3e-6-3ep_0alp_0lam,44,25.596323983489196,25.511587033515514,32.66482229235562,0.20627532495317907,26.800478313167076,32.0713955026455,15.433843085106384
JayHyeon_Qwen_0.5-DPO_3e-7-1ep_0alp_0lam,44,25.291663322930464,26.097366099726504,32.28535977896311,0.050157699991143216,26.059522016946513,31.93363921957672,15.965757978723405
JayHyeon_Qwen_0.5-DPO_3e-7-2ep_0alp_0lam,44,25.459619163469483,25.411685439079424,32.54927679259269,0.0,26.46378457253038,31.93129546957672,15.990691489361703
JayHyeon_Qwen_0.5-DPO_3e-7-3ep_0alp_0lam,44,25.473184992647464,24.20267113481119,32.57619353028454,0.0,27.026031097444687,31.66750165343915,15.89095744680851
JayHyeon_Qwen_0.5-DPO_5e-7-1ep_0alp_0lam,44,26.246856987642968,25.871299263731345,32.17646554317311,5.5159299428927175,26.257184801123557,32.0667080026455,15.932513297872342
JayHyeon_Qwen_0.5-DPO_5e-7-2ep_0alp_0lam,44,26.557898664270002,25.2480640256741,32.98590487124046,4.475683828221356,26.950333410064953,31.795882936507937,16.015625
JayHyeon_Qwen_0.5-DPO_5e-7-3ep_0alp_0lam,44,25.569527475843874,24.619842019175785,32.70482277133972,0.050157699991143216,26.90514503905863,31.795882936507937,15.949135638297873
JayHyeon_Qwen_0.5-IPO_5e-7-1ep_0alp_0lam,44,26.483662886926563,26.0898859470649,32.78530031985127,4.782086305941094,26.61545087090389,31.66750165343915,16.505984042553195
JayHyeon_Qwen_0.5-IPO_5e-7-3ep_0alp_0lam,44,25.500898378175467,31.497925504328517,32.63545672281761,0.0,25.212011841625937,31.543807870370372,16.24002659574468
JayHyeon_Qwen_0.5-IRPO_1e-6-3ep_1alp_0lam,44,26.084475553032092,25.56904568766429,32.41525717720596,3.8477651022290544,26.676972938508175,31.805257936507935,15.741356382978724
JayHyeon_Qwen_0.5-IRPO_1e-7-3ep_1alp_0lam,44,26.024590550927694,26.889209519630136,31.972627950814882,4.113237719652493,27.129157545474662,32.596639384920636,15.857712765957446
JayHyeon_Qwen_0.5-IRPO_3e-6-1ep_1alp_0lam,44,25.25532171883298,23.83547875193376,32.541729084898634,0.15047309997342964,24.66490561079487,31.66984540343915,16.115359042553195
JayHyeon_Qwen_0.5-IRPO_3e-6-2ep_1alp_0lam,44,25.774738394534985,24.65480480680151,33.135782072892844,0.0,25.08361470976823,33.39505208333333,15.317486702127658
JayHyeon_Qwen_0.5-IRPO_3e-6-3ep_1alp_0lam,44,26.992338445345883,27.172735009774062,33.609230028094075,4.506290169651677,25.293912835859146,33.794258432539685,15.608377659574469
JayHyeon_Qwen_0.5-IRPO_3e-7-1ep_1alp_0lam,44,26.18953358035712,26.28968913593709,32.30674039308157,4.476217690206075,26.88619202618783,31.93598296957672,15.89095744680851
JayHyeon_Qwen_0.5-IRPO_3e-7-3ep_1alp_0lam,44,25.539935356436366,26.93791362473792,32.56559940302829,0.0,26.762686651528934,32.0667080026455,15.866023936170212
JayHyeon_Qwen_0.5-IRPO_5e-7-1ep_1alp_0lam,44,26.141529409278508,25.949979388023774,32.12929633750774,4.901752963742982,27.01971342648776,31.66984540343915,15.84940159574468
JayHyeon_Qwen_0.5-IRPO_5e-7-2ep_1alp_0lam,44,25.568668515915665,24.975786468791693,32.65319323968268,0.0,27.204393993404064,31.93598296957672,15.541888297872342
JayHyeon_Qwen_0.5-IRPO_5e-7-3ep_1alp_0lam,44,26.224460722367944,24.897106344499264,32.45131479290673,4.3889714337577095,27.07719026406107,31.802914186507934,15.633311170212766
JayHyeon_Qwen_0.5-MDPO_0.1_3e-6-3ep_0alp_0lam,44,26.59722078968195,26.014918194834145,32.606954082357184,4.444271917943792,27.808206486373432,33.79660218253969,15.217752659574469
JayHyeon_Qwen_0.5-MDPO_0.1_5e-7-3ep_0alp_0lam,44,25.057363416838776,25.220581390709985,31.7901127958376,0.11106710387345567,25.635227410080596,33.13125826719577,15.658244680851062
JayHyeon_Qwen_0.5-MDPO_0.3_3e-6-3ep_0alp_0lam,44,25.482284633633608,25.527821735218108,32.150258627795566,0.0,27.44327587028929,33.79660218253969,15.44215425531915
JayHyeon_Qwen_0.5-MDPO_0.3_5e-7-3ep_0alp_0lam,44,25.135837915982957,25.359213553371724,31.768493121773894,0.2131007840793413,26.233107519810538,33.26198330026455,15.691489361702127
JayHyeon_Qwen_0.5-MDPO_0.5_1e-5-3ep_0alp_0lam,44,26.076036983734912,23.62065984920012,32.32934255402357,3.2640527900203775,26.92587084103443,33.6658771494709,15.425531914893616
JayHyeon_Qwen_0.5-MDPO_0.5_3e-7-1ep_0alp_0lam,44,25.626868778358723,24.994514554714826,31.74846087982594,3.5632208940727885,25.558450684289614,32.8627769510582,15.799534574468085
JayHyeon_Qwen_0.5-MDPO_0.5_3e-7-2ep_0alp_0lam,44,25.855070100982964,25.631491110254125,31.959590819886742,3.685017931822104,26.028394901612184,33.12891451719577,15.708111702127658
JayHyeon_Qwen_0.5-MDPO_0.5_3e-7-3ep_0alp_0lam,44,25.705611743549678,25.947486003803245,31.969196722065607,3.4185110234300224,25.393802168655355,32.59898313492064,15.508643617021276
JayHyeon_Qwen_0.5-MDPO_0.5_4e-6-3ep_0alp_0lam,44,26.436481280751366,26.609451810086128,32.47513841069707,3.9790883851313263,27.244072808250664,34.19346478174604,15.392287234042554
JayHyeon_Qwen_0.5-MDPO_0.5_6e-6-3ep_0alp_0lam,44,25.684779063964434,23.756798627641324,32.64883196259353,0.07420792699153139,26.668844066075607,33.927327215608464,15.367353723404257
JayHyeon_Qwen_0.5-MDPO_0.5_7e-6-3ep_0alp_0lam,44,25.708763843913168,25.454128379366747,32.72431871665966,0.0,26.715572714943526,33.39505208333333,15.309175531914892
JayHyeon_Qwen_0.5-MDPO_0.5_7e-7-3ep_0alp_0lam,44,24.808553867108234,26.042400829798268,31.28717244575138,0.10203368020588566,26.2056787591603,32.865120701058196,15.641622340425531
JayHyeon_Qwen_0.5-MDPO_0.7_3e-6-3ep_0alp_0lam,44,26.09532221094935,25.56405891922322,32.201516445986094,3.7880279490196385,26.99263154118439,33.12891451719577,15.383976063829788
JayHyeon_Qwen_0.5-MDPO_0.7_5e-7-3ep_0alp_0lam,44,25.617422998180807,25.29676813078188,31.793205915739094,3.0774204464494312,26.204138481298717,32.732051917989416,15.724734042553193
JayHyeon_Qwen_0.5-MDPO_0.9_5e-7-3ep_0alp_0lam,44,25.11335726957992,25.876286032172413,31.938622791399812,0.050157699991143216,25.768748810380526,32.59898313492064,15.757978723404257
JayHyeon_Qwen_0.5-VDPO_5e-7-1ep_0alp_0lam,44,25.324659397994164,25.86005133046982,32.1733315511066,0.15439934473843664,26.574307729928538,32.33050181878307,15.949135638297873
JayHyeon_Qwen_0.5-VDPO_5e-7-1ep_10vpo_const,44,26.189799788854984,26.213502395865195,32.33755338369262,4.072546796077203,27.07907741726953,32.33518931878307,15.965757978723405
JayHyeon_Qwen_0.5-VDPO_5e-7-1ep_3vpo_const,44,26.025700787669727,25.928757917880112,32.26364679419598,3.844407327559609,26.58802211025365,32.0713955026455,15.89095744680851
JayHyeon_Qwen_0.5-VDPO_5e-7-3ep_0alp_0lam,44,26.293536024326787,25.236816092412578,32.54416482102424,4.298996825463166,26.992284665837516,32.0620205026455,15.866023936170212
JayHyeon_Qwen_0.5-VIPO_5e-7-1ep_0alp_0lam,44,26.90031618334896,26.85175334778388,33.128990887852375,5.854718139565184,26.713338686388184,31.66515790343915,16.339760638297875
JayHyeon_Qwen_0.5-VIPO_5e-7-1ep_30vpo_const,44,26.88312090338134,26.35967011972677,32.813856928197275,6.4993310939946465,26.82682803540606,32.19508928571428,16.339760638297875
JayHyeon_Qwen_0.5-VIPO_5e-7-1ep_3vpo_const,44,26.740349865691805,26.37463042504998,32.973299159863515,5.457033902144464,26.81311365508094,31.66281415343915,16.51429521276596
JayHyeon_Qwen_0.5-VIPO_5e-7-3ep_0alp_0lam,44,25.335219744010562,30.487495401091323,32.187298730374614,0.0,27.00149257668133,31.13991402116402,15.907579787234042
JayHyeon_Qwen_0.5-cDPO_5e-7-3ep_0vpo_const_0.1,44,26.2815260303848,24.29010580814461,32.43499218247115,4.52488068133449,27.232630868851505,32.199776785714285,15.733045212765958
JayHyeon_Qwen_0.5-cDPO_5e-7-3ep_0vpo_const_0.3,44,26.055242942924668,25.520341582556505,32.08385304565368,3.887193538873887,27.429214614617305,32.732051917989416,15.66655585106383
JayHyeon_Qwen_0.5-rDPO_3e-6-1ep_0vpo_const_0.1,44,26.002180827391292,23.77680110994384,32.771738548643675,3.949984109096824,25.590656838035198,30.203745039682538,14.960106382978724
JayHyeon_Qwen_0.5-rDPO_5e-7-3ep_0vpo_const_0.3,44,25.89877657075988,27.980813131380295,32.44512128555746,3.7489698969616945,24.98576530665457,30.87377645502646,15.965757978723405
Jimmy19991222_Llama-3-Instruct-8B-SimPO-v0.2,44,39.38237702491507,68.7371729233988,49.831475179595316,5.951561695357521,31.86007836542652,40.11359126984127,36.86003989361702
Jimmy19991222_llama-3-8b-instruct-gapo-v2-bert-f1-beta10-gamma0.3-lr1.0e-6-1minus-rerun,44,38.529674730416815,69.48529900663573,48.791542619668505,5.591917087713726,29.634399844655718,40.39144758597884,36.336436170212764
Jimmy19991222_llama-3-8b-instruct-gapo-v2-bert_f1-beta10-gamma0.3-lr1.0e-6-scale-log,44,38.40319082965842,68.19012442541346,49.34180366286103,2.937989115186313,30.636542509969523,39.98755373677249,36.57746010638298
Jimmy19991222_llama-3-8b-instruct-gapo-v2-bert_p-beta10-gamma0.3-lr1.0e-6-scale-log,44,38.60115445210731,66.52775746131377,49.15835272134477,6.323829742500492,28.50432128693454,39.33392857142857,36.11203457446808
Jimmy19991222_llama-3-8b-instruct-gapo-v2-bleu-beta0.1-no-length-scale-gamma0.4,44,38.303129685852205,67.2434141411455,49.85290976159937,1.4166598079863657,29.732287660140006,40.12296626984127,35.44714095744681
Jimmy19991222_llama-3-8b-instruct-gapo-v2-rouge2-beta10-1minus-gamma0.3-rerun,44,38.955725341389694,68.84582906687588,49.40102751257626,5.780860809097945,30.609113749319288,39.856828703703705,36.57746010638298
Jimmy19991222_llama-3-8b-instruct-gapo-v2-rouge2-beta10-gamma0.3-lr1.0e-6-scale-log,44,38.87466849124833,68.83458113361436,49.156526229283756,6.06109528212178,30.590160736448485,39.98989748677249,36.643949468085104
Jimmy19991222_llama-3-8b-instruct-gapo-v2-rougeL-beta10-gamma0.3-lr1.0e-6-scale-log,44,38.63078518105578,68.11393768534155,49.51924924778204,4.096316103148058,29.983804878939104,39.597722387566144,37.109375
Joseph717171_Hermes-3-Llama-3.1-8B_TIES_with_Base_Embeds_Initialized_to_Special_Instruct_Toks_dtypeF32,44,40.01682859772824,62.812060887334496,51.769157994104454,5.024009712520815,27.522671912353125,43.68301091269841,31.441156914893615
Joseph717171_Llama-3.1-SuperNova-8B-Lite_TIES_with_Base,44,42.59078462082132,82.33215645598125,51.45935158834571,16.627741868863883,30.513151499414082,41.07554150132275,38.80485372340425
Josephgflowers_Cinder-Phi-2-V1-F16-gguf,44,32.995244989929226,23.884182857041537,43.956517618409876,2.207078394333518,28.009220749887696,34.324189814814815,21.60904255319149
Josephgflowers_Differential-Attention-Liquid-Metal-Tinyllama,44,23.89425514189495,22.919963474691595,29.242130479004786,2.712706996462297,25.156731493245754,33.532808366402115,12.142619680851062
Josephgflowers_TinyLlama-Cinder-Agent-v1,44,25.046644117948087,26.984124345625165,31.151237851248233,3.072091082749847,23.547115519640688,33.92498346560846,11.610704787234043
Josephgflowers_TinyLlama-v1.1-Cinders-World,44,24.33108490049927,25.40542427425897,29.96637227375032,3.243301192548135,23.67732385297402,33.53749586640212,11.98470744680851
Josephgflowers_TinyLlama_v1.1_math_code-world-test-1,44,24.457058315421403,0.7843632672420289,31.45335198454769,1.8424246969421934,23.168394571498602,34.97312748015873,11.319813829787234
Josephgflowers_Tinyllama-STEM-Cinder-Agent-v1,44,25.147873732141363,21.984501123685156,30.82998318604912,5.82836271477798,23.254840447583735,33.39270833333333,10.862699468085106
JungZoona_T3Q-Qwen2.5-14B-Instruct-1M-e3,44,61.71742962870116,74.35000243797568,75.85605436860432,26.556593183412335,42.08479172300481,59.08148974867725,58.84308510638297
JungZoona_T3Q-qwen2.5-14b-v1.0-e3,44,61.71742962870116,74.35000243797568,75.85605436860432,26.556593183412335,42.08479172300481,59.08148974867725,58.84308510638297
Junhoee_Qwen-Megumin,44,48.56682585629782,72.82626763653772,52.842375419260094,47.04708126612413,29.455690073349466,39.77297867063492,41.98803191489361
KSU-HW-SEC_Llama3-70b-SVA-FT-1415,44,52.794198647240265,64.12845693870042,66.49997109167475,19.162978566919968,37.04780462592963,45.616286375661375,52.42686170212766
KSU-HW-SEC_Llama3-70b-SVA-FT-500,44,53.19967273171282,63.7162728227769,66.9193071687292,19.95720642757425,37.897126002725834,45.07932374338624,52.268949468085104
KSU-HW-SEC_Llama3-70b-SVA-FT-final,44,52.794198647240265,64.12845693870042,66.49997109167475,19.162978566919968,37.04780462592963,45.616286375661375,52.42686170212766
KSU-HW-SEC_Llama3.1-70b-SVA-FT-1000step,44,56.381806090827645,75.24302184869481,69.02642139692335,28.0687673653104,39.29948599359253,45.880080191798946,52.51828457446809
Khetterman_DarkAtom-12B-v3,44,41.146367815764215,63.65011502812538,51.523868202861976,10.002385118697878,29.337423331236252,44.654336144179894,35.46376329787234
Khetterman_Kosmos-8B-v1,44,40.48382167861048,42.44765001307641,52.328262768598336,8.714079460660013,30.017589722916902,39.179766038359794,36.6938164893617
Kimargin_GPT-NEO-1.3B-wiki,44,24.513800753249637,19.479093250353507,30.248489299067728,1.2473507314534664,24.19723383439826,38.80868468915344,10.987367021276597
KingNish_Qwen2.5-0.5b-Test-ft,44,25.73325444966816,28.3817493140423,32.30722425117118,0.907707479859561,25.967143757621947,34.191121031746036,16.888297872340424
KingNish_Reasoning-Llama-3b-v0.1,44,34.770479479514286,63.705080298053616,43.42928126884189,10.0876725323514,25.835048271080147,31.66047040343915,30.294215425531917
KingNish_qwen-1b-continued,44,24.313971950624634,13.334120134576258,29.89490142037927,0.770652497536873,26.522340448514942,38.56364087301587,12.608045212765958
KingNish_qwen-1b-continued-v2.1,44,24.851949281230155,11.554342477958484,30.402488717864014,0.8641616306801525,26.37175318855268,41.505216600529096,12.782579787234042
KingNish_qwen-1b-continued-v2.2,44,24.483890508020387,14.776681427501254,30.5684625657273,1.4804965227034423,25.86617538641448,35.11088376322751,12.62466755319149
Kquant03_CognitiveFusion2-4x7B-BF16,44,33.05302347265566,36.57744783840211,41.07028745647071,5.321085670109873,28.92603498989824,41.4419353505291,27.925531914893615
Kquant03_L3-Pneuma-8B,44,37.793169147463104,24.864636941094073,49.544461675062166,4.426999783111933,29.90047797094777,41.70338541666667,31.840093085106385
Krystalan_DRT-o1-14B,44,55.71167307375501,43.23201328031844,63.7836577308574,46.58327881290633,34.91334937433931,47.93418072089947,51.78690159574468
Krystalan_DRT-o1-7B,44,49.438323353063716,41.95806016923984,54.67211608456445,42.555131610702254,32.614863406075656,50.8476314484127,41.51429521276596
Kukedlc_NeuralExperiment-7b-MagicCoder-v7.5,44,32.912753867617695,47.51719881026787,39.877005593977216,5.903852537600858,29.656704336863733,42.79606068121693,28.241356382978722
Kukedlc_NeuralLLaMa-3-8b-DT-v0.1,44,38.955899155432704,47.06135276621586,49.861550481472456,6.85903304405287,29.778051634700127,40.68571015211641,37.9155585106383
Kukedlc_NeuralLLaMa-3-8b-ORPO-v0.3,44,35.04224408908341,56.57472173832099,45.562827136505526,4.131094674510092,23.367597633537233,36.978534226190476,30.56848404255319
Kukedlc_NeuralSynthesis-7B-v0.1,44,39.6036788245704,45.18787927144421,51.437812129264856,5.872604295059994,28.46537463515232,43.30958581349207,30.4936835106383
Kukedlc_NeuralSynthesis-7B-v0.3,44,39.76343907316574,43.8539741219963,51.37103483365647,7.160610746790183,28.2777278766163,43.44031084656085,30.501994680851062
Kukedlc_NeuralSynthesis-7b-v0.4-slerp,44,39.45548792685322,42.67870361751264,51.42040798304846,5.700800275870575,27.946890567486204,43.30724206349207,30.42719414893617
Kukedlc_Qwen-2.5-7b-Spanish-o1-CoT,44,46.39712961072625,43.882731153339805,56.015116393723105,22.568945633351106,32.63824693669493,47.76361193783069,43.63364361702128
Kumar955_Hemanth-llm,44,40.49853522692803,53.080105231895814,52.23762251238173,6.369063603339449,28.458324801131006,44.85250496031746,31.125332446808514
LEESM_llama-2-7b-hf-lora-oki100p,44,27.629126401834046,26.299718081357465,34.90873041575564,1.256789333198844,26.73633692928995,36.84780919312169,18.558843085106382
LEESM_llama-2-7b-hf-lora-oki10p,44,27.452499208954734,23.52325163898456,35.300846255415465,1.2932903520268455,25.565039278860592,34.72808366402116,16.788563829787233
LEESM_llama-3-8b-bnb-4b-kowiki231101,44,31.185591836773813,18.18264427275185,41.30267057050689,1.182229011064207,26.819431326037872,35.498371362433865,24.251994680851062
LEESM_llama-3-Korean-Bllossom-8B-trexlab-oki10p,44,33.58805346457055,22.95370727447617,43.418311219267196,4.348727979355003,26.98192176484962,38.67561590608466,31.765292553191486
LGAI-EXAONE_EXAONE-3.0-7.8B-Instruct,44,38.050000307218674,74.57606927397084,41.7319045730448,28.46293381699374,26.962507512528482,36.58635912698413,35.77127659574468
LGAI-EXAONE_EXAONE-3.5-2.4B-Instruct,44,38.78406930464107,80.96578190312815,40.91541616607206,34.85161580213148,26.64026031528128,36.58635912698413,32.804188829787236
LGAI-EXAONE_EXAONE-3.5-32B-Instruct,44,52.02130803026906,85.12108981945681,57.59881810265286,49.91664286647184,28.737656068297845,38.040740740740745,46.36801861702128
LGAI-EXAONE_EXAONE-3.5-7.8B-Instruct,44,44.81589247615808,82.79177028063316,47.27691875507808,46.25371698481261,25.42901292639128,37.76991567460317,41.331449468085104
LLM360_K2,44,37.022533707316455,22.826323045075952,49.71330588292794,2.639103081783663,26.964855905187278,39.77063492063492,30.044880319148938
LLM360_K2-Chat,45,42.69323039344892,53.17502005789084,53.57280244928235,9.705771389238912,30.70892713038267,45.68373015873016,33.71010638297872
LLM4Binary_llm4decompile-1.3b-v2,44,26.185306177932528,23.027400630327534,32.70635785489227,1.2168802234047236,23.75471837772593,40.6903976521164,12.092752659574469
Lambent_qwen2.5-reinstruct-alternate-lumen-14B,44,51.641296034819064,51.100524386405844,64.5815377493627,19.205148554711354,37.43242041794894,47.679761904761904,53.881316489361694
Langboat_Mengzi3-8B-Chat,44,37.252341177893825,54.287845139784665,46.826631060085695,7.8847447983743155,28.38409143988003,40.76956018518519,31.416223404255316
LenguajeNaturalAI_leniachat-gemma-2b-v0,44,24.70121527418715,22.727640438481007,30.727753219977426,0.2855904308472735,26.30834396773994,36.56995287698413,11.702127659574469
LenguajeNaturalAI_leniachat-qwen2-1.5B-v0,44,28.60193534261534,22.954981670855553,36.82857866902343,0.9793431154442163,25.78388910446377,37.48268435846561,18.799867021276594
LeroyDyer_CheckPoint_A,44,37.063278158916106,47.51221204182679,47.4685615467124,5.338341908927366,28.02185609180156,42.2801917989418,28.798204787234045
LeroyDyer_CheckPoint_B,44,37.2161897517144,45.82984259542458,47.790638178848894,6.594132556449941,28.847793937978505,38.96050347222222,29.072473404255316
LeroyDyer_CheckPoint_C,44,35.85660086558976,37.351837568762,45.852247071372645,5.029467570840317,26.829794227025772,43.44265459656085,30.211103723404253
LeroyDyer_LCARS_AI_001,44,33.13947089690832,31.489170955287527,42.56987111369134,1.928988511788967,26.238617075970268,43.8231109457672,26.70378989361702
LeroyDyer_LCARS_AI_1x4_003_SuperAI,44,38.18431966663011,43.31568017305195,49.187862510777435,5.061583114065472,27.844225358906566,45.039479993386244,29.720744680851062
LeroyDyer_LCARS_AI_StarTrek_Computer,44,34.23880909184771,37.14826659928988,44.44979541892689,3.7401956362839996,26.17004517434467,39.48105985449736,24.5844414893617
LeroyDyer_LCARS_TOP_SCORE,44,39.59138651207786,46.880222254728565,51.264768693598015,6.1360720435270375,28.92603498989824,42.91037946428572,30.310837765957448
LeroyDyer_Mixtral_AI_SwahiliTron_7b,44,24.429407641020173,15.930730461841247,30.53492816868127,1.34324379769777,26.513403461285172,34.18408978174604,12.076130319148938
LeroyDyer_SpydazWebAI_Human_AGI,44,27.46393555339092,36.176567064278345,33.733861287822776,1.3789749344669657,27.83420933326554,39.63522238756614,14.785571808510639
LeroyDyer_SpydazWebAI_Human_AGI_001,44,28.023237012883317,33.18777510339233,34.325197078233934,1.9670979763951233,29.515054064131245,39.9083912037037,14.261968085106384
LeroyDyer_SpydazWeb_AI_CyberTron_Ultra_7b,44,35.940430867866944,16.044373373759402,48.09767766230996,1.199479140037134,28.736191742169094,41.33933531746031,28.65691489361702
LeroyDyer_SpydazWeb_AI_HumanAGI_001_M2,44,37.836504787350464,41.77692965775254,48.874030312928724,3.717627388285892,29.01209557826588,45.016042493386244,30.0531914893617
LeroyDyer_SpydazWeb_AI_HumanAGI_002,44,39.446799085248884,42.04671383041441,50.429848572513656,5.86291355504591,28.540340159467682,48.62296213624339,30.585106382978722
LeroyDyer_SpydazWeb_AI_HumanAI_001,44,27.00150325778336,23.746825090759188,33.43307042975413,1.7371277401385048,28.623781431562474,38.57535962301587,12.70777925531915
LeroyDyer_SpydazWeb_AI_HumanAI_006,44,26.03678318212821,14.513158419659836,33.00400162517383,0.9211509586090038,28.107108565371984,35.654877645502644,11.353058510638297
LeroyDyer_SpydazWeb_AI_HumanAI_007,44,28.01672891207402,35.66198796969818,34.148489182046845,2.2277369131912255,28.603402504933545,40.940128968253966,13.522273936170212
LeroyDyer_SpydazWeb_AI_HumanAI_009_CHAT,44,27.152719493805165,30.691066370563437,33.06033948529259,1.7270641008844192,27.7514618118645,41.348710317460316,14.32845744680851
LeroyDyer_SpydazWeb_AI_HumanAI_010_CHAT,44,27.049172208905297,25.464157324787116,33.354796824969235,1.936521149642501,25.704146187053063,41.346366567460315,14.303523936170212
LeroyDyer_SpydazWeb_AI_HumanAI_011_INSTRUCT,44,28.13371807621545,33.446311342792676,35.22236289647694,1.4515123540932584,27.205548983548145,38.29281580687831,15.949135638297873
LeroyDyer_SpydazWeb_AI_HumanAI_011_INSTRUCT_ML,44,31.84423854271819,39.41015394708263,39.83449911093568,2.569826581748813,29.319896232123583,42.37576058201058,20.18783244680851
LeroyDyer_SpydazWeb_AI_HumanAI_011_INSTRUCT_ML_r1,44,37.40096227148761,43.12585052106189,48.574393792446145,5.0671687942898975,29.188994148096498,39.19851603835979,29.562832446808514
LeroyDyer_SpydazWeb_AI_HumanAI_012_INSTRUCT_IA,44,35.61573789204907,31.682768387877502,45.75376717413259,4.3454308474808325,30.205930232146677,42.520548115079364,23.179853723404257
LeroyDyer_SpydazWeb_AI_HumanAI_012_INSTRUCT_MX,44,25.683930377118863,32.84557197125849,31.570633634387384,1.4399689981279744,29.11522202629585,34.4267898478836,11.070478723404255
LeroyDyer_SpydazWeb_AI_HumanAI_012_INSTRUCT_XA,44,35.14369440950647,40.15079987765795,44.81322529102029,3.5905287882988572,31.313818661763293,41.460685350529104,23.88630319148936
LeroyDyer_SpydazWeb_AI_HumanAI_RP,44,26.754541739352888,26.576982406680937,33.22574190256195,1.1400527491388095,27.39466006821292,38.80868468915344,13.23969414893617
LeroyDyer_SpydazWeb_AI_HumanAI_TextVision,44,27.304819576416055,31.82766171535969,33.52270051262317,1.4845516049140552,28.790317100405183,39.35970982142857,13.871343085106384
LeroyDyer_SpydazWeb_HumanAI_M1,44,28.428351849683047,37.461768108618465,35.62381832674686,2.458191007779796,26.381422338846832,36.693646660052906,16.63065159574468
LeroyDyer_SpydazWeb_HumanAI_M2,44,30.91183763313446,39.47758613811354,39.30142772613307,2.7166812787144847,27.2656451373943,37.49440310846561,20.10472074468085
LeroyDyer_SpydazWeb_HumanAI_M3,44,25.32911930589932,20.442038236324063,31.25826051396028,0.9270246931158012,26.5279259564075,39.112322255291005,11.486037234042554
LeroyDyer__Spydaz_Web_AI_12,44,25.498112619327173,29.473352925792458,31.619773552008418,1.344833240475763,26.407772061085822,35.790290178571425,11.36968085106383
LeroyDyer__Spydaz_Web_AI_14,44,24.070685655049857,18.48240446459838,29.880235895195174,1.2865909208825719,26.650276340922314,33.929670965608466,11.394614361702128
LeroyDyer__Spydaz_Web_AI_BIBLE_002,44,26.19205736803723,22.570280189896142,32.8783197547783,1.71553967257747,28.058568715028454,34.05102099867725,13.680186170212766
LeroyDyer__Spydaz_Web_AI_ChatML_002,44,25.02456156540962,26.945449185937754,31.051624504509896,1.1022672087362215,25.6915108451392,36.20121527777778,10.945811170212766
LeroyDyer__Spydaz_Web_AI_ChatQA,44,25.451961157191494,14.67672442452692,32.344753035487884,0.9457381257947067,26.26758611448209,34.4525710978836,14.752327127659576
LeroyDyer__Spydaz_Web_AI_ChatQA_003,44,25.60277021131196,23.077379131814695,31.703338482222343,1.0115283414183656,26.859842303948845,38.162090773809524,11.328125
LightningRodLabs_Flashlight-v1.0,44,58.923695363452126,70.51318279941667,68.7587905429295,48.64969781649282,33.88115863210243,40.975285218253966,54.02260638297872
LightningRodLabs_Flashlight-v1.1,44,59.62615224811546,69.76505671617974,69.00325669225609,52.29854529008122,33.4394512902273,40.443010085978834,54.15558510638297
LightningRodLabs_Flashlight-v1.2,44,29.853683720479886,43.81153118170897,32.629511162282235,15.247393924132316,23.251835843593398,45.494936342592595,24.850398936170212
Lil-R_2_PRYMMAL-ECE-2B-SLERP-V1,44,35.39354264903085,59.10262547817568,42.866681350662134,7.733309899644955,30.507912866868402,43.72285466269841,26.778590425531917
Lil-R_2_PRYMMAL-ECE-2B-SLERP-V2,44,35.93576053965021,56.934433968536815,43.75759954803897,7.972238194817676,29.589211473649396,44.789748677248674,27.44348404255319
Lil-R_2_PRYMMAL-ECE-7B-SLERP,40,48.427044795059025,58.084715222276884,55.56642048146725,34.133287829948046,31.79465210715211,43.96041666666666,45.071476063829785
Lil-R_2_PRYMMAL-ECE-7B-SLERP-V1,44,24.322905111593766,10.899856824337203,30.514277885775275,0.05408394475615019,24.533309776074038,39.086541005291004,11.236702127659575
Lil-R_2_PRYMMAL-ECE-7B-SLERP-V2,44,24.322905111593766,10.899856824337203,30.514277885775275,0.05408394475615019,24.533309776074038,39.086541005291004,11.236702127659575
Lil-R_2_PRYMMAL-ECE-7B-SLERP-V3,44,28.222793545065738,23.83298536771322,35.769743632615956,0.5822931902776675,25.55394421480831,41.054447751322755,18.168218085106382
Lil-R_PRYMMAL-ECE-1B-SLERP-V1,44,33.812285455695054,30.112822865552292,41.88777962813965,9.04635792450128,27.68281395850607,39.728447420634915,29.25531914893617
Lil-R_PRYMMAL-ECE-7B-SLERP-V8,44,23.7905293974094,14.100974303736308,29.54299419453482,0.8295639541088137,25.41256486568987,36.29678406084656,11.278257978723403
LilRg_10PRYMMAL-3B-slerp,44,42.18119933473151,19.823734358169656,53.19539095280354,13.495162647069348,32.343043212380465,45.27749255952381,38.81316489361702
LilRg_ECE-1B-merge-PRYMMAL,44,33.84356434541631,27.92839665421083,42.327874069502585,8.807365900030392,28.02293513021282,37.99855324074075,29.064162234042552
LilRg_ECE_Finetunning,44,35.40765013918617,4.500059841221293,47.31243366549948,3.9589045872250956,27.542357088288295,38.38604083994709,31.914893617021278
LilRg_PRYMMAL-6B-slerp,44,23.084361765122168,11.802849771938456,28.66924691160342,0.0,24.887416251719944,36.95744047619048,11.07878989361702
LilRg_PRYMMAL-ECE-7B-SLERP-V3,44,23.903821550440057,13.91862480440786,29.564985582065052,0.8295639541088137,26.127632679121778,36.69599041005291,11.269946808510637
LilRg_PRYMMAL-ECE-7B-SLERP-V4,44,23.90277130678352,13.872414083520612,29.564985582065052,0.8295639541088137,26.127632679121778,36.69599041005291,11.269946808510637
LilRg_PRYMMAL-ECE-7B-SLERP-V5,44,23.906915613586442,14.054763582849061,29.564985582065052,0.8295639541088137,26.127632679121778,36.69599041005291,11.269946808510637
LilRg_PRYMMAL-ECE-7B-SLERP-V6,44,23.905184096766625,13.978576842777166,29.564985582065052,0.8295639541088137,26.127632679121778,36.69599041005291,11.269946808510637
LilRg_PRYMMAL-ECE-7B-SLERP-V7,44,23.90314027727677,13.888648785223207,29.564985582065052,0.8295639541088137,26.127632679121778,36.69599041005291,11.269946808510637
LilRg_PRYMMAL-slerp-Merge,44,43.023078647349195,30.85092000336884,53.63511215135281,14.808467100329503,32.346741567064555,46.33501157407407,38.630319148936174
LimYeri_CodeMind-Llama3-8B-unsloth_v2-merged,44,37.57445952590193,72.50528597454753,48.59127043892798,6.015038830115108,26.694385673517385,33.138289517195766,35.05651595744681
LimYeri_CodeMind-Llama3-8B-unsloth_v3-merged,44,37.73362469331914,70.3995398874985,49.075649100886075,5.865485333569992,25.778303596571217,33.53749586640212,34.95678191489361
LimYeri_CodeMind-Llama3-8B-unsloth_v4-one-DPO-merged,44,37.80416644077384,68.92450919116831,48.51643380109146,6.479117732807913,27.052266455580217,36.054083994708996,33.53557180851064
LimYeri_CodeMind-Llama3-8B-unsloth_v4-one-merged,44,36.84593294472253,33.46132705665412,47.3771720353885,5.189640310906222,30.402975217362798,40.671647652116405,33.527260638297875
LimYeri_CodeMind-Llama3.1-8B-unsloth-merged,44,37.50939372915235,67.22590504306352,46.944541938067225,9.659487978790219,26.52711784161029,37.501434358465616,33.40259308510639
Locutusque_CollectiveLM-Falcon-3-7B,44,41.99625335751637,44.288598695904646,51.0380756344744,19.95405871849563,32.4654695486281,38.84384093915344,35.9873670212766
Locutusque_Hercules-6.0-Llama-3.1-8B,44,38.56923072413289,67.82165764615664,48.12682764952007,12.041897108372584,26.33577272839018,36.187152777777776,36.14527925531915
Locutusque_Hercules-6.1-Llama-3.1-8B,44,38.196398092144776,62.66716755985231,46.553077309138445,16.03492082720315,26.25005901536942,35.51243386243386,36.68550531914894
Locutusque_Llama-3-NeuralHercules-5.0-8B,44,31.533209861713352,47.821945770555466,39.38383826310479,3.250103864195691,26.88130026898903,38.79462218915344,29.330119680851062
Locutusque_Llama-3-Yggdrasil-2.0-8B,44,37.23560245515022,57.15673302393205,47.70829632480569,6.27719179281459,26.08171214505107,39.74485367063492,31.6655585106383
Locutusque_TinyMistral-248M-v2.5,44,24.150224452260495,13.788747190787113,30.373594000670224,0.0,24.231788380802644,37.78632192460317,11.353058510638297
Luni_StarDust-12b-v1,44,41.37976219596093,56.644647313572435,53.64859523692471,7.113481209695927,27.652419006236116,43.21401703042328,34.11735372340425
Luni_StarDust-12b-v2,44,41.756575847850016,58.20212591479497,54.18079627947213,6.266669704342341,29.40599523286184,43.34942956349206,34.391622340425535
Lunzima_NQLSG-Qwen2.5-14B-MegaFusion-v3,44,56.10127968401998,73.02861961816868,64.78047303433092,39.670975598103574,38.3558992042633,48.06021825396826,53.93949468085106
Lunzima_NQLSG-Qwen2.5-14B-MegaFusion-v5,44,55.90404134013034,75.44409943394636,64.65884043364271,41.85394476427879,36.17660245701353,44.691836144179895,51.404587765957444
Lunzima_NQLSG-Qwen2.5-14B-MegaFusion-v6,44,55.49688186398325,73.03360638660975,64.57212267744261,37.44234513041956,37.93160459739738,47.66335565476191,53.922872340425535
Lunzima_NQLSG-Qwen2.5-14B-MegaFusion-v7-rebase,44,54.22952791734755,71.05524452896094,64.21820548679983,31.74181106082462,37.24881888944389,48.86331845238095,52.76761968085106
Lunzima_NQLSG-Qwen2.5-14B-MegaFusion-v8,44,56.24165417806736,75.14810702269976,64.64048166696766,39.75014926430016,38.555449141648815,49.63829365079365,53.64860372340425
Lunzima_NQLSG-Qwen2.5-14B-MegaFusion-v8.5,44,54.51635991643941,63.242973089181156,64.504358686104,33.713034616228136,37.739874196459766,47.6774181547619,52.90059840425532
Lunzima_NQLSG-Qwen2.5-14B-MegaFusion-v8.6,44,55.62375288535304,62.328732208318385,64.5648082914947,38.399457609172984,38.20423290588978,49.51694361772487,53.99767287234043
Lunzima_NQLSG-Qwen2.5-14B-MegaFusion-v8.7,44,56.512826021736394,75.02570956174064,64.95927855779583,40.86939775778552,37.890461456422024,48.979980985449735,53.981050531914896
Lunzima_NQLSG-Qwen2.5-14B-MegaFusion-v8.9,44,56.23965488141901,74.9220401867046,64.87769160708386,39.68508760498069,37.713177598873905,49.11070601851852,53.8563829787234
Lunzima_NQLSG-Qwen2.5-14B-MegaFusion-v9-stock,44,56.58306724005592,67.89036423356694,65.70020893824436,39.82652675063232,38.53614925343113,48.18391203703703,54.12234042553191
Lyte_Llama-3.1-8B-Instruct-Reasoner-1o1_v0.3,44,40.31091200926499,72.9274436273532,49.49145337094156,17.234681226088586,26.642147468489753,34.59032738095239,36.178523936170215
Lyte_Llama-3.2-1B-Instruct-COT-RL-Expriement1-EP04,44,28.90692791273894,59.77334583349956,35.1399450363028,5.958938416290979,26.233725318771462,32.33518931878307,18.425864361702125
Lyte_Llama-3.2-3B-Overthinker,44,33.484189537067195,67.2746091481713,43.20106593267189,2.01830366480283,25.915523351555226,34.17471478174603,29.853723404255316
M4-ai_TinyMistral-248M-v3,44,23.281136805216274,16.751330913088385,28.83106493770407,0.0,23.7929712788144,37.907671957671965,11.319813829787234
MEscriva_ECE-PRYMMAL-0.5B-FT-V5-MUSR-Mathis,44,24.616525956097924,9.438512036950847,30.56293065100585,0.9933547694786176,24.761367512521037,40.148747519841265,11.544215425531915
MLP-KTLim_llama-3-Korean-Bllossom-8B,44,38.23349715047109,52.16215197897136,48.99820167189049,9.086378819641036,26.373564390028314,36.71942791005291,35.9375
MTSAIR_Cotype-Nano,44,31.19337274989001,39.74360253017549,38.63788913181605,8.40710618747859,26.81311365508094,32.8698082010582,24.767287234042552
MTSAIR_MultiVerse_70B,44,49.39762192254484,55.684195711822404,61.80974683365555,17.142155960434067,35.3383761442696,47.38784308862434,48.60372340425532
Magpie-Align_Llama-3-8B-Magpie-Align-SFT-v0.1,44,35.16997601041127,50.12128929019446,46.140778744615986,4.77025864191325,26.122123122962048,32.74845816798942,28.631981382978722
Magpie-Align_Llama-3-8B-Magpie-Align-SFT-v0.3,44,35.41103213997958,54.52765329326188,45.70838823206089,5.872625953985176,26.63024428964026,34.20987103174603,29.022606382978722
Magpie-Align_Llama-3-8B-Magpie-Align-v0.1,44,35.98901135251219,45.05922064566461,47.8870141857911,4.240148742953349,27.739211757668137,30.857370205026452,30.011635638297875
Magpie-Align_Llama-3-8B-Magpie-Align-v0.3,44,35.23722397922426,48.7262131145361,45.68942022132125,5.565904108686554,26.493371410003125,34.04398974867725,31.341422872340424
Magpie-Align_Llama-3.1-8B-Magpie-Align-SFT-v0.1,44,36.85252517918223,53.274921652326945,47.632807951417206,8.146430628390974,26.059060777496178,33.94607721560847,29.429853723404253
Magpie-Align_Llama-3.1-8B-Magpie-Align-v0.1,44,34.302601972736134,49.232037660075264,46.21218568305042,0.0,26.279374929228116,31.391989087301585,32.62134308510639
Magpie-Align_MagpieLM-8B-Chat-v0.1,44,32.82747021289625,41.81067345753711,41.713187098648625,5.694973937106608,25.96487131669598,34.98484623015873,31.94813829787234
Magpie-Align_MagpieLM-8B-SFT-v0.1,44,35.59176042265951,50.74701791247224,45.51954691621308,6.683645231424995,26.633557356606858,36.460321593915346,29.895279255319153
ManoloPueblo_ContentCuisine_1-7B-slerp,44,40.425866282762385,39.816076898185706,51.86905719110253,6.896171593210965,30.47227928205277,46.71312417328043,30.535239361702125
ManoloPueblo_LLM_MERGE_CC2,44,40.21781253458156,39.57876212892902,52.0790122846791,5.507016191963538,30.52532560187762,45.92174272486772,30.319148936170215
ManoloPueblo_LLM_MERGE_CC3,44,40.92407917814888,40.741565712310006,52.45291554175145,7.0768917546257635,31.298564003576583,46.710780423280426,31.55751329787234
MarinaraSpaghetti_NemoReRemix-12B,44,42.802227380707045,37.72279773223935,55.35499172358287,8.38617266924892,32.02557340822862,45.004323743386244,35.979055851063826
MarinaraSpaghetti_Nemomix-v4.0-12B,44,41.490446158134304,58.786630584626565,52.73603532723882,9.87644975821522,28.940557485020573,42.41560433201058,36.12865691489361
Marsouuu_MiniMathExpert-2_61B-ECE-PRYMMAL-Martial,44,31.718743742836818,26.04744300677757,39.51260589588035,6.161610596413334,27.24441968359754,40.80940393518519,22.73936170212766
Marsouuu_MiniQwenMathExpert-ECE-PRYMMAL-Martial,44,34.11887347622655,28.63280540078104,42.284692898112674,9.90527026299562,28.230613940030892,38.66155340608466,29.222074468085108
Marsouuu_MistralBase-4x7B-MoE-ECE-PRYMMAL-Martial,44,27.179082869855137,17.822932042536028,34.63477760974317,0.32604264963825447,25.65371918350106,39.88495370370371,13.788231382978724
Marsouuu_general3B-ECE-PRYMMAL-Martial,44,42.95604034040652,28.028242840108685,53.93678482807485,13.563684102199769,32.15944168387541,46.99332423941799,38.763297872340424
Marsouuu_general3Bv2-ECE-PRYMMAL-Martial,44,48.7017812993427,58.98022801721654,56.354430913936014,34.612292789487206,31.58602414317599,43.94914847883597,44.98005319148936
Marsouuu_lareneg1_78B-ECE-PRYMMAL-Martial,44,34.11887347622655,28.63280540078104,42.284692898112674,9.90527026299562,28.230613940030892,38.66155340608466,29.222074468085108
Marsouuu_lareneg3B-ECE-PRYMMAL-Martial,44,43.55262668997927,34.97880069327163,54.5272445380317,13.693528650450546,32.921623433892734,47.240711805555556,37.66622340425532
Marsouuu_lareneg3Bv2-ECE-PRYMMAL-Martial,44,48.651445139192504,61.154680691675864,56.22345197991236,34.1771071006024,32.40086692530065,43.683010912698414,45.11303191489361
MaziyarPanahi_Calme-4x7B-MoE-v0.1,44,39.46989385438568,46.358163007486795,51.01866267361726,7.099522296147659,28.290710093877042,41.97421048280423,30.56848404255319
MaziyarPanahi_Calme-4x7B-MoE-v0.2,44,39.51090600625181,46.72784877458477,51.0984246616154,6.597241113404525,27.929477832476994,43.162454530423275,30.576795212765955
MaziyarPanahi_Llama-3-70B-Instruct-v0.1,44,42.94705233263091,49.075951807869785,53.64417587307324,13.853924837123827,29.205598768308498,44.29262979497355,46.17686170212766
MaziyarPanahi_Llama-3-8B-Instruct-v0.10,44,39.20671464716262,79.01739606466398,49.23347029581782,4.926446403540094,30.798686073434396,42.123685515873014,38.6220079787234
MaziyarPanahi_Llama-3-8B-Instruct-v0.8,44,39.67870723489005,78.1193898855038,49.62085214039573,6.509244872003898,30.713319235760512,41.99764798280423,38.51396276595745
MaziyarPanahi_Llama-3-8B-Instruct-v0.9,44,39.46794457877012,78.46536079823755,49.35389444540306,6.475473378879107,30.651103417462476,41.4606853505291,38.45578457446808
MaziyarPanahi_Qwen1.5-MoE-A2.7B-Wikihow,44,31.371816236112977,30.150279037398548,39.189360155458715,7.512942711979753,27.455103097405946,34.99656498015874,23.8031914893617
MaziyarPanahi_Qwen2-7B-Instruct-v0.1,44,41.90178621595463,35.31352367274388,51.21506049405259,18.769162182951735,28.789162110261103,44.338979828042326,38.57214095744681
MaziyarPanahi_Qwen2-7B-Instruct-v0.8,44,38.22151511072429,29.540785116823365,46.36106012453285,15.543521345727434,29.576961419453028,42.91272321428571,35.66323138297872
MaziyarPanahi_calme-2.1-llama3.1-70b,44,55.06907037300222,85.98662659521182,64.4689814969507,38.74097891461708,32.525180414756754,43.76504216269841,52.82579787234043
MaziyarPanahi_calme-2.1-phi3-4b,44,42.509136686042666,57.15423963971153,55.94107868005238,4.253099429002605,33.0206662395211,40.134685019841264,37.458444148936174
MaziyarPanahi_calme-2.1-phi3.5-4b,44,43.6585216985618,58.4931315576005,54.83059795757293,13.21567470633125,34.22536344621076,39.9130787037037,39.35339095744681
MaziyarPanahi_calme-2.1-qwen2-72b,44,58.252981362849674,82.19103090909897,69.65154120617294,34.962156468023714,38.5302168701917,47.296961805555554,54.147273936170215
MaziyarPanahi_calme-2.1-qwen2-7b,44,41.94343546005884,39.970943762550036,50.44331865234019,20.737214387404425,29.494946061116366,44.35538607804232,36.92652925531915
MaziyarPanahi_calme-2.1-qwen2.5-72b,44,53.531527395027766,87.64400679087045,72.60970150745398,1.9097121497450662,36.314169087344425,42.95256696428571,56.19182180851063
MaziyarPanahi_calme-2.1-rys-78b,44,59.676365027980914,82.05489213065776,70.97369710786599,37.907555730501585,40.101270606723624,46.904786706349206,54.43816489361703
MaziyarPanahi_calme-2.2-llama3-70b,44,52.09174783537349,83.94332593075262,64.33942282235175,21.963536131062188,34.176709231763766,44.421011078042326,52.06948138297872
MaziyarPanahi_calme-2.2-llama3.1-70b,44,57.86791162071785,87.40419863739322,67.92406125210391,41.60428877019455,33.022824316343616,45.37124255952381,54.147273936170215
MaziyarPanahi_calme-2.2-phi3-4b,44,41.56954636308127,52.514328647987355,55.286602423739936,2.2740722986800805,32.272584157546405,39.73782242063491,38.13996010638298
MaziyarPanahi_calme-2.2-qwen2-72b,44,59.271510575715126,81.23805946001056,69.39254954270497,42.995061305988294,37.845197133682866,45.05354249338624,54.3467420212766
MaziyarPanahi_calme-2.2-qwen2-7b,44,42.51521951589002,37.87267782816261,52.13642317289964,19.23239145060709,28.692814572638397,43.56634837962963,38.987699468085104
MaziyarPanahi_calme-2.2-qwen2.5-72b,44,63.600129297299,86.24516283461216,72.75778735101126,57.60261368388102,36.04080861578765,42.03280423280423,56.175199468085104
MaziyarPanahi_calme-2.2-rys-78b,44,59.6070418097543,80.42748795418379,70.8064157599972,38.672047361533146,41.00182710186905,45.32671130952381,53.8563829787234
MaziyarPanahi_calme-2.3-llama3-70b,44,51.63655814962389,81.99244670806792,63.978845570842594,21.848265879295923,34.11102757002505,42.57445436507937,52.04454787234043
MaziyarPanahi_calme-2.3-llama3.1-70b,44,57.68807121496701,87.37172923398803,68.71253828988343,37.30794456546132,34.3465963799437,45.63738012566137,53.63198138297872
MaziyarPanahi_calme-2.3-phi3-4b,44,43.49947609979451,51.43646635371925,55.3666207762558,12.959002416962054,31.744084064239264,39.866203703703704,38.28125
MaziyarPanahi_calme-2.3-qwen2-72b,44,50.404880797830366,39.39391924538004,65.75986597246447,13.52402815935256,37.20316927898723,41.09429150132276,54.18882978723404
MaziyarPanahi_calme-2.3-qwen2-7b,44,41.66367295319539,39.87602893655501,50.62979870884614,18.704520090515146,29.60292585397451,44.212942294973544,36.11203457446808
MaziyarPanahi_calme-2.3-rys-78b,44,59.661088540927544,81.32798751756451,71.07361825313423,38.10687909937094,40.42956455131371,45.4621238425926,54.753989361702125
MaziyarPanahi_calme-2.4-llama3-70b,44,51.05446971710678,50.943164137820986,64.17044916529039,21.833551464943106,33.983091677617686,42.840591931216935,52.03623670212766
MaziyarPanahi_calme-2.4-qwen2-7b,44,41.615836834407524,34.729019002912274,51.00102252614997,18.154780126465415,27.921348960044433,44.50720486111111,39.768949468085104
MaziyarPanahi_calme-2.4-rys-78b,44,62.31110036225329,81.31175281586192,72.78696773851442,39.01462424526018,40.44697728632293,57.66460813492063,70.0216090425532
MaziyarPanahi_calme-2.5-qwen2-7b,44,41.02835434049062,33.65115670864417,48.85717690845773,19.884468677517347,31.515565088341933,45.64388640873016,36.81848404255319
MaziyarPanahi_calme-2.6-qwen2-7b,44,39.356794395965004,35.888054805693336,49.287640965498206,10.421521321561174,28.53140317223791,45.83789269179894,37.31715425531915
MaziyarPanahi_calme-2.7-qwen2-7b,44,39.45575658047344,37.50421104890579,48.8190759589464,10.921143192004317,28.824063532012357,48.21906828703704,37.05119680851064
MaziyarPanahi_calme-3.1-baguette-3b,44,40.294697681476414,64.10474208433624,46.821489782725614,23.381819521549346,28.493611510599763,40.04614748677249,33.992686170212764
MaziyarPanahi_calme-3.1-instruct-3b,44,39.27373404740772,45.61003692424988,48.11507177150015,15.648410704371916,29.197855183593436,39.49512235449736,35.5718085106383
MaziyarPanahi_calme-3.1-instruct-78b,44,62.22465993412928,82.48203655190449,73.04286628208091,37.42616022859626,39.07774592810247,58.862227182539684,71.8500664893617
MaziyarPanahi_calme-3.1-llamaloi-3b,44,37.91960320593235,75.62395554905429,45.86523023441521,15.096620407962863,27.741445786223473,35.127290013227515,32.047872340425535
MaziyarPanahi_calme-3.2-baguette-3b,44,40.979703919029745,64.97775901275283,47.07536947462513,25.98630012921045,28.950188222944096,40.17687251984127,33.37765957446808
MaziyarPanahi_calme-3.2-instruct-3b,44,40.59175057364442,57.23413875184511,48.64245807916188,19.751288200763124,28.002170915866387,40.43832258597884,36.52759308510639
MaziyarPanahi_calme-3.2-instruct-78b,44,62.733685176288986,81.60026507444691,73.17765389651944,38.663183925442176,39.87328882200947,60.19057126322751,73.03025265957447
MaziyarPanahi_calme-3.3-baguette-3b,44,42.36254382828799,65.55727691414336,46.76681383150637,35.430926820857934,28.12783436734779,39.25007853835979,33.41921542553192
MaziyarPanahi_calme-3.3-instruct-3b,44,42.4625212942011,66.54521115085751,46.919638403818425,34.57043058588268,28.297721515527723,40.7091476521164,33.053523936170215
Minami-su_Amara-o1-7B-Qwen,44,48.5472463609027,75.08566160010992,51.98143500420503,49.57283281424177,29.20498096934758,40.036772486772485,40.83277925531915
Minami-su_Amara-o2-7B-Qwen,44,45.9066821376998,73.19972118423561,51.7187631049915,38.746858226855764,26.208915874394055,37.78163442460317,41.647273936170215
Minami-su_test-7B-00,44,43.06438308818619,69.4902857750768,44.64531410021357,42.95015011995291,30.753768626042117,41.22970403439153,35.87932180851064
Minami-su_test-7B-01,44,42.99271941085266,70.00985163809803,44.206429639300765,43.37764300512024,31.650897690117485,41.4981853505291,35.35571808510639
Minami-su_test-v2-7B-00,44,42.50639602815243,70.0435954378826,44.14597123701662,42.2889743815094,29.051774393112485,41.5075603505291,34.724069148936174
ModelCloud_Llama-3.2-1B-Instruct-gptqmodel-4bit-vortex-v1,44,26.800065324041583,54.863650669113504,32.51345249863807,3.96519323091944,25.27723226391431,32.470601851851846,17.644614361702125
ModelSpace_GemmaX2-28-9B-v0.1,44,28.48351254089016,0.39218163362101444,36.861008487517054,2.537618601189316,28.06145895491533,35.35358382936508,22.30718085106383
NAPS-ai_naps-gemma-2-27b-v0.1.0,44,23.072434870563157,0.0,29.103564494469225,0.0,25.98228405170519,35.74341517857143,11.67719414893617
NAPS-ai_naps-llama-3_1-instruct-v0.5.0,44,32.44347019542907,52.481859244582154,41.46930079761981,2.4970510525259346,26.277216852405612,37.10457175925925,26.138630319148938
NCSOFT_Llama-VARCO-8B-Instruct,44,39.22764895201908,46.436843131779234,50.219294271898704,9.25151793244022,29.723118161666818,38.39541583994709,31.898271276595747
Naveenpoliasetty_llama3-8B-V2,44,39.88745605047941,43.155826540246544,51.880197996883595,6.61622860790614,28.565263967948535,40.795341435185186,37.375332446808514
NbAiLab_nb-llama-3.1-8B-Instruct,44,25.92713362562129,37.997568673342286,32.45725049636626,1.5029130963656696,26.9195531700775,32.0596767526455,11.96808510638298
Nekochu_Llama-3.1-8B-German-ORPO,44,38.3470208445319,48.842349410674785,49.81920030951988,0.0,31.650626766503443,46.46339285714286,33.9345079787234
Nexesenex_Llama_3.1_8b_DeepDive_3_R1_Prev_v1.0,44,41.90327078220726,73.29214262601009,51.19889831358271,17.041682264846997,30.734815613171317,37.57356564153439,34.40824468085106
Nexesenex_Llama_3.1_8b_DobHerWild_R1_v1.1R,44,43.560604277710986,78.32922201979636,52.56301966801642,20.651540621796617,30.134777426618868,38.514422123015876,36.88497340425532
Nexesenex_Llama_3.1_8b_DoberWild_v2.02,44,43.43859033094732,79.50449252428002,53.12135161981046,17.813211980609854,29.45272388172976,39.448247354497354,37.64128989361702
Nexesenex_Llama_3.1_8b_DodoWild_v2.01,44,43.48734845509475,81.48285438192883,52.52336150673202,18.356181442218166,30.800150399563154,40.890910218253964,37.38364361702128
Nexesenex_Llama_3.1_8b_DodoWild_v2.02,44,43.81785464482096,82.10359623576554,52.612316811277495,20.61518598197286,30.354012539939557,39.70032242063492,37.60804521276596
Nexesenex_Llama_3.1_8b_DodoWild_v2.03,44,43.97185455874721,80.97952322061019,53.07619399826577,19.924360469793818,30.78200550148956,39.57662863756614,37.85738031914894
Nexesenex_Llama_3.1_8b_Dolermed_R1_V1.01,44,43.403370319985584,77.57234138751845,53.12148427333172,18.072433793137208,31.08495281051909,37.46159060846561,37.32546542553192
Nexesenex_Llama_3.1_8b_Dolermed_V1.01,44,41.13931712719937,53.63590827892215,51.92848387229567,12.086822335083864,30.257474686480556,39.44121610449736,35.70478723404255
Nexesenex_Llama_3.1_8b_Dolerstormed_V1.04,44,43.157567144698525,81.03698187475898,51.94698532951819,17.58611248777485,32.72168820878972,40.27478505291005,38.88796542553192
Nexesenex_Llama_3.1_8b_Hermedive_R1_V1.01,44,41.596862595216585,53.03766229160849,51.70166513798266,15.963101862618867,28.89074828042949,40.08312251984127,34.26695478723404
Nexesenex_Llama_3.1_8b_Mediver_V1.01,44,33.26990818090815,19.680170835605086,44.13486638977737,0.19264359898800987,28.16863063297627,38.95581597222222,29.93683510638298
Nexesenex_Llama_3.1_8b_Smarteaz_0.2_R1,44,43.36274080921374,66.1493171451748,51.1178870023166,23.852600947455834,30.583881477862185,41.85989169973545,36.452792553191486
Nexesenex_Llama_3.1_8b_Smarteaz_V1.01,44,43.780979270973994,83.44498153787507,52.40752459846061,21.538661891754863,30.996348857611444,37.87720320767196,37.35871010638298
Nexesenex_Llama_3.2_1b_AquaSyn_0.1,44,26.08447118874262,28.365514612339705,32.83591561494015,2.1978824314826695,24.282947547419024,34.583296130952384,13.779920212765958
Nexesenex_Llama_3.2_1b_Odyssea_V1,44,24.303446754907238,27.178996174594516,30.083343156340938,1.2883396545861407,25.758271545289162,33.917952215608466,11.527593085106384
Nexesenex_Llama_3.2_1b_Odyssea_V1.01,44,24.536841900630478,26.789307925194038,30.433307446674167,1.5130206815511016,25.457482313082146,34.18408978174604,11.519281914893616
Nexesenex_Llama_3.2_1b_SunOrca_V1,44,28.46960949867911,55.601803215468294,34.29506460414555,6.042390768751155,27.30786731678091,32.60367063492063,18.841422872340424
Nexesenex_Llama_3.2_1b_Sydonia_0.1,44,24.69559454103395,23.03116841092745,31.200471079572694,1.935500259264996,22.671368468872664,33.79660218253969,12.242353723404255
Nexesenex_Llama_3.2_3b_Kermes_v2,44,34.947723117732465,59.19504691995018,44.54774432289229,4.870554661779844,26.62392661868333,37.76054067460317,27.34375
NikolaSigmoid_AceMath-1.5B-Instruct-dolphin-r1-200,44,23.07011469541368,18.991996790737463,28.13022843691825,0.0,25.78939866062349,37.48034060846561,11.427859042553191
NikolaSigmoid_DeepSeek-R1-Distill-Qwen-1.5B-500,44,21.354352870837225,17.485715678843246,26.004998710846227,0.0,24.817304072232762,33.780195932539684,11.24501329787234
NikolaSigmoid_phi-4-14b,44,53.93467921024126,5.912645114961636,66.94376613205011,26.929663279897632,40.62426114387104,50.45076884920635,52.7842420212766
NotASI_FineTome-Llama3.2-3B-1002,44,33.829597086369894,56.67462333275709,43.19300711526469,5.255057531321581,24.63381690783117,36.831402943121695,24.368351063829788
NotASI_FineTome-v1.5-Llama3.2-1B-1007,44,25.99505474205015,40.68283266178185,32.394637819413944,1.184899015907171,24.828860375735374,34.72339616402117,14.27027925531915
NotASI_FineTome-v1.5-Llama3.2-3B-1007,44,33.85172993667037,57.05306364889604,43.121397780198095,5.02345037834727,26.044999521824185,36.434540343915344,24.48470744680851
NousResearch_DeepHermes-3-Mistral-24B-Preview,44,52.12302282298412,47.33363032309827,64.88553966581118,23.8953927851248,37.02923690077633,45.018386243386246,45.90259308510639
NousResearch_Hermes-2-Pro-Llama-3-8B,45,39.80406828156025,55.76038245189431,50.69426827815252,5.468835900000711,29.249090301942648,42.61611689814815,30.518617021276594
NousResearch_Hermes-2-Pro-Mistral-7B,45,39.246086327639965,58.20212591479497,49.94333418059266,4.410023794158583,27.78474700402133,43.732229662698415,29.463098404255316
NousResearch_Hermes-3-Llama-3.1-70B,44,52.70201456699889,77.7709255885495,67.55085954527331,12.599855187428327,36.42207292846974,49.45184358465609,47.265625
NousResearch_Nous-Hermes-2-Mistral-7B-DPO,45,38.17749170339664,59.41612698750427,48.51638996020726,3.8516511295110964,29.118188217915563,39.98520998677249,30.152925531914892
NousResearch_Yarn-Llama-2-13b-128k,45,29.831457259878835,16.5926408595859,38.262173148855496,1.2389521012826237,25.5869584833511,34.562202380952385,23.204787234042552
Open-Orca_Mistral-7B-OpenOrca,45,36.90486583927457,51.41773826779611,47.68107920176155,2.7157321277152153,27.23814042501123,38.556609623015866,26.529255319148938
OpenBuddy_openbuddy-llama3-70b-v21.2-32k,44,51.35396682762177,71.47363440116669,65.07031129302868,16.762171962225068,34.39440406722286,45.75638640873016,48.32114361702128
OpenBuddy_openbuddy-llama3-8b-v21.1-8k,44,36.75039207216766,57.73248314472267,47.86384321810379,2.643415312339322,27.2214598530664,39.8615162037037,29.54621010638298
OpenBuddy_openbuddy-llama3.1-70b-v22.1-131k,44,50.48327556982273,74.25508761198066,66.9849153560525,3.1846467732311146,37.10790077977578,46.262880291005295,53.04188829787234
OpenBuddy_openbuddy-llama3.1-8b-v22.3-131k,44,39.767329739057985,61.445686334481394,50.64840504314547,8.83353109115452,28.0600330411572,40.12999751984127,32.770944148936174
OpenBuddy_openbuddy-yi1.5-34b-v21.3-32k,44,47.926848661544,55.583019721006934,61.61445932997175,11.90209172304118,34.63629054809843,44.374136078042326,45.99401595744681
OpenLeecher_llama3-8b-lima,44,32.95387304409774,45.072961963146675,42.94521437865913,2.814345597404083,23.72393813773847,37.10457175925925,26.263297872340424
OpenScholar_Llama-3.1_OpenScholar-8B,44,41.78393894951684,63.424048192130215,52.068951830202245,12.925681030957998,28.642311617353567,42.74449818121693,37.0844414893617
Orenguteng_Llama-3.1-8B-Lexi-Uncensored-V2,44,41.44225539635471,79.65187923598275,50.83529142226293,15.199984036346088,28.458324801131006,38.411822089947094,37.80751329787234
Orion-zhen_phi-4-abliterated,44,53.81587355137321,5.942621134146288,66.97555004316604,26.3769797128545,40.590514712263875,50.046875,52.91722074468085
PJMixers-Dev_LLaMa-3.1-Instruct-Interleaved-Zeroed-13B,44,41.872000059129846,80.55237879936347,50.7280197525546,17.35553970787297,29.061790418753507,38.680303406084654,37.67453457446808
PJMixers-Dev_LLaMa-3.1-RomboTiesTest-8B,44,41.86643653817715,80.30758387744518,50.7280197525546,17.35553970787297,29.061790418753507,38.680303406084654,37.67453457446808
PJMixers-Dev_LLaMa-3.1-RomboTiesTest2-8B,44,41.86989957181678,80.45995735758898,50.7280197525546,17.35553970787297,29.061790418753507,38.680303406084654,37.67453457446808
PJMixers-Dev_LLaMa-3.2-Instruct-JankMix-v0.2-SFT-3B,44,36.87805238364371,64.90783343750138,45.81467488101751,10.511391995949097,27.20474086875094,36.56760912698413,31.15026595744681
PJMixers-Dev_LLaMa-3.2-Instruct-JankMixBread-v0.1-3B,44,35.78953665114836,51.77745049801194,44.826900881829474,9.791728985655523,27.84457223425344,35.12963376322752,30.8344414893617
PJMixers_LLaMa-3-CursedStock-v2.0-8B,44,40.68961440113875,64.96529209165016,52.7062383381496,7.770355119223063,27.12688510454869,38.54489087301587,35.563497340425535
Quazim0t0_Lo-Phi-14b,44,58.638257730642366,51.46394898868336,68.50998042108624,50.34377612226801,32.5051483634747,42.2919105489418,53.69015957446809
Quazim0t0_Phi4.Turn.R1Distill.16bit,44,47.35212666688133,31.873872436246938,65.62428502642793,3.565016084716917,29.18125056338144,38.98862847222222,52.56815159574468
Quazim0t0_Phi4Basis-14B-sce,44,58.24955820038327,67.49568921572538,69.08288449738576,43.61260569680966,32.85339840761401,43.34708581349206,53.89793882978723
Quazim0t0_graphite-14b-sce,44,49.87824916535798,33.09662805799722,66.30561831434753,14.741395751465426,29.07253860745891,39.78000992063492,52.800864361702125
Qwen_QwQ-32B-Preview,44,51.73584318775079,41.29609436295696,66.90277168978952,21.361262165631818,28.089695830362775,41.075541501322746,56.78191489361703
Qwen_Qwen1.5-0.5B,45,25.12080406188275,18.06024681179271,31.526531447157552,0.4504082766209292,25.173026777473083,36.14965277777778,13.07347074468085
Qwen_Qwen1.5-1.8B,45,28.073205733136785,22.437909192054857,34.75038855378988,2.031758140580423,29.877479728046,36.032990244709,18.816489361702125
Qwen_Qwen1.5-110B,45,49.541698735101,36.25524718857077,60.987714510742244,21.268559177494755,35.3053618757268,44.07518601190476,53.60704787234043
Qwen_Qwen1.5-14B-Chat,45,39.64666613215526,50.43479079952304,52.26838559832782,0.0,27.265569185661466,43.977273478835976,36.178523936170215
Qwen_Qwen1.5-32B,45,47.326794634230005,34.59786699291214,57.14235444049021,25.136451666482586,33.17160037483024,42.76559193121693,44.996675531914896
Qwen_Qwen1.5-32B-Chat,45,46.089664390690096,57.67879227117382,60.657096207635185,6.231196733381488,29.81403209486263,41.58203538359788,44.572805851063826
Qwen_Qwen1.5-4B-Chat,45,31.43015502306754,33.205228792936076,40.042573598934325,0.8543115997404951,26.51567590221114,39.754228670634916,23.961103723404257
Qwen_Qwen1.5-MoE-A2.7B,45,32.05891676087637,27.586138113538745,41.12140932683913,0.17834598430179413,25.351504037535914,40.12062251984127,27.77593085106383
Qwen_Qwen2-0.5B-Instruct,45,25.35006905350449,23.424569032389616,31.72400765470415,1.5467702209401062,25.034652032344983,33.51171461640212,15.309175531914892
Qwen_Qwen2-1.5B-Instruct,45,31.63321759088448,34.79268341334326,38.51102667673719,5.353022555957134,26.065378448453107,42.91037946428571,25.008311170212767
Qwen_Qwen2-57B-A14B,44,44.56140712310425,33.67985833144944,56.170490376131035,16.787486816141957,30.457485863316403,41.71979166666667,49.16057180851064
Qwen_Qwen2-7B,45,43.41943059866108,33.40010062190543,53.14194372597895,17.302759352426207,30.646211660263674,44.371792328042325,41.83011968085106
Qwen_Qwen2-7B-Instruct,45,42.93304116133313,58.53806788210836,55.43299275377896,7.817657926503344,29.448293363981286,39.24773478835979,38.47240691489361
Qwen_Qwen2-Math-72B-Instruct,44,53.333552785544526,58.63924387292384,63.42444868996468,34.1281959069751,37.177204844465756,45.15379877645502,42.727726063829785
Qwen_Qwen2-VL-72B-Instruct,44,55.2256253748543,61.494390439589175,69.45054443241906,21.931459259913957,39.467024749113676,44.90172371031746,57.17253989361703
Qwen_Qwen2-VL-7B-Instruct,44,41.99117125292279,47.3148468286369,54.63389118845012,5.0993441997425295,31.988475497284224,43.72519841269841,40.949135638297875
Qwen_Qwen2.5-1.5B-Instruct,44,32.80155817123989,46.775278483313166,42.87324489649942,0.9287578256156062,25.889905792380624,36.60042162698412,27.992021276595747
Qwen_Qwen2.5-14B-Instruct,44,47.235665609286514,82.4895167045661,63.89791294521214,0.0,32.218458799310305,40.972941468253964,49.04421542553192
Qwen_Qwen2.5-32B-Instruct,44,50.81237639419448,84.35922241873783,69.10976342160696,0.0,33.979431735304225,42.57445436507936,56.665558510638306
Qwen_Qwen2.5-3B-Instruct,44,35.98059915987045,66.04187998953887,46.91273660350204,0.0,27.56670529321536,39.64694113756614,32.546542553191486
Qwen_Qwen2.5-72B,44,56.60812839929898,42.90848282556949,67.96700192417659,34.50515720834125,40.14437685264028,47.6891369047619,59.68251329787234
Qwen_Qwen2.5-7B-Instruct,44,40.875929852325484,76.85668470768672,53.95233714968401,0.0,30.010539888895593,40.30759755291005,42.893949468085104
Qwen_Qwen2.5-Math-72B-Instruct,44,50.29192031366695,42.957242339215505,64.51631275190415,17.556634765935435,33.01292265480604,44.689492394179894,48.121675531914896
Qwen_Qwen2.5-Math-7B,44,38.38228184655941,26.33091308838327,44.53714690133518,26.442092128924234,29.466438262054872,37.78163442460317,27.177526595744684
RESMPDEV_Qwen2-Wukong-0.5B,44,24.221474699536884,18.572332522152337,30.835430207771005,0.0,23.02674429876611,35.2322337962963,13.272938829787234
RLHFlow_ArmoRM-Llama3-8B-v0.1,44,23.510303506710972,19.407893278722675,28.747918421295964,0.0,24.702003521739258,39.46465360449736,10.779587765957446
Replete-AI_Llama3-8B-Instruct-Replete-Adapted,44,37.83206388582686,73.6730763263696,48.69098292454404,4.654433381269136,28.294408448561136,36.31553406084656,33.909574468085104
Rombo-Org_Rombo-LLM-V2.5-Qwen-7b,44,40.79602352289269,76.09731069118827,53.98717904673555,0.0,29.6548931353881,39.77297867063492,42.82746010638298
SaisExperiments_Gemma-2-2B-Stheno-Filtered,44,32.723199902042644,42.99968527950283,41.48583307223384,3.2177708731176007,27.15539290361019,40.00864748677249,26.296542553191486
SaisExperiments_RightSheep-Llama3.2-3B,44,33.95600155416001,44.9081215619002,42.406327173779374,7.182301777614186,28.94271556184308,37.646221891534395,25.398936170212767
Sakalti_Llama3.2-3B-Uranus-1,44,36.62096907815011,58.513134039903015,44.36405379660985,13.203193122104896,29.794270967194624,36.67489666005291,30.94248670212766
Sakalti_Phi3.5-Comets-3.8B,44,26.053161525360235,21.049038772678713,33.33772605392777,0.0,24.409457526068266,37.61809689153439,11.527593085106384
Sakalti_Qwen2.5-1B-Instruct,44,23.890937585376086,18.057753427572177,30.263930236481247,0.0,25.00398615646099,33.6658771494709,12.134308510638297
SentientAGI_Dobby-Mini-Leashed-Llama-3.1-8B,44,42.503478232792155,79.77677008116243,51.36940652937568,16.420709765972834,30.18412539175962,42.51820436507937,36.94315159574468
SentientAGI_Dobby-Mini-Unhinged-Llama-3.1-8B,44,41.164761576567784,75.8475290008289,51.414291486356376,10.393604100924845,30.91995741953796,40.11593501984127,35.846077127659576
Sicarius-Prototyping_Brainy_LLAMA,44,41.07275489964009,54.27914599928191,51.162305495755355,12.045531863758985,31.581246750080645,41.425529100529104,38.48902925531915
SicariusSicariiStuff_LLAMA-3_8B_Unaligned_BETA,44,37.352488311080556,40.539213730679045,47.16359282863578,7.61909473736825,29.927906731598007,41.18048528439153,34.64926861702128
SicariusSicariiStuff_Phi-Line_14B,44,52.954412666477715,66.55147231567796,61.534186621990614,36.7431394796455,35.4726297076339,44.766311177248674,54.537898936170215
SicariusSicariiStuff_Qwen2.5-14B_Uncensored,44,51.73740271027025,33.465039428715805,63.07860087857623,27.897737663957894,38.07440986027395,45.151455026455025,52.659574468085104
SicariusSicariiStuff_Qwen2.5-14B_Uncensored_Instruct,44,47.99963886446346,39.853533070031965,59.36224023349871,25.51290803894427,32.980255261610125,36.95040922619048,51.27160904255319
SkyOrbis_SKY-Ko-Llama3.2-1B-lora-epoch5,44,27.90250024589309,45.96974915446571,34.053764522157024,4.52771883519701,25.794290417822296,34.69995866402116,19.456449468085108
SkyOrbis_SKY-Ko-Llama3.2-1B-lora-v2-epoch3,44,27.904913035876195,46.07591191372226,34.053764522157024,4.52771883519701,25.794290417822296,34.69995866402116,19.456449468085108
SkyOrbis_SKY-Ko-Llama3.2-3B-lora-epoch1,44,35.915613207636774,56.87326294232635,43.992376521509485,12.177186742432704,28.629366939455025,35.213483796296295,30.044880319148938
SkyOrbis_SKY-Ko-Qwen2.5-3B-Instruct,44,33.51112892761201,36.63368750470972,42.64615464777999,4.057501706983784,27.527102430101593,40.230253802910056,28.116688829787233
SkyOrbis_SKY-Ko-Qwen2.5-7B-Instruct-SFT-step-15000,44,41.76821659376125,41.16871013355674,50.76544619366792,16.524320098876267,32.92089127082835,44.348354828042325,39.137300531914896
SkyOrbis_SKY-Ko-Qwen2.5-7B-Instruct-SFT-step-5000,44,43.56667724591381,40.79902436645877,53.879828691391516,18.099333293921024,30.934750838274333,42.36638558201058,42.37865691489361
Sorawiz_Gemma-9B-Base,44,44.60094781374954,17.14462071747408,59.299539984042084,8.496877558916212,34.334693201094204,40.42426008597884,42.35372340425532
Sorawiz_Gemma-Creative-9B-Base,44,41.32602364124896,15.408560397523017,54.57870872609982,6.746756134566967,33.52354877365363,40.160466269841265,40.07646276595745
Sourjayon_DeepSeek-R1-ForumNXT,44,28.498561814595313,27.47127621377944,33.09781521627477,13.322312668359288,27.026031097444687,33.90857721560847,16.481050531914892
Supichi_BBAI_135_Gemma,44,27.464852860929373,6.668306759398396,35.676656309506875,0.0,26.662911682836178,38.02667824074074,16.722074468085108
Syed-Hasan-8503_Phi-3-mini-4K-instruct-cpo-simpo,44,43.514783262922464,59.23876425661688,56.801363240678725,7.068952374522647,32.644293684037805,39.61412863756614,38.605385638297875
T145_Meta-Llama-3.1-8B-Instruct-TIES,44,41.43040597663445,54.72252512223123,50.69632915214207,18.229429182101274,29.3525636253195,38.411822089947094,37.799202127659576
T145_qwen-2.5-3B-merge-test,44,37.30852051283906,58.60428108529811,48.40908621522738,2.713841470015392,28.43756058678458,40.04145998677249,32.89561170212766
TIGER-Lab_AceCoder-Qwen2.5-Coder-7B-Base-Rule,44,39.674388733463104,47.52717234715001,49.011798667039166,18.206000728178186,26.977030007650814,34.4642898478836,37.4501329787234
TIGER-Lab_Qwen2.5-Math-7B-CFT,44,44.560572101261556,29.960449385408495,46.36084563670638,53.69842395411717,28.644198770562024,38.83915343915344,29.446476063829785
TTTXXX01_Mistral-7B-Base-SimPO2-5e-7,44,33.47135837961937,45.38895685669579,43.18822904369208,2.0756023321429056,29.74981475925268,36.02595899470899,27.659574468085108
Tarek07_Thalassic-Alpha-LLaMa-70B,44,57.42493993900473,72.7588354455068,69.39896624479898,29.239541568937057,43.85743532660479,47.985743220899465,54.3467420212766
Telugu-LLM-Labs_Indic-gemma-2b-finetuned-sft-Navarasa-2.0,44,25.89023727224277,22.59277605641919,32.39973769978808,1.1046104153784027,24.365233829369735,38.96753472222222,12.790890957446807
Telugu-LLM-Labs_Indic-gemma-7b-finetuned-sft-Navarasa-2.0,44,31.5285161379538,34.17820272432701,40.22186188598742,1.9915878031522096,26.692574472041752,40.80940393518519,23.503989361702125
TheDrummer_Gemmasutra-9B-v1,44,44.514417247949964,24.90076330802271,58.86396886905636,6.470930668979928,30.670403305680153,48.4477058531746,40.45046542553192
TheDrummer_Tiger-Gemma-9B-v2,44,42.46465817307433,71.45739969946409,56.17047819496155,0.050157699991143216,34.183759065785075,40.816435185185185,41.12367021276596
TheTsar1209_qwen-carpmuscle-r-v0.3,44,50.5352468817878,46.72286200614369,62.255655186558876,25.231119341763975,35.16182444978586,42.76324818121693,51.03058510638297
TheTsar1209_qwen-carpmuscle-v0.1,44,50.932468381828514,59.54977238172494,64.33203663912482,19.878277682137874,34.62808572393304,41.59141038359788,52.0029920212766
TinyLlama_TinyLlama-1.1B-Chat-v0.1,44,24.14766799242036,15.49859927215344,30.823893026429488,0.0,22.97920753510099,35.904608961640214,10.97905585106383
TinyLlama_TinyLlama-1.1B-Chat-v1.0,44,24.332627471891964,6.292359827479975,31.01829656731663,0.8786888607852879,25.040584415584416,35.127290013227515,11.012300531914894
TinyLlama_TinyLlama-1.1B-intermediate-step-1431k-3T,44,24.353603434994557,23.220998062917502,30.695004216530876,0.7327662902510971,24.727274205566992,33.78488343253969,11.20345744680851
Triangle104_DS-Distilled-Hermes-Llama-3.1,44,41.657815563776516,33.20528420147431,51.16741010980235,19.506014450600016,31.207455098499565,40.37504133597884,31.100398936170215
Triangle104_DSR1-Distill-Llama-Lit-8B,44,38.34093866066816,19.262999951240488,42.83706051110781,33.357615594166965,30.130346908870397,35.339521329365084,27.975398936170215
Triangle104_DSR1-Distill-Qwen-7B-RP,44,42.022787195234756,37.64411760794692,43.25067943574982,46.07793212622902,32.129740482299205,40.42660383597884,30.277593085106385
Triangle104_Dolphin3-Llama3.2-Smart,44,31.212195425211164,43.23821903660066,39.73892346753127,1.7047970580516891,26.686256801084816,39.20085978835979,21.949800531914892
Triangle104_Llama3.1-Allades-Lit-8b,44,31.8323378667982,25.780152218336237,41.82534171700637,0.2113825038557421,28.209502850337582,37.07175925925926,27.24401595744681
Triangle104_Mistral-Small-24b-Harmony,44,50.08100254912793,17.325862046037848,64.3328324146211,17.572055781804767,38.4757062242381,42.75152943121693,54.30518617021277
Triangle104_Phi-4-AbliteratedRP,44,55.360427220352584,52.83032354153646,67.08364688413744,28.469447075322957,40.01709717156445,50.96898148148148,53.0751329787234
Triangle104_Phi4-RP-o1,44,54.30402970728885,2.2007163215822905,66.51970863081337,34.03665033626348,37.648228100199574,47.53966187169312,51.105385638297875
Triangle104_Phi4-RP-o1-Ablit,44,54.600036135335685,2.461745945203172,66.291006757049,36.95516032563279,36.545231427781765,47.52794312169312,51.04720744680851
Triangle104_Porpoise-R1-Llama3.2-3b,44,30.335379620188966,45.56005842276271,38.22438541049148,3.3874753717402886,26.58648183239206,35.75044642857143,21.168550531914892
Triangle104_RomboHermes3-R1-Llama3.2-3b,44,33.706456625343634,30.89469274857378,42.640535775350315,7.45398685556065,27.729656971477446,36.55120287698413,29.571143617021278
UCLA-AGI_Gemma-2-9B-It-SPPO-Iter2,44,43.62821140281305,31.59522289746761,59.89341361817574,0.0,33.16944229800774,41.36277281746031,38.6968085106383
UCLA-AGI_Gemma-2-9B-It-SPPO-Iter3,44,43.83575379554646,32.264668856412094,60.064776311023394,0.0,34.00612833289007,41.62891038359788,38.2563164893617
UCLA-AGI_Llama-3-Instruct-8B-SPPO-Iter3,44,39.33157462601603,72.05065891833668,50.789310593648096,6.898347680908377,26.332421249052963,36.581671626984125,36.44448138297872
UCLA-AGI_Mistral7B-PairRM-SPPO,44,34.44426769225861,46.98139824554405,44.37917760323854,2.4762331316525263,28.344835452113138,39.62350363756614,26.205119680851062
UCLA-AGI_Mistral7B-PairRM-SPPO-Iter2,44,34.63499050071705,48.41021822098698,44.653240934551754,1.4585760010128745,28.924955951486996,40.82581018518518,26.770279255319153
UCLA-AGI_Mistral7B-PairRM-SPPO-Iter3,44,34.067651416264454,46.701640536000035,43.960411337455646,1.5158670018874294,27.70619748912534,40.68571015211641,26.57912234042553
UKzExecution_LlamaExecutor-8B-3.0.5,44,39.13575871732515,76.78299135183535,50.05448040984541,7.641343822985156,25.36664433161916,37.510809358465615,36.253324468085104
VAGOsolutions_Llama-3-SauerkrautLM-70b-Instruct,44,52.93974574569356,83.29260805773127,66.62296248074928,20.340386751970783,32.867459663286006,43.358804563492065,53.922872340425535
VAGOsolutions_Llama-3-SauerkrautLM-8b-Instruct,44,39.31669988098573,77.06901022619982,49.42689885297946,5.1417692228173735,30.54724480636813,42.38982308201058,38.57214095744681
VAGOsolutions_Llama-3.1-SauerkrautLM-8b-Instruct,44,41.01724896496501,81.3604569209697,51.13563508555505,10.040613878725754,28.354580554140117,41.460685350529104,38.90458776595745
VAGOsolutions_SauerkrautLM-Gemma-2b,44,27.068690059204975,26.279715599054953,34.15611381042291,1.9034404195283856,25.262438845177936,36.728802910052906,14.685837765957446
VAGOsolutions_SauerkrautLM-gemma-2-9b-it,44,44.30664402184749,30.604795276532933,60.726144566232506,0.42325458093916707,32.277090627027704,43.16714203042328,40.90757978723404
VIRNECT_llama-3-Korean-8B-r-v-0.1,44,36.909845637599794,50.57220397434363,48.054050735515524,6.624548900648527,24.12785381797546,36.72177166005291,32.59640957446808
ValiantLabs_Llama3.1-70B-ShiningValiant2,44,54.525072550537246,55.684195711822404,67.38061443672345,25.382392442609223,39.01241114171064,46.781092923280426,51.72872340425532
ValiantLabs_Llama3.1-8B-Fireplace2,44,35.72275218780345,56.65838863105449,46.087258805961305,5.343241880062609,29.207139046170088,34.312471064814815,24.069148936170212
ValiantLabs_Llama3.2-3B-Esper2,44,29.638588417001905,27.633623230805377,38.084042223763774,2.0225446649561314,26.883225834568115,35.48430886243386,22.57313829787234
Weyaxi_Einstein-v6.1-Llama3-8B,44,38.66218189879298,47.3835534160472,50.071652853638014,5.7295123327693815,27.667288376705322,42.11196676587302,31.30817819148936
Weyaxi_Einstein-v6.1-developed-by-Weyaxi-Llama3-8B,44,38.655083520646016,39.98341068365271,50.42812992624863,5.301655780051215,26.899174243448577,43.307242063492055,30.925864361702125
Weyaxi_Einstein-v7-Qwen2-7B,44,41.49458042378242,43.383112364082855,51.59561181077219,13.65200196020927,29.81322398006543,43.977273478835976,40.95744680851064
Xiaojian9992024_Llama3.2-1B-THREADRIPPER,44,28.66973408409843,56.86949516172645,35.42947549647066,4.852563120229192,25.968569671380077,31.277670304232803,17.627992021276594
Xiaojian9992024_Llama3.2-1B-THREADRIPPER-v0.2,44,28.344446195627636,54.98604813007265,35.26540668067274,2.8511351244302707,26.057249576020553,33.14063326719577,17.45345744680851
Xiaojian9992024_Qwen2.5-THREADRIPPER-Medium-Censored,44,56.981501083934305,82.39958864701215,64.30678181033251,51.547677003911595,33.20985327591871,41.36746031746031,49.285239361702125
Xiaojian9992024_Qwen2.5-Ultra-1.5B-25.02-Exp,44,32.21325484911995,42.358940943363606,40.64249499117541,7.051643616935116,25.86879470268732,33.805977182539685,26.412898936170215
YOYO-AI_Qwen2.5-14B-YOYO-0505,44,52.66693572023819,61.917822488774235,65.38180259480238,21.257776510297006,36.954347328193805,47.54903687169312,53.70678191489362
YOYO-AI_Qwen2.5-14B-YOYO-0805,44,52.66693572023819,61.917822488774235,65.38180259480238,21.257776510297006,36.954347328193805,47.54903687169312,53.70678191489362
YOYO-AI_Qwen2.5-14B-YOYO-1010,44,52.646225698580416,61.830387815440815,65.39023365049702,20.564925092750848,38.15750425702188,47.41831183862434,53.756648936170215
YOYO-AI_Qwen2.5-14B-YOYO-SCE,44,52.54483701821836,61.14470715479372,64.88612419212568,22.48181370675857,37.05115610526684,47.02144923941799,53.80651595744681
YOYO-AI_Qwen2.5-14B-YOYO-V4,44,57.244035186734486,84.87629489753853,64.89714820958595,51.31794967071417,31.836115448216955,41.11538525132275,51.69547872340425
YOYO-AI_Qwen2.5-14B-YOYO-V4-p2,44,56.321195540452194,81.98369215902694,63.38513337120091,49.91944692423558,32.14618854300062,44.30434854497354,49.675864361702125
YOYO-AI_Qwen2.5-14B-YOYO-latest,44,55.08522238722091,61.34079797160423,66.55700983158303,30.471698808959154,38.322499648003,46.890724206349205,53.70678191489362
YOYO-AI_Qwen2.5-14B-YOYO-latest-V2,44,56.1294525752997,78.79382261288936,62.97921349606257,49.4119201079797,35.126998979767436,42.95959821428571,52.23570478723404
YOYO-AI_Qwen2.5-7B-it-restore,44,49.585688695411676,76.14352141207551,54.05503787812474,48.01152173902855,29.584434080554047,40.039116236772486,42.877327127659576
YOYO-AI_ZYH-LLM-Qwen2.5-14B,44,54.60686785949854,62.04271333395391,66.43705070616772,27.551014340172365,38.8710317925922,47.54903687169312,53.50731382978723
YOYO-AI_ZYH-LLM-Qwen2.5-14B-V2,44,54.156492830328595,53.68838016462985,64.51177794912873,33.40030768041707,37.37124522569154,46.8743179563492,53.71509308510638
Youlln_ECE-Qwen0.5B-FT-V2,44,25.79569815994854,28.00580238212388,32.889304339445566,1.2025297146936802,26.124010276170512,30.609982638888887,16.65558510638298
Yuma42_Llama3.1-IgneousIguana-8B,44,43.69919100375842,82.51949272375076,51.8966182168497,20.144801800864403,31.59604016881702,42.002335482804234,39.73570478723404
ZeroXClem_Llama-3.1-8B-AthenaSky-MegaMix,44,43.09874911827793,66.3853575180521,51.631699882422154,25.81782592975179,27.454370934341576,35.36764632936508,35.03989361702128
ZeroXClem_Llama-3.1-8B-SuperNova-EtherealHermes,44,42.72768840120982,75.44160604972583,52.43886078997912,15.891449526263365,29.71156185816421,40.645866402116404,37.4501329787234
ZeroXClem_Qwen-2.5-Aether-SlerpFusion-7B,44,45.13789449630155,63.71006706649468,54.61070138684314,22.110090625997113,30.158507832585013,41.75026041666667,43.267952127659576
ZeroXClem_Qwen2.5-7B-HomerAnvita-NerdMix,44,47.137805856663206,77.98823787550366,55.40323190318192,26.60095222274446,31.97811259629632,43.8746734457672,44.31515957446808
abacusai_Liberated-Qwen1.5-14B,44,38.94961563725794,37.66035230964951,49.47130004184573,9.882751419674904,28.253265307585774,41.72682291666667,35.07313829787234
abacusai_bigyi-15b,44,33.18592585025682,21.47114101694615,43.447901133707546,2.21847432802055,30.66408563472322,35.362958829365084,30.028257978723406
abideen_MedPhi-4-14B-v1,44,54.32152510650968,65.49233810733298,68.96001734412866,22.959710811932215,34.195315369287684,41.5099041005291,53.38264627659575
agentlans_Llama3.1-8B-drill,44,40.679339797579225,79.07485471881274,50.15295834289255,14.887070997212264,27.04594878462328,36.70302166005291,37.75764627659575
agentlans_Llama3.1-Daredevilish,44,40.473680867085434,65.28876713786087,50.11624487276306,11.739927768023929,30.549788170908137,40.90028521825397,36.96808510638298
agentlans_Qwen2.5-0.5B-Instruct-CrashCourse-dropout,44,26.023036020627345,30.702314303824963,33.10970934038374,0.07420792699153139,26.08837669135488,33.397395833333334,16.082114361702125
akhadangi_Llama3.2.1B.0.01-First,44,24.789459621636993,8.39439354246732,31.880613220961827,1.965914575619539,24.836603960450436,31.92426421957672,11.96808510638298
akhadangi_Llama3.2.1B.0.1-First,44,24.507056388813634,10.450216536567417,31.186283674279096,2.084274271301982,24.42864305018248,32.99350198412698,11.693816489361703
akhadangi_Llama3.2.1B.BaseFiT,44,24.86913007135107,9.421058347407103,31.737626253252426,2.452722798284553,25.15634620552825,32.19040178571429,11.71875
allenai_Llama-3.1-Tulu-3-70B,44,53.691888009951015,84.40293975540453,61.622472061835744,36.02031070609489,37.165377617349094,49.447156084656086,46.45113031914894
allenai_Llama-3.1-Tulu-3-8B-DPO,44,36.069509294723254,81.81508397718055,40.78167748732184,16.52100551876215,29.828402686519297,41.59375413359788,28.981050531914892
allenai_Llama-3.1-Tulu-3-8B-RM,44,23.86412983360694,17.88288408090533,29.491025114657994,0.0,26.006746620735715,37.622784391534395,10.821143617021276
allenai_Llama-3.1-Tulu-3-8B-SFT,44,33.47048476108585,75.20429128046916,38.703648896555435,10.437651123443523,27.634659395880036,42.65596064814815,28.116688829787233
allknowingroger_Gemma2Slerp1-2.6B,44,35.701033985441825,54.59386649645164,43.42257335747864,8.567145700676273,27.941034135979603,45.58816137566137,26.886635638297875
allknowingroger_Gemma2Slerp1-27B,44,52.12994421895405,73.26216660682545,63.97762932737241,22.8586200489164,36.260043729108325,47.658668154761905,44.56449468085106
allknowingroger_Gemma2Slerp2-27B,44,53.04748268170763,76.41579896895792,65.56118375771315,22.489246047014905,37.16980813509757,46.19725529100529,46.22672872340425
allknowingroger_Gemma2Slerp4-27B,44,52.44473795700662,76.06234790356254,65.28422387495633,21.05549012216797,36.439946902929286,45.01135499338624,46.492686170212764
allknowingroger_GemmaSlerp5-10B,44,48.95088501189298,74.50863708293993,60.54269362471626,17.566568546760276,35.627609072974,46.066530257936506,43.284574468085104
allknowingroger_GemmaStock1-27B,44,53.21618521374016,76.29340150799877,65.64465537722366,23.945055174443446,36.320139882954486,45.26108630952381,47.29886968085106
allknowingroger_Llama3.1-60B,44,26.291931936354086,18.59981515711645,32.405349829492394,0.0,29.80501915590003,35.93039021164021,33.10339095744681
allknowingroger_MistralPhi3-11B,44,45.093978440263,19.42911474886634,62.3364883840972,0.0,33.26101244253509,42.64892939814815,46.875
allknowingroger_Mistralmash2-7B-s,44,40.8038410294235,42.61625819492281,53.041548759647306,6.405030867164799,29.699387755700673,43.706448412698414,33.45246010638298
allknowingroger_Phi3mash1-17B-pass,44,44.53922016416209,18.81214067562955,61.28125657277808,0.0,32.51104320735193,44.495486111111106,45.89428191489361
allknowingroger_Qwen2.5-42B-AGI,44,23.70000247914999,19.159330576204468,29.406498060832643,0.0,25.700794707715847,36.18012152777778,11.67719414893617
allknowingroger_Qwen2.5-7B-task3,44,44.424644865186046,53.633414894701616,53.9619551430572,19.455059494466138,31.979191634707576,43.547598379629626,45.013297872340424
allknowingroger_Qwen2.5-7B-task4,44,46.51588156008691,52.699171531536315,55.82222413318948,24.648810550282548,32.276282512230495,43.94446097883598,45.611702127659576
allknowingroger_QwenSlerp12-7B,44,46.47198276031805,52.627971559905504,55.5554096535652,24.397458123780304,32.248045636783054,45.93580522486773,44.606050531914896
allknowingroger_QwenSlerp4-14B,44,53.7608697226706,64.97903340913221,64.82486418617097,29.194352295773797,36.85719167577389,46.47979910714286,54.35505319148937
allknowingroger_QwenSlerp6-14B,44,53.83452506875539,70.55440675186284,63.83962488203589,31.87028519880502,36.913936350282825,46.879005456349205,54.055851063829785
allknowingroger_QwenStock1-14B,44,53.712623298213636,58.92653714366769,65.27792549053024,27.648637371768253,37.22139012879365,47.27821180555556,54.18051861702128
allknowingroger_QwenStock2-14B,44,54.10474810603654,57.7325385532609,65.67995073207172,28.313911095079717,37.6731134963098,47.542005621693114,54.055851063829785
allknowingroger_Qwenslerp3-14B,44,53.19639528697594,53.94442301980966,65.19956584258819,25.950736812906218,37.30891504329005,46.74359292328042,53.94780585106383
allknowingroger_Qwenslerp3-7B,44,46.914588222452686,52.47809146398224,55.789985759750735,26.007338812387594,33.01211454000884,45.139736276455025,45.42054521276596
allknowingroger_ROGERphi-7B-slerp,44,40.13922430561188,39.465119217010866,51.94113155033905,6.020049232136536,28.61341853057457,46.846192956349206,30.52692819148936
allknowingroger_Rombos-LLM-V2.5-Qwen-42b,44,23.881309822681658,18.79213819332704,29.675299552458817,0.0,25.921108859447784,36.310846560846564,11.67719414893617
allknowingroger_Yi-1.5-34B,44,23.28310639666743,16.451570721241858,28.260856166373554,0.0,26.914970748863364,38.54723462301587,10.954122340425531
allknowingroger_Yislerp-34B,44,48.9793680330435,38.82188149665111,61.57817321617286,18.243368196032666,36.21547315706293,45.65560515873016,47.51496010638298
allknowingroger_Yislerp2-34B,44,49.884463977697365,41.8668577153065,62.450645074370335,19.91871743855227,36.86378027034487,45.28218005952381,47.2406914893617
allura-org_Mistral-Small-24b-Sertraline-0304,44,52.03548605122814,70.38829195423698,65.24422904419613,20.2041963643304,35.299391080116756,43.942117228835976,51.05551861702128
amazon_MegaBeam-Mistral-7B-300k,44,33.25404118538286,54.93856301280602,42.27134872908206,2.168853863025324,27.482184982709313,39.77063492063492,25.49035904255319
anakin87_gemma-2b-orpo,44,27.057085701388534,25.41667220752049,34.24933861070129,1.145009098400206,26.145506653581318,37.249359292328045,13.05684840425532
arcee-ai_Llama-3.1-SuperNova-Lite,44,42.199829845233864,81.72515591962659,51.504602520593835,14.370744069515881,30.065126486582024,41.607816633597885,38.77160904255319
asharsha30_LLAMA_Harsha_8_B_ORDP_10k,44,35.67086070744496,35.65700120125711,46.68663080585381,5.013182189962364,26.989665349564678,36.95040922619048,28.1000664893617
awnr_Mistral-7B-v0.1-signtensors-1-over-4,44,23.065693120742512,0.0,29.103564494469225,0.0,25.915523351555226,35.74341517857143,11.660571808510637
axolotl-ai-co_romulus-mistral-nemo-12b-simpo,44,40.489890163882045,63.13553593354521,53.93662583748111,0.779227360896153,27.872733157968057,42.296598048941796,34.59109042553192
bedio_DistMerge_Llama-3.1-8B-Instruct,44,41.708639927312525,57.43028497719385,51.437806391065756,13.444075850832233,29.609704764381778,44.72646742724867,39.58610372340425
bigscience_bloom-1b1,45,24.755178513761468,14.629294715798528,31.062276808503658,0.12436562698267462,25.915523351555226,36.976190476190474,11.07878989361702
bosonai_Higgs-Llama-3-70B,44,49.47309789338851,58.83162231767266,62.564758602703854,15.23344243270251,36.923491136473515,44.6754298941799,49.01928191489361
braindao_DeepSeek-R1-Distill-Qwen-1.5B-Blunt,44,24.991902150116047,27.63234883442599,27.7316491948251,12.272957910648852,24.28699277744999,35.92570271164021,11.835106382978724
braindao_DeepSeek-R1-Distill-Qwen-14B-Blunt,44,30.766162310521544,58.56555051707248,32.81002926823139,15.719942123850839,29.838841539240036,45.4996238425926,14.469747340425531
braindao_DeepSeek-R1-Distill-Qwen-14B-Blunt-Uncensored,44,29.91947338979087,56.56098042083892,31.691987832312503,16.128117979745426,28.17648858179479,44.82959242724868,14.311835106382977
braindao_DeepSeek-R1-Distill-Qwen-14B-Blunt-Uncensored-Blunt,44,31.495048179559593,54.769954830959634,31.961028148277425,24.14212363079014,27.73216192364682,45.22879877645502,14.835438829787234
braindao_DeepSeek-R1-Distill-Qwen-7B-Reflective,44,27.77227872419003,40.02341564825773,29.053481522762926,19.85629040037591,25.032108667804977,38.97222222222222,11.55252659574468
braindao_Qwen2.5-14B,44,48.86405073513011,55.849036113068884,58.517773916320174,26.802426571038723,37.436504060350536,41.210954034391534,48.836436170212764
bunnycore_FuseCyberMix-Qwen-2.5-7B-Instruct,44,41.39649021105656,70.70927361622716,55.16799994256767,0.10203368020588566,29.28102553207419,40.172185019841265,43.367686170212764
bunnycore_Gemma2-9B-TitanFusion,44,42.9354931050842,16.366518615052506,57.117692465741044,6.8530620212406,33.31143944608709,41.33933531746031,39.602726063829785
bunnycore_HyperLlama-3.1-8B,44,41.45370363387723,80.26137315655794,51.02825648460181,14.438701819491168,28.832192404444925,38.27640955687831,37.83244680851064
bunnycore_Llama-3.1-8B-TitanFusion-v3,44,41.84512729726143,50.04139017806087,52.614532321377524,11.957183737649588,30.456059949558274,43.0129794973545,38.05684840425532
bunnycore_Llama-3.2-3B-Deep-Test,44,23.646559358755425,17.75300646728458,29.484074939023806,0.0,25.042163105816627,36.44391534391534,10.488696808510637
bunnycore_Llama-3.2-3B-Della,44,29.55042532692603,36.97716503322296,36.823090775136535,2.5311741177774643,27.45175161806873,38.98394097222222,21.284906914893618
bunnycore_Llama-3.2-3B-Long-Think,44,36.87265049124173,56.77330593935203,46.098357300205336,12.632322862219644,26.04904475185515,33.93201471560847,30.477061170212767
bunnycore_Llama-3.2-3B-Mix-Skill,44,36.714797787347756,66.33914679716484,45.81239072230802,11.431304224090303,25.974887342337006,33.93670221560846,31.20844414893617
bunnycore_Llama-3.2-3B-ProdigyPlus,44,34.846209406088285,41.73321232108583,43.920435340615136,9.013722743687772,27.41423088004463,35.77857142857143,28.174867021276594
bunnycore_Llama-3.2-3B-ToxicKod,44,37.19286072630234,65.47361002140985,45.24727762249972,15.597441581814348,26.54010005887103,34.72339616402117,28.798204787234045
bunnycore_Phi-3.5-mini-TitanFusion-0.1,44,41.78636941419795,53.874442036019985,53.72705823259638,5.342094352852123,33.31513780077119,44.50954861111111,38.06515957446808
bunnycore_Phi-4-Model-Stock-v4,44,57.54069466768888,73.46075080785648,69.2339365455224,34.84745173820941,37.153474438499615,46.087624007936505,53.93949468085106
bunnycore_Phi-4-RP-v0,44,54.83101205653534,70.03484088884161,68.55368479338361,25.971734385081735,35.30570875107368,41.37449156746031,53.64029255319149
bunnycore_Phi-4-RR-Shoup,44,59.149258458323295,68.39369539488558,69.46180168165031,46.211188879086684,33.70198762134584,44.381167328042324,54.28856382978723
bunnycore_Phi-4-ReasoningRP,44,58.4443441128401,69.5065204767794,69.21293338306955,42.42532608937786,34.31620142767374,44.89234871031746,54.20545212765957
bunnycore_Phi-4-Sce-exp-v0.1,44,59.103271676162464,68.6172688466602,69.4234876836845,46.16963070423877,33.48799114057084,44.383511078042325,54.230385638297875
bunnycore_Phi-4-Stock-Ex,44,57.36167815523525,67.89036423356694,68.63516213334593,37.565980435434376,34.980842237553645,46.21834904100529,53.748337765957444
bunnycore_Phi-4-Stock-RP,44,56.0801299615698,65.5435355966613,68.58811984300272,30.016856643591126,36.04450697047174,47.13342427248677,53.16655585106383
bunnycore_Phi-4-Trim-Exp1,44,23.613981610750496,13.404045709827702,28.508403869228253,0.44378707181498545,25.43043884014941,41.743229166666666,11.46941489361702
bunnycore_Qwen-2.5-7B-Deep-Stock-v1,44,44.296303355496875,58.25958456894374,53.60526104874669,23.52401511763613,27.323121974967613,41.068510251322756,40.65824468085106
bunnycore_Qwen-2.5-7B-Deep-Stock-v5,44,37.4685690563494,47.583412013457625,46.71363865444966,13.57258133089434,27.004111892954175,36.45563409391534,28.316156914893615
bunnycore_Qwen-2.5-7B-Exp-Sce,44,47.31786380636779,77.81214954099566,55.04481351438244,30.125463118108303,29.38484573079791,44.271536044973544,42.586436170212764
bunnycore_Qwen-2.5-7b-S1k,44,50.001553576729684,72.44533393617823,55.616600920935255,46.03596201096364,28.149059821144558,40.6880539021164,43.824800531914896
bunnycore_Qwen2.5-1.5B-Model-Stock,44,23.382209950021863,18.292574812608326,28.724088975331323,0.0,26.428421911328787,36.717084160052906,11.003989361702128
bunnycore_Qwen2.5-3B-Model-Stock-v2,44,35.95247911610844,66.17801876798006,46.759725409783144,0.0,28.66157309320061,39.11466600529101,32.69614361702128
bunnycore_Qwen2.5-3B-Model-Stock-v3.2,44,42.61196422786167,65.03521766690159,47.258578676691386,35.30810434472931,28.19316915373962,39.24773478835979,32.937167553191486
bunnycore_Qwen2.5-3B-Model-Stock-v4.1,44,43.23286460915697,65.92197591280026,48.188012264139935,35.59001351159064,27.899776630900792,39.37845982142857,33.86801861702128
bunnycore_Qwen2.5-3B-RP-Mix,44,38.60097787515043,58.72667854625726,48.93361684361051,6.512379012237435,27.73432000046933,42.81481068121693,37.27559840425532
bunnycore_Qwen2.5-7B-Instruct-Fusion,44,44.95345124198702,70.68428436548358,54.906611975767106,18.130869280022967,30.847225923777945,42.94319196428572,44.67253989361702
bunnycore_Qwen2.5-7B-MixStock-Sce-V0.3,44,31.43158197471764,23.05987003373272,34.785014433667754,23.274953682903487,26.08387022187358,37.11394675925925,17.794215425531913
bunnycore_Qwen2.5-7B-MixStock-V0.1,44,46.411380345718335,77.8308776269188,54.777459533804475,25.9958711198913,29.528383156738858,44.133779761904755,42.561502659574465
bunnycore_Qwen2.5-7B-R1-Bespoke-Stock,44,39.033039014931475,38.7232542985944,48.213702631360206,15.824966988760758,27.772226026210923,39.236016038359786,34.7157579787234
bunnycore_Qwen2.5-7B-R1-Bespoke-Task,44,31.936043183819823,39.47758613811354,41.48472949820769,2.5535176685727556,25.105225451282497,35.66190889550265,26.878324468085108
bunnycore_Qwen2.5-7B-Sky-R1-Mini,44,27.816692986922632,24.91583443042239,35.018252729529905,2.769659702099633,29.303947823243128,34.4596023478836,12.533244680851062
bunnycore_Smol-Llama-3.2-3B,44,36.91141055493308,69.91992358054407,45.384106126850575,12.128644483954549,27.609003424334805,34.58095238095238,32.28058510638298
byroneverson_Mistral-Small-Instruct-2409-abliterated,44,42.03167313280952,71.5173517378334,52.351889147478545,12.844322066001308,32.965808718220636,36.955096726190476,39.22872340425532
byroneverson_Yi-1.5-9B-Chat-abliterated,44,42.20340311407904,59.68214337956621,53.999944037920635,8.640462227695163,29.152281524869615,43.8606109457672,37.150930851063826
carsenk_phi3.5_mini_exp_825_uncensored,44,23.664599024494965,13.976083458556632,29.632775764844794,0.0,24.922702961188698,36.425165343915346,11.751994680851062
cat-searcher_gemma-2-9b-it-sppo-iter-1,44,43.379721921408716,30.71095803578948,59.71354386350251,0.0,33.99060275108933,39.23835978835979,38.53889627659575
cckm_tinymistral_950m,44,23.981377006319935,24.089028222893035,29.685742102298963,0.24873125396534923,26.103170110091252,35.51477761243386,10.962433510638297
chujiezheng_Mistral7B-PairRM-SPPO-ExPO,44,30.7489076753102,39.42389526456469,38.813906800035944,0.8520500994299095,27.900161918618295,40.533891369047616,25.515292553191486
cloudyu_Llama-3-70Bx2-MOE,44,52.903854262540094,56.637111752372604,66.35600325640945,18.95668071911701,39.1295988454126,48.09303075396825,51.42121010638297
cognitivecomputations_Dolphin3.0-Qwen2.5-0.5B,44,25.96415161057949,48.50385865060262,31.139379775656252,4.418020006303666,23.38643628230457,35.52180886243386,14.128989361702127
cognitivecomputations_Dolphin3.0-R1-Mistral-24B,44,42.88364014636212,41.77571066991139,53.59091488846586,19.058123334536056,29.120807534188405,39.49277860449736,30.0531914893617
cognitivecomputations_dolphin-2.9-llama3-8b,45,38.646725363408486,40.32938159638647,49.49529718532236,4.698588398217751,28.73168527268779,43.72754216269841,27.7094414893617
cognitivecomputations_dolphin-2.9.1-llama-3-70b,44,40.736561173917636,38.30109664578873,52.03700495524717,5.088295869194454,30.99970033694866,49.717981150793655,41.29820478723404
cognitivecomputations_dolphin-2.9.1-yi-1.5-9b,44,42.99849821763967,46.08211767000448,54.83584655590808,9.38600996779493,34.01017356292104,43.45671709656085,39.66921542553192
cognitivecomputations_dolphin-2.9.3-mistral-7B-32k,44,37.641780904548725,42.48011941648161,48.113942096008046,4.704107454663892,28.69832412879812,46.39360532407408,28.20811170212766
cognitivecomputations_dolphin-2.9.4-gemma2-2b,44,31.800145895715765,9.24364020798149,40.800517578213075,3.5149422996849697,28.743474087433817,41.76432291666667,21.05219414893617
cognitivecomputations_dolphin-2.9.4-llama3.1-8b,44,27.150934554184857,34.78270987646112,35.20918163562932,0.19485156352941763,25.790130823687875,32.33987681878307,12.342087765957446
cstr_llama3.1-8b-spaetzle-v90,44,42.36549789226097,75.66268611727993,53.02376133359101,12.499480724609667,28.06561854904976,41.325272817460316,37.30884308510639
deepseek-ai_DeepSeek-R1-Distill-Llama-8B,44,25.702722961877544,38.24862476008103,32.38226963863508,0.0,25.2998836314692,32.47528935185185,20.894281914893618
deepseek-ai_DeepSeek-R1-Distill-Qwen-1.5B,44,25.800589079963103,34.92261643550225,32.39867829222781,0.0,25.416377584477416,36.320221560846555,11.868351063829788
deepseek-ai_DeepSeek-R1-Distill-Qwen-7B,44,27.57506288550344,40.80151775067931,34.41299637021484,0.0,27.2953463389705,36.59807787698413,23.21309840425532
deepseek-ai_deepseek-llm-7b-base,45,28.209653781342027,22.1518903176904,35.0246942393492,1.224704538264261,26.807989386638713,37.358990575396824,18.060172872340424
deepseek-ai_deepseek-moe-16b-base,45,27.568097621975006,24.60360731747319,34.09170097848204,1.7016851417492769,24.710208345904654,36.56057787698413,15.05152925531915
dnhkng_RYS-Llama-3-8B-Instruct,44,37.22490980352193,73.03111300238922,48.078543303455156,5.7427192783608,25.77198592561428,33.80832093253969,35.5718085106383
dnhkng_RYS-Llama-3-Large-Instruct,44,51.53829262261215,83.6273310372035,65.24490908101347,20.313160047085457,28.700558157353463,41.76901041666667,51.37134308510638
dnhkng_RYS-Llama-3.1-8B-Instruct,44,40.66695802266527,78.93372917193048,51.63105406501967,10.29845363996291,26.854603671403172,36.80093419312169,36.394614361702125
duyhv1411_Llama-3.2-3B-en-vi,44,26.593835965030006,51.68502905623744,32.70195723498528,2.1445452082992484,27.56562625480411,32.0784267526455,13.588763297872342
dwikitheduck_gemma-2-2b-id-inst,44,31.325639132553057,39.664922405883054,39.61019035392552,0.4637067997301481,29.712369972961415,41.5075603505291,21.73371010638298
ehristoforu_Gemma2-9B-it-psy10k-mental_health,44,43.628344476824324,60.874922982131864,55.39499488207172,10.931557664214035,33.55105348603671,40.830497685185186,38.289561170212764
ehristoforu_Gemma2-9b-it-train6,44,45.34406251541201,72.2305150334446,58.9782240834111,7.701251557562318,32.76256042615103,40.816435185185185,39.41988031914894
ehristoforu_QwenQwen2.5-7B-IT,44,40.85801592723669,76.09481730696773,53.970763125596534,0.0,29.86519126147901,40.30525380291005,42.893949468085104
ehristoforu_coolqwen-3b-it,44,37.19435565785342,66.15552290145703,48.49532585153699,0.0,28.17683545714167,41.222672784391534,36.012300531914896
ehristoforu_qwen2.5-test-32b-it,44,53.58303021040213,79.97535428219346,70.79126202224025,7.319237256404855,36.49110606954567,45.74466765873016,57.654587765957444
ehristoforu_rufalcon3-3b-it,44,35.32141975851062,61.56309702699947,41.54176723358971,15.751532115347326,27.486230212740274,38.93706597222222,23.47905585106383
ehristoforu_ruphi-4b,44,23.165389546099842,17.518185082248433,29.050500783091028,0.0,23.78700048320434,35.101508763227514,11.261635638297872
ell44ot_gemma-2b-def,44,25.802232655152864,28.07074118893425,31.576325454253617,1.6970868394516776,27.633812868712194,36.68661541005291,15.724734042553193
ewre324_Thinker-Qwen2.5-0.5B-Instruct-Reasoning,44,26.184863642340968,25.796386920038827,32.91595844959963,0.458260766150943,28.970491197840193,33.79894593253969,16.472739361702125
facebook_opt-1.3b,45,24.639049069134394,24.211425683852177,30.932233661018984,0.780248222488459,24.12785381797546,34.18174603174604,11.070478723404255
facebook_opt-30b,45,25.17801528844275,24.92458897946338,30.694542396686614,0.5951021401592036,26.273518497721515,36.02595899470899,11.63563829787234
failspy_Meta-Llama-3-70B-Instruct-abliterated-v3.5,44,45.075493674970296,81.10441406578988,57.46204242657056,11.500596467064982,29.68374780979647,39.78469742063492,44.522938829787236
failspy_Phi-3-medium-4k-instruct-abliterated-v3,44,49.07826306485271,64.69800130320881,63.039524619757714,13.156013371789113,32.28071302997897,46.00611772486772,43.99933510638298
fhai50032_Unaligned-Thinker-PHI-4,44,53.7718433517754,5.731570012012571,66.41480548799318,31.034798640882027,38.28913850411333,46.76234292328042,51.47107712765957
flammenai_Mahou-1.2a-mistral-7B,44,38.95482729661719,48.34777279839714,51.17101648356026,5.680155749936688,26.865813099558906,38.944097222222226,31.632313829787233
flammenai_Mahou-1.5-mistral-nemo-12B,44,42.32277847578983,69.15556279560455,55.2073493907711,4.754082892530377,27.108778618845736,45.17958002645502,36.02061170212766
fluently-lm_Llama-TI-8B,44,41.77448103694438,29.517070262459168,52.00284821841598,17.916611561219202,29.827323648108045,41.02163525132275,34.3999335106383
fluently-lm_Llama-TI-8B-Instruct,44,43.51787546789797,79.17226292902832,52.52020868074585,20.92046319886181,29.489783380303514,38.12459077380952,37.258976063829785
fluently-sets_FalconThink3-10B-IT,44,50.273265247658806,74.64726924560166,61.991340357996826,21.727264682340298,33.66265568184612,44.768654927248676,44.34840425531915
freewheelin_free-evo-qwen72b-v0.8-re,44,48.80657270030327,56.28620947973598,61.25738510449087,14.670538212165452,35.78008348614473,48.706812169312165,48.703457446808514
fulim_FineLlama-3.1-8B,44,34.87588805416383,14.418243593664808,45.68490846131743,4.205265743366487,28.92718998004233,38.66155340608466,31.673869680851062
gaverfraxz_Meta-Llama-3.1-8B-Instruct-HalfAbliterated-DELLA,44,30.757347512102196,40.883965655571664,39.85075566229137,0.827532069217148,27.33394611540585,36.472040343915346,16.539228723404257
gaverfraxz_Meta-Llama-3.1-8B-Instruct-HalfAbliterated-TIES,44,39.37177430797211,46.00598633847081,50.431988511328505,10.925550185260441,26.636908835944073,37.35664682539683,36.785239361702125
gbueno86_Brinebreath-Llama-3.1-70B,44,55.38288228962727,56.774580335731414,68.7973656390859,28.43923314437721,34.53686245475256,45.36421130952381,51.96143617021277
gmonsoon_gemma2-9b-sahabatai-v1-instruct-BaseTIES,44,48.84164113810236,75.78757696245961,60.771681168789996,16.956321282813505,32.17577538047337,47.77298693783069,43.46742021276596
godlikehhd_ifd_new_correct_all_sample_2500_qwen,44,32.31718408775572,34.83518176216882,40.179945667459485,7.4862401418763245,28.425386484321045,35.608002645502644,28.88962765957447
godlikehhd_ifd_new_qwen_2500,44,33.52574037630979,33.62866084212113,41.5839496180551,9.041636889036123,29.48797217882788,35.88351521164021,29.105718085106385
godlikehhd_qwen-2.5-1.5b-cherry,44,32.52381085005082,29.921718817182853,40.342992653561275,8.514360034574908,29.76946152281723,34.55282738095239,29.230385638297875
google_codegemma-1.1-2b,44,26.690827329526407,23.67939289972828,33.52035808720099,0.5455629619314748,27.025955145711855,38.69202215608466,12.782579787234042
google_gemma-1.1-2b-it,45,25.81423359281887,32.038712837493414,31.834776612241654,0.12436562698267462,26.83684406104708,33.92029596560847,14.835438829787234
google_gemma-2-27b-it,44,48.02004479114886,80.82714974046641,64.50231779619169,0.6144095151224973,37.78174950049951,40.30056630291005,44.514627659574465
google_gemma-2-2b,44,29.166126348756816,20.415829997739333,36.545642825438165,2.5609497177399696,25.639619515458445,42.287223048941804,21.800199468085108
google_gemma-2-2b-it,44,32.66428110719463,57.77747487776877,41.97760527494031,0.050157699991143216,26.97595096923956,39.25476603835979,25.498670212765955
google_gemma-2-2b-jpn-it,44,33.39221559025616,51.371527546908865,42.25406667453979,2.9274882836454363,28.507672766271764,39.616472387566134,25.78125
google_gemma-7b-it,25,36.44901189335022,,36.44901189335022,,,,
google_recurrentgemma-9b,44,31.22092027167919,31.459194936102875,39.11234314148808,4.263598780459795,28.356738630962624,38.40947833994709,26.08876329787234
google_recurrentgemma-9b-it,44,33.774880202655986,52.922744983310956,42.86030375577945,0.7290696609050098,28.507943689885806,43.8887359457672,25.772938829787233
grimjim_DeepSauerHuatuoSkywork-R1-o1-Llama-3.1-8B,44,43.82682128388717,50.52848663767692,52.68449030939173,19.9571141795269,34.1206967203192,44.07049851190476,39.56948138297872
grimjim_Gigantes-v2-gemma2-9b-it,44,46.07375819555598,74.20638350687287,59.86222164655188,4.106061064118538,35.6713715302222,45.93580522486772,42.594747340425535
grimjim_Gigantes-v3-gemma2-9b-it,44,46.22875191885086,70.47822001179094,59.83159527734768,5.196395228925306,36.25291794335419,46.068874007936515,42.262300531914896
grimjim_HuatuoSkywork-o1-Llama-3.1-8B,44,42.355362135217625,41.36230756614672,48.862172237336736,31.512974813760486,29.842463942191287,38.37900958994709,30.950797872340424
grimjim_Llama-3-Instruct-8B-SPPO-Iter3-SimPO-merge,44,38.98473677543544,46.81905122851811,49.60900768534524,8.854026211012409,28.545578792013355,40.410197585978835,36.253324468085104
grimjim_Llama-3.1-Bonsaikraft-8B-Instruct,44,41.71924494258899,44.08131535437085,52.858312305957526,11.565347766453755,30.599483011395762,42.34529183201058,37.64128989361702
grimjim_Llama-Nephilim-Metamorphosis-v2-8B,44,40.3230821678288,47.224974179621185,50.12903567619967,12.237536808033415,31.95295627657205,40.90028521825397,38.09009308510639
grimjim_Magot-v2-Gemma2-8k-9B,44,44.56947901197644,74.19014880517028,58.964292038109,0.0,35.77079962356808,43.42624834656085,42.229055851063826
grimjim_llama-3-Nephilim-v2-8B,44,39.260136834465555,42.40143929218917,50.47640270594016,8.430122761347766,29.370090724432167,38.93472222222222,36.41123670212766
grimjim_llama-3-Nephilim-v2.1-8B,44,39.499623788465414,41.84064947672177,50.94539033514971,8.243714833832405,29.078238479454928,39.33392857142857,36.44448138297872
grimjim_llama-3-Nephilim-v3-8B,44,39.2157788806427,45.29780981130068,50.11990832875705,8.7598505898523,28.925764066284206,39.87323495370371,36.12034574468085
gz987_qwen2.5-7b-cabs-v0.4,44,50.61663816990849,76.69056991006086,55.23247998374602,46.9344762880244,30.741594523578584,44.26684854497354,43.95777925531915
hotmailuser_FalconSlerp2-7B,44,46.55145714860136,63.70258691383307,55.359772943825,24.933671027391775,32.56181708625081,44.768654927248676,41.40625
hotmailuser_FalconSlerp3-7B,44,46.65922492795994,63.47153330939685,55.311236532069465,25.627449184177543,32.48504036045982,45.04416749338624,41.27327127659575
hotmailuser_Gemma2Crono-27B,44,52.41929947745132,72.68763547387599,65.04388568097272,21.720010350150982,36.57273614016483,45.660292658730164,46.32646276595745
hotmailuser_Gemma2atlas-27B,44,51.943075571613576,72.97365434824044,65.44019974390737,18.37881637765732,36.39753440770639,44.45095486111111,47.49833776595745
hotmailuser_Llama-Hermes-slerp-8B,44,40.43940087892449,36.79232214967397,53.097166325579806,6.5628283247010835,29.526881291247896,40.76956018518519,33.31117021276596
hotmailuser_LlamaStock-8B,44,42.866101319196694,44.12253930681702,53.283177149063896,15.683708701099643,33.101873483060565,41.287772817460315,38.06515957446808
hotmailuser_Qwen2.5-HomerSlerp-7B,44,47.720625387435064,47.798230916191265,56.31680790436482,30.484757395717367,32.064444108278,43.820767195767196,45.48703457446808
hotmailuser_QwenSlerp-14B,44,54.90998325051574,73.19972118423561,64.90826553774966,33.34954646858548,38.76278107612,46.33266782407407,53.99767287234043
hotmailuser_QwenSlerp-7B,44,47.50180426606622,49.769112621178465,56.35512190233063,28.647788663966022,32.408263634668835,44.082217261904766,45.08809840425532
hotmailuser_QwenSlerp2-14B,44,55.027130768231316,72.83252880135818,64.92139597938122,33.44163944565519,38.19864739799723,48.053187003968254,53.78989361702128
hotmailuser_QwenSparse-7B,44,23.195175403860798,11.87155635934875,28.94051750836743,0.0,25.670746630792767,35.61269014550265,11.220079787234043
hotmailuser_QwenStock-1.7B,44,34.05207035018904,34.07082097722931,41.864779652265184,7.032893297335874,28.878921053312833,44.10331101190476,29.54621010638298
hotmailuser_QwenStock1-14B,44,54.5628792004697,70.34208123334975,65.01766566987462,30.87631466761504,38.36780238311278,47.79642443783069,54.16389627659575
huihui-ai_DeepSeek-R1-Distill-Qwen-14B-abliterated-v2,44,28.827860261228093,42.90227706928727,34.85964723550012,0.0,28.075173335240443,46.96103670634921,19.148936170212767
iFaz_llama31_8B_en_emo_v4,44,37.78953656153456,30.713562237086485,49.15063425744435,7.856168761289039,29.864383146681806,36.41579034391535,30.48537234042553
iFaz_llama32_1B_en_emo_v1,44,27.078603401163328,45.37648993559312,33.78918262159877,1.4999385762200275,25.00017343767344,34.86349619708995,17.611369680851062
iFaz_llama32_3B_en_emo_2000_stp,44,37.37200397799723,75.52904072305925,45.3345191044282,13.657916143934596,28.1831531280986,35.248640046296295,30.975731382978722
iFaz_llama32_3B_en_emo_300_stp,44,37.42071981214906,74.91456003404299,45.035904413641745,14.888850590760688,27.278166115204705,36.18246527777778,31.482712765957448
iFaz_llama32_3B_en_emo_5000_stp,44,37.0617221129164,72.60147519692195,45.6707537460915,11.870380907884934,27.81895467507883,34.4431960978836,30.668218085106385
iFaz_llama32_3B_en_emo_v3,44,34.05384797736005,59.053921373067894,43.00664393705468,6.086511099392059,26.673621459170953,35.50774636243386,27.102726063829785
ifable_gemma-2-Ifable-9B,44,44.40575335815715,30.406211075501886,58.66013548555006,7.8118502381573975,34.266853462533,40.51279761904762,42.262300531914896
jayasuryajsk_Qwen2.5-3B-reasoner,44,39.14498524153328,43.78654193096539,46.50167527105326,18.963276070366785,30.35543845369768,41.20626653439153,34.82380319148936
jebish7_Llama-3-Nanda-10B-Chat,44,38.26052100706027,30.559969769101542,49.577961462963216,5.329780128010676,29.805133520003483,43.54994212962963,31.565824468085108
jebish7_Llama-3.1-8B-Instruct,44,41.022456369291014,52.60802448614121,50.88220426341054,13.392543975121013,32.1613672494545,39.97114748677249,37.77426861702128
jebish7_gemma-2-9b-it,44,44.37192937192982,15.84944613625181,59.48562055063707,3.9366849113499978,35.03569975885412,45.534255125661375,41.4311835106383
jeffmeloy_Qwen2.5-7B-minperplexity-2,44,41.75289953769591,51.97725368688414,55.22703143267695,0.07420792699153139,31.281151268567374,46.225380291005294,43.45910904255319
jeffmeloy_Qwen2.5-7B-nerd-uncensored-v0.9,44,46.26464899333536,62.82580220481655,54.69139763203308,23.35888815509566,32.94939906988984,48.186255787037034,43.63364361702128
jeffmeloy_Qwen2.5-7B-nerd-uncensored-v1.0,44,41.39532635171167,77.72720825188277,54.16649046653541,0.12436562698267462,28.70687582831039,45.4761863425926,42.536569148936174
jeffmeloy_Qwen2.5-7B-nerd-uncensored-v1.1,44,38.321745565514846,67.37329175476624,48.630414911510215,6.322957774101392,28.982779664407182,38.41182208994709,38.49734042553192
jeffmeloy_Qwen2.5-7B-nerd-uncensored-v1.2,44,39.57183579216827,51.98728263230451,49.44586265486717,9.59474173729173,31.062301442964195,41.71041666666667,39.68583776595745
jeffmeloy_Qwen2.5-7B-nerd-uncensored-v1.3,44,40.291013819359385,53.19252915597282,50.24909117101275,10.523353542252888,31.33350383769847,41.855204199735454,40.159574468085104
jeffmeloy_Qwen2.5-7B-nerd-uncensored-v1.5,44,46.15806273342358,58.89279334388312,55.21656995894196,20.395064018945323,33.44415273158982,49.79948743386243,44.4813829787234
jeffmeloy_Qwen2.5-7B-olm-v1.2,44,46.44074665620943,45.356487453290605,55.323852190497426,25.592371023743908,32.04965068954163,46.86494295634921,43.874667553191486
jeffmeloy_Qwen2.5-7B-olm-v1.3,44,46.863507418343474,44.713305141469085,55.308181225638634,27.505308019621133,32.785829592666836,46.99332423941799,44.69747340425532
jeffmeloy_Qwen2.5-7B-olm-v1.5,44,46.69149477075843,47.168734513313574,55.4318908547313,25.777674477533346,34.67662557427658,45.387123842592594,43.991023936170215
jiangxinyang-shanda_Homer-LLama3-8B,44,38.890404344685145,41.890572569670695,51.72109970223941,2.2406833839830274,29.442322568371225,40.54092261904761,31.39128989361702
jlzhou_Qwen2.5-3B-Infinity-Instruct-0625,44,36.09173787532182,36.547527227755694,47.73346095724508,1.750177455541648,27.350089496167517,39.777666170634916,31.98969414893617
johnsutor_Llama-3-8B-Instruct_breadcrumbs-density-0.1-gamma-0.01,44,39.378225377604245,46.20955730794293,50.34619759914259,3.582460411644923,32.329328832055346,46.35610532407407,37.39195478723404
johnsutor_Llama-3-8B-Instruct_breadcrumbs-density-0.1-gamma-0.1,44,39.31980017685435,45.74118893425001,50.180569127673365,7.736342779668319,29.67457831132328,41.47709160052911,37.24235372340425
johnsutor_Llama-3-8B-Instruct_breadcrumbs-density-0.5-gamma-0.01,44,37.715026369049504,34.04206394588581,48.82574596686381,0.0,30.37547050497973,50.964293981481475,33.444148936170215
johnsutor_Llama-3-8B-Instruct_breadcrumbs-density-0.5-gamma-0.1,44,40.139544839334036,46.579243075040885,51.39195769115127,6.6133993121376,30.433408582003384,43.963210978835974,36.959773936170215
johnsutor_Llama-3-8B-Instruct_breadcrumbs-density-0.7-gamma-0.01,44,37.37717400558315,29.891742797998198,48.53383067976157,0.0,29.06884025277482,51.620262896825395,32.95378989361702
johnsutor_Llama-3-8B-Instruct_breadcrumbs-density-0.7-gamma-0.1,44,39.98311090008112,45.30279657974175,51.561250623140744,5.721725716631637,30.490153256512315,43.30021081349207,36.627327127659576
johnsutor_Llama-3-8B-Instruct_breadcrumbs_ties-density-0.1-gamma-0.01,44,39.30380222818247,46.95020323851824,50.40027587267063,4.051277749625464,31.113189685966535,45.29624255952381,37.624667553191486
johnsutor_Llama-3-8B-Instruct_breadcrumbs_ties-density-0.5-gamma-0.01,44,38.34955503437838,36.65368998701224,49.82634269912869,1.0528254491339777,29.622611029909685,49.103674768518516,35.31416223404255
johnsutor_Llama-3-8B-Instruct_breadcrumbs_ties-density-0.5-gamma-0.1,44,39.87875002273408,43.86649645163721,51.358104019177134,6.483957597368622,29.247664388184525,43.556973379629625,36.6938164893617
johnsutor_Llama-3-8B-Instruct_breadcrumbs_ties-density-0.7-gamma-0.01,44,38.13446495133043,31.577880025000333,49.66109750749937,0.5270065413686519,29.923400262116708,49.89739996693122,34.89860372340425
johnsutor_Llama-3-8B-Instruct_breadcrumbs_ties-density-0.9-gamma-0.01,44,37.744206306830456,31.319343785599983,49.17086191769261,0.0,30.13107907193478,49.75964368386243,34.54122340425532
johnsutor_Llama-3-8B-Instruct_breadcrumbs_ties-density-0.9-gamma-0.1,44,39.88090250277601,44.37481438139692,51.378920560223115,6.586962368646193,29.310726733650387,43.16011078042328,36.24501329787234
johnsutor_Llama-3-8B-Instruct_linear,44,39.40862445056892,46.85152063192329,50.31035438129312,8.192922572080096,29.207600285620423,40.94716021825396,37.117686170212764
johnsutor_Llama-3-8B-Instruct_ties-density-0.1,44,38.956167707193096,43.561749491349616,50.205526719782924,6.561151865138035,28.522927424458466,41.71979166666667,36.003989361702125
johnsutor_Llama-3-8B-Instruct_ties-density-0.7,44,36.90350199695794,40.01842887981667,47.37028753964461,5.5611858690217435,31.126557190944776,38.79462218915344,31.524268617021278
kayfour_T3Q-Qwen2.5-7B-it-KOR-Safe,44,48.48619059295054,63.62889355798171,55.49016835606042,35.65281895107235,32.785829592666836,42.76090443121693,44.63929521276596
keeeeenw_MicroLlama,44,24.218386271543544,20.278416822918746,30.06375710464325,0.0,26.139535857971264,36.96212797619047,11.377992021276597
kevin009_llamaRAGdrama,44,31.672952464988185,26.05990992788025,40.06298711166968,3.1296140244094426,25.76243113942359,43.148392030423274,27.235704787234045
khoantap_llama-3-8b-stock-merge,44,41.420655313036384,50.17254218806101,51.61979672581323,14.061294125320833,31.56275497666018,39.448247354497354,37.99867021276596
khoantap_llama-linear-0.5-0.5-1-merge,44,45.02064226490845,49.94896873628638,56.42948371457751,17.696860995669635,30.916605940200736,41.4208416005291,38.3311170212766
khoantap_llama-linear-0.5-1-0.5-merge,44,45.938704039463026,53.26871589604472,59.508195080765944,13.204045128399795,29.466438262054872,41.70572916666667,36.90159574468085
khoantap_llama-slerp-merge,44,43.818378316104756,51.33656475928314,57.82195301770504,7.349076937759209,30.431521428794916,40.51748511904762,36.77692819148936
khulaifi95_Llama-3.1-8B-Reason-Blend-888k,44,37.67022198748801,60.40156783999786,47.897181102348085,9.680745200501665,28.16123392360808,33.77785218253969,31.00066489361702
kms7530_chemeng_llama-3-8b-Instruct-bnb-4bit_24_1_100_1,44,33.6712942888456,57.698794753476335,42.88698143352604,2.9412768930662745,26.883572709914993,38.17849702380952,27.98371010638298
kms7530_chemeng_qwen-math-7b_24_1_100_1_nonmath,44,35.291800181266176,27.676066171092707,38.912825954053986,26.420007086298813,28.958317095376657,40.83752893518518,24.517952127659576
langgptai_Qwen-las-v0.1,44,30.19975874835384,35.092443605189786,38.915458258637464,1.673994099981472,24.97420900315196,36.98322172619047,23.25465425531915
langgptai_qwen1.5-7b-chat-sa-v0.1,44,33.718923093348465,45.703677353865515,43.241024389333404,2.674796098607369,30.79390868033905,35.498371362433865,29.928523936170215
lars1234_Mistral-Small-24B-Instruct-2501-writer,44,56.40510577263155,69.38162963159972,67.32402021208695,34.09781593290714,38.886286450778904,46.44698660714286,54.47972074468085
lemon07r_Gemma-2-Ataraxy-9B,44,43.75576002873904,30.46865649809173,59.31019228803586,0.6643375996947208,33.44091561635605,44.227004794973546,42.262300531914896
lemon07r_Gemma-2-Ataraxy-Advanced-9B,44,43.43208060730875,57.32035443733737,58.888803754695694,0.10031539998228643,33.749101557931255,37.597003141534394,42.43683510638298
lemon07r_Gemma-2-Ataraxy-v3j-9B,44,40.91977857449632,42.72740772262043,56.32373021357937,0.050157699991143216,32.61532464552599,31.788851686507936,41.339760638297875
lemon07r_Gemma-2-Ataraxy-v4-Advanced-9B,44,46.34438550656697,71.23510064406885,60.23404314154691,5.460602517061313,34.20748947175122,45.795705191798945,43.66688829787234
lemon07r_Gemma-2-Ataraxy-v4b-9B,44,46.88526507403046,69.90995004366192,60.38869420591998,8.275759305760415,34.14966575883103,45.53659887566137,43.56715425531915
lemon07r_Gemma-2-Ataraxy-v4c-9B,44,48.49256956713104,70.51944396423711,60.84098751122743,15.982307821972555,33.555484003785175,45.26811755952381,43.94946808510639
lemon07r_Llama-3-RedMagic4-8B,44,34.541840659054124,51.24164993328812,42.54249967807021,7.735494560181058,29.04846132614589,37.63919064153439,36.760305851063826
lemon07r_llama-3-NeuralMahou-8b,44,34.386858393527376,51.99226940074557,41.82135827077245,8.788402236745545,28.583023578304616,38.70139715608466,36.90159574468085
lightblue_suzume-llama-3-8B-multilingual,44,39.00923033528025,68.16513517466987,49.49072877792819,7.463891092799035,28.333740388060857,39.74719742063492,33.834773936170215
lightblue_suzume-llama-3-8B-multilingual-orpo-borda-half,44,36.69060420239967,64.16469412270554,47.06488740201678,7.023929445327173,24.630004189043618,35.13197751322751,36.13696808510639
lightblue_suzume-llama-3-8B-multilingual-orpo-borda-top25,44,38.12481602319455,68.73839191123996,48.63771926043192,7.867681022030004,26.64141530542537,35.64081514550265,36.843417553191486
lkoenig_BBAI_200_Gemma,44,26.633970677973203,7.12792058405032,34.47795199741027,0.0,26.90768840359864,36.29444031084656,16.788563829787233
lkoenig_BBAI_456_QwenKoen,44,47.981470989028786,48.12298035878136,55.51816662953307,34.55844703663258,31.927224353293987,43.942117228835976,44.68916223404255
lkoenig_BBAI_7B_KoenQwenDyan,44,48.280437648249034,60.11056219719233,55.354131418353894,35.07405483485048,32.52880281770802,43.67832341269842,44.597739361702125
lkoenig_BBAI_7B_Qwen2.5koen,44,47.809622708536,48.85985850875677,55.4299562812678,33.92240839978634,31.927224353293987,43.68066716269842,44.847074468085104
lkoenig_BBAI_7B_QwenDyanKoenLo,44,48.08116623465877,49.84280597702983,55.614523892530784,34.5570463870475,32.50507241174188,43.41921709656085,44.64760638297872
llmat_Mistral-v0.3-7B-ORPO,44,30.573300205959804,39.070444199169316,39.77346177490482,0.4801087915207409,26.455579748364983,35.52649636243386,22.78091755319149
magnifi_Phi3_intent_v56_3_w_unknown_5_lr_0.002,44,26.291063447103298,20.363358112031634,32.79930999060666,0.0,26.14442761517007,41.20626653439153,14.71908244680851
maldv_badger-lambda-llama-3-8b,44,38.56122302968306,49.59551767089101,49.62829497101298,7.690629225879038,28.03926882681077,37.510809358465615,37.66622340425532
marcuscedricridia_Hush-Qwen2.5-7B-MST,44,48.35434887051509,76.08606275792675,54.56992961450637,40.12809778102946,29.78436930565706,39.107634755291,41.63065159574468
marcuscedricridia_Hush-Qwen2.5-7B-MST-v1.3,44,50.187209955640164,71.33001547006388,55.149253162379864,45.77729817092426,31.29571217606033,43.0762607473545,44.39827127659575
marcuscedricridia_Hush-Qwen2.5-7B-Preview,44,47.980899010612035,80.82714974046641,54.29895778377231,35.398972945258755,31.209998463039568,42.950223214285714,43.64195478723404
marcuscedricridia_Hush-Qwen2.5-7B-RP-v1.4-1M,44,46.426177156439294,78.17684853965257,52.94670292263442,32.073114229346224,29.34408787754006,44.29028604497355,41.34807180851064
marcuscedricridia_Hush-Qwen2.5-7B-v1.1,44,48.77613456411046,80.09775174315261,53.82500967043522,41.881844794862445,31.76149679924848,41.76197916666667,42.27061170212766
marcuscedricridia_Hush-Qwen2.5-7B-v1.3,44,46.470334697943436,79.9940823681166,53.257251170322874,30.908796741436344,31.065728874034242,42.42966683201058,43.450797872340424
marcuscedricridia_Qwen2.5-7B-Preview,44,46.970724348670615,77.95078170365741,53.590340253546266,32.866318477060716,32.26148909349413,41.369804067460315,42.578125
marcuscedricridia_Yell-Qwen2.5-7B-Preview-v1.1,44,43.124360744887994,60.1392638199976,53.47190455533494,17.33755203875408,28.251839393827648,40.56436011904761,38.31449468085106
mattshumer_Reflection-Llama-3.1-70B,44,48.6875530423263,0.5283204120622171,64.49745382709327,11.607613435729126,36.42503912008945,45.73294890873016,49.55119680851064
meditsolutions_Llama-3.2-SUN-1B-chat,44,28.59140861186788,55.726694060647965,35.30741147623125,3.912917835537707,25.95855364573905,32.99818948412698,18.99933510638298
meditsolutions_Llama-3.2-SUN-2.4B-checkpoint-34800,44,25.86789141265074,25.891301746033857,31.600745835184096,0.14076761877326746,28.725367601730856,40.22087880291005,13.572140957446807
meditsolutions_Llama-3.2-SUN-2.5B-chat,44,28.278306094267524,57.47023453326064,35.73734168054197,1.2365646840802749,26.388357808764685,31.53443287037037,18.13497340425532
meta-llama_Llama-2-13b-hf,45,31.965423357383443,26.09864049610589,41.25154019245944,1.0441252283223579,27.157741296268984,35.36061507936508,23.778257978723406
meta-llama_Llama-2-70b-chat-hf,45,26.307544945643706,53.94187422705089,30.416569716733626,0.8943777216506983,26.164806541798992,36.843121693121695,24.32679521276596
meta-llama_Llama-2-70b-hf,45,41.189953425939535,24.797204750063166,54.721218424321314,2.417201331812646,29.96939674792024,41.210954034391534,37.175864361702125
meta-llama_Llama-2-7b-chat-hf,45,25.98881218120165,45.30778334818282,31.107858582053264,0.7511161776842087,24.60900746345377,36.8595279431217,16.7719414893617
meta-llama_Llama-3.1-70B,44,48.926913992706226,17.437011573735468,62.60525641673594,15.921175799071452,39.04427042010934,45.69779265873016,46.54255319148936
meta-llama_Llama-3.1-70B-Instruct,44,50.72302857616787,86.50619245823304,68.09320843485155,2.5531156717706933,31.76184367459535,45.494936342592595,53.37433510638297
meta-llama_Llama-3.1-8B-Instruct,44,40.965729245415325,51.013089713072425,50.86640638322959,13.704970264154243,31.663994271481688,39.70735367063492,37.982047872340424
meta-llama_Llama-3.2-1B,44,24.241643017497484,14.990225933855502,31.139455871762355,0.19857355397420598,22.932825761579956,34.4525710978836,12.034574468085106
meta-llama_Llama-3.2-3B-Instruct,44,37.18520026906856,76.7617698816917,45.645947641422865,11.973141383771805,26.550848247576436,35.78794642857143,31.549202127659576
meta-llama_Meta-Llama-3-70B,45,50.5056149910003,16.987371285965683,64.61267269440661,15.420722093361071,39.99633295721802,45.163173776455025,47.09109042553192
meta-llama_Meta-Llama-3-70B-Instruct,45,52.39332688431361,83.92958461327056,65.45827809876683,21.937653353413513,28.490260031262547,41.5028728505291,52.06948138297872
meta-llama_Meta-Llama-3-8B-Instruct,45,39.51868918413439,77.29507706219498,49.88017034633809,7.806877609147711,25.835048271080147,35.657221395502646,36.643949468085104
microsoft_Phi-3-medium-128k-instruct,44,49.56104441658221,62.11762567764643,63.81499339755498,15.03255463746743,33.504324837168795,41.25548528439153,47.116023936170215
microsoft_Phi-3-medium-4k-instruct,45,50.56982163382193,65.71591155910761,64.11199761345407,15.781666135482238,33.82622515906912,42.54632936507936,46.75864361702128
microsoft_Phi-3-mini-128k-instruct,45,43.502335186379725,61.32827564196332,55.739424668153944,8.139831019435174,32.47837581415602,39.347991071428574,37.34208776595745
microsoft_Phi-4-mini-instruct,44,45.29179317849984,75.64894479979787,56.877809348876355,15.628664958569017,31.288201102588687,38.70374090608466,39.32014627659575
microsoft_phi-1,45,24.918374967281164,21.25510312637136,31.383888416470217,0.7357661714954403,26.101012033268745,35.2345775462963,11.619015957446809
microsoft_phi-1_5,45,27.016178463213343,20.510744823734363,33.586087451647316,1.1550416136447728,26.642879631554127,34.02992724867725,16.913231382978726
microsoft_phi-4,44,53.61572441977863,5.259433857719739,67.02779608643397,25.29630939641587,40.11209474716186,50.31770006613756,52.95046542553191
migtissera_Tess-3-Mistral-Nemo-12B,44,37.320182758081884,34.81268589564578,48.98828849600264,4.453092403826482,24.59409968061394,44.544704861111114,25.648271276595747
minghaowu_Qwen1.5-1.8B-OpenHermes-2.5,44,26.79650026360812,28.675248341068365,33.73797470807322,0.15439934473843664,28.454973321793787,35.262702546296296,17.918882978723406
mistral-community_Mixtral-8x22B-v0.1,45,33.603772917131316,32.47239263803681,37.99999999999999,15.42857142857143,33.0,35.333333333333336,36.0
mistralai_Codestral-22B-v0.1,44,40.28808430477323,59.60096987105325,51.37077779868646,8.215647939377495,29.343394126846313,41.85286044973545,31.55751329787234
mistralai_Mistral-7B-Instruct-v0.1,45,30.246486066231554,46.509262091251216,37.790496278457695,1.5363269182456099,22.843257134364514,38.18318452380952,23.8031914893617
mistralai_Mistral-7B-Instruct-v0.3,45,36.935524823346135,56.565967189279995,47.21107557103015,3.076092786838036,27.376168294792457,37.36836557539683,30.751329787234045
mistralai_Mistral-7B-v0.3,25,45.16635226441556,,45.16635226441556,,,,
mistralai_Mistral-Large-Instruct-2411,44,51.16820233950686,85.71185565410889,67.44790852458794,1.1400248103119546,43.01215917983955,45.35952380952381,55.618351063829785
mistralai_Mistral-Nemo-Instruct-2407,44,37.48285507005437,64.66303851558311,48.84568480813316,0.20063079996457286,31.63429306990549,39.105291005291,33.73503989361702
mistralai_Mistral-Small-Instruct-2409,44,41.80313304226235,68.71966382531683,52.10835725534376,13.238335251788374,32.52329326154829,36.30147156084656,39.602726063829785
mistralai_Mixtral-8x22B-Instruct-v0.1,45,49.670170824834074,73.50945491296427,61.24329942760453,17.194839582257128,37.9804913230878,43.08094824735449,44.830452127659576
mistralai_Mixtral-8x22B-v0.1,45,48.87665503878903,26.389646138911427,62.39546887504006,15.875197665263352,37.81880899907326,40.36332258597884,46.392952127659576
mistralai_Mixtral-8x7B-v0.1,45,40.066390157492535,23.78926803104651,50.4375928486656,8.125169483784218,31.646196248754975,43.19292328042328,38.347739361702125
mkurman_llama-3.2-MEDIT-3B-o1,44,35.12716342059657,45.52010886669592,43.99752683136953,10.475684726732688,26.46964100403698,35.63612764550265,27.410239361702125
mkurman_phi-4-MedIT-11B-exp-1,44,41.49714944689868,61.511899537671155,54.129041597446616,6.659715269495678,29.28256580993578,38.44932208994709,38.24800531914894
mkxu_llama-3-8b-po1,44,38.46961824069701,45.69370381698339,49.74785513133824,6.47177316800494,29.632627055550714,38.02199074074075,35.621675531914896
mlabonne_BigQwen2.5-52B-Instruct,44,54.44931753775304,80.91458441379983,71.19726373168379,16.872538648716517,29.671226831986058,41.098979001322746,55.19448138297872
mlabonne_ChimeraLlama-3-8B-v2,44,39.040015474238686,47.379841043985515,50.45196831473804,7.923226223418204,28.17506266803666,37.88892195767196,35.68816489361702
mlabonne_OrpoLlama-3-8B,45,34.50513474077503,38.318550335332475,44.229881453649426,3.4314055191816615,28.17124994924911,35.77388392857143,27.05285904255319
mlabonne_phixtral-2x2_8,45,36.830033772722885,35.14740887511802,48.88155436305509,2.5450225579909795,26.281647370154083,36.42047784391534,25.506981382978722
mlx-community_Josiefied-Qwen2.5-0.5B-Instruct-abliterated-v1-float32,44,26.00240529755245,34.75395284511762,32.91713903428297,0.7984087078775577,25.520544658548015,32.470601851851846,16.3813164893617
mlx-community_Mistral-Small-24B-Instruct-2501-bf16,44,55.16785104412093,66.31166416220073,67.12542724481844,28.07788040167901,39.74597072856301,46.17850529100529,53.94780585106383
mmnga_Llama-3-70B-japanese-suzume-vector-v0.1,44,51.21322456723028,47.06633953465693,65.4088116386714,22.80946930991814,28.423499331112584,41.372147817460316,52.24401595744681
mobiuslabsgmbh_DeepSeek-R1-ReDistill-Llama3-8B-v1.1,44,33.10196927985853,37.861429894901086,34.71378569893631,31.23200120067492,27.51435272408427,33.93201471560847,21.98304521276596
mobiuslabsgmbh_DeepSeek-R1-ReDistill-Qwen-7B-v1.1,44,35.291472995989295,35.09621138578971,36.9722129834825,33.74285078427144,26.14142301117972,40.05317873677249,23.262965425531913
monsterapi_Llama-3_1-8B-Instruct-orca-ORPO,44,23.07636871315507,22.72891483486039,28.64061735582083,0.0,24.702003521739258,34.4338210978836,11.67719414893617
monsterapi_gemma-2-2b-LoRA-MonsterInstruct,44,28.816529726745777,39.73861576173442,36.48604143408213,0.8795427608784392,27.15539290361019,36.422821593915344,19.872007978723406
mukaj_Llama-3.1-Hawkish-8B,44,38.03954640762962,68.58978621169607,48.83019472648209,3.8901334468006277,29.1700411352257,39.642253637566135,33.31117021276596
natong19_Mistral-Nemo-Instruct-2407-abliterated,44,39.23805122098996,66.06686924028246,50.47169437747845,5.228801353960457,28.63083126558378,40.30291005291004,35.1811835106383
natong19_Qwen2-7B-Instruct-abliterated,44,42.94899445907362,60.07305061680784,55.51501112404213,9.153762180216205,29.77577919377416,40.309941302910055,38.42253989361702
nazimali_Mistral-Nemo-Kurdish-Instruct,44,35.769290907373325,50.140017376117584,46.9842232320984,0.40092263416237806,28.256963662269868,39.76125992063492,30.626662234042552
nbeerbower_Dumpling-Qwen2.5-1.5B,44,32.76612594962416,37.91761415267047,41.58116429668351,5.3114201074740155,26.61949610093486,37.249359292328045,27.71775265957447
nbeerbower_Dumpling-Qwen2.5-14B,44,52.42280962609834,61.431945016999336,64.49657200843987,28.97200210161547,29.584780955900918,43.50124834656084,51.70378989361703
nbeerbower_Gemma2-Gutenberg-Doppel-9B,44,44.889179880460375,72.73135281054269,58.696439428742366,3.096603055241189,32.81930510065996,46.06653025793651,41.27327127659575
nbeerbower_Gutensuppe-mistral-nemo-12B,44,42.73942839810655,33.09657264945899,54.857237821848855,10.231795035422051,33.8926389838722,42.891629464285714,36.80186170212766
nbeerbower_Hermes2-Gutenberg2-Mistral-7B,44,38.65656928362494,38.338552817634984,49.80144184438464,4.911062994068158,29.364390852436152,46.213661541005294,29.928523936170215
nbeerbower_Llama-3.1-Nemotron-lorablated-70B,44,50.60460852985057,76.05985451934203,63.78767024727645,21.260588859349916,25.886207437696534,44.297317294973546,49.11070478723404
nbeerbower_Mahou-1.5-mistral-nemo-12B-lorablated,44,42.26380989065227,70.18095320416495,54.945636320868154,5.056355623999366,27.325394415893577,45.18895502645503,35.73803191489361
nbeerbower_Mistral-Gutenberg-Doppel-7B-FFT,44,32.65952849933606,59.143849430621856,40.76022880507098,2.2678871313326425,28.10267804762352,40.56436011904761,27.28557180851064
nbeerbower_Mistral-Nemo-Moderne-12B-FFT-experimental,44,38.69262400429807,33.704847582193025,52.326061883566055,1.9726701161530853,28.747210854488536,37.120978009259254,34.54953457446808
nbeerbower_Mistral-Nemo-Prism-12B,44,42.59481884001753,70.37704402097546,54.73849441508282,5.004941278185451,31.14431680130086,46.237099041005294,35.812832446808514
nbeerbower_Mistral-Nemo-Prism-12B-v2,44,42.756424416509006,71.32126092102288,54.903571819224965,5.627046801376104,30.702609459425734,45.97330522486772,35.671542553191486
nbeerbower_Mistral-Small-Drummer-22B,44,46.12308630204423,64.74421202409606,57.92475432439548,15.319439161893817,34.521260921218975,40.6294601521164,40.949135638297875
nbeerbower_Mistral-Small-Gutenberg-Doppel-22B,44,46.603537725783006,51.12047146017012,58.580067318344376,17.910262151836825,34.687449714714816,39.70032242063492,41.24002659574468
nbeerbower_Qwen2.5-Gutenberg-Doppel-14B,44,47.26637127066961,81.95620952406281,63.81074899876177,0.0,33.166822981734896,40.972941468253964,49.210438829787236
nbeerbower_Stella-mistral-nemo-12B-v2,44,42.677635315102684,36.387618186412055,54.827657854459545,9.532330907247616,33.84437005714271,43.0270419973545,36.843417553191486
nbeerbower_gemma2-gutenberg-27B,44,29.355979461905495,30.246412851234727,37.96068226989227,0.0,26.86246162022169,37.24701554232804,19.822140957446805
nbeerbower_gemma2-gutenberg-9B,44,44.10136146391499,28.26422780444775,59.50396048339244,1.2631617302987126,33.677910340032824,45.93814897486772,41.921542553191486
nbeerbower_mistral-nemo-cc-12B,44,40.16209509955073,15.613461171912746,53.98812439059542,1.5647424591134786,31.74516310265052,44.22231729497354,35.979055851063826
nbeerbower_mistral-nemo-gutenberg-12B-v3,44,41.11258097968532,24.880816234258436,54.40216187467456,4.183727210482452,31.58791129638445,44.4884548611111,36.44448138297872
nbeerbower_mistral-nemo-gutenberg2-12B-test,44,40.984042280662706,37.08576576816181,52.539265793336966,9.41112239169756,31.888700528591468,41.563285383597886,35.546875
nbeerbower_mistral-nemo-kartoffel-12B,44,42.714225595030065,71.83833339982358,54.82323419178097,5.259134572834498,30.776766868943884,46.50323660714285,35.846077127659576
nbeerbower_mistral-nemo-wissenschaft-12B,44,39.53747756311595,66.4777789598266,50.39075754299609,6.10973203456352,29.03771313744049,41.75026041666666,35.32247340425532
necva_IE-cont-Llama3.1-8B,44,23.537944669909045,20.490742341431844,29.103564494469225,0.0,25.98228405170519,35.74341517857143,11.668882978723403
neopolita_jessi-v0.1-bf16-falcon3-7b-instruct,44,48.2365769586448,76.3046494412603,55.146123993961396,32.94110007689222,30.361756124654615,48.223755787037035,39.23703457446808
neopolita_jessi-v0.1-qwen2.5-7b-instruct,44,45.65393416398233,65.1563961400196,54.247699965581766,23.775526837775423,33.241712554317424,42.87287946428572,43.118351063829785
neopolita_jessi-v0.2-falcon3-10b-instruct,44,49.61458088000931,79.43079916842865,62.03901545999716,18.850582325465982,32.91384143680704,42.791373181216926,43.54222074468085
neopolita_jessi-v0.2-falcon3-7b-instruct,44,43.814378071272344,59.593489718391645,53.60949702983604,16.875732570068045,31.47665597592192,44.768654927248676,39.045877659574465
netcat420_DeepSeek-R1-MFANN-TIES-unretrained-7b,44,24.75786189945683,27.387553912507702,30.849600308492107,0.8044273980245789,25.39072161293219,35.250983796296296,11.45279255319149
netcat420_MFANN-Llama3.1-Abliterated-SLERP-TIES-V3,44,38.2015086663631,44.34234497799173,49.13676665189979,7.20861184618167,30.277121450045108,37.38008432539682,34.89860372340425
netcat420_MFANN-Llama3.1-Abliterated-Slerp-TIES,44,38.06625511081171,45.13917516633643,49.67318896049364,5.630472021969464,28.749906122494213,36.8454654431217,35.31416223404255
netcat420_MFANN-Llama3.1-Abliterated-Slerp-V3.2,44,38.15014232530371,43.36316529031858,49.77908338708558,5.909026570558811,28.225104383871162,37.51549685846561,35.27260638297872
netcat420_MFANN-llama3.1-abliterated-v2,44,38.18779026324318,47.760774744345,49.4059282906191,6.187175829980224,28.5147985520259,38.43057208994709,34.90691489361702
netcat420_MFANN-phigments-slerp-V3.3,44,36.76475817244019,37.94387779979344,48.93824504706455,2.2863681391289115,27.475482024034882,38.91362847222222,28.02526595744681
netcat420_Qwen2.5-Coder-Scholar-7B-Abliterated-MFANN,44,39.31947882589673,58.105936692420556,50.695973593090486,5.727360186713562,29.721924759152106,40.557328869047616,31.565824468085108
netcat420_Qwen2.5-DeepSeek-R1-MFANN-Slerp-7b,44,28.650712479269313,28.059493255672724,37.87851547088251,0.20249979873921295,22.76339985285036,35.2556712962963,16.7719414893617
netcat420_qwen2.5-MFANN-7b-SLERPv1.1,44,41.23985898889986,66.65636067855512,50.7305601301505,14.717350445129599,29.088872304056867,41.23204778439153,34.48304521276596
newsbang_Homer-v1.0-Qwen2.5-72B,44,62.699428525043984,79.39832976502346,73.09093040212025,46.30257417509155,41.927539916738745,46.75296792328042,61.45279255319149
newsbang_Homer-v1.0-Qwen2.5-7B,44,47.701205284566974,66.11806672961077,56.5421325172655,27.584833117867984,32.71167218314869,42.767935681216926,45.34574468085106
nhyha_N3N_gemma-2-9b-it_20241110_2026,44,45.868579937846796,63.633880326422776,58.66797942540063,11.790199426445449,34.3995667480357,40.6997726521164,40.20113031914894
nhyha_merge_Qwen2.5-7B-Instruct_20241023_0314,44,45.77503032433097,59.895743294458704,55.57677396763743,20.97655479126857,32.765450666037914,42.49476686507937,45.42054521276596
nisten_franqwenstein-35b,44,54.72506543446425,40.10082137617078,66.45183985237314,28.518409245370435,40.75516322789813,49.386218584656085,57.30551861702128
nisten_tqwendo-36b,44,54.27794952507759,70.45699854164728,64.31249145959217,37.195681118183145,33.52651496527335,44.26684854497354,43.80817819148936
nlpguy_Mistral-NeMo-Minitron-Upscale-v3,44,24.702848357408485,14.31706760284933,30.512359612358008,0.0,25.915523351555226,40.95653521825396,11.710438829787234
noname0202_gemma-2-2b-it-ties,44,31.666535105067933,12.961830166181286,42.04217862682208,0.12436562698267462,26.632131442848728,39.25476603835979,25.606715425531917
noname0202_gemma-2-9b-sft-jp-en-zh-v1,44,34.95941975807375,30.42754336272202,45.1904312421974,2.282674430336667,30.725260826980627,40.78596643518518,31.25
noname0202_gemma-2-9b-sft-jp-en-zh-v2,44,34.663932949366604,40.495496394012335,45.139222658219595,2.2083157847940944,28.959396133787912,36.11449652777778,36.75199468085106
noname0202_llama-math-1b-r16-0to512tokens-test,44,28.560427590377756,56.615945690767155,34.873975566387514,5.796209143467573,26.455926623711857,31.410739087301586,17.278922872340424
noname0202_llama-math-1b-r32-0to512tokens-test,44,28.705744068036616,58.51562742412355,34.940322971791886,5.802060640379877,26.39286427824599,32.0737392526455,17.6030585106383
noname0202_llama-math-1b-r32-test,44,28.520962150136164,59.59099633417111,34.85108773513614,5.448035756065409,25.86436418493885,31.543807870370372,17.810837765957448
notbdq_Qwen2.5-14B-Instruct-1M-GRPO-Reasoning,44,46.51421035409781,85.04739646360545,61.97403526068296,0.5235699809214533,34.22940867624173,41.766666666666666,48.49567819148936
nvidia_Mistral-NeMo-Minitron-8B-Base,44,39.75342729446542,20.287171371959733,52.76763682579983,4.026479266598195,31.416945109793264,41.4349041005291,37.824135638297875
oopere_Llama-FinSent-S,44,25.514442776852963,22.06694902857751,31.552133417297618,1.7457558746381414,25.544275064514153,38.29984705687831,11.303191489361703
oopere_pruned20-llama-1b,44,24.224635465128227,20.619400967211444,30.30226306836672,0.2895166756122805,24.77878024753025,36.29678406084656,11.228390957446809
oopere_pruned20-llama-3.2-3b,44,25.5460671181144,19.085637220353107,32.47356430990838,0.5118072537309244,26.97252353816951,34.17002728174604,12.799202127659576
oopere_pruned40-llama-1b,44,24.452284421041316,23.480808698697235,29.676614320010593,0.10413805731026277,24.416007708268612,42.83121693121693,10.821143617021276
oopere_pruned40-llama-3.2-1B,44,24.787685791268743,23.467067381215173,29.810168911227393,0.7126423080157158,25.233469806666115,43.48952959656085,11.14527925531915
oopere_pruned60-llama-1b,44,24.47096580113074,18.6772208850295,30.142056900869285,0.0,24.842921631407368,40.84456018518519,11.727061170212766
orai-nlp_Llama-eus-8B,44,34.12297813323889,22.5078347673063,44.17943374680846,4.036643683825594,28.387980110400413,39.179766038359794,30.576795212765955
pankajmathur_orca_mini_phi-4,44,55.48572013822761,78.8999853721459,68.55917895029053,24.25915231917224,38.06693719917293,47.01207423941799,52.55152925531915
princeton-nlp_Llama-3-8B-ProLong-64k-Base,44,35.79024478424432,12.933183951914254,47.02210428116583,5.353656790014436,27.648796603284858,39.168047288359794,32.8623670212766
princeton-nlp_Llama-3-8B-ProLong-64k-Instruct,44,38.223908986932905,42.16163113871195,49.93104344531672,5.238654463100712,26.4233735946194,41.563285383597886,32.13098404255319
princeton-nlp_Llama-3-Base-8B-SFT-DPO,44,35.92103938619716,43.02716791446694,46.65434252775009,2.516659347600456,30.549517247294094,38.66155340608466,30.784574468085108
princeton-nlp_Llama-3-Base-8B-SFT-IPO,44,35.86036910229984,46.659142187174474,46.89586130641702,1.1090955884162264,29.658976777789697,39.18445353835979,31.15026595744681
princeton-nlp_Llama-3-Base-8B-SFT-KTO,44,35.9014855463634,47.732017713001504,46.919807630677596,1.076778257508881,30.692593433784708,38.4047908399471,30.543550531914892
princeton-nlp_Llama-3-Base-8B-SFT-ORPO,44,36.58030243019611,48.175396835950835,47.33759408908695,3.791292376337669,31.17887134770524,37.06004050925926,30.826130319148938
princeton-nlp_Llama-3-Base-8B-SFT-RDPO,44,36.24407266368912,46.71410745710271,46.61265126892059,3.401054716764566,30.23609267317321,40.25837880291006,30.144614361702125
princeton-nlp_Llama-3-Base-8B-SFT-RRHF,44,34.719667113958415,34.408037340922085,45.1951451632269,2.711849765806516,30.491579170270445,37.20951554232804,28.88962765957447
princeton-nlp_Llama-3-Base-8B-SFT-SLiC-HF,44,36.640989040211934,50.6083857498105,47.036573057941695,4.371280419292066,28.238471888849404,40.90028521825397,30.634973404255316
princeton-nlp_Llama-3-Instruct-8B-CPO-v0.2,44,39.54146491197566,78.28550468312966,50.262626840754386,9.241291570282382,26.059060777496178,36.17074652777778,37.0595079787234
princeton-nlp_Llama-3-Instruct-8B-DPO,44,38.272591501413764,70.93534045222232,49.90783051096296,2.974913416734089,27.600451724822527,37.361334325396825,36.652260638297875
princeton-nlp_Llama-3-Instruct-8B-RDPO,44,38.387366135421864,69.89870211040041,50.33218371953529,1.9350696377835608,28.42758297351418,37.499090608465615,36.07047872340425
princeton-nlp_Llama-3-Instruct-8B-RRHF-v0.2,44,38.88756444080314,74.2013967384318,49.840881364646776,7.456268189902741,25.48976441856056,37.35899057539683,34.82380319148936
princeton-nlp_Llama-3-Instruct-8B-SimPO,44,37.514132791264366,67.62434784150499,48.43919503174807,2.090546329222523,29.516865265606878,39.46699735449736,34.890292553191486
princeton-nlp_Mistral-7B-Base-SFT-CPO,44,34.259731608114976,48.00806305048383,43.81418229627726,2.374409357587551,28.67910019231328,40.6833664021164,26.512632978723406
princeton-nlp_Mistral-7B-Base-SFT-DPO,44,33.78690681072333,47.54468144523199,43.48577959324541,1.548746398235169,26.9529527263378,41.201579034391536,26.454454787234045
princeton-nlp_Mistral-7B-Base-SFT-RDPO,44,34.03375206364479,50.04887033072249,44.37684927806317,1.837219582423291,27.95655971778035,35.77388392857143,27.767619680851062
princeton-nlp_Mistral-7B-Base-SFT-SLiC-HF,44,34.92581853467876,53.080105231895814,44.21514330661043,2.7184807346154556,29.181982726445817,42.60439814814816,27.809175531914892
princeton-nlp_Mistral-7B-Base-SFT-SimPO,44,33.97745627716543,50.261195849235584,43.97306619307014,0.5824221388133991,28.483980772676244,39.70032242063492,27.019614361702125
princeton-nlp_Mistral-7B-Instruct-DPO,44,32.21414486532242,54.19293031378963,40.600687524502206,2.6831073801812364,26.961428474117234,38.30687830687831,27.48503989361702
princeton-nlp_Mistral-7B-Instruct-IPO,44,34.030497735091465,51.73871992978629,43.21904624315507,1.810826790525072,27.502563909338235,43.21167328042328,27.077792553191486
princeton-nlp_Mistral-7B-Instruct-KTO,44,32.74674943777772,52.272027110289585,41.39529836354631,2.303559205265465,27.532611986261312,39.49980985449735,28.125
princeton-nlp_Mistral-7B-Instruct-SLiC-HF,44,32.028294044515214,54.36153849563602,40.39912835265437,1.4916596516808327,27.79811450899958,39.10294725529101,27.152593085106385
princeton-nlp_Sheared-LLaMA-1.3B,44,25.299529561084256,22.38543730634716,31.96434440931575,0.7860274589236143,23.534865465444323,37.10691550925925,11.710438829787234
princeton-nlp_gemma-2-9b-it-DPO,44,42.965903535990044,28.675137523991896,59.41106805376275,0.0,33.33671012991483,38.17615327380952,37.234042553191486
princeton-nlp_gemma-2-9b-it-SimPO,44,42.8120857392311,32.539439797515044,58.38905557341349,0.0,33.517692342147036,41.20861028439153,39.752327127659576
prithivMLmods_Galactic-Qwen-14B-Exp2,44,59.61830970962389,69.96114753299024,72.02610416502047,31.866670604689833,40.38164249993109,53.51369460978837,56.90658244680851
prithivMLmods_Llama-3.1-8B-Open-SFT,44,39.37522236381225,43.248247982021034,49.671452574810374,10.572749637749157,31.48921536610295,39.03263475529101,35.222739361702125
prithivMLmods_Llama-3.2-6B-AlgoCode,44,29.481659789851854,22.16313825095192,37.4718181850028,1.0925617275360593,28.691274294776814,40.12062251984126,17.977061170212767
prithivMLmods_Llama-Express.1-Math,44,27.44670677215732,52.6804434456132,33.62710502665469,4.433831646893262,26.248979976958164,31.413082837301587,16.09873670212766
prithivMLmods_Magellanic-Qwen-25B-R999,44,22.007443040505283,19.24427186531736,26.0609559149737,0.45605856452035265,25.22788429877356,38.29047205687831,12.998670212765958
prithivMLmods_Phi-4-Empathetic,44,53.213363337592455,5.118308310837466,67.25965078618451,23.74788440918962,38.413376041836614,49.902087466931214,50.65658244680851
prithivMLmods_Phi-4-Math-IO,44,50.31451604278708,6.080034308966874,66.67520370036917,9.119746555603585,40.093141734291066,48.716187169312164,52.05285904255319
prithivMLmods_Phi-4-o1,44,55.47764542454762,2.8976449154908974,66.87868114563429,37.569716794057776,38.54319908745244,49.76667493386243,51.73703457446809
prithivMLmods_Phi4-Super,44,54.978527709089875,4.813561350549874,67.19390258781853,32.488067769203724,39.74932220790023,50.42733134920635,52.659574468085104
prithivMLmods_Primal-Opus-14B-Optimus-v1,44,53.56428180168095,52.3519816309614,64.18921745890262,30.868228973041166,36.998109785442004,48.4570808531746,52.59308510638297
prithivMLmods_Primal-Opus-14B-Optimus-v2,44,56.64789315147538,68.45115404903433,65.43095398882163,40.17746800029691,39.267550763461,48.98466848544973,54.222074468085104
prithivMLmods_Qwen2.5-14B-DeepSeek-R1-1M,44,53.50230058627954,37.170762465812935,61.41420182995512,38.5310293322785,39.03136415458143,52.719969411375665,49.1938164893617
qingy2019_LLaMa_3.2_3B_Catalysts,44,36.03044888937266,51.93231736237627,44.675653179786046,10.184736240524497,28.010028864684905,37.86548445767196,30.078125
qingy2019_OpenMath2-Llama3.1-8B,44,31.322167735860823,24.321356223708648,40.94591561995411,3.9591984365226818,26.94582694058365,34.33122106481481,15.533577127659576
qingy2019_Qwen2.5-Ultimate-14B-Instruct,44,48.16100351713171,41.08376884444385,58.40567068685898,25.892177170947335,35.769720585156826,41.32996031746031,49.293550531914896
qingy2024_QwEnlarge-16B-Instruct,44,52.486420093619934,79.03612415058711,59.4813248078069,43.8476019209685,32.623529469691384,40.97762896825397,44.75565159574468
qingy2024_Qwen2.5-4B,44,33.59803993874767,22.10191181620323,42.684348083418854,2.7982444514347686,29.095536850360677,46.0852802579365,25.24933510638298
qingy2024_Qwen2.5-Coder-Draft-1.5B-Instruct,44,29.777183241786346,42.8760134221643,38.35727779428436,0.39920435393877884,25.91078437083051,35.77857142857143,22.440159574468087
qingy2024_Qwen2.5-Math-14B-Instruct-Preview,44,46.78058434472817,79.10981750643849,62.93252079096533,0.0,33.83812833791861,41.11069775132275,49.933510638297875
qingy2024_Qwen2.6-14B-Instruct,44,52.21883137685727,61.33703019100432,63.934022999451315,24.34809072929954,37.40129330261461,45.679042658730154,52.85073138297872
qq8933_OpenLongCoT-Base-Gemma2-2B,44,24.394976991509147,20.11978217795449,31.052119838997704,0.0,26.192582177796105,32.20446428571429,13.15658244680851
rasyosef_Phi-1_5-Instruct-v0.1,44,24.792214933319475,26.358395723347382,31.169107021634566,0.0,25.599246949918086,34.19346478174604,15.616688829787234
rasyosef_phi-2-instruct-apo,44,32.92094966360226,34.45048028120941,44.43650875618154,0.0,26.90360476119704,33.39973958333333,21.550864361702125
recoilme_Gemma-2-Ataraxy-Gemmasutra-9B-slerp,44,44.968854625830254,77.73596280092376,59.74329008903182,1.3864811345903802,32.64464055938468,42.41794808201058,42.07114361702128
rhysjones_phi-2-orange-v2,44,35.200520573995234,39.28276971768242,47.69447757428425,0.0,25.904428287502952,36.28272156084656,25.324135638297875
riaz_FineLlama-3.1-8B,44,35.44627846393219,45.802359960460464,45.84491055720421,4.6587991475939745,27.09313867294153,37.61340939153439,29.637632978723406
rombodawg_Rombos-Coder-V2.5-Qwen-14b,44,49.83831158463172,72.13183242684966,61.646677340143654,25.858067212528212,30.593512215785708,39.11466600529101,39.39494680851064
rombodawg_Rombos-LLM-V2.5-Qwen-0.5b,44,26.20905090240928,30.061625376223976,32.93155393314843,2.103128178338254,25.80176307892331,32.33753306878307,18.658577127659576
rombodawg_Rombos-LLM-V2.5-Qwen-14b,44,51.3197242409772,61.85787045040493,64.8033959995482,15.997422467479453,36.780414949982905,47.15217427248677,53.756648936170215
rombodawg_Rombos-LLM-V2.5-Qwen-32b,44,59.411683965136156,71.6897277002797,70.4429187686415,37.202535159540105,39.94960430835012,50.32238756613757,59.15890957446809
rombodawg_Rombos-LLM-V2.5.1-Qwen-3b,44,31.596268534215007,27.257676298886953,38.819185888639325,7.357864173897427,27.529260506924096,39.88729745370371,27.194148936170215
rombodawg_rombos_Replete-Coder-Llama3-8B,44,27.280025178066996,48.79613868978755,32.76244938751949,2.622958768992341,26.7774800702653,39.63522238756614,13.347739361702127
rsh345_mistral-ft-optimized-1218-NeuralHermes-2.5-Mistral-7B,44,40.39648243998622,39.7398901581138,51.86905719110253,6.744083800450966,30.47227928205277,46.71312417328043,30.535239361702125
sabersaleh_Llama2-7B-SimPO,44,27.539005897605477,16.994851438627286,34.87898419022633,0.7143388182240059,26.628433088164634,40.039116236772486,16.414561170212767
sabersaleh_Llama3,44,37.00930311728694,33.877223544639335,47.817025887459,5.126026604002535,31.223712843364694,39.32220982142857,31.6156914893617
sabersalehk_Llama3-001-300,44,36.61639403179128,32.21358218416025,47.44066806034138,4.389151883600182,29.923400262116708,40.6318039021164,31.58244680851064
sabersalehk_Llama3_01_300,44,36.26580019895756,30.195270770444644,46.908519456332364,4.100615247153068,30.620708465192525,40.63883515211641,31.241688829787233
sequelbox_Llama3.1-70B-PlumChat,44,55.05630102183731,58.501886106641486,67.53046706625706,26.822090537760413,39.237155811191045,47.840955687830686,51.66223404255319
sequelbox_Llama3.1-8B-MOTH,44,38.0930962903215,55.67422217494027,48.252304064589076,10.945064735097795,26.70628885236687,35.78091517857143,32.92885638297872
sequelbox_Llama3.1-8B-PlumCode,44,27.238744761208935,20.524486141216418,33.67090170512923,2.480186831146792,27.290454581771694,37.72538442460318,23.35438829787234
sequelbox_Llama3.1-8B-PlumMath,44,32.025782695412005,23.03116841092745,40.30774146517908,3.768347264807555,30.798762025167225,39.17742228835979,29.753989361702125
sethuiyer_Llama-3.1-8B-Experimental-1208-Instruct,44,38.89395758091283,63.541458884648286,49.63956278209136,7.322811499315991,29.062636945921337,37.881890707671964,35.1063829787234
sethuiyer_Llamaverse-3.1-8B-Instruct,44,43.246619779253834,64.62430794735745,54.138750757379924,16.77204598136295,29.08552082471965,37.60403439153439,35.231050531914896
sethuiyer_Qwen2.5-7B-Anvita,44,44.22398856464562,67.038568775294,54.645492374703444,14.646600926797444,32.649417952480036,43.337710813492066,41.65558510638298
shastraai_Shastra-LLAMA2-Math-Commonsense-SFT,44,29.846728496059825,31.811427013657095,38.418449313183665,1.8770032277830049,26.46813913854602,36.028302744708995,19.971742021276594
shivank21_mistral_dpo_self,44,25.768318250525958,36.70987424478162,32.152234163399264,1.8979472548351701,23.853761183354305,32.45185185185185,22.14095744680851
siqi00_Mistral-7B-DFT,44,36.68479967384824,57.24915446570654,46.6408331950809,3.4643419353999034,30.615816707993726,41.88332919973545,29.62932180851064
skymizer_Llama2-7b-sft-chat-custom-template-dpo,44,29.09109146424647,24.380033865698568,36.8763822156931,0.8469430316174722,23.749940984630584,44.259817294973544,19.464760638297875
someon98_qwen-CoMa-0.5b,44,24.114549432807618,22.918744486850446,29.522037732421282,0.0,24.46084920392806,40.42894758597883,10.987367021276597
sometimesanotion_Qwen2.5-14B-Vimarckoso-v2,44,54.708245430607484,48.24787120396105,65.49597506030084,32.79775450035728,38.292104695733045,48.17922453703704,53.79820478723404
sometimesanotion_Qwen2.5-14B-Vimarckoso-v3,44,54.44826141666319,74.7259493698941,64.140832534588,32.779633588459475,37.7899543246649,48.055530753968256,53.43251329787234
sometimesanotion_Qwen2.5-14B-Vimarckoso-v3-IF-Variant,44,46.67631237292253,66.86996059344762,55.19849786710254,19.713729259257317,34.76457331585267,53.15433201058202,45.88597074468085
sometimesanotion_Qwen2.5-7B-Gordion-v0.1-Prose,44,47.08735921513295,55.98018812306902,55.97795673334336,26.246861687217983,32.54810270592569,45.006667493386246,45.25432180851064
sometimesanotion_Qwentessential-14B-v1,44,56.278972708999945,64.54064105462396,65.44772278950748,38.84443592099766,39.1250923759313,48.716187169312164,53.81482712765957
sometimesanotion_Qwentinuum-14B-v1,44,54.46729909481356,53.11384903168038,65.71568907284438,30.31930276834004,38.30212072137408,47.791736937830684,54.09740691489362
sometimesanotion_Qwentinuum-14B-v2,44,54.54281294902037,56.567241585659374,65.54484958090418,30.90018817322133,38.85993672853992,47.128736772486775,54.08909574468085
sometimesanotion_Qwentinuum-14B-v6,44,55.02561440899313,65.2475431854147,65.43802510597237,31.9528237395329,38.706383276957936,48.98232473544974,53.99767287234043
sometimesanotion_Qwentinuum-14B-v7,44,54.88359558900092,63.63388032642278,65.50508233369104,31.34748412909758,39.11029895719493,48.186255787037034,54.09740691489362
sometimesanotion_Qwentinuum-14B-v8,44,54.791382003430854,57.53644773645039,65.33606780446466,32.28517922156563,38.298422366689984,48.718530919312165,54.12234042553191
sometimesanotion_Qwenvergence-14B-v0.6-004-model_stock,44,53.08564315708083,70.4245291382421,62.48766304872886,30.015250430324546,38.097061227828846,50.315356316137574,51.928191489361694
sometimesanotion_Qwenvergence-14B-v3,44,54.81760511009038,53.34739602033716,65.47374614217254,32.58682206263216,38.0836937228506,48.846912202380956,53.86469414893617
sometimesanotion_Qwenvergence-14B-v3-Prose,44,54.84578936541825,52.02097102355086,65.12143215887085,33.017011564135466,39.58502056761285,49.376843584656086,53.69847074468085
sometimesanotion_Qwenvergence-14B-v3-Reason,44,54.48857772467222,56.45232427736184,65.60453845478935,30.38195036301472,38.71639930259897,47.39018683862434,53.94780585106383
sometimesanotion_Qwenvergence-14B-v8,44,54.89366580221865,61.50691276923009,65.2213690793644,33.4865653909111,37.7862559699808,47.66335565476191,54.3467420212766
sometimesanotion_Qwenvergence-14B-v9,44,53.86058059209975,68.31002850215206,61.64789458814006,37.523579256574365,36.7147332882442,51.38928158068783,51.105385638297875
spmurrayzzz_Mistral-Syndicate-7B,44,33.09179351542817,26.342161021644788,42.448781218282505,2.094761455193187,27.45140474272186,43.8371734457672,26.31316489361702
ssmits_Qwen2.5-95B-Instruct,44,52.72674838673297,85.40710869382129,70.36516836476405,5.390703572367738,36.68279805811265,42.81012318121693,52.16921542553191
suayptalha_DeepSeek-R1-Distill-Llama-3B,44,37.454951230702385,73.14724929852791,44.511830927086166,18.941163084806455,26.129519832330235,33.93435846560847,29.778922872340424
suayptalha_Komodo-Llama-3.2-3B-v2-fp16,44,34.34363548417636,64.92406813920397,43.543776067962824,5.274036282726257,27.66540122349686,34.041645998677254,28.523936170212767
sumink_Qwenftmodel,44,30.304206963930756,17.51945947862782,38.21498917249106,6.911345067292634,25.332897900011993,36.15668402777778,23.387632978723406
sumink_bbhqwen,44,27.26485931161402,18.479911080377843,33.87345484025356,1.0575779540839425,25.591003713382072,43.48952959656085,16.165226063829788
sumink_bbhqwen2,44,25.292777754813628,16.933680412416834,30.644147507573667,0.5910469468584649,26.393943316657243,44.273879794973546,11.49434840425532
sumink_bbhqwen4,44,25.566678905333944,15.032724282681064,31.99036470328645,0.5746449550678722,24.4527203314955,40.27009755291005,15.093085106382977
sumink_bbhqwen5,44,23.895373304176456,16.666389623975498,29.11066601191303,0.21497554576479883,25.98228405170519,40.165153769841275,11.311502659574469
sumink_bbhqwen6,44,22.728861559513074,19.218063626732622,27.80169872858906,0.09060991878212422,25.637385486903103,35.77622767857143,11.527593085106384
synergetic_FrankenQwen2.5-14B,44,42.91656849049837,18.90705550162458,60.46838324648154,0.0,26.823476556068837,38.40947833994709,43.816489361702125
tangledgroup_tangled-llama-pints-1.5b-v0.1-instruct,44,24.780085092323702,16.121834510210686,31.419906689353155,0.09060991878212422,23.967982695436554,37.60169064153439,11.087101063829788
tanliboy_lambda-qwen2.5-14b-dpo-test,44,47.79403341187688,83.43872037305461,63.925819437328556,0.0,36.30750454104062,42.567423115079364,48.479055851063826
tanliboy_lambda-qwen2.5-32b-dpo-test,44,50.05592704160401,82.16354827413485,67.62120631572003,0.0,35.61913332519457,42.70517939814815,56.565824468085104
tensopolis_falcon3-10b-tensopolis-v1,44,47.76954806989643,60.61888012695205,60.409716202292486,18.404807502318075,32.611973166188776,39.07247850529101,43.08510638297872
tensopolis_mistral-small-2501-tensopolis-v1,44,55.848985371467094,79.24844966910021,64.73479527057314,43.02065519692667,35.484532886483386,42.779654431216926,44.64760638297872
tensopolis_phi-4-tensopolis-v1,44,58.19836302485254,71.16888744087909,68.84761740280564,43.66915342731954,35.2793590288347,40.975285218253966,53.24966755319149
tensopolis_qwen2.5-14b-tensopolis-v1,44,47.36556028590341,83.30884275943386,63.560666510878946,2.323211839560568,31.737034230217954,40.58311011904762,47.672872340425535
tensopolis_qwen2.5-7b-tensopolis-v1,44,46.61015951820715,76.05109997030101,52.691474858564405,35.932521057842834,29.302136621767495,41.09429150132275,40.6748670212766
theo77186_Qwen2.5-Coder-7B-Instruct-20241106,44,38.589613294474624,62.56349818481628,50.06859434288151,3.0327162106593915,29.343279762742846,40.6974289021164,33.527260638297875
theprint_CleverBoi-Llama-3.1-8B-Instruct,44,34.68374870423517,17.439504957956,45.592160251582385,2.3736934171986515,29.00408106993677,40.127653769841274,30.751329787234045
theprint_CleverBoi-Llama-3.1-8B-v2,44,35.40774700070043,20.95035616608377,46.66835014433738,4.208751949580811,28.151679137417396,37.335553075396824,31.881648936170215
theprint_ReWiz-Llama-3.1-8B-v2,44,35.600282084637186,24.91461544258124,46.314734399229295,4.2442573609331395,30.301313095461584,38.126934523809524,33.10339095744681
thomas-yanxin_XinYuan-Qwen2-1_5B,44,29.411683739641358,30.995868739389266,36.34769414622498,5.547362651490062,26.612446266913548,36.31553406084656,23.570478723404257
tianyil1_MistralForCausalLM_Cal_DPO,44,34.290031601181006,54.71875734163132,43.80025708367569,2.636442088109219,27.672451057518167,39.74485367063492,27.63464095744681
tiiuae_Falcon3-10B-Base,44,48.1478511984311,37.4030350580903,59.490830131736075,23.130856875680372,34.1478545573554,43.963210978835974,42.40359042553192
tiiuae_Falcon3-1B-Instruct,44,30.227580849784303,57.071791734819165,37.43478443541896,1.052784486831513,26.697004989790223,41.86692294973545,18.3843085106383
tiiuae_Falcon3-3B-Base,44,35.41653099163567,28.150695709606065,44.20177060070793,10.77411246340399,29.784254941553602,37.48268435846561,28.789893617021278
tiiuae_Falcon3-7B-Instruct,44,48.59126298858589,77.56984800329792,56.310645322129524,30.10405335673979,31.66649922365107,48.23781828703704,40.87433510638298
tiiuae_Falcon3-Mamba-7B-Instruct,44,40.8606396495378,73.14226253008684,46.77947619027365,25.125127025468576,30.649910014947768,38.670928406084656,33.69348404255319
tiiuae_falcon-11B,45,34.212628211892465,33.29643124686942,43.904551507252215,2.3751728349911887,26.145235729967276,39.85214120370371,23.894614361702125
tiiuae_falcon-40b,45,31.614373884461084,25.34297885166913,40.181800171571446,1.277506476098939,27.40205677758111,36.29678406084656,25.049867021276594
tiiuae_falcon-mamba-7b,44,33.85062223659683,35.206086517107934,42.846810633181335,3.5377213233969833,30.610307151834,42.093216765873024,23.0219414893617
tinycompany_ShawtyIsBad-bgem3,44,30.771339077454023,26.764318674450454,38.51811509846042,4.372502212656936,29.68682836551964,36.93634672619048,25.831117021276594
tinycompany_ShawtyIsBad-e5-large,44,30.785303603453666,25.640245659295115,38.72337233544724,3.8733269515698345,29.580735725869957,37.19545304232804,25.689827127659576
tinycompany_ShawtyIsBad-nomic1.5,44,30.761684951811354,26.27472883061388,38.723093932684144,3.6872291446212144,30.456021537187638,36.27334656084656,25.673204787234045
tugstugi_Qwen2.5-7B-Instruct-QwQ-v0.1,44,40.66562389017835,62.31748427505684,51.004567049679906,13.259622659495927,26.8609213423601,37.91470320767196,40.80784574468085
unsloth_Llama-3.2-1B-Instruct-no-system-message,44,28.62910470126106,58.01728303124598,35.42526149797051,3.145614318115493,26.72154351055358,33.38802083333333,16.68882978723404
unsloth_phi-4-unsloth-bnb-4bit,44,52.78988862361812,70.63308687615528,67.90232622909141,18.4709474568968,33.242867544461504,40.30759755291005,52.85904255319149
uukuguy_speechless-code-mistral-7b-v1.0,44,35.92268461975981,37.017114589289754,45.70479504399873,4.176783237353103,28.330042033376767,45.006667493386246,31.457779255319153
uukuguy_speechless-instruct-mistral-7b-v0.2,44,36.31110479632716,32.99168428658182,46.063276343208564,4.19322619144616,27.757779482821434,48.99873098544973,29.022606382978722
uukuguy_speechless-llama2-hermes-orca-platypus-wizardlm-13b,44,37.14829656238911,47.63959627122701,48.444601271280106,1.4836253195902596,26.87320980892709,46.51964285714286,25.590093085106385
v000000_Qwen2.5-14B-Gutenberg-1e-Delta,44,47.306151268534364,81.48534776614937,63.97862228612266,0.0,32.91349456146017,40.6997726521164,49.30186170212766
v000000_Qwen2.5-Lumen-14B,44,47.282040754608516,81.5040758520725,63.90063435164711,0.0,32.806322883399226,41.10601025132275,49.02759308510639
vhab10_Llama-3.1-8B-Base-Instruct-SLERP,44,39.29374646304127,29.863041175192933,50.56707766127692,9.72362676413761,28.57978646307086,40.09952876984127,36.21176861702128
vhab10_Llama-3.2-Instruct-3B-TIES,44,34.38866965835574,49.03722123964414,43.32373642749595,8.568534993301375,25.870796219999242,34.95437748015873,29.15558510638298
vhab10_llama-3-8b-merged-linear,44,39.096224391819064,62.92697819563203,49.36381388431092,6.6733371244757835,29.943779188745633,41.878641699735454,37.042885638297875
vicgalle_Configurable-Hermes-2-Pro-Llama-3-8B,44,39.30955312261944,59.6634152936431,50.532377304615295,5.6240491207443855,29.301057583356243,41.82707919973545,30.975731382978722
vicgalle_Humanish-RP-Llama-3.1-8B,44,40.866171596871226,69.09311737301472,50.99737528022703,12.574775386585774,28.61079921430173,39.49512235449735,34.765625
vicgalle_Roleplay-Llama-3-8B,44,39.11606793659988,76.09232392274721,50.11651897669904,8.114056324169754,26.059060777496178,35.262702546296296,37.0844414893617
vonjack_Qwen2.5-Coder-0.5B-Merged,44,24.41954595688553,31.451714783441272,30.746225896229245,0.0,25.105225451282497,33.00990823412698,12.017952127659575
wave-on-discord_qwent-7b,44,31.61437435374001,20.649376986396096,42.28047024835039,0.0,26.331380623012336,38.14802827380952,16.03224734042553
weathermanj_Menda-3b-Optim-100,44,42.7068525449694,65.83830902006676,47.33849636098238,34.584547593543824,28.831460241380547,39.901359953703704,34.60771276595745
win10_EVA-Norns-Qwen2.5-v0.1,44,40.93117080746752,63.29289618213008,50.705882470151224,13.998382388225872,29.040950252674246,40.42426008597884,34.250332446808514
win10_Norns-Qwen2.5-12B,44,34.85554300435727,50.82320465254413,46.17256518960535,0.4549029914814976,28.52473862593409,35.52415261243386,26.60405585106383
win10_Norns-Qwen2.5-7B,44,40.97008885240487,63.429034960571286,50.71117953377935,14.093949173260246,28.833271442856173,40.82112268518519,34.133976063829785
win10_Qwen2.5-2B-Instruct,44,29.177719587374224,23.959150609272285,37.04310828738287,0.12436562698267462,25.657146614571115,43.75097966269841,19.340093085106382
wzhouad_gemma-2-9b-it-WPO-HB,44,41.75609518774691,57.85366161784067,56.283709135721914,0.0,35.20593378238093,36.71942791005291,33.602061170212764
x0000001_Deepseek-Lumen-R1-Qwen2.5-14B,44,35.94619022593946,45.13668178211589,45.6861442540191,0.14841585398306278,29.21122268857168,47.35321180555556,43.791555851063826
xinchen9_Llama3.1_8B_Instruct_CoT,44,35.00768478322813,32.20233425089872,44.90898890522836,4.25467208305643,29.331913775076522,40.49639136904762,29.837101063829785
xinchen9_Llama3.1_CoT_V1,44,33.96588172100925,27.671079402651632,43.76070261499149,1.2021429760685525,27.7080846423338,45.70013640873016,28.050199468085108
xinchen9_Mistral-7B-CoT,44,30.162183309895497,29.27726210898195,38.717702029005416,1.8290761221651213,24.06821890357964,39.9107349537037,22.83909574468085
xkp24_Llama-3-8B-Instruct-SPPO-Iter2_gp_2b-table,44,38.16048197897093,70.14100364809815,49.5122435749151,5.294142445574962,25.915523351555226,35.916327711640214,37.017952127659576
xkp24_Llama-3-8B-Instruct-SPPO-Iter2_gp_8b-table,44,38.88827074397682,71.6972078529413,50.03999002966996,6.445681577365181,25.915523351555226,38.03136574074074,35.99567819148936
xkp24_Llama-3-8B-Instruct-SPPO-score-Iter2_gp_8b-table-0.002,44,38.52894610648867,69.7026112935899,49.50567835409932,5.809417276780536,25.98228405170519,39.36205357142857,35.29753989361702
xukp20_Llama-3-8B-Instruct-SPPO-Iter3_bt_2b-table,44,38.06414958302742,64.49692371795724,49.005406971909665,6.819091951891146,25.915523351555226,36.57464037698412,36.58577127659575
xukp20_Llama-3-8B-Instruct-SPPO-Iter3_bt_8b-table,44,39.51756162674913,73.47698550955909,50.91283513068111,7.105474816432208,25.9055073259142,37.36836557539682,36.92652925531915
xukp20_Llama-3-8B-Instruct-SPPO-Iter3_gp_2b-table,44,38.5774807641117,65.56104469474329,49.68702019193953,7.249901475260298,25.915523351555226,36.7123966600529,36.57746010638298
yam-peleg_Hebrew-Mistral-7B,44,33.61884777558173,23.964137377713357,43.33839612450577,4.113217104465469,27.889066854566014,39.74485367063492,27.800864361702125
yfzp_Llama-3-8B-Instruct-SPPO-Iter1_bt_2b-table,44,38.722378568630184,72.18430431255733,49.858643982977796,6.319425074610491,25.915523351555226,37.24467179232804,37.1592420212766
yfzp_Llama-3-8B-Instruct-SPPO-Iter1_bt_8b-table,44,39.90246894158114,76.15726272955756,50.79888136186105,8.795068182765881,25.99230007734622,38.03605324074074,37.483377659574465
yfzp_Llama-3-8B-Instruct-SPPO-Iter1_gp_2b-table,44,38.76763901434715,72.4865578886244,49.40471080701617,8.399304839911219,25.915523351555226,36.44391534391534,37.175864361702125
yfzp_Llama-3-8B-Instruct-SPPO-Iter1_gp_8b-table,44,39.31711487014739,75.89872649015723,50.24796867309175,7.979878868497839,25.915523351555226,37.109259259259254,36.82679521276596
yfzp_Llama-3-8B-Instruct-SPPO-score-Iter1_bt_2b-table-0.001,44,38.315147419939635,71.27006343169458,49.789272196256576,4.1368679587474375,25.915523351555226,37.77225942460317,37.200797872340424
yfzp_Llama-3-8B-Instruct-SPPO-score-Iter1_gp_2b-table-0.001,44,38.40202377120674,70.13851026387762,49.57165404603718,6.0933869049966765,25.915523351555226,36.579327876984124,37.02626329787234
yfzp_Llama-3-8B-Instruct-SPPO-score-Iter1_gp_8b-table-0.002,44,38.83478265575016,75.10438968603306,49.90878513142161,6.1997020674676495,25.915523351555226,37.767571924603175,36.6938164893617
yifAI_Llama-3-8B-Instruct-SPPO-score-Iter3_gp_8b-table-0.002,44,38.35848348586481,70.69054553030404,49.13948476403392,6.1105688817678425,26.04534639717106,38.962847222222216,35.197805851063826
ymcki_gemma-2-2b-ORPO-jpn-it-abliterated-18,44,31.932808609602525,47.978087031299175,41.6297867515962,0.0,26.735257890878692,36.584015376984134,24.42652925531915
ymcki_gemma-2-2b-ORPO-jpn-it-abliterated-18-merge,44,30.256706373021952,49.15585092000337,38.41600630951178,2.263244540278008,27.616514497806442,33.13594576719577,24.509640957446805
ymcki_gemma-2-2b-jpn-it-abliterated-17,44,23.08877201872887,0.0,29.45414529641333,0.0,25.915523351555226,33.782539682539685,11.67719414893617
ymcki_gemma-2-2b-jpn-it-abliterated-17-18-24,44,29.904807804534638,51.3377837471243,38.11157862173603,0.0,28.214627118779802,34.991877480158735,22.82247340425532
ymcki_gemma-2-2b-jpn-it-abliterated-17-ORPO-alpaca,44,31.294688473286314,31.90506744327274,40.7099680088513,0.10203368020588566,26.75567522987825,39.65631613756614,22.49002659574468
yuvraj17_Llama3-8B-SuperNova-Spectrum-Hermes-DPO,44,34.904385826125534,48.23163650225845,43.987065212003216,4.816383136691156,30.324696626080854,40.11124751984127,26.346409574468083
yuvraj17_Llama3-8B-SuperNova-Spectrum-dare_ties,44,36.50301295835309,41.223675403484975,46.142558626312876,6.896454069761454,27.364265115942963,42.09790426587302,35.73803191489361
yuvraj17_Llama3-8B-abliterated-Spectrum-slerp,44,37.987650828967105,30.492426760994164,49.767473258307476,5.318944670713981,29.050809718804686,39.97349123677248,32.571476063829785
zake7749_gemma-2-2b-it-chinese-kyara-dpo,44,34.505613614476765,55.997697221151,42.565813336304984,5.625728875121768,26.052857470642703,45.72591765873016,25.731382978723406
zelk12_MT-Gen1-gemma-2-9B,44,47.652098098103885,79.74430067775724,60.99566314771927,10.843137268072182,34.486435451200556,42.14243551587302,43.80817819148936
zelk12_MT-Gen2-GI-gemma-2-9B,44,47.95073729984943,80.37252268425556,60.95097055034452,11.907254018259541,35.14213927385068,42.80543568121693,43.55884308510639
zelk12_MT-Gen2-gemma-2-9B,44,48.19927799926982,80.07902365722948,61.00043701043995,13.16417854700253,34.647385612150714,43.20229828042328,43.874667553191486
zelk12_MT-Gen3-gemma-2-9B,44,47.53278026224448,81.32798751756451,60.96658333846581,9.85326492834442,34.99860184790973,42.14243551587302,43.55884308510639
zelk12_MT-Gen6-gemma-2-9B,44,42.47879553918921,16.262849240016493,58.44591916831311,0.0,33.629641413303325,40.671647652116405,41.65558510638298
zelk12_MT-Gen7-gemma-2-9B,44,44.53297745796234,16.793663036299243,59.34875108414601,8.138142101402455,33.829923513753215,40.951847718253966,41.22340425531915
zelk12_MT-Merge-gemma-2-9B,44,47.80636430662514,81.51033701689295,61.17976573481232,10.57920350944506,34.72046398325761,42.53695436507937,43.61702127659575
zelk12_MT-Merge2-MU-gemma-2-MTg2MT1g2-9B,44,47.999602047570804,80.76221093365604,60.834110283029815,12.322345425554468,35.061664193375606,43.197610780423275,43.7250664893617
zelk12_MT-Merge4-gemma-2-9B,44,48.97568371338652,79.39583638080295,61.17821917486157,16.665642112516345,35.466658912023846,42.92209821428571,43.899601063829785
zelk12_MT-Merge6-gemma-2-9B,44,44.30439576276513,17.280759495915284,59.48670782461698,6.737414309702726,33.15491980288541,40.951847718253966,41.14860372340425
zelk12_MT1-Gen2-gemma-2-9B,44,47.627464997031325,80.71849359698933,60.95580258980271,9.958914202094343,35.35613575462568,42.80777943121693,43.55053191489361
zelk12_MT1-Gen5-gemma-2-9B,44,45.66504988637861,79.07485471881276,60.17201184223955,2.849262641554306,34.737876718266826,41.88567294973545,42.22074468085106
zelk12_MT1-gemma-2-9B,44,48.06733909947194,80.6997655110662,61.08381531924702,12.185413661749953,34.54056080943665,43.197610780423275,43.57546542553192
zelk12_MT2-Gen1-gemma-2-9B,44,47.36589070717328,79.83672211953173,61.002693392705,9.15148528331182,34.41073776382082,42.40622933201058,43.766622340425535
zelk12_MT2-Gen2-gemma-2-9B,44,48.103816361836145,80.16895171478345,60.923530611745235,13.116979248962412,34.707828641343745,42.67471064814815,43.88297872340425
zelk12_MT2-Gen3-gemma-2-9B,44,47.8741745379942,79.28718023732586,61.04358304786396,11.829428090052922,34.637369586509685,42.2801917989418,43.741688829787236
zelk12_MT2-Gen4-gemma-2-9B,44,46.91479094506328,79.96410634893195,60.961192964134256,7.245101013731496,34.83206617906702,41.225016534391536,43.209773936170215
zelk12_MT2-Gen5-gemma-2-9B,44,46.55048134726616,79.05862001711016,60.63626074269434,5.416794695428313,35.60125935073502,42.41326058201058,43.0186170212766
zelk12_MT2-Gen6-gemma-2-9B,44,43.28756138289254,16.976012535627692,59.5934725934641,0.0,34.15074479724228,41.346366567460315,42.096077127659576
zelk12_MT2-Max-Merge_02012025163610-gemma-2-9B,44,48.59701748489241,80.17144509900398,61.079693102103136,15.22792322875265,35.299391080116756,42.2614417989418,43.90791223404255
zelk12_MT3-Gen1-gemma-2-9B,44,46.17626956853993,79.53446854346468,61.06337049166755,2.8737523901145243,34.616990659880756,41.4841228505291,43.267952127659576
zelk12_MT3-Gen2-gemma-2-9B,44,45.978800452558254,79.46703635243378,60.91035929794866,1.6738962754552582,36.19913946046497,41.08491650132275,43.32613031914894
zelk12_MT3-Gen3-gemma-2-9B,44,47.123452235489275,79.59691396605452,60.88419325473613,7.86380739404951,35.14845694480761,42.546329365079366,43.02692819148936
zelk12_MT3-Gen4-gemma-2-9B,44,49.29427381535374,78.5278062208274,61.005175739194726,18.46378423855302,34.855064421968784,44.74990492724867,43.874667553191486
zelk12_MT3-Gen5-gemma-2-9B,44,46.91073591334008,81.14813140245658,60.98309104096107,6.379627033740028,35.382485476864666,41.88332919973545,43.16821808510639
zelk12_MT3-Gen5-gemma-2-9B_v1,44,47.59376053470531,81.19434212334384,61.129217738936084,9.713521684049981,35.059044877102764,42.01171048280423,43.59208776595745
zelk12_MT3-Gen6-gemma-2-9B,44,45.07458432631999,17.767855955531324,60.19644623344167,7.746753989956964,34.61175202733508,41.22736028439154,41.023936170212764
zelk12_MT3-Max-Merge_02012025163610-gemma-2-9B,44,45.74578510638675,17.874018714787876,61.22994201722204,6.7361179674958995,35.26267845688986,42.52523561507937,43.89128989361702
zelk12_MT3-gemma-2-9B,44,47.40681961270148,79.19974556399242,61.303714423850245,8.589089485928065,34.32251909863067,42.40388558201058,43.267952127659576
zelk12_MT4-Gen2-gemma-2-9B,44,48.35541310351021,81.73889723710865,61.07861156632234,13.938985340087395,34.63105191555276,42.53929811507937,43.675199468085104
zelk12_MT4-Gen3-gemma-2-9B,44,48.06897554860521,79.86669813871639,60.86641739505322,13.446950985722648,34.40703940913672,42.40622933201058,43.80817819148936
zelk12_MT4-Gen5-gemma-2-9B,44,48.301562899818975,78.90624653696636,61.06244044332768,13.232845753056221,36.051903679839924,42.66064814814815,43.841422872340424
zelk12_MT4-gemma-2-9B,44,48.05996482391052,78.54404092253,60.72737911880144,14.014321553987175,33.77876434713683,43.0668857473545,43.658577127659576
zelk12_MT5-Gen1-gemma-2-9B,44,46.82788399351152,79.21099349725395,61.101126154759996,5.927324286155631,34.865080447609806,42.01171048280423,43.683510638297875
zelk12_MT5-Gen2-gemma-2-9B,44,47.375110790262895,80.55237879936347,61.05042667144283,8.87169218943361,35.35983410930978,41.60547288359788,43.791555851063826
zelk12_MT5-Gen3-gemma-2-9B,44,47.53415258476848,79.53197515924415,60.90027106702735,10.09579015132019,35.20889997400064,42.2778480489418,43.75
zelk12_MT5-gemma-2-9B,44,47.19994490886607,81.55904112200074,61.11791378936553,7.9304995927582524,34.27983567979373,42.01171048280423,43.66688829787234
zelk12_MTM-Merge-gemma-2-9B,44,48.72443565318758,79.77677008116243,61.32902642485383,14.775284579938711,35.68697306375579,42.65596064814815,43.88297872340425
zelk12_Rv0.4DMv1t0.25-gemma-2-9B,44,48.65694063208924,76.79174590087634,60.69104310033757,17.30995422913951,34.31916761929346,43.0668857473545,44.00764627659575
zelk12_Test01012025155054t0.5_gemma-2,44,22.844220041850903,15.688428924143494,28.27832728622092,0.0,24.17161627522366,36.68661541005291,10.904255319148938
zelk12_gemma-2-S2MTM-9B,44,46.054963976972076,79.86919152293692,60.606529287864106,3.253071060701502,34.761953999579845,42.15415426587301,42.96875
zelk12_recoilme-gemma-2-Gutenberg-Doppel-9B-v0.1,44,46.66973740146597,77.99449904032411,60.98327766236791,5.519205461346456,34.075855224659755,43.073916997354495,43.15159574468085
zelk12_recoilme-gemma-2-Ifable-9B-v0.1,44,46.81597680533853,80.23139713737328,60.641423623454024,7.0582782552254555,35.27901215348782,41.99999173280423,43.234707446808514
zelk12_recoilme-gemma-2-psy10k-mental_healt-9B-v0.1,44,47.56800789326384,75.82253975008533,59.77476046341875,14.798100867686587,34.18564621899354,42.92444196428571,41.805186170212764
zetasepic_Qwen2.5-32B-Instruct-abliterated-v2,44,51.29660106698562,84.02699282348613,69.3286203332472,0.0,37.00959013721178,43.503592096560844,56.21675531914894
zetasepic_Qwen2.5-72B-Instruct-abliterated,44,61.17895453209553,75.8200463658648,71.516034521046,44.241700500138855,40.64987870304565,47.16623677248677,58.71841755319149
