file,bytes,MB,GB
A_data_value/domain_mapping_guide.csv,1296,0.001,0.000001
A_data_value/regmix_domain_sample.jsonl.xz,165293312,165.293,0.165293
A_data_value/regmix_domain_summary.csv,1265,0.001,0.000001
A_data_value/regmix_tables/est_mixture_10b.csv,6113,0.006,0.000006
A_data_value/regmix_tables/est_mixture_70b.csv,6113,0.006,0.000006
A_data_value/regmix_tables/est_pile_loss_10b.csv,6467,0.006,0.000006
A_data_value/regmix_tables/est_pile_loss_70b.csv,6467,0.006,0.000006
A_data_value/regmix_tables/test_mixture_1B.csv,6393,0.006,0.000006
A_data_value/regmix_tables/test_mixture_1m.csv,23537,0.024,0.000024
A_data_value/regmix_tables/test_mixture_60m.csv,23537,0.024,0.000024
A_data_value/regmix_tables/test_pile_loss_1B.csv,10639,0.011,0.000011
A_data_value/regmix_tables/test_pile_loss_1m.csv,61175,0.061,0.000061
A_data_value/regmix_tables/test_pile_loss_60m.csv,61827,0.062,0.000062
A_data_value/regmix_tables/train_mixture_1m.csv,46412,0.046,0.000046
A_data_value/regmix_tables/train_pile_loss_1m.csv,121898,0.122,0.000122
A_data_value/slimpajama_quality_extended/arxiv_part-6777d8857c6e-000486.jsonl.xz,3652724,3.653,0.003653
A_data_value/slimpajama_quality_extended/github_part-6777d8857c6e-000275.jsonl.xz,37618172,37.618,0.037618
A_data_value/slimpajama_quality_signal_sample.jsonl.xz,103349792,103.350,0.103350
B_scaling_laws/cerebras_training_log.csv,89643,0.090,0.000090
B_scaling_laws/open_model_family_metadata.csv,1975,0.002,0.000002
B_scaling_laws/published_scaling_data.csv,1967,0.002,0.000002
B_scaling_laws/pythia_checkpoint_index.csv,117698,0.118,0.000118
B_scaling_laws/pythia_training_log_existing.csv,111459,0.111,0.000111
B_scaling_laws/scaling_baseline.csv,1421,0.001,0.000001
B_scaling_laws/supplementary_NQ_experiment.csv,13670,0.014,0.000014
B_scaling_laws/supplementary_NQ_experiment_expanded.csv,17154,0.017,0.000017
B_scaling_laws/supplementary_NQ_experiment_large.csv,81268,0.081,0.000081
B_scaling_laws/supplementary_large_baseline.csv,4744,0.005,0.000005
B_scaling_laws/supplementary_large_models.csv,13400,0.013,0.000013
B_scaling_laws/training_trajectories/pythia_0.070542B_trajectory.csv,14040,0.014,0.000014
B_scaling_laws/training_trajectories/pythia_0.162405B_trajectory.csv,14040,0.014,0.000014
B_scaling_laws/training_trajectories/pythia_0.409009B_trajectory.csv,14040,0.014,0.000014
B_scaling_laws/training_trajectories/pythia_1.040867B_trajectory.csv,14040,0.014,0.000014
B_scaling_laws/training_trajectories/pythia_1.416184B_trajectory.csv,14040,0.014,0.000014
B_scaling_laws/training_trajectories/pythia_11.965825B_trajectory.csv,14540,0.015,0.000015
B_scaling_laws/training_trajectories/pythia_2.782831B_trajectory.csv,14040,0.014,0.000014
B_scaling_laws/training_trajectories/pythia_6.86104B_trajectory.csv,13540,0.014,0.000014
C_efficiency_evolution/data/train-00000-of-00001.parquet,1109997,1.110,0.001110
C_efficiency_evolution/detailed_results/0-hero_Matter-0.2-7B-DPO/results_2024-08-07T13-21-02.903091.json,119298,0.119,0.000119
C_efficiency_evolution/detailed_results/01-ai_Yi-1.5-34B-32K/results_2024-06-17T17-59-09.162276.json,120058,0.120,0.000120
C_efficiency_evolution/detailed_results/01-ai_Yi-1.5-34B-Chat-16K/results_2024-07-17T11-40-22.183397.json,119088,0.119,0.000119
C_efficiency_evolution/detailed_results/01-ai_Yi-1.5-34B-Chat/results_2024-06-17T00-49-43.171619.json,121683,0.122,0.000122
C_efficiency_evolution/detailed_results/01-ai_Yi-1.5-34B/results_2024-06-19T03-56-15.142347.json,120071,0.120,0.000120
C_efficiency_evolution/detailed_results/01-ai_Yi-1.5-6B-Chat/results_2024-06-17T10-38-31.759281.json,120578,0.121,0.000121
C_efficiency_evolution/detailed_results/01-ai_Yi-1.5-6B/results_2024-06-17T14-53-45.170909.json,120069,0.120,0.000120
C_efficiency_evolution/detailed_results/01-ai_Yi-1.5-9B-32K/results_2024-06-16T17-46-59.477573.json,120091,0.120,0.000120
C_efficiency_evolution/detailed_results/01-ai_Yi-1.5-9B-Chat-16K/results_2024-06-16T18-02-27.668102.json,120581,0.121,0.000121
C_efficiency_evolution/detailed_results/01-ai_Yi-1.5-9B-Chat/results_2024-06-17T09-46-28.414421.json,120577,0.121,0.000121
C_efficiency_evolution/detailed_results/01-ai_Yi-1.5-9B/results_2024-06-16T17-52-34.155462.json,120030,0.120,0.000120
C_efficiency_evolution/detailed_results/01-ai_Yi-34B-200K/results_2024-06-17T01-54-37.398814.json,121159,0.121,0.000121
C_efficiency_evolution/detailed_results/01-ai_Yi-34B-Chat/results_2025-02-13T18-27-04.338360.json,121534,0.122,0.000122
C_efficiency_evolution/detailed_results/01-ai_Yi-34B/results_2024-06-17T01-51-43.500501.json,121150,0.121,0.000121
C_efficiency_evolution/detailed_results/01-ai_Yi-6B-200K/results_2024-06-16T17-48-55.414532.json,120053,0.120,0.000120
C_efficiency_evolution/detailed_results/01-ai_Yi-6B-Chat/results_2024-06-16T17-51-39.036011.json,120311,0.120,0.000120
C_efficiency_evolution/detailed_results/01-ai_Yi-6B/results_2024-06-16T17-47-09.271300.json,120064,0.120,0.000120
C_efficiency_evolution/detailed_results/01-ai_Yi-9B-200K/results_2024-06-16T17-43-23.132103.json,120066,0.120,0.000120
C_efficiency_evolution/detailed_results/01-ai_Yi-9B/results_2024-06-17T09-47-58.683900.json,120022,0.120,0.000120
C_efficiency_evolution/detailed_results/01-ai_Yi-Coder-9B-Chat/results_2024-09-14T00-02-12.867980.json,119111,0.119,0.000119
C_efficiency_evolution/detailed_results/1-800-LLMs_Qwen-2.5-14B-Hindi-Custom-Instruct/results_2025-02-06T11-27-58.645224.json,114673,0.115,0.000115
C_efficiency_evolution/detailed_results/1-800-LLMs_Qwen-2.5-14B-Hindi/results_2025-02-06T06-30-20.641880.json,114650,0.115,0.000115
C_efficiency_evolution/detailed_results/1024m_PHI-4-Hindi/results_2025-02-06T05-43-08.878637.json,114627,0.115,0.000115
C_efficiency_evolution/detailed_results/1024m_QWEN-14B-B100/results_2025-02-06T10-49-32.966803.json,116937,0.117,0.000117
C_efficiency_evolution/detailed_results/152334H_miqu-1-70b-sf/results_2024-07-26T02-32-43.573766.json,118562,0.119,0.000119
C_efficiency_evolution/detailed_results/1TuanPham_T-VisStar-7B-v0.1/results_2024-09-21T10-25-05.082341.json,119470,0.119,0.000119
C_efficiency_evolution/detailed_results/1TuanPham_T-VisStar-v0.1/results_2024-09-21T08-53-27.413933.json,119462,0.119,0.000119
C_efficiency_evolution/detailed_results/3rd-Degree-Burn_L-3.1-Science-Writer-8B/results_2024-11-20T00-17-49.945335.json,114718,0.115,0.000115
C_efficiency_evolution/detailed_results/3rd-Degree-Burn_Llama-3.1-8B-Squareroot-v1/results_2024-11-10T09-13-13.695538.json,115193,0.115,0.000115
C_efficiency_evolution/detailed_results/3rd-Degree-Burn_Llama-3.1-8B-Squareroot/results_2024-10-10T16-33-29.207911.json,119053,0.119,0.000119
C_efficiency_evolution/detailed_results/3rd-Degree-Burn_Llama-Squared-8B/results_2024-10-08T16-24-46.765820.json,123434,0.123,0.000123
C_efficiency_evolution/detailed_results/4season_final_model_test_v2/results_2024-07-25T15-13-01.854583.json,118558,0.119,0.000119
C_efficiency_evolution/detailed_results/AALF_FuseChat-Llama-3.1-8B-Instruct-preview/results_2024-11-20T12-47-00.610130.json,115155,0.115,0.000115
C_efficiency_evolution/detailed_results/AALF_FuseChat-Llama-3.1-8B-SFT-preview/results_2024-11-21T13-45-14.605333.json,115136,0.115,0.000115
C_efficiency_evolution/detailed_results/AALF_gemma-2-27b-it-SimPO-37K-100steps/results_2024-09-27T18-43-00.611233.json,118897,0.119,0.000119
C_efficiency_evolution/detailed_results/AALF_gemma-2-27b-it-SimPO-37K/results_2024-09-01T02-53-57.422115.json,118890,0.119,0.000119
C_efficiency_evolution/detailed_results/AELLM_gemma-2-aeria-infinity-9b/results_2024-10-09T11-48-07.657590.json,118840,0.119,0.000119
C_efficiency_evolution/detailed_results/AELLM_gemma-2-lyco-infinity-9b/results_2024-10-10T12-58-52.149709.json,118871,0.119,0.000119
C_efficiency_evolution/detailed_results/AGI-0_Art-v0-3B/results_2025-01-18T12-23-40.344038.json,115381,0.115,0.000115
C_efficiency_evolution/detailed_results/AGI-0_Artificium-llama3.1-8B-001/results_2024-09-11T00-52-31.543315.json,123514,0.124,0.000124
C_efficiency_evolution/detailed_results/AGI-0_smartllama3.1-8B-001/results_2024-11-25T22-15-59.091478.json,114657,0.115,0.000115
C_efficiency_evolution/detailed_results/AI-MO_NuminaMath-7B-CoT/results_2024-09-11T22-04-44.864778.json,119043,0.119,0.000119
C_efficiency_evolution/detailed_results/AI-MO_NuminaMath-7B-TIR/results_2024-07-25T13-40-31.863736.json,118583,0.119,0.000119
C_efficiency_evolution/detailed_results/AI-Sweden-Models_Llama-3-8B-instruct/results_2024-07-22T12-09-41.340187.json,119019,0.119,0.000119
C_efficiency_evolution/detailed_results/AI-Sweden-Models_gpt-sw3-40b/results_2024-07-26T18-58-19.331750.json,118546,0.119,0.000119
C_efficiency_evolution/detailed_results/AI4free_Dhanishtha/results_2025-02-23T21-34-08.816420.json,115849,0.116,0.000116
C_efficiency_evolution/detailed_results/AI4free_t2/results_2025-02-27T13-24-19.191994.json,115825,0.116,0.000116
C_efficiency_evolution/detailed_results/AIDC-AI_Marco-o1/results_2025-02-01T05-51-39.702980.json,115423,0.115,0.000115
C_efficiency_evolution/detailed_results/Aashraf995_Creative-7B-nerd/results_2024-12-18T03-17-53.359820.json,114617,0.115,0.000115
C_efficiency_evolution/detailed_results/Aashraf995_Gemma-Evo-10B/results_2024-12-18T04-35-43.057636.json,114588,0.115,0.000115
C_efficiency_evolution/detailed_results/Aashraf995_Qwen-Evo-7B/results_2024-12-18T03-20-24.239014.json,114632,0.115,0.000115
C_efficiency_evolution/detailed_results/Aashraf995_QwenStock-14B/results_2024-12-18T04-15-47.313168.json,114623,0.115,0.000115
C_efficiency_evolution/detailed_results/AbacusResearch_Jallabi-34B/results_2024-07-30T05-45-04.496708.json,118529,0.119,0.000119
C_efficiency_evolution/detailed_results/Ahdoot_StructuredThinker-v0.3-MoreStructure/results_2025-01-01T03-42-11.275880.json,114702,0.115,0.000115
C_efficiency_evolution/detailed_results/Ahdoot_Test_StealthThinker/results_2025-01-06T23-06-48.071737.json,114651,0.115,0.000115
C_efficiency_evolution/detailed_results/AicoresSecurity_Cybernet-Sec-3B-R1-V0-Coder/results_2025-02-27T08-25-30.321172.json,117654,0.118,0.000118
C_efficiency_evolution/detailed_results/AicoresSecurity_Cybernet-Sec-3B-R1-V0/results_2025-02-27T08-26-21.525046.json,117633,0.118,0.000118
C_efficiency_evolution/detailed_results/AicoresSecurity_Cybernet-Sec-3B-R1-V1.1/results_2025-03-07T20-20-00.411476.json,117636,0.118,0.000118
C_efficiency_evolution/detailed_results/AicoresSecurity_Cybernet-Sec-3B-R1-V1/results_2025-03-07T07-38-49.658744.json,117643,0.118,0.000118
C_efficiency_evolution/detailed_results/Alepach_notHumpback-M0/results_2025-01-06T21-45-58.081166.json,114964,0.115,0.000115
C_efficiency_evolution/detailed_results/Alepach_notHumpback-M1-v2/results_2025-01-20T06-48-43.444170.json,115246,0.115,0.000115
C_efficiency_evolution/detailed_results/Alepach_notHumpback-M1/results_2025-01-06T21-45-56.042287.json,114996,0.115,0.000115
C_efficiency_evolution/detailed_results/Alibaba-NLP_gte-Qwen2-7B-instruct/results_2024-08-12T13-03-04.687518.json,118897,0.119,0.000119
C_efficiency_evolution/detailed_results/Alsebay_Qwen2.5-7B-test-novelist/results_2024-12-18T02-28-41.543232.json,114652,0.115,0.000115
C_efficiency_evolution/detailed_results/Amaorynho_BBAI2006/results_2025-02-27T22-01-12.890348.json,113109,0.113,0.000113
C_efficiency_evolution/detailed_results/Amaorynho_BBAI270V4/results_2025-02-27T08-30-09.873664.json,116049,0.116,0.000116
C_efficiency_evolution/detailed_results/Amaorynho_BBAIIFEV1/results_2025-03-01T19-40-25.427409.json,114032,0.114,0.000114
C_efficiency_evolution/detailed_results/Amaorynho_BBAI_375/results_2025-02-27T12-12-55.675096.json,113108,0.113,0.000113
C_efficiency_evolution/detailed_results/Amu_t1-1.5B/results_2025-03-08T04-40-03.345654.json,116096,0.116,0.000116
C_efficiency_evolution/detailed_results/Amu_t1-3B/results_2025-03-13T16-46-20.235537.json,116141,0.116,0.000116
C_efficiency_evolution/detailed_results/ArliAI_ArliAI-RPMax-12B-v1.1/results_2024-09-14T01-35-22.892458.json,122777,0.123,0.000123
C_efficiency_evolution/detailed_results/ArliAI_Llama-3.1-8B-ArliAI-RPMax-v1.1/results_2024-09-19T08-16-03.312956.json,119081,0.119,0.000119
C_efficiency_evolution/detailed_results/Arthur-LAGACHERIE_Precis-1B-Instruct/results_2025-01-20T02-26-42.196441.json,118588,0.119,0.000119
C_efficiency_evolution/detailed_results/Artples_L-MChat-7b/results_2024-08-21T15-54-00.632996.json,118895,0.119,0.000119
C_efficiency_evolution/detailed_results/Artples_L-MChat-Small/results_2024-08-12T20-08-53.082655.json,118844,0.119,0.000119
C_efficiency_evolution/detailed_results/Aryanne_QwentileSwap/results_2025-03-14T11-42-48.673718.json,116142,0.116,0.000116
C_efficiency_evolution/detailed_results/Aryanne_SHBA/results_2025-01-14T02-47-19.535563.json,115006,0.115,0.000115
C_efficiency_evolution/detailed_results/Aryanne_SuperHeart/results_2024-09-23T11-59-42.090754.json,118588,0.119,0.000119
C_efficiency_evolution/detailed_results/AtAndDev_Qwen2.5-1.5B-continuous-learnt/results_2024-10-15T04-55-44.027283.json,121258,0.121,0.000121
C_efficiency_evolution/detailed_results/Ateron_Glowing-Forest-12B/results_2025-03-06T15-03-45.762050.json,113462,0.113,0.000113
C_efficiency_evolution/detailed_results/Ateron_Lotus-Magpic/results_2025-03-05T13-12-09.385184.json,117658,0.118,0.000118
C_efficiency_evolution/detailed_results/Ateron_Way_of_MagPicaro/results_2025-03-05T15-31-39.956586.json,113460,0.113,0.000113
C_efficiency_evolution/detailed_results/AuraIndustries_Aura-4B/results_2024-12-18T03-06-02.963485.json,115028,0.115,0.000115
C_efficiency_evolution/detailed_results/AuraIndustries_Aura-8B/results_2024-12-11T04-50-16.483325.json,115066,0.115,0.000115
C_efficiency_evolution/detailed_results/AuraIndustries_Aura-MoE-2x4B-v2/results_2024-12-18T04-58-06.054592.json,115023,0.115,0.000115
C_efficiency_evolution/detailed_results/AuraIndustries_Aura-MoE-2x4B/results_2024-12-18T04-41-59.014444.json,115008,0.115,0.000115
C_efficiency_evolution/detailed_results/Aurel9_testmerge-7b/results_2024-11-20T00-59-08.345134.json,114598,0.115,0.000115
C_efficiency_evolution/detailed_results/Ayush-Singh_Llama1B-sft-2/results_2025-02-05T09-53-28.796940.json,114296,0.114,0.000114
C_efficiency_evolution/detailed_results/Azure99_Blossom-V6-14B/results_2025-02-01T09-24-58.712862.json,115071,0.115,0.000115
C_efficiency_evolution/detailed_results/Azure99_Blossom-V6-7B/results_2025-02-01T08-37-59.351105.json,115093,0.115,0.000115
C_efficiency_evolution/detailed_results/Azure99_blossom-v5-32b/results_2024-09-27T16-03-40.225448.json,118966,0.119,0.000119
C_efficiency_evolution/detailed_results/Azure99_blossom-v5-llama3-8b/results_2024-09-21T11-45-04.971156.json,118979,0.119,0.000119
C_efficiency_evolution/detailed_results/Azure99_blossom-v5.1-34b/results_2024-07-17T02-52-19.756120.json,119026,0.119,0.000119
C_efficiency_evolution/detailed_results/Azure99_blossom-v5.1-9b/results_2024-07-17T00-49-16.822666.json,118993,0.119,0.000119
C_efficiency_evolution/detailed_results/BAAI_Gemma2-9B-IT-Simpo-Infinity-Preference/results_2024-09-03T10-12-22.221077.json,118986,0.119,0.000119
C_efficiency_evolution/detailed_results/BAAI_Infinity-Instruct-3M-0613-Llama3-70B/results_2024-07-25T07-35-25.760033.json,119061,0.119,0.000119
C_efficiency_evolution/detailed_results/BAAI_Infinity-Instruct-3M-0613-Mistral-7B/results_2024-07-22T10-30-55.104090.json,118894,0.119,0.000119
C_efficiency_evolution/detailed_results/BAAI_Infinity-Instruct-3M-0625-Llama3-70B/results_2024-09-03T00-17-17.935598.json,119070,0.119,0.000119
C_efficiency_evolution/detailed_results/BAAI_Infinity-Instruct-3M-0625-Llama3-8B/results_2024-07-25T14-21-16.697446.json,119040,0.119,0.000119
C_efficiency_evolution/detailed_results/BAAI_Infinity-Instruct-3M-0625-Mistral-7B/results_2024-08-12T18-08-03.104883.json,118916,0.119,0.000119
C_efficiency_evolution/detailed_results/BAAI_Infinity-Instruct-3M-0625-Qwen2-7B/results_2024-08-12T18-24-56.268433.json,118995,0.119,0.000119
C_efficiency_evolution/detailed_results/BAAI_Infinity-Instruct-3M-0625-Yi-1.5-9B/results_2024-08-21T05-35-19.299638.json,119163,0.119,0.000119
C_efficiency_evolution/detailed_results/BAAI_Infinity-Instruct-7M-0729-Llama3_1-8B/results_2024-08-12T13-18-16.514134.json,119109,0.119,0.000119
C_efficiency_evolution/detailed_results/BAAI_Infinity-Instruct-7M-0729-mistral-7B/results_2024-08-12T13-10-51.363675.json,118929,0.119,0.000119
C_efficiency_evolution/detailed_results/BAAI_Infinity-Instruct-7M-Gen-Llama3_1-70B/results_2024-09-29T01-05-56.315539.json,119064,0.119,0.000119
C_efficiency_evolution/detailed_results/BAAI_Infinity-Instruct-7M-Gen-Llama3_1-8B/results_2024-09-02T15-50-11.409871.json,119078,0.119,0.000119
C_efficiency_evolution/detailed_results/BAAI_Infinity-Instruct-7M-Gen-mistral-7B/results_2024-09-02T15-46-52.517392.json,118887,0.119,0.000119
C_efficiency_evolution/detailed_results/BAAI_OPI-Llama-3.1-8B-Instruct/results_2024-09-23T11-57-00.029469.json,118698,0.119,0.000119
C_efficiency_evolution/detailed_results/BEE-spoke-data_Meta-Llama-3-8Bee/results_2024-07-25T12-24-55.860310.json,118658,0.119,0.000119
C_efficiency_evolution/detailed_results/BEE-spoke-data_smol_llama-101M-GQA/results_2024-08-13T08-16-04.970628.json,118260,0.118,0.000118
C_efficiency_evolution/detailed_results/BEE-spoke-data_smol_llama-220M-GQA-fineweb_edu/results_2024-07-18T11-09-45.118921.json,118259,0.118,0.000118
C_efficiency_evolution/detailed_results/BEE-spoke-data_smol_llama-220M-GQA/results_2024-06-26T23-24-10.372392.json,117943,0.118,0.000118
C_efficiency_evolution/detailed_results/BEE-spoke-data_smol_llama-220M-openhermes/results_2024-09-21T20-51-56.948604.json,118261,0.118,0.000118
C_efficiency_evolution/detailed_results/BEE-spoke-data_tFINE-900m-e16-d32-flan-infinity-instruct-7m-T2T_en-1024/results_2024-09-14T09-26-54.566432.json,118361,0.118,0.000118
C_efficiency_evolution/detailed_results/BEE-spoke-data_tFINE-900m-e16-d32-flan/results_2024-09-14T06-01-16.457735.json,118249,0.118,0.000118
C_efficiency_evolution/detailed_results/BEE-spoke-data_tFINE-900m-e16-d32-instruct_2e/results_2024-09-23T16-45-27.487413.json,118286,0.118,0.000118
C_efficiency_evolution/detailed_results/BEE-spoke-data_tFINE-900m-instruct-orpo/results_2024-09-23T17-46-03.770289.json,118496,0.118,0.000118
C_efficiency_evolution/detailed_results/BSC-LT_salamandra-7b-instruct/results_2024-11-22T08-58-14.996318.json,115708,0.116,0.000116
C_efficiency_evolution/detailed_results/BSC-LT_salamandra-7b/results_2024-11-22T08-16-09.604171.json,114253,0.114,0.000114
C_efficiency_evolution/detailed_results/Ba2han_Llama-Phi-3_DoRA/results_2024-07-29T08-29-23.036311.json,119067,0.119,0.000119
C_efficiency_evolution/detailed_results/Baptiste-HUVELLE-10_LeTriomphant2.2_ECE_iLAB/results_2025-03-01T08-30-05.978173.json,113567,0.114,0.000114
C_efficiency_evolution/detailed_results/BenevolenceMessiah_Qwen2.5-72B-2x-Instruct-TIES-v1.0/results_2024-11-25T10-42-51.480482.json,117318,0.117,0.000117
C_efficiency_evolution/detailed_results/BenevolenceMessiah_Yi-Coder-9B-Chat-Instruct-TIES-MoE-v1.0/results_2024-09-28T01-29-46.479228.json,118712,0.119,0.000119
C_efficiency_evolution/detailed_results/BlackBeenie_Bloslain-8B-v0.2/results_2024-11-20T00-14-46.384603.json,114675,0.115,0.000115
C_efficiency_evolution/detailed_results/BlackBeenie_Llama-3.1-8B-OpenO1-SFT-v0.1/results_2024-12-29T05-50-35.952715.json,119568,0.120,0.000120
C_efficiency_evolution/detailed_results/BlackBeenie_Llama-3.1-8B-pythonic-passthrough-merge/results_2024-11-06T21-15-20.894828.json,114699,0.115,0.000115
C_efficiency_evolution/detailed_results/BlackBeenie_Neos-Gemma-2-9b/results_2024-11-11T12-49-01.846333.json,115258,0.115,0.000115
C_efficiency_evolution/detailed_results/BlackBeenie_Neos-Llama-3.1-8B/results_2024-11-12T13-25-16.816634.json,114915,0.115,0.000115
C_efficiency_evolution/detailed_results/BlackBeenie_Neos-Llama-3.1-base/results_2024-11-11T14-31-42.592878.json,114744,0.115,0.000115
C_efficiency_evolution/detailed_results/BlackBeenie_Neos-Phi-3-14B-v0.1/results_2024-11-27T15-11-29.345795.json,114928,0.115,0.000115
C_efficiency_evolution/detailed_results/BlackBeenie_llama-3-luminous-merged/results_2024-10-11T13-21-44.421484.json,118657,0.119,0.000119
C_efficiency_evolution/detailed_results/BlackBeenie_llama-3.1-8B-Galore-openassistant-guanaco/results_2024-10-19T11-26-56.879492.json,118727,0.119,0.000119
C_efficiency_evolution/detailed_results/Bllossom_llama-3.2-Korean-Bllossom-AICA-5B/results_2024-12-18T04-48-36.945827.json,119914,0.120,0.000120
C_efficiency_evolution/detailed_results/BoltMonkey_DreadMix/results_2024-10-15T10-14-27.298886.json,119037,0.119,0.000119
C_efficiency_evolution/detailed_results/BoltMonkey_NeuralDaredevil-SuperNova-Lite-7B-DARETIES-abliterated/results_2024-10-02T01-12-39.953335.json,118725,0.119,0.000119
C_efficiency_evolution/detailed_results/BoltMonkey_SuperNeuralDreadDevil-8b/results_2024-10-15T04-58-27.394066.json,119047,0.119,0.000119
C_efficiency_evolution/detailed_results/BrainWave-ML_llama3.2-3B-maths-orpo/results_2024-10-25T15-23-53.121910.json,118273,0.118,0.000118
C_efficiency_evolution/detailed_results/BramVanroy_GEITje-7B-ultra/results_2024-10-28T15-46-03.761866.json,118980,0.119,0.000119
C_efficiency_evolution/detailed_results/BramVanroy_fietje-2-chat/results_2024-10-28T15-30-42.669861.json,118805,0.119,0.000119
C_efficiency_evolution/detailed_results/BramVanroy_fietje-2-instruct/results_2024-10-29T06-19-03.359209.json,118791,0.119,0.000119
C_efficiency_evolution/detailed_results/BramVanroy_fietje-2/results_2024-10-28T15-01-12.007604.json,118519,0.119,0.000119
C_efficiency_evolution/detailed_results/CYFRAGOVPL_Llama-PLLuM-8B-base/results_2025-02-28T14-13-32.792972.json,113580,0.114,0.000114
C_efficiency_evolution/detailed_results/CYFRAGOVPL_Llama-PLLuM-8B-chat/results_2025-02-28T13-53-42.976676.json,114698,0.115,0.000115
C_efficiency_evolution/detailed_results/CYFRAGOVPL_PLLuM-12B-base/results_2025-02-28T14-26-10.371596.json,113461,0.113,0.000113
C_efficiency_evolution/detailed_results/CYFRAGOVPL_PLLuM-12B-chat/results_2025-02-28T14-04-50.916092.json,114587,0.115,0.000115
C_efficiency_evolution/detailed_results/CYFRAGOVPL_PLLuM-12B-nc-base/results_2025-02-28T14-13-34.734587.json,113477,0.113,0.000113
C_efficiency_evolution/detailed_results/CYFRAGOVPL_PLLuM-12B-nc-chat/results_2025-02-28T14-03-56.285441.json,114591,0.115,0.000115
C_efficiency_evolution/detailed_results/CarrotAI_Llama-3.2-Rabbit-Ko-3B-Instruct-2412/results_2024-12-19T09-37-44.312285.json,114713,0.115,0.000115
C_efficiency_evolution/detailed_results/CarrotAI_Llama-3.2-Rabbit-Ko-3B-Instruct/results_2024-12-20T07-08-53.216233.json,115194,0.115,0.000115
C_efficiency_evolution/detailed_results/Casual-Autopsy_L3-Umbral-Mind-RP-v2.0-8B/results_2024-07-22T09-49-57.500293.json,119098,0.119,0.000119
C_efficiency_evolution/detailed_results/CausalLM_14B/results_2024-06-16T22-41-11.628824.json,120061,0.120,0.000120
C_efficiency_evolution/detailed_results/CausalLM_34b-beta/results_2024-08-13T04-12-29.067058.json,118597,0.119,0.000119
C_efficiency_evolution/detailed_results/CausalLM_preview-1-hf/results_2025-01-26T19-50-38.868150.json,114967,0.115,0.000115
C_efficiency_evolution/detailed_results/Changgil_K2S3-14b-v0.2/results_2024-08-12T22-44-05.278865.json,118607,0.119,0.000119
C_efficiency_evolution/detailed_results/Changgil_K2S3-v0.1/results_2025-02-13T18-27-04.338360.json,118528,0.119,0.000119
C_efficiency_evolution/detailed_results/ClaudioItaly_Albacus/results_2024-09-14T01-42-34.001195.json,118559,0.119,0.000119
C_efficiency_evolution/detailed_results/ClaudioItaly_Book-Gut12B/results_2024-09-18T16-10-32.498210.json,118545,0.119,0.000119
C_efficiency_evolution/detailed_results/ClaudioItaly_Evolutionstory-7B-v2.2/results_2024-09-03T07-38-49.543556.json,118591,0.119,0.000119
C_efficiency_evolution/detailed_results/ClaudioItaly_intelligence-cod-rag-7b-v3/results_2024-12-02T20-56-56.981425.json,115371,0.115,0.000115
C_efficiency_evolution/detailed_results/CohereForAI_aya-23-35B/results_2024-06-17T22-14-18.057565.json,129037,0.129,0.000129
C_efficiency_evolution/detailed_results/CohereForAI_aya-23-8B/results_2024-06-17T11-49-39.129219.json,129098,0.129,0.000129
C_efficiency_evolution/detailed_results/CohereForAI_aya-expanse-32b/results_2024-10-24T23-13-12.725496.json,116057,0.116,0.000116
C_efficiency_evolution/detailed_results/CohereForAI_aya-expanse-8b/results_2024-10-24T16-15-03.662470.json,116069,0.116,0.000116
C_efficiency_evolution/detailed_results/CohereForAI_c4ai-command-r-plus-08-2024/results_2024-09-20T05-28-13.938100.json,119890,0.120,0.000120
C_efficiency_evolution/detailed_results/CohereForAI_c4ai-command-r-plus/results_2024-06-20T10-16-23.151914.json,129112,0.129,0.000129
C_efficiency_evolution/detailed_results/CohereForAI_c4ai-command-r-v01/results_2024-06-17T20-00-09.158840.json,128748,0.129,0.000129
C_efficiency_evolution/detailed_results/CohereForAI_c4ai-command-r7b-12-2024/results_2024-12-20T13-37-10.543380.json,127828,0.128,0.000128
C_efficiency_evolution/detailed_results/Columbia-NLP_LION-Gemma-2b-dpo-v1.0/results_2024-08-13T04-55-19.543716.json,119072,0.119,0.000119
C_efficiency_evolution/detailed_results/Columbia-NLP_LION-Gemma-2b-odpo-v1.0/results_2024-08-13T02-35-20.190532.json,119069,0.119,0.000119
C_efficiency_evolution/detailed_results/Columbia-NLP_LION-Gemma-2b-sft-v1.0/results_2024-08-13T04-56-06.975578.json,119025,0.119,0.000119
C_efficiency_evolution/detailed_results/Columbia-NLP_LION-LLaMA-3-8b-dpo-v1.0/results_2024-08-13T04-36-21.322067.json,118953,0.119,0.000119
C_efficiency_evolution/detailed_results/Columbia-NLP_LION-LLaMA-3-8b-odpo-v1.0/results_2024-08-13T04-44-27.328884.json,118972,0.119,0.000119
C_efficiency_evolution/detailed_results/Columbia-NLP_LION-LLaMA-3-8b-sft-v1.0/results_2024-08-13T04-49-26.292140.json,118967,0.119,0.000119
C_efficiency_evolution/detailed_results/CombinHorizon_Josiefied-abliteratedV4-Qwen2.5-14B-Inst-BaseMerge-TIES/results_2024-12-07T05-30-29.259046.json,117026,0.117,0.000117
C_efficiency_evolution/detailed_results/CombinHorizon_Rombos-Qwen2.5-7B-Inst-BaseMerge-TIES/results_2024-10-29T15-00-49.989293.json,120929,0.121,0.000121
C_efficiency_evolution/detailed_results/CombinHorizon_YiSM-blossom5.1-34B-SLERP/results_2024-09-02T18-34-45.787681.json,119137,0.119,0.000119
C_efficiency_evolution/detailed_results/CombinHorizon_huihui-ai-abliterated-Qwen2.5-32B-Inst-BaseMerge-TIES/results_2024-12-07T17-16-26.181747.json,117009,0.117,0.000117
C_efficiency_evolution/detailed_results/CombinHorizon_huihui-ai-abliteratedV2-Qwen2.5-14B-Inst-BaseMerge-TIES/results_2024-12-07T06-29-43.941929.json,117028,0.117,0.000117
C_efficiency_evolution/detailed_results/CombinHorizon_zetasepic-abliteratedV2-Qwen2.5-32B-Inst-BaseMerge-TIES/results_2024-12-21T01-37-15.623991.json,117021,0.117,0.000117
C_efficiency_evolution/detailed_results/ContactDoctor_Bio-Medical-3B-CoT-012025/results_2025-01-15T09-22-59.977970.json,114688,0.115,0.000115
C_efficiency_evolution/detailed_results/ContactDoctor_Bio-Medical-Llama-3-8B/results_2024-12-24T06-22-56.971273.json,114629,0.115,0.000115
C_efficiency_evolution/detailed_results/CoolSpring_Qwen2-0.5B-Abyme-merge2/results_2024-07-30T04-00-30.669462.json,118957,0.119,0.000119
C_efficiency_evolution/detailed_results/CoolSpring_Qwen2-0.5B-Abyme-merge3/results_2024-07-30T03-41-02.675646.json,118991,0.119,0.000119
C_efficiency_evolution/detailed_results/CoolSpring_Qwen2-0.5B-Abyme/results_2024-09-06T09-06-54.964156.json,118894,0.119,0.000119
C_efficiency_evolution/detailed_results/Corianas_Neural-Mistral-7B/results_2024-12-06T14-35-18.646555.json,115111,0.115,0.000115
C_efficiency_evolution/detailed_results/Corianas_Quokka_2.7b/results_2024-12-11T18-32-14.809182.json,114488,0.114,0.000114
C_efficiency_evolution/detailed_results/Corianas_llama-3-reactor/results_2024-08-12T17-59-58.747351.json,118639,0.119,0.000119
C_efficiency_evolution/detailed_results/CortexLM_btlm-7b-base-v0.2/results_2024-08-12T22-07-03.175931.json,118664,0.119,0.000119
C_efficiency_evolution/detailed_results/Cran-May_SCE-2-24B/results_2025-02-05T01-14-41.928805.json,116267,0.116,0.000116
C_efficiency_evolution/detailed_results/Cran-May_SCE-3-24B/results_2025-02-05T01-07-55.745567.json,116295,0.116,0.000116
C_efficiency_evolution/detailed_results/Cran-May_T.E-8.1/results_2024-09-29T18-25-58.538578.json,119246,0.119,0.000119
C_efficiency_evolution/detailed_results/Cran-May_merge_model_20250308_2/results_2025-03-08T15-11-05.567757.json,113497,0.113,0.000113
C_efficiency_evolution/detailed_results/Cran-May_merge_model_20250308_3/results_2025-03-08T15-15-23.298099.json,113518,0.114,0.000114
C_efficiency_evolution/detailed_results/Cran-May_merge_model_20250308_4/results_2025-03-08T15-21-43.946714.json,113486,0.113,0.000113
C_efficiency_evolution/detailed_results/Cran-May_tempmotacilla-cinerea-0308/results_2025-03-08T15-27-36.469214.json,113503,0.114,0.000114
C_efficiency_evolution/detailed_results/CreitinGameplays_Llama-3.1-8B-R1-v0.1/results_2025-03-11T00-12-57.650499.json,118491,0.118,0.000118
C_efficiency_evolution/detailed_results/CultriX_Qwen2.5-14B-Broca/results_2024-12-23T18-32-51.550970.json,114621,0.115,0.000115
C_efficiency_evolution/detailed_results/CultriX_Qwen2.5-14B-BrocaV9/results_2025-01-14T03-27-24.176624.json,114639,0.115,0.000115
C_efficiency_evolution/detailed_results/CultriX_Qwen2.5-14B-Brocav3/results_2024-12-24T00-40-55.160630.json,114652,0.115,0.000115
C_efficiency_evolution/detailed_results/CultriX_Qwen2.5-14B-Brocav6/results_2024-12-24T00-45-48.593643.json,114644,0.115,0.000115
C_efficiency_evolution/detailed_results/CultriX_Qwen2.5-14B-Brocav7/results_2024-12-24T00-39-18.307055.json,114636,0.115,0.000115
C_efficiency_evolution/detailed_results/CultriX_Qwen2.5-14B-Emerged/results_2024-12-20T00-16-33.822279.json,114635,0.115,0.000115
C_efficiency_evolution/detailed_results/CultriX_Qwen2.5-14B-Emergedv3/results_2024-12-22T02-13-24.444781.json,114631,0.115,0.000115
C_efficiency_evolution/detailed_results/CultriX_Qwen2.5-14B-FinalMerge/results_2024-12-24T01-43-26.836129.json,114652,0.115,0.000115
C_efficiency_evolution/detailed_results/CultriX_Qwen2.5-14B-Hyper/results_2025-01-20T07-31-35.276448.json,114634,0.115,0.000115
C_efficiency_evolution/detailed_results/CultriX_Qwen2.5-14B-HyperMarck-dl/results_2025-02-25T03-04-33.550164.json,113510,0.114,0.000114
C_efficiency_evolution/detailed_results/CultriX_Qwen2.5-14B-Hyperionv3/results_2025-01-19T05-37-04.733936.json,114646,0.115,0.000115
C_efficiency_evolution/detailed_results/CultriX_Qwen2.5-14B-Hyperionv4/results_2025-01-20T19-39-31.032174.json,114637,0.115,0.000115
C_efficiency_evolution/detailed_results/CultriX_Qwen2.5-14B-Hyperionv5/results_2025-01-20T19-35-29.527144.json,114646,0.115,0.000115
C_efficiency_evolution/detailed_results/CultriX_Qwen2.5-14B-MegaMerge-pt2/results_2024-10-25T17-28-29.915496.json,118614,0.119,0.000119
C_efficiency_evolution/detailed_results/CultriX_Qwen2.5-14B-MergeStock/results_2024-10-24T00-00-00.000000.json,118630,0.119,0.000119
C_efficiency_evolution/detailed_results/CultriX_Qwen2.5-14B-ReasoningMerge/results_2025-02-24T23-23-47.851116.json,113523,0.114,0.000114
C_efficiency_evolution/detailed_results/CultriX_Qwen2.5-14B-Ultimav2/results_2025-02-05T01-39-46.826724.json,114638,0.115,0.000115
C_efficiency_evolution/detailed_results/CultriX_Qwen2.5-14B-Unity/results_2024-12-22T02-13-12.144491.json,114635,0.115,0.000115
C_efficiency_evolution/detailed_results/CultriX_Qwen2.5-14B-Wernicke-SFT/results_2024-11-20T02-17-53.848498.json,117263,0.117,0.000117
C_efficiency_evolution/detailed_results/CultriX_Qwen2.5-14B-Wernicke-SLERP/results_2024-10-25T21-08-24.240304.json,121319,0.121,0.000121
C_efficiency_evolution/detailed_results/CultriX_Qwen2.5-14B-Wernicke/results_2024-10-23T19-04-06.984034.json,118609,0.119,0.000119
C_efficiency_evolution/detailed_results/CultriX_Qwen2.5-14B-Wernickev3/results_2024-12-20T00-20-51.798524.json,114636,0.115,0.000115
C_efficiency_evolution/detailed_results/CultriX_Qwen2.5-14B-partialmergept1/results_2025-01-19T05-48-12.721431.json,114672,0.115,0.000115
C_efficiency_evolution/detailed_results/CultriX_Qwenfinity-2.5-14B/results_2024-12-23T20-53-54.936287.json,114648,0.115,0.000115
C_efficiency_evolution/detailed_results/CultriX_Qwestion-14B/results_2024-11-23T06-19-01.826337.json,114601,0.115,0.000115
C_efficiency_evolution/detailed_results/CultriX_SeQwence-14B-EvolMerge/results_2024-11-27T11-01-35.329151.json,114641,0.115,0.000115
C_efficiency_evolution/detailed_results/CultriX_SeQwence-14B-EvolMergev1/results_2024-11-27T12-57-19.390079.json,114657,0.115,0.000115
C_efficiency_evolution/detailed_results/CultriX_SeQwence-14B-v5/results_2024-11-20T00-54-32.999873.json,114624,0.115,0.000115
C_efficiency_evolution/detailed_results/CultriX_SeQwence-14B/results_2024-11-20T10-20-14.065091.json,114623,0.115,0.000115
C_efficiency_evolution/detailed_results/CultriX_SeQwence-14Bv1/results_2024-11-27T10-50-57.059584.json,114617,0.115,0.000115
C_efficiency_evolution/detailed_results/CultriX_SeQwence-14Bv2/results_2024-12-08T17-38-34.281942.json,114630,0.115,0.000115
C_efficiency_evolution/detailed_results/CultriX_SeQwence-14Bv3/results_2024-11-27T21-18-32.079945.json,114626,0.115,0.000115
C_efficiency_evolution/detailed_results/DRXD1000_Atlas-7B/results_2024-12-11T04-58-40.091093.json,114779,0.115,0.000115
C_efficiency_evolution/detailed_results/DRXD1000_Phoenix-7B/results_2024-12-11T05-51-08.434177.json,114813,0.115,0.000115
C_efficiency_evolution/detailed_results/DUAL-GPO_zephyr-7b-ipo-0k-15k-i1/results_2024-09-23T12-42-02.224196.json,118583,0.119,0.000119
C_efficiency_evolution/detailed_results/DZgas_GIGABATEMAN-7B/results_2024-09-18T07-24-33.032428.json,118553,0.119,0.000119
C_efficiency_evolution/detailed_results/Daemontatox_AetherDrake-SFT/results_2024-12-25T20-08-51.776455.json,114674,0.115,0.000115
C_efficiency_evolution/detailed_results/Daemontatox_AetherSett/results_2024-12-30T14-23-42.325851.json,114616,0.115,0.000115
C_efficiency_evolution/detailed_results/Daemontatox_AetherTOT/results_2024-12-28T17-49-09.639117.json,114645,0.115,0.000115
C_efficiency_evolution/detailed_results/Daemontatox_AetherUncensored/results_2025-01-13T09-52-18.924092.json,114685,0.115,0.000115
C_efficiency_evolution/detailed_results/Daemontatox_Cogito-MIS/results_2025-02-18T21-15-33.420905.json,113957,0.114,0.000114
C_efficiency_evolution/detailed_results/Daemontatox_CogitoDistil/results_2025-01-23T10-51-52.863988.json,117372,0.117,0.000117
C_efficiency_evolution/detailed_results/Daemontatox_CogitoZ/results_2025-01-08T09-03-00.911977.json,114623,0.115,0.000115
C_efficiency_evolution/detailed_results/Daemontatox_CogitoZ14/results_2025-01-08T03-34-10.130534.json,117304,0.117,0.000117
C_efficiency_evolution/detailed_results/Daemontatox_DocumentCogito/results_2025-01-16T02-47-58.653318.json,114669,0.115,0.000115
C_efficiency_evolution/detailed_results/Daemontatox_Llama3.3-70B-CogniLink/results_2025-01-14T12-59-48.589114.json,114665,0.115,0.000115
C_efficiency_evolution/detailed_results/Daemontatox_Llama_cot/results_2025-03-09T04-46-23.117014.json,118701,0.119,0.000119
C_efficiency_evolution/detailed_results/Daemontatox_MawaredT1/results_2025-01-06T10-36-21.706918.json,114612,0.115,0.000115
C_efficiency_evolution/detailed_results/Daemontatox_Mini_QwQ/results_2025-01-16T15-58-03.581284.json,114606,0.115,0.000115
C_efficiency_evolution/detailed_results/Daemontatox_NemoR/results_2024-12-31T20-41-25.756485.json,114597,0.115,0.000115
C_efficiency_evolution/detailed_results/Daemontatox_PathFinderAI2.0/results_2024-12-30T20-53-06.571859.json,114645,0.115,0.000115
C_efficiency_evolution/detailed_results/Daemontatox_PathFinderAi3.0/results_2024-12-31T20-18-44.352719.json,114647,0.115,0.000115
C_efficiency_evolution/detailed_results/Daemontatox_PathfinderAI/results_2024-12-25T22-39-30.466377.json,114630,0.115,0.000115
C_efficiency_evolution/detailed_results/Daemontatox_Phi-4-COT/results_2025-01-14T02-51-00.520335.json,114626,0.115,0.000115
C_efficiency_evolution/detailed_results/Daemontatox_PixelParse_AI/results_2024-12-29T04-31-58.660338.json,114680,0.115,0.000115
C_efficiency_evolution/detailed_results/Daemontatox_RA2.0/results_2025-01-01T18-18-02.159312.json,114589,0.115,0.000115
C_efficiency_evolution/detailed_results/Daemontatox_RA_Reasoner/results_2024-12-25T22-17-44.601562.json,114625,0.115,0.000115
C_efficiency_evolution/detailed_results/Daemontatox_RA_Reasoner2.0/results_2024-12-29T18-48-19.037398.json,114640,0.115,0.000115
C_efficiency_evolution/detailed_results/Daemontatox_ReasonTest/results_2024-12-31T20-06-33.065277.json,114626,0.115,0.000115
C_efficiency_evolution/detailed_results/Daemontatox_Research_PathfinderAI/results_2025-02-24T17-46-32.815615.json,115909,0.116,0.000116
C_efficiency_evolution/detailed_results/Daemontatox_SphinX/results_2024-12-31T20-16-02.475993.json,114606,0.115,0.000115
C_efficiency_evolution/detailed_results/Daemontatox_Sphinx2.0/results_2024-12-30T15-58-05.484286.json,117330,0.117,0.000117
C_efficiency_evolution/detailed_results/Daemontatox_TinySphinx/results_2024-12-31T19-47-39.007434.json,114276,0.114,0.000114
C_efficiency_evolution/detailed_results/Daemontatox_TinySphinx2.0/results_2024-12-31T19-44-34.193223.json,114658,0.115,0.000115
C_efficiency_evolution/detailed_results/Daemontatox_Zirel-7B-Math/results_2025-02-28T23-12-53.666730.json,116163,0.116,0.000116
C_efficiency_evolution/detailed_results/Daemontatox_Zirel_1.5/results_2025-03-04T12-01-01.254825.json,116180,0.116,0.000116
C_efficiency_evolution/detailed_results/Daemontatox_mini-Cogito-R1/results_2025-02-24T16-55-04.757962.json,113566,0.114,0.000114
C_efficiency_evolution/detailed_results/Daemontatox_mini_Pathfinder/results_2025-01-20T21-31-43.950385.json,117390,0.117,0.000117
C_efficiency_evolution/detailed_results/Dampfinchen_Llama-3.1-8B-Ultra-Instruct/results_2024-09-02T16-31-28.146511.json,123534,0.124,0.000124
C_efficiency_evolution/detailed_results/Danielbrdz_Barcenas-10b/results_2025-01-06T22-44-16.806373.json,114608,0.115,0.000115
C_efficiency_evolution/detailed_results/Danielbrdz_Barcenas-14b-Phi-3-medium-ORPO/results_2024-08-12T10-50-02.852147.json,118686,0.119,0.000119
C_efficiency_evolution/detailed_results/Danielbrdz_Barcenas-14b-phi-4-v2/results_2025-02-05T01-03-56.203278.json,114636,0.115,0.000115
C_efficiency_evolution/detailed_results/Danielbrdz_Barcenas-14b-phi-4/results_2025-01-26T19-24-19.048500.json,114663,0.115,0.000115
C_efficiency_evolution/detailed_results/Danielbrdz_Barcenas-3b-GRPO/results_2025-02-24T21-04-06.645485.json,113515,0.114,0.000114
C_efficiency_evolution/detailed_results/Danielbrdz_Barcenas-Llama3-8b-ORPO/results_2024-07-30T05-19-20.813390.json,119084,0.119,0.000119
C_efficiency_evolution/detailed_results/Danielbrdz_Barcenas-R1-Qwen-1.5b/results_2025-01-26T19-17-19.771431.json,114729,0.115,0.000115
C_efficiency_evolution/detailed_results/Dans-DiscountModels_12b-mn-dans-reasoning-test-2/results_2025-03-07T23-17-49.989635.json,113901,0.114,0.000114
C_efficiency_evolution/detailed_results/Dans-DiscountModels_12b-mn-dans-reasoning-test-3/results_2025-03-10T00-55-26.687847.json,113918,0.114,0.000114
C_efficiency_evolution/detailed_results/Dans-DiscountModels_Dans-Instruct-CoreCurriculum-12b-ChatML/results_2024-09-05T05-25-31.840107.json,118698,0.119,0.000119
C_efficiency_evolution/detailed_results/Dans-DiscountModels_Dans-Instruct-Mix-8b-ChatML-V0.1.0/results_2024-09-21T05-00-02.509113.json,118732,0.119,0.000119
C_efficiency_evolution/detailed_results/Dans-DiscountModels_Dans-Instruct-Mix-8b-ChatML-V0.1.1/results_2024-09-23T12-04-51.145255.json,118723,0.119,0.000119
C_efficiency_evolution/detailed_results/Dans-DiscountModels_Dans-Instruct-Mix-8b-ChatML-V0.2.0/results_2024-09-30T09-20-31.787829.json,119044,0.119,0.000119
C_efficiency_evolution/detailed_results/Dans-DiscountModels_Dans-Instruct-Mix-8b-ChatML/results_2024-09-16T04-36-47.830370.json,118701,0.119,0.000119
C_efficiency_evolution/detailed_results/Dans-DiscountModels_Mistral-7b-v0.3-Test-E0.7/results_2024-11-17T23-39-37.800317.json,115010,0.115,0.000115
C_efficiency_evolution/detailed_results/Dans-DiscountModels_mistral-7b-test-merged/results_2024-11-27T06-47-09.799669.json,114983,0.115,0.000115
C_efficiency_evolution/detailed_results/Darkknight535_OpenCrystal-12B-L3/results_2024-09-03T01-29-38.043440.json,118662,0.119,0.000119
C_efficiency_evolution/detailed_results/DavidAU_DeepHermes-3-Llama-3-8B-Preview-16.5B-Brainstorm/results_2025-03-10T04-29-31.276484.json,113612,0.114,0.000114
C_efficiency_evolution/detailed_results/DavidAU_DeepSeek-BlackRoot-R1-Distill-Llama-3.1-8B/results_2025-03-10T03-34-45.491804.json,113621,0.114,0.000114
C_efficiency_evolution/detailed_results/DavidAU_DeepSeek-Grand-Horror-SMB-R1-Distill-Llama-3.1-16B/results_2025-03-10T05-04-21.696996.json,113666,0.114,0.000114
C_efficiency_evolution/detailed_results/DavidAU_DeepSeek-MOE-4X8B-R1-Distill-Llama-3.1-Deep-Thinker-Uncensored-24B/results_2025-03-10T04-45-27.408239.json,113706,0.114,0.000114
C_efficiency_evolution/detailed_results/DavidAU_DeepSeek-MOE-4X8B-R1-Distill-Llama-3.1-Mad-Scientist-24B/results_2025-03-10T04-48-15.064174.json,113693,0.114,0.000114
C_efficiency_evolution/detailed_results/DavidAU_DeepSeek-R1-Distill-Qwen-25.5B-Brainstorm/results_2025-03-10T06-34-12.025015.json,113638,0.114,0.000114
C_efficiency_evolution/detailed_results/DavidAU_DeepSeek-V2-Grand-Horror-SMB-R1-Distill-Llama-3.1-Uncensored-16.5B/results_2025-03-10T05-06-15.045531.json,113703,0.114,0.000114
C_efficiency_evolution/detailed_results/DavidAU_DeepThought-MOE-8X3B-R1-Llama-3.2-Reasoning-18B/results_2025-03-10T05-04-45.792108.json,113626,0.114,0.000114
C_efficiency_evolution/detailed_results/DavidAU_Gemma-The-Writer-9B/results_2025-01-14T03-35-46.382052.json,114974,0.115,0.000115
C_efficiency_evolution/detailed_results/DavidAU_Gemma-The-Writer-DEADLINE-10B/results_2025-01-14T04-00-14.444095.json,115318,0.115,0.000115
C_efficiency_evolution/detailed_results/DavidAU_Gemma-The-Writer-J.GutenBerg-10B/results_2025-01-14T03-56-59.713142.json,115358,0.115,0.000115
C_efficiency_evolution/detailed_results/DavidAU_Gemma-The-Writer-Mighty-Sword-9B/results_2025-01-14T03-13-25.874400.json,114999,0.115,0.000115
C_efficiency_evolution/detailed_results/DavidAU_Gemma-The-Writer-N-Restless-Quill-10B-Uncensored/results_2025-01-14T03-26-20.349500.json,115173,0.115,0.000115
C_efficiency_evolution/detailed_results/DavidAU_L3-DARKEST-PLANET-16.5B/results_2025-01-14T03-40-51.254747.json,115129,0.115,0.000115
C_efficiency_evolution/detailed_results/DavidAU_L3-Dark-Planet-8B/results_2024-09-14T01-22-26.219344.json,118622,0.119,0.000119
C_efficiency_evolution/detailed_results/DavidAU_L3-Jamet-12.2B-MK.V-Blackroot-Instruct/results_2024-09-11T18-30-00.046087.json,118688,0.119,0.000119
C_efficiency_evolution/detailed_results/DavidAU_L3-Lumimaid-12.2B-v0.1-OAS-Instruct/results_2024-09-14T01-49-45.517798.json,118679,0.119,0.000119
C_efficiency_evolution/detailed_results/DavidAU_L3-SMB-Instruct-12.2B-F32/results_2024-09-14T01-44-45.928610.json,118631,0.119,0.000119
C_efficiency_evolution/detailed_results/DavidAU_L3-Stheno-Maid-Blackroot-Grand-HORROR-16B/results_2024-09-10T01-41-23.314602.json,118703,0.119,0.000119
C_efficiency_evolution/detailed_results/DavidAU_L3-Stheno-v3.2-12.2B-Instruct/results_2024-09-14T01-49-00.730479.json,118651,0.119,0.000119
C_efficiency_evolution/detailed_results/DavidAU_L3.1-Dark-Planet-SpinFire-Uncensored-8B/results_2025-01-13T16-26-31.175383.json,119612,0.120,0.000120
C_efficiency_evolution/detailed_results/DavidAU_L3.1-MOE-2X8B-Deepseek-DeepHermes-e32-uncensored-abliterated-13.7B/results_2025-03-10T03-23-45.418230.json,113710,0.114,0.000114
C_efficiency_evolution/detailed_results/DavidAU_Qwen2.5-MOE-2X1.5B-DeepSeek-Uncensored-Censored-4B/results_2025-03-10T03-21-01.285602.json,113666,0.114,0.000114
C_efficiency_evolution/detailed_results/DavidAU_Qwen2.5-MOE-2X7B-DeepSeek-Abliterated-Censored-19B/results_2025-03-10T04-01-27.449634.json,113676,0.114,0.000114
C_efficiency_evolution/detailed_results/DavidAU_Qwen2.5-MOE-6x1.5B-DeepSeek-Reasoning-e32/results_2025-03-10T04-10-10.425547.json,113642,0.114,0.000114
C_efficiency_evolution/detailed_results/Davidsv_SUONG-1/results_2025-02-24T16-35-20.128773.json,113101,0.113,0.000113
C_efficiency_evolution/detailed_results/DavieLion_Llama-3.2-1B-SPIN-iter0/results_2024-12-29T02-42-14.122225.json,114314,0.114,0.000114
C_efficiency_evolution/detailed_results/DavieLion_Llama-3.2-1B-SPIN-iter1/results_2024-12-29T07-27-12.916238.json,114337,0.114,0.000114
C_efficiency_evolution/detailed_results/DavieLion_Llama-3.2-1B-SPIN-iter2/results_2024-12-29T09-28-09.319125.json,114327,0.114,0.000114
C_efficiency_evolution/detailed_results/DavieLion_Llama-3.2-1B-SPIN-iter3/results_2024-12-29T06-27-51.383742.json,114327,0.114,0.000114
C_efficiency_evolution/detailed_results/DavieLion_Lllma-3.2-1B/results_2024-12-27T07-42-34.986242.json,114297,0.114,0.000114
C_efficiency_evolution/detailed_results/DebateLabKIT_Llama-3.1-Argunaut-1-8B-SFT/results_2025-01-02T23-42-32.363726.json,119603,0.120,0.000120
C_efficiency_evolution/detailed_results/Deci_DeciLM-7B-instruct/results_2024-06-16T21-50-32.589302.json,120465,0.120,0.000120
C_efficiency_evolution/detailed_results/Deci_DeciLM-7B/results_2024-06-16T21-49-06.071553.json,120064,0.120,0.000120
C_efficiency_evolution/detailed_results/DeepAutoAI_Explore_Llama-3.1-8B-Inst/results_2024-09-21T17-34-15.250414.json,123531,0.124,0.000124
C_efficiency_evolution/detailed_results/DeepAutoAI_Explore_Llama-3.2-1B-Inst/results_2024-10-07T07-57-21.365937.json,122732,0.123,0.000123
C_efficiency_evolution/detailed_results/DeepAutoAI_Explore_Llama-3.2-1B-Inst_v0/results_2024-10-08T11-14-35.125813.json,122683,0.123,0.000123
C_efficiency_evolution/detailed_results/DeepAutoAI_Explore_Llama-3.2-1B-Inst_v1.1/results_2024-10-09T10-29-37.972649.json,122722,0.123,0.000123
C_efficiency_evolution/detailed_results/DeepAutoAI_Explore_Llama-3.2-1B-Inst_v1/results_2024-10-09T10-26-35.079919.json,122685,0.123,0.000123
C_efficiency_evolution/detailed_results/DeepAutoAI_causal_gpt2/results_2024-10-17T06-14-28.690757.json,118489,0.118,0.000118
C_efficiency_evolution/detailed_results/DeepAutoAI_d2nwg_Llama-3.1-8B-Instruct-v0.0/results_2024-09-12T00-17-43.652795.json,119083,0.119,0.000119
C_efficiency_evolution/detailed_results/DeepAutoAI_d2nwg_causal_gpt2/results_2024-10-18T01-36-00.225326.json,118515,0.119,0.000119
C_efficiency_evolution/detailed_results/DeepAutoAI_d2nwg_causal_gpt2_v1/results_2024-10-18T17-39-39.780270.json,118496,0.118,0.000118
C_efficiency_evolution/detailed_results/DeepAutoAI_ldm_soup_Llama-3.1-8B-Inst/results_2024-09-17T16-53-14.508118.json,119060,0.119,0.000119
C_efficiency_evolution/detailed_results/DeepAutoAI_ldm_soup_Llama-3.1-8B-Instruct-v0.0/results_2024-09-16T00-55-20.303513.json,119079,0.119,0.000119
C_efficiency_evolution/detailed_results/DeepAutoAI_ldm_soup_Llama-3.1-8B-Instruct-v0.1/results_2024-09-16T11-07-45.732075.json,119077,0.119,0.000119
C_efficiency_evolution/detailed_results/DeepMount00_Lexora-Lite-3B/results_2024-10-20T17-04-44.753677.json,121272,0.121,0.000121
C_efficiency_evolution/detailed_results/DeepMount00_Lexora-Lite-3B_v2/results_2025-02-26T01-20-11.246594.json,116123,0.116,0.000116
C_efficiency_evolution/detailed_results/DeepMount00_Lexora-Medium-7B/results_2024-09-24T13-30-06.561197.json,121231,0.121,0.000121
C_efficiency_evolution/detailed_results/DeepMount00_Llama-3-8b-Ita/results_2024-08-13T04-33-17.994268.json,119094,0.119,0.000119
C_efficiency_evolution/detailed_results/DeepMount00_Llama-3.1-8b-ITA/results_2024-10-24T00-00-00.000000.json,119038,0.119,0.000119
C_efficiency_evolution/detailed_results/DeepMount00_Llama-3.1-8b-ITA/results_2025-02-13T18-27-04.338360.json,118636,0.119,0.000119
C_efficiency_evolution/detailed_results/DeepMount00_Llama-3.1-Distilled/results_2024-10-25T16-30-54.674107.json,119014,0.119,0.000119
C_efficiency_evolution/detailed_results/DeepMount00_Qwen2-1.5B-Ita/results_2025-02-28T20-55-59.716664.json,113871,0.114,0.000114
C_efficiency_evolution/detailed_results/DeepMount00_Qwen2-1.5B-Ita_v2/results_2025-03-06T07-46-27.142642.json,113927,0.114,0.000114
C_efficiency_evolution/detailed_results/DeepMount00_Qwen2-1.5B-Ita_v3/results_2025-03-06T09-07-19.003105.json,113900,0.114,0.000114
C_efficiency_evolution/detailed_results/DeepMount00_Qwen2-1.5B-Ita_v5/results_2025-03-10T13-52-00.461153.json,113913,0.114,0.000114
C_efficiency_evolution/detailed_results/DeepMount00_Qwen2-1.5B-Ita_v6/results_2025-03-10T16-42-48.688447.json,116163,0.116,0.000116
C_efficiency_evolution/detailed_results/DeepMount00_Qwen2.5-7B-Instruct-MathCoder/results_2024-10-25T16-48-55.371157.json,120968,0.121,0.000121
C_efficiency_evolution/detailed_results/DeepMount00_mergekit-ties-okvgjfz/results_2024-10-25T16-48-46.916487.json,120943,0.121,0.000121
C_efficiency_evolution/detailed_results/Delta-Vector_Baldur-8B/results_2024-10-06T23-26-24.662364.json,118639,0.119,0.000119
C_efficiency_evolution/detailed_results/Delta-Vector_Control-8B-V1.1/results_2024-11-25T22-59-39.146282.json,115231,0.115,0.000115
C_efficiency_evolution/detailed_results/Delta-Vector_Control-8B/results_2024-11-25T22-58-23.311876.json,115206,0.115,0.000115
C_efficiency_evolution/detailed_results/Delta-Vector_Darkens-8B/results_2024-10-06T23-43-28.378749.json,118571,0.119,0.000119
C_efficiency_evolution/detailed_results/Delta-Vector_Henbane-7b-attempt2/results_2024-10-11T04-26-22.219154.json,118976,0.119,0.000119
C_efficiency_evolution/detailed_results/Delta-Vector_Odin-9B/results_2024-10-07T06-28-49.718610.json,118564,0.119,0.000119
C_efficiency_evolution/detailed_results/Delta-Vector_Tor-8B/results_2024-10-07T05-32-42.968657.json,118572,0.119,0.000119
C_efficiency_evolution/detailed_results/DevQuasar_DevQuasar-R1-Uncensored-Llama-8B/results_2025-02-24T21-08-11.864665.json,113605,0.114,0.000114
C_efficiency_evolution/detailed_results/Dongwei_DeepSeek-R1-Distill-Qwen-7B-GRPO/results_2025-02-05T21-39-58.605765.json,116712,0.117,0.000117
C_efficiency_evolution/detailed_results/DoppelReflEx_L3-8B-R1-WolfCore-V1.5-test/results_2025-03-01T06-02-01.732045.json,113558,0.114,0.000114
C_efficiency_evolution/detailed_results/DoppelReflEx_L3-8B-R1-WolfCore/results_2025-02-28T08-19-11.374461.json,113521,0.114,0.000114
C_efficiency_evolution/detailed_results/DoppelReflEx_L3-8B-WolfCore/results_2025-02-28T15-09-48.824639.json,113528,0.114,0.000114
C_efficiency_evolution/detailed_results/DoppelReflEx_MN-12B-FoxFrame-test/results_2025-02-06T06-23-45.550962.json,114625,0.115,0.000115
C_efficiency_evolution/detailed_results/DoppelReflEx_MN-12B-FoxFrame2-test/results_2025-02-18T20-23-38.255325.json,113490,0.113,0.000113
C_efficiency_evolution/detailed_results/DoppelReflEx_MN-12B-FoxFrame3-test/results_2025-02-18T20-33-24.161176.json,113505,0.114,0.000114
C_efficiency_evolution/detailed_results/DoppelReflEx_MN-12B-Kakigori/results_2025-01-29T06-05-49.129207.json,114626,0.115,0.000115
C_efficiency_evolution/detailed_results/DoppelReflEx_MN-12B-LilithFrame-Experiment-2/results_2025-01-29T09-38-43.090670.json,114691,0.115,0.000115
C_efficiency_evolution/detailed_results/DoppelReflEx_MN-12B-LilithFrame-Experiment-3/results_2025-01-30T03-11-48.420023.json,114659,0.115,0.000115
C_efficiency_evolution/detailed_results/DoppelReflEx_MN-12B-LilithFrame-Experiment-4/results_2025-02-01T07-44-15.589128.json,114678,0.115,0.000115
C_efficiency_evolution/detailed_results/DoppelReflEx_MN-12B-LilithFrame/results_2025-01-29T06-14-21.361820.json,114651,0.115,0.000115
C_efficiency_evolution/detailed_results/DoppelReflEx_MN-12B-Mimicore-GreenSnake/results_2025-01-27T04-06-45.582696.json,114661,0.115,0.000115
C_efficiency_evolution/detailed_results/DoppelReflEx_MN-12B-Mimicore-Nocturne/results_2025-03-09T01-56-11.380620.json,113524,0.114,0.000114
C_efficiency_evolution/detailed_results/DoppelReflEx_MN-12B-Mimicore-Orochi-v2-Experiment/results_2025-01-28T07-33-29.878696.json,114551,0.115,0.000115
C_efficiency_evolution/detailed_results/DoppelReflEx_MN-12B-Mimicore-Orochi-v3-Experiment/results_2025-01-28T08-45-35.014563.json,114702,0.115,0.000115
C_efficiency_evolution/detailed_results/DoppelReflEx_MN-12B-Mimicore-Orochi-v4-Experiment/results_2025-01-28T11-41-49.522671.json,114632,0.115,0.000115
C_efficiency_evolution/detailed_results/DoppelReflEx_MN-12B-Mimicore-Orochi/results_2025-01-28T04-52-13.925053.json,114666,0.115,0.000115
C_efficiency_evolution/detailed_results/DoppelReflEx_MN-12B-Mimicore-WhiteSnake-v2-Experiment-1/results_2025-01-29T01-43-28.326883.json,114678,0.115,0.000115
C_efficiency_evolution/detailed_results/DoppelReflEx_MN-12B-Mimicore-WhiteSnake-v2-Experiment-2/results_2025-01-29T02-00-09.948353.json,114611,0.115,0.000115
C_efficiency_evolution/detailed_results/DoppelReflEx_MN-12B-Mimicore-WhiteSnake-v2-Experiment-3/results_2025-01-29T01-52-03.291596.json,114628,0.115,0.000115
C_efficiency_evolution/detailed_results/DoppelReflEx_MN-12B-Mimicore-WhiteSnake-v2-Experiment-4/results_2025-01-29T02-06-49.274720.json,114652,0.115,0.000115
C_efficiency_evolution/detailed_results/DoppelReflEx_MN-12B-Mimicore-WhiteSnake/results_2025-01-27T04-00-36.616405.json,114657,0.115,0.000115
C_efficiency_evolution/detailed_results/DoppelReflEx_MN-12B-Unleashed-Twilight/results_2025-02-24T16-40-04.762595.json,113520,0.114,0.000114
C_efficiency_evolution/detailed_results/DoppelReflEx_MN-12B-WolFrame/results_2025-02-01T13-32-06.626014.json,114639,0.115,0.000115
C_efficiency_evolution/detailed_results/DoppelReflEx_MiniusLight-24B-test/results_2025-03-04T04-36-04.245444.json,113432,0.113,0.000113
C_efficiency_evolution/detailed_results/DoppelReflEx_MiniusLight-24B-v1b-test/results_2025-03-04T05-07-42.130665.json,113535,0.114,0.000114
C_efficiency_evolution/detailed_results/DoppelReflEx_MiniusLight-24B-v1c-test/results_2025-03-04T19-39-54.628918.json,113500,0.114,0.000113
C_efficiency_evolution/detailed_results/DoppelReflEx_MiniusLight-24B-v1d-test/results_2025-03-07T08-10-57.040104.json,113474,0.113,0.000113
C_efficiency_evolution/detailed_results/DoppelReflEx_MiniusLight-24B/results_2025-03-04T03-48-41.345537.json,113498,0.113,0.000113
C_efficiency_evolution/detailed_results/DreadPoor_Again-8B-Model_Stock/results_2024-12-18T05-38-04.604621.json,115076,0.115,0.000115
C_efficiency_evolution/detailed_results/DreadPoor_Alita99-8B-LINEAR/results_2024-11-26T09-13-36.210728.json,115066,0.115,0.000115
C_efficiency_evolution/detailed_results/DreadPoor_AnotherTest/results_2025-01-29T02-35-35.598992.json,115127,0.115,0.000115
C_efficiency_evolution/detailed_results/DreadPoor_Aspire-8B-model_stock/results_2024-09-18T14-56-50.576279.json,119080,0.119,0.000119
C_efficiency_evolution/detailed_results/DreadPoor_Aspire_1.3-8B_model-stock/results_2024-11-06T17-49-07.924455.json,119569,0.120,0.000120
C_efficiency_evolution/detailed_results/DreadPoor_Aspire_V2-8B-Model_Stock/results_2025-01-20T06-20-55.838072.json,115154,0.115,0.000115
C_efficiency_evolution/detailed_results/DreadPoor_Aspire_V2-8B-Model_Stock/results_2025-02-13T18-27-04.338360.json,115173,0.115,0.000115
C_efficiency_evolution/detailed_results/DreadPoor_Aspire_V2.1-8B-Model_Stock/results_2025-01-20T18-49-22.014883.json,115159,0.115,0.000115
C_efficiency_evolution/detailed_results/DreadPoor_Aspire_V2.1-8B-Model_Stock/results_2025-02-13T18-27-04.338360.json,115176,0.115,0.000115
C_efficiency_evolution/detailed_results/DreadPoor_Aspire_V2_ALT-8B-Model_Stock/results_2025-01-20T06-38-55.168149.json,115144,0.115,0.000115
C_efficiency_evolution/detailed_results/DreadPoor_Aspire_V2_ALT-8B-Model_Stock/results_2025-02-13T18-27-04.338360.json,115177,0.115,0.000115
C_efficiency_evolution/detailed_results/DreadPoor_Aspire_V2_ALT_ROW-8B-Model_Stock/results_2025-01-20T06-42-43.305849.json,115153,0.115,0.000115
C_efficiency_evolution/detailed_results/DreadPoor_Aspire_V2_ALT_ROW-8B-Model_Stock/results_2025-02-13T18-27-04.338360.json,115186,0.115,0.000115
C_efficiency_evolution/detailed_results/DreadPoor_Aspire_V3-8B-Model_Stock/results_2025-01-21T22-15-56.442048.json,115127,0.115,0.000115
C_efficiency_evolution/detailed_results/DreadPoor_Aspire_V3-8B-Model_Stock/results_2025-02-13T18-27-04.338360.json,115149,0.115,0.000115
C_efficiency_evolution/detailed_results/DreadPoor_Aspire_V4-8B-Model_Stock/results_2025-01-23T10-39-04.936674.json,119575,0.120,0.000120
C_efficiency_evolution/detailed_results/DreadPoor_Aspire_V4-8B-Model_Stock/results_2025-02-13T18-27-04.338360.json,119595,0.120,0.000120
C_efficiency_evolution/detailed_results/DreadPoor_Aspire_V4_ALT-8B-Model_Stock/results_2025-01-23T10-44-32.891431.json,119580,0.120,0.000120
C_efficiency_evolution/detailed_results/DreadPoor_Aspire_V4_ALT-8B-Model_Stock/results_2025-02-13T18-27-04.338360.json,119598,0.120,0.000120
C_efficiency_evolution/detailed_results/DreadPoor_Asymmetric_Linearity-8B-Model_Stock/results_2024-12-20T14-48-42.157149.json,115114,0.115,0.000115
C_efficiency_evolution/detailed_results/DreadPoor_Asymmetric_Linearity-8B-Model_Stock/results_2025-02-13T18-27-04.338360.json,115134,0.115,0.000115
C_efficiency_evolution/detailed_results/DreadPoor_Aurora_faustus-8B-LINEAR/results_2024-09-26T03-22-46.018360.json,119075,0.119,0.000119
C_efficiency_evolution/detailed_results/DreadPoor_Aurora_faustus-8B-LINEAR/results_2025-02-13T18-27-04.338360.json,119092,0.119,0.000119
C_efficiency_evolution/detailed_results/DreadPoor_Aurora_faustus-8B-LORABLATED/results_2024-09-29T12-49-37.441170.json,119090,0.119,0.000119
C_efficiency_evolution/detailed_results/DreadPoor_Aurora_faustus-8B-LORABLATED/results_2025-02-13T18-27-04.338360.json,119107,0.119,0.000119
C_efficiency_evolution/detailed_results/DreadPoor_Aurora_faustus-8B-LORABLATED_ALT/results_2024-09-29T12-49-24.284544.json,119127,0.119,0.000119
C_efficiency_evolution/detailed_results/DreadPoor_Aurora_faustus-8B-LORABLATED_ALT/results_2025-02-13T18-27-04.338360.json,119129,0.119,0.000119
C_efficiency_evolution/detailed_results/DreadPoor_Autumn_Dawn-8B-LINEAR/results_2025-02-01T17-06-48.582022.json,115085,0.115,0.000115
C_efficiency_evolution/detailed_results/DreadPoor_Autumn_Dawn-8B-LINEAR/results_2025-02-13T18-27-04.338360.json,115104,0.115,0.000115
C_efficiency_evolution/detailed_results/DreadPoor_BaeZel-8B-LINEAR/results_2024-11-10T09-44-59.097945.json,115103,0.115,0.000115
C_efficiency_evolution/detailed_results/DreadPoor_BaeZel-8B-LINEAR/results_2025-02-13T18-27-04.338360.json,115123,0.115,0.000115
C_efficiency_evolution/detailed_results/DreadPoor_BaeZel-8B-Model_Stock/results_2024-12-29T19-00-29.560316.json,115077,0.115,0.000115
C_efficiency_evolution/detailed_results/DreadPoor_BaeZel-8B-Model_Stock/results_2025-02-13T18-27-04.338360.json,115083,0.115,0.000115
C_efficiency_evolution/detailed_results/DreadPoor_BaeZel_V2-8B-Model_Stock/results_2025-01-28T19-42-28.211701.json,115082,0.115,0.000115
C_efficiency_evolution/detailed_results/DreadPoor_BaeZel_V2-8B-Model_Stock/results_2025-02-13T18-27-04.338360.json,115104,0.115,0.000115
C_efficiency_evolution/detailed_results/DreadPoor_BaeZel_V2_ALT-8B-Model_Stock/results_2025-01-28T19-38-58.798579.json,115097,0.115,0.000115
C_efficiency_evolution/detailed_results/DreadPoor_BaeZel_V2_ALT-8B-Model_Stock/results_2025-02-13T18-27-04.338360.json,115119,0.115,0.000115
C_efficiency_evolution/detailed_results/DreadPoor_BaeZel_V3-8B-Model_Stock/results_2025-01-13T09-16-19.036411.json,115136,0.115,0.000115
C_efficiency_evolution/detailed_results/DreadPoor_BaeZel_V3-8B-Model_Stock/results_2025-02-13T18-27-04.338360.json,115160,0.115,0.000115
C_efficiency_evolution/detailed_results/DreadPoor_Blunt_Edge-8B-SLERP/results_2025-01-18T02-10-03.731222.json,115125,0.115,0.000115
C_efficiency_evolution/detailed_results/DreadPoor_Blunt_Edge-8B-SLERP/results_2025-02-13T18-27-04.338360.json,115146,0.115,0.000115
C_efficiency_evolution/detailed_results/DreadPoor_BulkUp/results_2025-01-27T17-16-56.005778.json,114737,0.115,0.000115
C_efficiency_evolution/detailed_results/DreadPoor_BulkUp/results_2025-02-13T18-27-04.338360.json,114757,0.115,0.000115
C_efficiency_evolution/detailed_results/DreadPoor_Cadence-8B-LINEAR/results_2025-02-25T20-04-11.601267.json,113955,0.114,0.000114
C_efficiency_evolution/detailed_results/DreadPoor_Caelid-8B-Model_Stock/results_2025-01-14T22-38-17.427185.json,115126,0.115,0.000115
C_efficiency_evolution/detailed_results/DreadPoor_Caelid-8B-Model_Stock/results_2025-02-13T18-27-04.338360.json,115144,0.115,0.000115
C_efficiency_evolution/detailed_results/DreadPoor_Casuar-9B-Model_Stock/results_2024-12-21T13-44-19.211575.json,115154,0.115,0.000115
C_efficiency_evolution/detailed_results/DreadPoor_Casuar-9B-Model_Stock/results_2025-02-13T18-27-04.338360.json,115235,0.115,0.000115
C_efficiency_evolution/detailed_results/DreadPoor_Condensed_Milk-8B-Model_Stock/results_2024-11-27T14-59-58.204848.json,115121,0.115,0.000115
C_efficiency_evolution/detailed_results/DreadPoor_Condensed_Milk-8B-Model_Stock/results_2025-02-13T18-27-04.338360.json,115141,0.115,0.000115
C_efficiency_evolution/detailed_results/DreadPoor_CoolerCoder-8B-LINEAR/results_2024-11-21T12-51-12.654562.json,115044,0.115,0.000115
C_efficiency_evolution/detailed_results/DreadPoor_CoolerCoder-8B-LINEAR/results_2025-02-13T18-27-04.338360.json,115047,0.115,0.000115
C_efficiency_evolution/detailed_results/DreadPoor_Damasteel-8B-LINEAR/results_2024-11-06T17-50-50.122250.json,119554,0.120,0.000120
C_efficiency_evolution/detailed_results/DreadPoor_Damasteel-8B-LINEAR/results_2025-02-13T18-27-04.338360.json,119576,0.120,0.000120
C_efficiency_evolution/detailed_results/DreadPoor_Dearly_Beloved-8B-TIES/results_2024-11-22T17-19-32.707651.json,115242,0.115,0.000115
C_efficiency_evolution/detailed_results/DreadPoor_Dearly_Beloved-8B-TIES/results_2025-02-13T18-27-04.338360.json,115263,0.115,0.000115
C_efficiency_evolution/detailed_results/DreadPoor_Decayed-8B-LINEAR/results_2025-02-25T20-09-22.458828.json,113980,0.114,0.000114
C_efficiency_evolution/detailed_results/DreadPoor_Derivative-8B-Model_Stock/results_2025-01-06T12-39-47.373298.json,115140,0.115,0.000115
C_efficiency_evolution/detailed_results/DreadPoor_Derivative-8B-Model_Stock/results_2025-02-13T18-27-04.338360.json,115159,0.115,0.000115
C_efficiency_evolution/detailed_results/DreadPoor_Derivative_V2-8B-Model_Stock/results_2025-01-07T17-53-46.866278.json,115123,0.115,0.000115
C_efficiency_evolution/detailed_results/DreadPoor_Derivative_V2-8B-Model_Stock/results_2025-02-13T18-27-04.338360.json,115142,0.115,0.000115
C_efficiency_evolution/detailed_results/DreadPoor_Derivative_V2_ALT-8B-Model_Stock/results_2025-01-07T17-31-57.123136.json,115159,0.115,0.000115
C_efficiency_evolution/detailed_results/DreadPoor_Derivative_V2_ALT-8B-Model_Stock/results_2025-02-13T18-27-04.338360.json,115179,0.115,0.000115
C_efficiency_evolution/detailed_results/DreadPoor_Derivative_V3-8B-Model_Stock/results_2025-01-08T04-38-58.510524.json,115130,0.115,0.000115
C_efficiency_evolution/detailed_results/DreadPoor_Derivative_V3-8B-Model_Stock/results_2025-02-13T18-27-04.338360.json,115163,0.115,0.000115
C_efficiency_evolution/detailed_results/DreadPoor_Elusive_Dragon_Heart-8B-LINEAR/results_2024-12-18T21-57-14.616096.json,115107,0.115,0.000115
C_efficiency_evolution/detailed_results/DreadPoor_Elusive_Dragon_Heart-8B-LINEAR/results_2025-02-13T18-27-04.338360.json,115111,0.115,0.000115
C_efficiency_evolution/detailed_results/DreadPoor_Emu_Eggs-9B-Model_Stock/results_2024-10-19T00-21-04.701620.json,119157,0.119,0.000119
C_efficiency_evolution/detailed_results/DreadPoor_Emu_Eggs-9B-Model_Stock/results_2025-02-13T18-27-04.338360.json,119221,0.119,0.000119
C_efficiency_evolution/detailed_results/DreadPoor_Eunoia_Vespera-8B-LINEAR/results_2024-09-23T15-34-53.615095.json,119028,0.119,0.000119
C_efficiency_evolution/detailed_results/DreadPoor_Eunoia_Vespera-8B-LINEAR/results_2025-02-13T18-27-04.338360.json,119048,0.119,0.000119
C_efficiency_evolution/detailed_results/DreadPoor_Fu_sion_HA-8B-SLERP/results_2025-01-17T16-08-50.966537.json,115132,0.115,0.000115
C_efficiency_evolution/detailed_results/DreadPoor_Fu_sion_HA-8B-SLERP/results_2025-02-13T18-27-04.338360.json,115154,0.115,0.000115
C_efficiency_evolution/detailed_results/DreadPoor_HOT_STINKING_GARBAGE/results_2025-02-03T12-25-44.299932.json,115058,0.115,0.000115
C_efficiency_evolution/detailed_results/DreadPoor_HOT_STINKING_GARBAGE/results_2025-02-13T18-27-04.338360.json,115112,0.115,0.000115
C_efficiency_evolution/detailed_results/DreadPoor_H_the_eighth-8B-LINEAR/results_2025-03-06T15-42-24.897731.json,113988,0.114,0.000114
C_efficiency_evolution/detailed_results/DreadPoor_Happy_New_Year-8B-Model_Stock/results_2024-12-31T13-47-19.587479.json,115137,0.115,0.000115
C_efficiency_evolution/detailed_results/DreadPoor_Happy_New_Year-8B-Model_Stock/results_2025-02-13T18-27-04.338360.json,115154,0.115,0.000115
C_efficiency_evolution/detailed_results/DreadPoor_Heart_Stolen-8B-Model_Stock/results_2024-09-12T08-41-24.834372.json,119094,0.119,0.000119
C_efficiency_evolution/detailed_results/DreadPoor_Heart_Stolen-8B-Model_Stock/results_2025-02-13T18-27-04.338360.json,119100,0.119,0.000119
C_efficiency_evolution/detailed_results/DreadPoor_Heart_Stolen-ALT-8B-Model_Stock/results_2024-09-14T01-53-28.879983.json,119295,0.119,0.000119
C_efficiency_evolution/detailed_results/DreadPoor_Heart_Stolen-ALT-8B-Model_Stock/results_2025-02-13T18-27-04.338360.json,119316,0.119,0.000119
C_efficiency_evolution/detailed_results/DreadPoor_Here_We_Go_Again-8B-SLERP/results_2024-12-31T20-17-33.938464.json,115153,0.115,0.000115
C_efficiency_evolution/detailed_results/DreadPoor_Here_We_Go_Again-8B-SLERP/results_2025-02-13T18-27-04.338360.json,115172,0.115,0.000115
C_efficiency_evolution/detailed_results/DreadPoor_Howdy-8B-LINEAR/results_2025-01-16T00-49-15.558585.json,115110,0.115,0.000115
C_efficiency_evolution/detailed_results/DreadPoor_Howdy-8B-LINEAR/results_2025-02-13T18-27-04.338360.json,115133,0.115,0.000115
C_efficiency_evolution/detailed_results/DreadPoor_Incidental-8B-Model_Stock/results_2025-01-14T00-36-17.315142.json,115125,0.115,0.000115
C_efficiency_evolution/detailed_results/DreadPoor_Incidental-8B-Model_Stock/results_2025-02-13T18-27-04.338360.json,115145,0.115,0.000115
C_efficiency_evolution/detailed_results/DreadPoor_Irina-8B-model_stock/results_2024-09-03T09-15-33.576548.json,119069,0.119,0.000119
C_efficiency_evolution/detailed_results/DreadPoor_Irina-8B-model_stock/results_2025-02-13T18-27-04.338360.json,119087,0.119,0.000119
C_efficiency_evolution/detailed_results/DreadPoor_Kindling-8B-Model_Stock/results_2025-01-26T23-31-44.510400.json,115105,0.115,0.000115
C_efficiency_evolution/detailed_results/DreadPoor_Kindling-8B-Model_Stock/results_2025-02-13T18-27-04.338360.json,115141,0.115,0.000115
C_efficiency_evolution/detailed_results/DreadPoor_L3.1-BaeZel-8B-Della/results_2024-11-18T07-24-11.728796.json,115126,0.115,0.000115
C_efficiency_evolution/detailed_results/DreadPoor_L3.1-BaeZel-8B-Della/results_2025-02-13T18-27-04.338360.json,115145,0.115,0.000115
C_efficiency_evolution/detailed_results/DreadPoor_Laughing_Stock-8B-Model_Stock/results_2025-01-27T00-42-41.347898.json,119575,0.120,0.000120
C_efficiency_evolution/detailed_results/DreadPoor_Laughing_Stock-8B-Model_Stock/results_2025-02-13T18-27-04.338360.json,119607,0.120,0.000120
C_efficiency_evolution/detailed_results/DreadPoor_Lava_Lamp-8B-SLERP/results_2025-01-18T02-12-44.217651.json,115025,0.115,0.000115
C_efficiency_evolution/detailed_results/DreadPoor_Lava_Lamp-8B-SLERP/results_2025-02-13T18-27-04.338360.json,115046,0.115,0.000115
C_efficiency_evolution/detailed_results/DreadPoor_LemonP-8B-Model_Stock/results_2025-01-20T01-14-35.867731.json,115080,0.115,0.000115
C_efficiency_evolution/detailed_results/DreadPoor_LemonP-8B-Model_Stock/results_2025-02-13T18-27-04.338360.json,115100,0.115,0.000115
C_efficiency_evolution/detailed_results/DreadPoor_Lydia_of_Whiterun-8B-LINEAR/results_2025-02-26T06-05-04.586560.json,113999,0.114,0.000114
C_efficiency_evolution/detailed_results/DreadPoor_Machroom-3B-model_stock/results_2024-07-25T13-13-48.957746.json,119087,0.119,0.000119
C_efficiency_evolution/detailed_results/DreadPoor_Matryoshka-8B-LINEAR/results_2024-12-02T06-08-23.925788.json,115080,0.115,0.000115
C_efficiency_evolution/detailed_results/DreadPoor_Matryoshka-8B-LINEAR/results_2025-02-13T18-27-04.338360.json,115100,0.115,0.000115
C_efficiency_evolution/detailed_results/DreadPoor_Mercury_In_Retrograde-8b-Model-Stock/results_2024-12-03T20-06-26.383676.json,115120,0.115,0.000115
C_efficiency_evolution/detailed_results/DreadPoor_Mercury_In_Retrograde-8b-Model-Stock/results_2025-02-13T18-27-04.338360.json,115139,0.115,0.000115
C_efficiency_evolution/detailed_results/DreadPoor_Minthy-8B-Model_Stock/results_2025-01-26T15-15-45.681745.json,115088,0.115,0.000115
C_efficiency_evolution/detailed_results/DreadPoor_Minthy-8B-Model_Stock/results_2025-02-13T18-27-04.338360.json,115109,0.115,0.000115
C_efficiency_evolution/detailed_results/DreadPoor_Minthy_ALT-8B-Model_Stock/results_2025-01-26T15-43-02.183510.json,119562,0.120,0.000120
C_efficiency_evolution/detailed_results/DreadPoor_Minthy_ALT-8B-Model_Stock/results_2025-02-13T18-27-04.338360.json,119569,0.120,0.000120
C_efficiency_evolution/detailed_results/DreadPoor_Minthy_V2-8B-Model_Stock/results_2025-01-26T19-23-51.006257.json,119585,0.120,0.000120
C_efficiency_evolution/detailed_results/DreadPoor_Minthy_V2-8B-Model_Stock/results_2025-02-13T18-27-04.338360.json,119607,0.120,0.000120
C_efficiency_evolution/detailed_results/DreadPoor_Minus_Penus-8B-Model_Stock/results_2025-03-07T16-10-05.679943.json,113999,0.114,0.000114
C_efficiency_evolution/detailed_results/DreadPoor_Morphing-8B-Model_Stock/results_2025-01-14T22-41-03.161406.json,119590,0.120,0.000120
C_efficiency_evolution/detailed_results/DreadPoor_Not_Even_My_Final_Form-8B-Model_Stock/results_2025-01-14T22-41-30.063351.json,119625,0.120,0.000120
C_efficiency_evolution/detailed_results/DreadPoor_Not_Even_My_Final_Form-8B-Model_Stock/results_2025-02-13T18-27-04.338360.json,119658,0.120,0.000120
C_efficiency_evolution/detailed_results/DreadPoor_Nother_One-8B-Model_Stock/results_2025-01-20T00-59-37.057005.json,115123,0.115,0.000115
C_efficiency_evolution/detailed_results/DreadPoor_Nother_One-8B-Model_Stock/results_2025-02-13T18-27-04.338360.json,115141,0.115,0.000115
C_efficiency_evolution/detailed_results/DreadPoor_Noxis-8B-LINEAR/results_2025-03-13T18-41-06.692706.json,113965,0.114,0.000114
C_efficiency_evolution/detailed_results/DreadPoor_Nullsworn-12B-LINEAR/results_2025-03-10T22-33-42.048008.json,113860,0.114,0.000114
C_efficiency_evolution/detailed_results/DreadPoor_Nwah-8B-Model_Stock/results_2025-02-27T09-24-09.065204.json,113983,0.114,0.000114
C_efficiency_evolution/detailed_results/DreadPoor_ONeil-model_stock-8B/results_2024-07-25T13-28-14.297521.json,119082,0.119,0.000119
C_efficiency_evolution/detailed_results/DreadPoor_ONeil-model_stock-8B/results_2025-02-13T18-27-04.338360.json,119101,0.119,0.000119
C_efficiency_evolution/detailed_results/DreadPoor_Oh_Boy-8B-LINEAR/results_2025-01-29T18-18-41.280595.json,115118,0.115,0.000115
C_efficiency_evolution/detailed_results/DreadPoor_Oh_Boy-8B-LINEAR/results_2025-02-13T18-27-04.338360.json,115136,0.115,0.000115
C_efficiency_evolution/detailed_results/DreadPoor_OrangeJ-8B-Model_Stock/results_2025-01-22T00-09-52.098773.json,115073,0.115,0.000115
C_efficiency_evolution/detailed_results/DreadPoor_OrangeJ-8B-Model_Stock/results_2025-02-13T18-27-04.338360.json,115109,0.115,0.000115
C_efficiency_evolution/detailed_results/DreadPoor_Promissum_Mane-8B-LINEAR-lorablated/results_2024-10-02T02-26-56.406581.json,119108,0.119,0.000119
C_efficiency_evolution/detailed_results/DreadPoor_Promissum_Mane-8B-LINEAR-lorablated/results_2025-02-13T18-27-04.338360.json,119130,0.119,0.000119
C_efficiency_evolution/detailed_results/DreadPoor_Promissum_Mane-8B-LINEAR/results_2024-10-02T02-01-55.174584.json,119094,0.119,0.000119
C_efficiency_evolution/detailed_results/DreadPoor_Promissum_Mane-8B-LINEAR/results_2025-02-13T18-27-04.338360.json,119113,0.119,0.000119
C_efficiency_evolution/detailed_results/DreadPoor_RPMash-8B-Model_Stock/results_2025-01-22T03-44-41.852688.json,115139,0.115,0.000115
C_efficiency_evolution/detailed_results/DreadPoor_RPMash-8B-Model_Stock/results_2025-02-13T18-27-04.338360.json,115158,0.115,0.000115
C_efficiency_evolution/detailed_results/DreadPoor_RPMash_V3-8B-Model_Stock/results_2025-01-25T01-39-00.017938.json,119576,0.120,0.000120
C_efficiency_evolution/detailed_results/DreadPoor_RPMash_V3-8B-Model_Stock/results_2025-02-13T18-27-04.338360.json,119581,0.120,0.000120
C_efficiency_evolution/detailed_results/DreadPoor_Rusted_Gold-8B-LINEAR/results_2025-03-07T18-29-34.818596.json,113987,0.114,0.000114
C_efficiency_evolution/detailed_results/DreadPoor_Rusted_Platinum-8B-LINEAR/results_2025-03-06T22-38-56.474512.json,113993,0.114,0.000114
C_efficiency_evolution/detailed_results/DreadPoor_Rusted_Platinum-8B-Model_Stock/results_2025-03-06T20-43-28.942442.json,114003,0.114,0.000114
C_efficiency_evolution/detailed_results/DreadPoor_Sellen-8B-model_stock/results_2024-09-02T17-46-47.033755.json,119279,0.119,0.000119
C_efficiency_evolution/detailed_results/DreadPoor_Sellen-8B-model_stock/results_2025-02-13T18-27-04.338360.json,119299,0.119,0.000119
C_efficiency_evolution/detailed_results/DreadPoor_Something-8B-Model_Stock/results_2025-01-15T09-22-05.164431.json,115094,0.115,0.000115
C_efficiency_evolution/detailed_results/DreadPoor_Something-8B-Model_Stock/results_2025-02-13T18-27-04.338360.json,115116,0.115,0.000115
C_efficiency_evolution/detailed_results/DreadPoor_Spring_Dusk-8B-SCE/results_2025-02-02T15-28-36.327598.json,115120,0.115,0.000115
C_efficiency_evolution/detailed_results/DreadPoor_Spring_Dusk-8B-SCE/results_2025-02-13T18-27-04.338360.json,115139,0.115,0.000115
C_efficiency_evolution/detailed_results/DreadPoor_Summer_Dawn-8B-SCE/results_2025-02-02T07-15-27.779608.json,115119,0.115,0.000115
C_efficiency_evolution/detailed_results/DreadPoor_Summer_Dawn-8B-SCE/results_2025-02-13T18-27-04.338360.json,115140,0.115,0.000115
C_efficiency_evolution/detailed_results/DreadPoor_Summer_Dusk-8B-TIES/results_2025-02-05T02-25-28.574510.json,115140,0.115,0.000115
C_efficiency_evolution/detailed_results/DreadPoor_Summer_Dusk-8B-TIES/results_2025-02-13T18-27-04.338360.json,115161,0.115,0.000115
C_efficiency_evolution/detailed_results/DreadPoor_Summer_Rain-8B-SCE/results_2025-02-03T11-17-55.442228.json,115123,0.115,0.000115
C_efficiency_evolution/detailed_results/DreadPoor_Summer_Rain-8B-SCE/results_2025-02-13T18-27-04.338360.json,115140,0.115,0.000115
C_efficiency_evolution/detailed_results/DreadPoor_Summer_Rain-8B-TIES/results_2025-02-03T09-55-50.970325.json,115126,0.115,0.000115
C_efficiency_evolution/detailed_results/DreadPoor_Summer_Rain-8B-TIES/results_2025-02-13T18-27-04.338360.json,115143,0.115,0.000115
C_efficiency_evolution/detailed_results/DreadPoor_Sun-8B-Model_Stock/results_2025-01-27T15-46-13.564485.json,115072,0.115,0.000115
C_efficiency_evolution/detailed_results/DreadPoor_Sun-8B-Model_Stock/results_2025-02-13T18-27-04.338360.json,115092,0.115,0.000115
C_efficiency_evolution/detailed_results/DreadPoor_Sweetened_Condensed_Milk-8B-Model_Stock/results_2024-11-27T23-51-11.357784.json,118808,0.119,0.000119
C_efficiency_evolution/detailed_results/DreadPoor_Sweetened_Condensed_Milk-8B-Model_Stock/results_2025-02-13T18-27-04.338360.json,118828,0.119,0.000119
C_efficiency_evolution/detailed_results/DreadPoor_TEST02-Ignore/results_2025-02-05T16-24-42.862094.json,115106,0.115,0.000115
C_efficiency_evolution/detailed_results/DreadPoor_TEST02-Ignore/results_2025-02-13T18-27-04.338360.json,115124,0.115,0.000115
C_efficiency_evolution/detailed_results/DreadPoor_TEST03-ignore/results_2025-02-05T21-02-00.315240.json,115081,0.115,0.000115
C_efficiency_evolution/detailed_results/DreadPoor_TEST03-ignore/results_2025-02-13T18-27-04.338360.json,115099,0.115,0.000115
C_efficiency_evolution/detailed_results/DreadPoor_TEST06-ignore/results_2025-02-07T16-33-43.140590.json,118727,0.119,0.000119
C_efficiency_evolution/detailed_results/DreadPoor_TEST06-ignore/results_2025-02-13T18-27-04.338360.json,118748,0.119,0.000119
C_efficiency_evolution/detailed_results/DreadPoor_TEST07-ignore/results_2025-02-07T17-51-49.400710.json,115076,0.115,0.000115
C_efficiency_evolution/detailed_results/DreadPoor_TEST07-ignore/results_2025-02-13T18-27-04.338360.json,115094,0.115,0.000115
C_efficiency_evolution/detailed_results/DreadPoor_TEST08-ignore/results_2025-02-07T17-56-09.870835.json,115087,0.115,0.000115
C_efficiency_evolution/detailed_results/DreadPoor_TEST08-ignore/results_2025-02-13T18-27-04.338360.json,115107,0.115,0.000115
C_efficiency_evolution/detailed_results/DreadPoor_Trinas_Nectar-8B-model_stock/results_2024-09-02T14-06-48.716186.json,119099,0.119,0.000119
C_efficiency_evolution/detailed_results/DreadPoor_Trinas_Nectar-8B-model_stock/results_2025-02-13T18-27-04.338360.json,119121,0.119,0.000119
C_efficiency_evolution/detailed_results/DreadPoor_UNTESTED-VENN_1.2-8B-Model_Stock/results_2024-12-27T12-12-30.735647.json,114698,0.115,0.000115
C_efficiency_evolution/detailed_results/DreadPoor_UNTESTED-VENN_1.2-8B-Model_Stock/results_2025-02-13T18-27-04.338360.json,114717,0.115,0.000115
C_efficiency_evolution/detailed_results/DreadPoor_VENN_1.2-8B-Model_Stock/results_2024-12-28T01-33-18.984448.json,115090,0.115,0.000115
C_efficiency_evolution/detailed_results/DreadPoor_VENN_1.2-8B-Model_Stock/results_2025-02-13T18-27-04.338360.json,115112,0.115,0.000115
C_efficiency_evolution/detailed_results/DreadPoor_WIP-Acacia-8B-Model_Stock/results_2024-11-29T21-25-50.060860.json,115093,0.115,0.000115
C_efficiency_evolution/detailed_results/DreadPoor_WIP-Acacia-8B-Model_Stock/results_2025-02-13T18-27-04.338360.json,115112,0.115,0.000115
C_efficiency_evolution/detailed_results/DreadPoor_WIP_Damascus-8B-TIES/results_2024-10-30T03-24-17.255548.json,119062,0.119,0.000119
C_efficiency_evolution/detailed_results/DreadPoor_WIP_Damascus-8B-TIES/results_2025-02-13T18-27-04.338360.json,119097,0.119,0.000119
C_efficiency_evolution/detailed_results/DreadPoor_Wannabe-8B-Model_Stock/results_2025-01-28T14-17-48.746318.json,115115,0.115,0.000115
C_efficiency_evolution/detailed_results/DreadPoor_Wannabe-8B-Model_Stock/results_2025-02-13T18-27-04.338360.json,115135,0.115,0.000115
C_efficiency_evolution/detailed_results/DreadPoor_What_A_Thrill-8B-Model_Stock/results_2025-01-16T13-47-28.929851.json,119582,0.120,0.000120
C_efficiency_evolution/detailed_results/DreadPoor_What_A_Thrill-8B-Model_Stock/results_2025-02-13T18-27-04.338360.json,119605,0.120,0.000120
C_efficiency_evolution/detailed_results/DreadPoor_Winter-8B-SCE/results_2025-02-03T22-31-58.226839.json,115087,0.115,0.000115
C_efficiency_evolution/detailed_results/DreadPoor_Winter-8B-SCE/results_2025-02-13T18-27-04.338360.json,115108,0.115,0.000115
C_efficiency_evolution/detailed_results/DreadPoor_Winter_Dawn-8B-TIES/results_2025-02-01T16-17-05.641334.json,115145,0.115,0.000115
C_efficiency_evolution/detailed_results/DreadPoor_Winter_Dawn-8B-TIES/results_2025-02-13T18-27-04.338360.json,65536,0.066,0.000066
C_efficiency_evolution/detailed_results/DreadPoor_Winter_Dusk-8B-TIES/results_2025-02-01T15-20-14.885144.json,115148,0.115,0.000115
C_efficiency_evolution/detailed_results/DreadPoor_Winter_Dusk-8B-TIES/results_2025-02-13T18-27-04.338360.json,115167,0.115,0.000115
C_efficiency_evolution/detailed_results/DreadPoor_Winter_Night-8B-Model_Stock/results_2025-02-18T19-05-03.458954.json,113998,0.114,0.000114
C_efficiency_evolution/detailed_results/DreadPoor_Yafune-8B-Model_Stock/results_2025-02-24T16-41-29.051993.json,113986,0.114,0.000114
C_efficiency_evolution/detailed_results/DreadPoor_Yearn_V3-8B-Model_Stock/results_2025-01-25T07-47-31.767590.json,115108,0.115,0.000115
C_efficiency_evolution/detailed_results/DreadPoor_Yearn_V3-8B-Model_Stock/results_2025-02-13T18-27-04.338360.json,115142,0.115,0.000115
C_efficiency_evolution/detailed_results/DreadPoor_ZEUS-8B-V17-Abliterated_ALT/results_2025-01-18T16-39-02.419840.json,119578,0.120,0.000120
C_efficiency_evolution/detailed_results/DreadPoor_ZEUS-8B-V17-Abliterated_ALT/results_2025-02-13T18-27-04.338360.json,119597,0.120,0.000120
C_efficiency_evolution/detailed_results/DreadPoor_Zelus-8B-Model_Stock/results_2025-01-15T14-06-07.680636.json,115074,0.115,0.000115
C_efficiency_evolution/detailed_results/DreadPoor_Zelus-8B-Model_Stock/results_2025-02-13T18-27-04.338360.json,115094,0.115,0.000115
C_efficiency_evolution/detailed_results/DreadPoor_Zelus_V2-8B-Model_Stock/results_2025-01-15T23-22-25.558353.json,115136,0.115,0.000115
C_efficiency_evolution/detailed_results/DreadPoor_Zelus_V2-8B-Model_Stock/results_2025-02-13T18-27-04.338360.json,115153,0.115,0.000115
C_efficiency_evolution/detailed_results/DreadPoor_felix_dies-mistral-7B-model_stock/results_2024-10-04T20-17-02.592191.json,118633,0.119,0.000119
C_efficiency_evolution/detailed_results/DreadPoor_felix_dies-mistral-7B-model_stock/results_2025-02-13T18-27-04.338360.json,118654,0.119,0.000119
C_efficiency_evolution/detailed_results/DreadPoor_hakuchido-8B-MODEL_STOCK/results_2025-02-27T14-30-59.823930.json,118405,0.118,0.000118
C_efficiency_evolution/detailed_results/DreadPoor_ichor-8B-Model_Stock/results_2025-03-03T05-09-40.415004.json,113980,0.114,0.000114
C_efficiency_evolution/detailed_results/DreadPoor_ichor_1.1-8B-Model_Stock/results_2025-03-06T05-28-40.569766.json,118434,0.118,0.000118
C_efficiency_evolution/detailed_results/DreadPoor_inexpertus-8B-Model_Stock/results_2025-03-07T04-36-48.980204.json,113985,0.114,0.000114
C_efficiency_evolution/detailed_results/DreadPoor_inexpertus_1.1-8B-LINEAR/results_2025-03-07T19-46-05.126898.json,113990,0.114,0.000114
C_efficiency_evolution/detailed_results/DreadPoor_inexpertus_1.2-8B-LINEAR/results_2025-03-08T03-04-56.665051.json,114002,0.114,0.000114
C_efficiency_evolution/detailed_results/DreadPoor_mergekit-nuslerp-nqzkedi/results_2025-01-29T01-28-19.123593.json,115147,0.115,0.000115
C_efficiency_evolution/detailed_results/DreadPoor_mergekit-nuslerp-nqzkedi/results_2025-02-13T18-27-04.338360.json,115155,0.115,0.000115
C_efficiency_evolution/detailed_results/DreadPoor_remember_to_breathe-8b-Model-Stock/results_2024-12-06T05-58-31.123091.json,118787,0.119,0.000119
C_efficiency_evolution/detailed_results/DreadPoor_remember_to_breathe-8b-Model-Stock/results_2025-02-13T18-27-04.338360.json,118803,0.119,0.000119
C_efficiency_evolution/detailed_results/DreadPoor_test/results_2025-01-27T19-47-15.817165.json,115083,0.115,0.000115
C_efficiency_evolution/detailed_results/DreadPoor_test/results_2025-02-13T18-27-04.338360.json,114899,0.115,0.000115
C_efficiency_evolution/detailed_results/DreadPoor_test_ALT/results_2025-01-28T22-34-17.675705.json,114757,0.115,0.000115
C_efficiency_evolution/detailed_results/DreadPoor_test_ALT/results_2025-02-13T18-27-04.338360.json,114906,0.115,0.000115
C_efficiency_evolution/detailed_results/DreadPoor_tests_pending-do_not_use_yet/results_2025-02-04T23-47-56.162324.json,115142,0.115,0.000115
C_efficiency_evolution/detailed_results/DreadPoor_tests_pending-do_not_use_yet/results_2025-02-13T18-27-04.338360.json,115163,0.115,0.000115
C_efficiency_evolution/detailed_results/EVA-UNIT-01_EVA-Qwen2.5-14B-v0.2/results_2025-02-13T18-27-04.338360.json,114632,0.115,0.000115
C_efficiency_evolution/detailed_results/EVA-UNIT-01_EVA-Qwen2.5-72B-v0.2/results_2024-11-28T01-23-33.473911.json,114963,0.115,0.000115
C_efficiency_evolution/detailed_results/Edgerunners_meta-llama-3-8b-instruct-hf-ortho-baukit-34fail-3000total-bf16/results_2025-02-01T09-23-19.367481.json,115260,0.115,0.000115
C_efficiency_evolution/detailed_results/EleutherAI_gpt-j-6b/results_2025-02-13T18-27-04.338360.json,120059,0.120,0.000120
C_efficiency_evolution/detailed_results/EleutherAI_gpt-neo-1.3B/results_2025-02-13T18-27-04.338360.json,120029,0.120,0.000120
C_efficiency_evolution/detailed_results/EleutherAI_gpt-neo-125m/results_2025-02-13T18-27-04.338360.json,118499,0.118,0.000118
C_efficiency_evolution/detailed_results/EleutherAI_gpt-neo-2.7B/results_2025-02-13T18-27-04.338360.json,120002,0.120,0.000120
C_efficiency_evolution/detailed_results/EleutherAI_gpt-neox-20b/results_2025-02-13T18-27-04.338360.json,120044,0.120,0.000120
C_efficiency_evolution/detailed_results/EleutherAI_pythia-1.4b/results_2025-02-13T18-27-04.338360.json,114592,0.115,0.000115
C_efficiency_evolution/detailed_results/EleutherAI_pythia-12b/results_2025-02-13T18-27-04.338360.json,120080,0.120,0.000120
C_efficiency_evolution/detailed_results/EleutherAI_pythia-160m/results_2025-02-13T18-27-04.338360.json,120014,0.120,0.000120
C_efficiency_evolution/detailed_results/EleutherAI_pythia-1b/results_2025-01-27T10-10-36.877664.json,114511,0.115,0.000115
C_efficiency_evolution/detailed_results/EleutherAI_pythia-2.8b/results_2025-02-13T18-27-04.338360.json,120005,0.120,0.000120
C_efficiency_evolution/detailed_results/EleutherAI_pythia-410m/results_2025-02-13T18-27-04.338360.json,120027,0.120,0.000120
C_efficiency_evolution/detailed_results/EleutherAI_pythia-6.9b/results_2024-06-16T22-34-46.256992.json,120068,0.120,0.000120
C_efficiency_evolution/detailed_results/Enno-Ai_EnnoAi-Pro-French-Llama-3-8B-v0.4/results_2024-07-22T09-45-37.259005.json,118822,0.119,0.000119
C_efficiency_evolution/detailed_results/Enno-Ai_EnnoAi-Pro-Llama-3-8B-v0.3/results_2025-02-13T18-27-04.338360.json,118883,0.119,0.000119
C_efficiency_evolution/detailed_results/Enno-Ai_EnnoAi-Pro-Llama-3-8B/results_2025-02-13T18-27-04.338360.json,118832,0.119,0.000119
C_efficiency_evolution/detailed_results/Enno-Ai_EnnoAi-Pro-Llama-3.1-8B-v0.9/results_2025-02-13T18-27-04.338360.json,118883,0.119,0.000119
C_efficiency_evolution/detailed_results/EnnoAi_EnnoAi-Pro-Llama-3.1-8B-v1.0/results_2024-09-10T15-36-07.744412.json,118752,0.119,0.000119
C_efficiency_evolution/detailed_results/Epiculous_Azure_Dusk-v0.2/results_2025-02-13T18-27-04.338360.json,118884,0.119,0.000119
C_efficiency_evolution/detailed_results/Epiculous_Crimson_Dawn-v0.2/results_2025-02-13T18-27-04.338360.json,118939,0.119,0.000119
C_efficiency_evolution/detailed_results/Epiculous_NovaSpark/results_2025-02-13T18-27-04.338360.json,119021,0.119,0.000119
C_efficiency_evolution/detailed_results/Epiculous_Violet_Twilight-v0.2/results_2024-10-24T00-00-00.000000.json,118930,0.119,0.000119
C_efficiency_evolution/detailed_results/EpistemeAI2_Athene-codegemma-2-7b-it-alpaca-v1.2/results_2024-09-02T14-11-04.110306.json,118655,0.119,0.000119
C_efficiency_evolution/detailed_results/EpistemeAI2_Fireball-12B-v1.2/results_2025-02-13T18-27-04.338360.json,118626,0.119,0.000119
C_efficiency_evolution/detailed_results/EpistemeAI2_Fireball-Alpaca-Llama3.1-8B-Philos/results_2025-02-13T18-27-04.338360.json,118722,0.119,0.000119
C_efficiency_evolution/detailed_results/EpistemeAI2_Fireball-Alpaca-Llama3.1.01-8B-Philos/results_2025-02-13T18-27-04.338360.json,118713,0.119,0.000119
C_efficiency_evolution/detailed_results/EpistemeAI2_Fireball-Alpaca-Llama3.1.03-8B-Philos/results_2025-02-13T18-27-04.338360.json,118718,0.119,0.000119
C_efficiency_evolution/detailed_results/EpistemeAI2_Fireball-Alpaca-Llama3.1.04-8B-Philos/results_2024-09-14T01-13-51.381155.json,118693,0.119,0.000119
C_efficiency_evolution/detailed_results/EpistemeAI2_Fireball-Alpaca-Llama3.1.06-8B-Philos-dpo/results_2024-09-14T01-20-38.820444.json,118715,0.119,0.000119
C_efficiency_evolution/detailed_results/EpistemeAI2_Fireball-Alpaca-Llama3.1.07-8B-Philos-Math/results_2025-02-13T18-27-04.338360.json,118758,0.119,0.000119
C_efficiency_evolution/detailed_results/EpistemeAI2_Fireball-Alpaca-Llama3.1.08-8B-C-R1-KTO-Reflection/results_2025-02-13T18-27-04.338360.json,118751,0.119,0.000119
C_efficiency_evolution/detailed_results/EpistemeAI2_Fireball-Alpaca-Llama3.1.08-8B-Philos-C-R1/results_2024-09-14T02-25-21.957551.json,118710,0.119,0.000119
C_efficiency_evolution/detailed_results/EpistemeAI2_Fireball-Llama-3.1-8B-Philos-Reflection/results_2025-02-13T18-27-04.338360.json,118734,0.119,0.000119
C_efficiency_evolution/detailed_results/EpistemeAI2_Fireball-MathMistral-Nemo-Base-2407-v2dpo/results_2024-09-02T16-12-06.252706.json,119587,0.120,0.000120
C_efficiency_evolution/detailed_results/EpistemeAI2_Fireball-Meta-Llama-3.1-8B-Instruct-Agent-0.003-128K-code-math/results_2024-10-15T15-17-27.675353.json,118778,0.119,0.000119
C_efficiency_evolution/detailed_results/EpistemeAI2_Fireball-Meta-Llama-3.1-8B-Instruct-Agent-0.005-128K-code-COT/results_2025-02-13T18-27-04.338360.json,118785,0.119,0.000119
C_efficiency_evolution/detailed_results/EpistemeAI2_Fireball-Phi-3-medium-4k-inst-Philos/results_2024-09-21T11-05-45.666210.json,119034,0.119,0.000119
C_efficiency_evolution/detailed_results/EpistemeAI_Alpaca-Llama3.1-8B/results_2024-09-13T23-51-55.057359.json,118637,0.119,0.000119
C_efficiency_evolution/detailed_results/EpistemeAI_Athena-gemma-2-2b-it-Philos/results_2025-02-13T18-27-04.338360.json,119176,0.119,0.000119
C_efficiency_evolution/detailed_results/EpistemeAI_Athena-gemma-2-2b-it/results_2025-02-13T18-27-04.338360.json,118534,0.119,0.000119
C_efficiency_evolution/detailed_results/EpistemeAI_Athene-codegemma-2-7b-it-alpaca-v1.3/results_2024-09-12T00-22-14.676123.json,118658,0.119,0.000119
C_efficiency_evolution/detailed_results/EpistemeAI_DeepPhi-3.5-mini-instruct/results_2025-02-28T03-49-49.665483.json,113465,0.113,0.000113
C_efficiency_evolution/detailed_results/EpistemeAI_DeepThinkers-Phi4/results_2025-03-01T23-25-47.678589.json,114032,0.114,0.000114
C_efficiency_evolution/detailed_results/EpistemeAI_FineLlama3.1-8B-Instruct/results_2024-09-06T12-17-19.771656.json,118690,0.119,0.000119
C_efficiency_evolution/detailed_results/EpistemeAI_Fireball-12B-v1.13a-philosophers/results_2024-09-10T07-39-57.330192.json,118635,0.119,0.000119
C_efficiency_evolution/detailed_results/EpistemeAI_Fireball-12B/results_2025-02-13T18-27-04.338360.json,118553,0.119,0.000119
C_efficiency_evolution/detailed_results/EpistemeAI_Fireball-Alpaca-Llama-3.1-8B-Philos-DPO-200/results_2024-09-16T11-50-18.226636.json,118724,0.119,0.000119
C_efficiency_evolution/detailed_results/EpistemeAI_Fireball-Alpaca-Llama3.1.07-8B-Philos-Math-KTO-beta/results_2025-02-13T18-27-04.338360.json,123638,0.124,0.000124
C_efficiency_evolution/detailed_results/EpistemeAI_Fireball-Alpaca-Llama3.1.08-8B-Philos-C-R2/results_2025-02-13T18-27-04.338360.json,118702,0.119,0.000119
C_efficiency_evolution/detailed_results/EpistemeAI_Fireball-Meta-Llama-3.1-8B-Instruct-0.001-128K-auto/results_2025-02-13T18-27-04.338360.json,114781,0.115,0.000115
C_efficiency_evolution/detailed_results/EpistemeAI_Fireball-Meta-Llama-3.1-8B-Instruct-Agent-0.003-128K-code-ds-auto/results_2024-10-29T22-09-32.822876.json,128446,0.128,0.000128
C_efficiency_evolution/detailed_results/EpistemeAI_Fireball-Meta-Llama-3.1-8B-Instruct-Agent-0.003-128K-code-ds/results_2025-02-13T18-27-04.338360.json,119709,0.120,0.000120
C_efficiency_evolution/detailed_results/EpistemeAI_Fireball-Meta-Llama-3.1-8B-Instruct-Agent-0.003-128K-code/results_2024-10-07T10-02-11.286074.json,118761,0.119,0.000119
C_efficiency_evolution/detailed_results/EpistemeAI_Fireball-Meta-Llama-3.1-8B-Instruct-Agent-0.003-128K/results_2025-02-13T18-27-04.338360.json,118769,0.119,0.000119
C_efficiency_evolution/detailed_results/EpistemeAI_Fireball-Meta-Llama-3.1-8B-Instruct-Agent-0.004-128K-code-COT/results_2024-10-11T07-28-43.923029.json,118768,0.119,0.000119
C_efficiency_evolution/detailed_results/EpistemeAI_Fireball-Meta-Llama-3.1-8B-Instruct-Agent-0.004-128K-code-ds-auto/results_2025-02-13T18-27-04.338360.json,124513,0.125,0.000125
C_efficiency_evolution/detailed_results/EpistemeAI_Fireball-Meta-Llama-3.1-8B-Instruct-Math/results_2024-09-24T02-54-03.656817.json,118668,0.119,0.000119
C_efficiency_evolution/detailed_results/EpistemeAI_Fireball-Meta-Llama-3.2-8B-Instruct-agent-003-128k-code-DPO/results_2024-10-09T10-38-32.448780.json,118765,0.119,0.000119
C_efficiency_evolution/detailed_results/EpistemeAI_Fireball-Mistral-Nemo-Base-2407-v1-DPO2/results_2025-02-13T18-27-04.338360.json,118651,0.119,0.000119
C_efficiency_evolution/detailed_results/EpistemeAI_Fireball-R1-Llama-3.1-8B/results_2025-02-19T13-46-24.133657.json,123239,0.123,0.000123
C_efficiency_evolution/detailed_results/EpistemeAI_Llama-3.2-3B-Agent007-Coder/results_2025-02-13T18-27-04.338360.json,118673,0.119,0.000119
C_efficiency_evolution/detailed_results/EpistemeAI_Mistral-Nemo-Instruct-12B-Philosophy-Math/results_2025-02-13T18-27-04.338360.json,118695,0.119,0.000119
C_efficiency_evolution/detailed_results/EpistemeAI_OpenReasoner-Llama-3.2-3B-rs1.0/results_2025-02-18T16-15-11.292536.json,123272,0.123,0.000123
C_efficiency_evolution/detailed_results/EpistemeAI_Polypsyche-Llama-3.1-8B-Instruct-Agent-0.003-128K-code-ds-auto-Empathy/results_2025-02-13T18-27-04.338360.json,124548,0.125,0.000125
C_efficiency_evolution/detailed_results/EpistemeAI_Polypsyche-Llama-3.1-8B-Instruct-Agent-0.003-128K-code-ds-auto-Logic/results_2024-12-20T17-44-58.771039.json,124522,0.125,0.000125
C_efficiency_evolution/detailed_results/EpistemeAI_Polypsyche-Llama-3.1-8B-Instruct-Agent-0.003-128K-code-ds-auto-divergent/results_2024-12-20T17-48-24.829103.json,124525,0.125,0.000125
C_efficiency_evolution/detailed_results/EpistemeAI_Reasoning-Llama-3.1-CoT-RE1-NMT-V2-ORPO/results_2025-02-13T18-27-04.338360.json,114762,0.115,0.000115
C_efficiency_evolution/detailed_results/EpistemeAI_Reasoning-Llama-3.1-CoT-RE1-NMT/results_2025-01-29T06-39-48.331687.json,119569,0.120,0.000120
C_efficiency_evolution/detailed_results/EpistemeAI_Reasoning-Llama-3.2-1B-Instruct-v1.2/results_2025-02-13T18-27-04.338360.json,119532,0.120,0.000120
C_efficiency_evolution/detailed_results/EpistemeAI_Reasoning-Llama-3.2-1B-Instruct-v1.3/results_2025-02-13T18-27-04.338360.json,119561,0.120,0.000120
C_efficiency_evolution/detailed_results/EpistemeAI_Reasoning-Llama-3.2-3B-Math-Instruct-RE1-ORPO/results_2025-02-13T18-27-04.338360.json,119634,0.120,0.000120
C_efficiency_evolution/detailed_results/EpistemeAI_Reasoning-Llama-3.2-3B-Math-Instruct-RE1/results_2025-02-13T18-27-04.338360.json,119529,0.120,0.000120
C_efficiency_evolution/detailed_results/EpistemeAI_ReasoningCore-3B-T1_1/results_2025-02-13T18-27-04.338360.json,119561,0.120,0.000120
C_efficiency_evolution/detailed_results/Eric111_CatunaMayo-DPO/results_2025-02-13T18-27-04.338360.json,118569,0.119,0.000119
C_efficiency_evolution/detailed_results/Eric111_CatunaMayo/results_2025-02-13T18-27-04.338360.json,118560,0.119,0.000119
C_efficiency_evolution/detailed_results/Etherll_Chocolatine-3B-Instruct-DPO-Revised-Ties-v2/results_2025-02-13T18-27-04.338360.json,118684,0.119,0.000119
C_efficiency_evolution/detailed_results/Etherll_Chocolatine-3B-Instruct-DPO-Revised-Ties/results_2025-02-13T18-27-04.338360.json,118681,0.119,0.000119
C_efficiency_evolution/detailed_results/Etherll_Herplete-LLM-Llama-3.1-8b-Ties/results_2024-10-17T17-17-33.503999.json,118630,0.119,0.000119
C_efficiency_evolution/detailed_results/Etherll_Herplete-LLM-Llama-3.1-8b/results_2025-02-13T18-27-04.338360.json,118656,0.119,0.000119
C_efficiency_evolution/detailed_results/Etherll_Qwen2.5-7B-della-test/results_2025-02-13T18-27-04.338360.json,117124,0.117,0.000117
C_efficiency_evolution/detailed_results/Etherll_Qwen2.5-Coder-7B-Instruct-Ties/results_2025-02-13T18-27-04.338360.json,118648,0.119,0.000119
C_efficiency_evolution/detailed_results/Etherll_Replete-LLM-V3-Llama-3.1-8b/results_2025-02-13T18-27-04.338360.json,119344,0.119,0.000119
C_efficiency_evolution/detailed_results/Etherll_SuperHermes/results_2025-02-13T18-27-04.338360.json,118621,0.119,0.000119
C_efficiency_evolution/detailed_results/Eurdem_Defne-llama3.1-8B/results_2024-08-12T18-16-51.931979.json,119052,0.119,0.000119
C_efficiency_evolution/detailed_results/FINGU-AI_Chocolatine-Fusion-14B/results_2025-02-13T18-27-04.338360.json,49152,0.049,0.000049
C_efficiency_evolution/detailed_results/FINGU-AI_L3-8B/results_2025-02-13T18-27-04.338360.json,119523,0.120,0.000120
C_efficiency_evolution/detailed_results/FINGU-AI_Phi-4-RRStock/results_2025-02-05T16-09-19.318994.json,114607,0.115,0.000115
C_efficiency_evolution/detailed_results/FINGU-AI_Q-Small-3B/results_2025-02-13T18-27-04.338360.json,117276,0.117,0.000117
C_efficiency_evolution/detailed_results/FINGU-AI_QwQ-Buddy-32B-Alpha/results_2025-02-13T18-27-04.338360.json,114651,0.115,0.000115
C_efficiency_evolution/detailed_results/FINGU-AI_RomboUltima-32B/results_2025-02-13T18-27-04.338360.json,114632,0.115,0.000115
C_efficiency_evolution/detailed_results/FallenMerick_Chewy-Lemon-Cookie-11B/results_2025-02-13T18-27-04.338360.json,118666,0.119,0.000119
C_efficiency_evolution/detailed_results/Felladrin_Llama-160M-Chat-v1/results_2024-07-25T09-54-15.757000.json,118489,0.118,0.000118
C_efficiency_evolution/detailed_results/Felladrin_Minueza-32M-UltraChat/results_2025-02-13T18-27-04.338360.json,118539,0.119,0.000119
C_efficiency_evolution/detailed_results/FlofloB_100k_fineweb_continued_pretraining_Qwen2.5-0.5B-Instruct_Unsloth_merged_16bit/results_2025-02-13T18-27-04.338360.json,117326,0.117,0.000117
C_efficiency_evolution/detailed_results/FlofloB_10k_continued_pretraining_Phi-3-mini-4k-instruct_Unsloth_merged_16bit/results_2024-11-22T17-10-30.745797.json,115278,0.115,0.000115
C_efficiency_evolution/detailed_results/FlofloB_10k_continued_pretraining_Qwen2.5-0.5B-Instruct_Unsloth_merged_16bit/results_2024-11-25T18-35-35.437059.json,117136,0.117,0.000117
C_efficiency_evolution/detailed_results/FlofloB_40k_continued_pretraining_Qwen2.5-0.5B-Instruct_Unsloth_merged_16bit/results_2024-11-25T20-12-20.428213.json,117138,0.117,0.000117
C_efficiency_evolution/detailed_results/FlofloB_83k_continued_pretraining_Qwen2.5-0.5B-Instruct_Unsloth_merged_16bit/results_2025-02-13T18-27-04.338360.json,117251,0.117,0.000117
C_efficiency_evolution/detailed_results/FlofloB_smollm2-135M_pretrained_1000k_fineweb/results_2025-02-13T18-27-04.338360.json,114434,0.114,0.000114
C_efficiency_evolution/detailed_results/FlofloB_smollm2-135M_pretrained_1000k_fineweb_uncovai_human_removed/results_2025-02-13T18-27-04.338360.json,114523,0.115,0.000115
C_efficiency_evolution/detailed_results/FlofloB_smollm2-135M_pretrained_1000k_fineweb_uncovai_selected/results_2025-02-13T18-27-04.338360.json,114514,0.115,0.000115
C_efficiency_evolution/detailed_results/FlofloB_smollm2-135M_pretrained_1200k_fineweb/results_2025-02-13T18-27-04.338360.json,114440,0.114,0.000114
C_efficiency_evolution/detailed_results/FlofloB_smollm2-135M_pretrained_1200k_fineweb_uncovai_human_removed/results_2025-02-13T18-27-04.338360.json,114452,0.114,0.000114
C_efficiency_evolution/detailed_results/FlofloB_smollm2-135M_pretrained_1200k_fineweb_uncovai_selected/results_2025-02-13T18-27-04.338360.json,114527,0.115,0.000115
C_efficiency_evolution/detailed_results/FlofloB_smollm2-135M_pretrained_1400k_fineweb/results_2025-02-13T18-27-04.338360.json,114467,0.114,0.000114
C_efficiency_evolution/detailed_results/FlofloB_smollm2-135M_pretrained_1400k_fineweb_uncovai_human_removed/results_2025-02-13T18-27-04.338360.json,114537,0.115,0.000115
C_efficiency_evolution/detailed_results/FlofloB_smollm2-135M_pretrained_1400k_fineweb_uncovai_selected/results_2025-02-13T18-27-04.338360.json,114514,0.115,0.000115
C_efficiency_evolution/detailed_results/FlofloB_smollm2-135M_pretrained_200k_fineweb_uncovai_human_removed/results_2025-02-13T18-27-04.338360.json,114507,0.115,0.000115
C_efficiency_evolution/detailed_results/FlofloB_smollm2-135M_pretrained_200k_fineweb_uncovai_selected/results_2025-02-13T18-27-04.338360.json,114490,0.114,0.000114
C_efficiency_evolution/detailed_results/FlofloB_smollm2-135M_pretrained_400k_fineweb/results_2025-02-13T18-27-04.338360.json,114466,0.114,0.000114
C_efficiency_evolution/detailed_results/FlofloB_smollm2-135M_pretrained_400k_fineweb_uncovai_human_removed/results_2025-02-13T18-27-04.338360.json,114514,0.115,0.000115
C_efficiency_evolution/detailed_results/FlofloB_smollm2-135M_pretrained_400k_fineweb_uncovai_selected/results_2025-02-13T18-27-04.338360.json,114496,0.114,0.000114
C_efficiency_evolution/detailed_results/FlofloB_smollm2-135M_pretrained_600k_fineweb/results_2025-02-13T18-27-04.338360.json,114424,0.114,0.000114
C_efficiency_evolution/detailed_results/FlofloB_smollm2-135M_pretrained_600k_fineweb_uncovai_human_removed/results_2025-02-13T18-27-04.338360.json,114510,0.115,0.000115
C_efficiency_evolution/detailed_results/FlofloB_smollm2-135M_pretrained_600k_fineweb_uncovai_selected/results_2025-02-13T18-27-04.338360.json,114510,0.115,0.000115
C_efficiency_evolution/detailed_results/FlofloB_smollm2-135M_pretrained_800k_fineweb/results_2025-02-13T18-27-04.338360.json,114437,0.114,0.000114
C_efficiency_evolution/detailed_results/FlofloB_smollm2-135M_pretrained_800k_fineweb_uncovai_human_removed/results_2025-02-13T18-27-04.338360.json,114540,0.115,0.000115
C_efficiency_evolution/detailed_results/FlofloB_smollm2-135M_pretrained_800k_fineweb_uncovai_selected/results_2025-02-13T18-27-04.338360.json,114516,0.115,0.000115
C_efficiency_evolution/detailed_results/FlofloB_smollm2_pretrained_200k_fineweb/results_2025-02-13T18-27-04.338360.json,114413,0.114,0.000114
C_efficiency_evolution/detailed_results/FlofloB_test_continued_pretraining_Phi-3-mini-4k-instruct_Unsloth_merged_16bit/results_2024-11-21T23-44-40.262072.json,115258,0.115,0.000115
C_efficiency_evolution/detailed_results/FuJhen_ft-openhermes-25-mistral-7b-irca-dpo-pairs/results_2024-09-14T01-13-21.040681.json,118739,0.119,0.000119
C_efficiency_evolution/detailed_results/FuJhen_mistral-instruct-7B-DPO/results_2024-09-14T01-09-08.984631.json,122811,0.123,0.000123
C_efficiency_evolution/detailed_results/FuJhen_mistral_7b_v0.1_structedData_e2e/results_2024-09-18T13-35-58.119143.json,118478,0.118,0.000118
C_efficiency_evolution/detailed_results/FuJhen_mistral_7b_v0.1_structedData_viggo/results_2025-02-13T18-27-04.338360.json,118620,0.119,0.000119
C_efficiency_evolution/detailed_results/FuseAI_FuseChat-7B-v2.0/results_2025-02-13T18-27-04.338360.json,114639,0.115,0.000115
C_efficiency_evolution/detailed_results/FuseAI_FuseChat-Llama-3.1-8B-Instruct/results_2025-01-07T07-01-34.828380.json,115122,0.115,0.000115
C_efficiency_evolution/detailed_results/FuseAI_FuseChat-Llama-3.2-3B-Instruct/results_2025-02-18T20-26-21.852409.json,114001,0.114,0.000114
C_efficiency_evolution/detailed_results/FuseAI_FuseChat-Qwen-2.5-7B-Instruct/results_2025-02-13T18-27-04.338360.json,117133,0.117,0.000117
C_efficiency_evolution/detailed_results/GalrionSoftworks_MN-LooseCannon-12B-v1/results_2025-02-13T18-27-04.338360.json,118934,0.119,0.000119
C_efficiency_evolution/detailed_results/GalrionSoftworks_MagnusIntellectus-12B-v1/results_2025-02-13T18-27-04.338360.json,119115,0.119,0.000119
C_efficiency_evolution/detailed_results/GenVRadmin_AryaBhatta-GemmaOrca-2-Merged/results_2025-02-06T10-54-15.198935.json,114567,0.115,0.000115
C_efficiency_evolution/detailed_results/GenVRadmin_AryaBhatta-GemmaOrca-Merged/results_2025-02-06T10-43-35.410744.json,114545,0.115,0.000115
C_efficiency_evolution/detailed_results/GenVRadmin_AryaBhatta-GemmaUltra-Merged/results_2025-02-13T18-27-04.338360.json,114622,0.115,0.000115
C_efficiency_evolution/detailed_results/GenVRadmin_llama38bGenZ_Vikas-Merged/results_2025-02-06T10-43-30.868879.json,114644,0.115,0.000115
C_efficiency_evolution/detailed_results/GoToCompany_gemma2-9b-cpt-sahabatai-v1-instruct/results_2024-11-21T16-06-20.952173.json,114686,0.115,0.000115
C_efficiency_evolution/detailed_results/GoToCompany_llama3-8b-cpt-sahabatai-v1-instruct/results_2025-02-13T18-27-04.338360.json,115204,0.115,0.000115
C_efficiency_evolution/detailed_results/Goekdeniz-Guelmez_Josiefied-Qwen2.5-0.5B-Instruct-abliterated-v1/results_2025-02-13T18-27-04.338360.json,119343,0.119,0.000119
C_efficiency_evolution/detailed_results/Goekdeniz-Guelmez_Josiefied-Qwen2.5-1.5B-Instruct-abliterated-v1/results_2024-09-28T10-58-22.921064.json,122836,0.123,0.000123
C_efficiency_evolution/detailed_results/Goekdeniz-Guelmez_Josiefied-Qwen2.5-1.5B-Instruct-abliterated-v2/results_2024-09-28T10-55-49.897632.json,122818,0.123,0.000123
C_efficiency_evolution/detailed_results/Goekdeniz-Guelmez_Josiefied-Qwen2.5-1.5B-Instruct-abliterated-v3/results_2024-09-28T10-55-18.813510.json,122799,0.123,0.000123
C_efficiency_evolution/detailed_results/Goekdeniz-Guelmez_Josiefied-Qwen2.5-14B-Instruct-abliterated-v4/results_2025-02-13T18-27-04.338360.json,122723,0.123,0.000123
C_efficiency_evolution/detailed_results/Goekdeniz-Guelmez_Josiefied-Qwen2.5-7B-Instruct-abliterated-v2/results_2025-02-13T18-27-04.338360.json,121943,0.122,0.000122
C_efficiency_evolution/detailed_results/Goekdeniz-Guelmez_j.o.s.i.e.v4o-1.5b-dpo-stage1-v1/results_2025-02-13T18-27-04.338360.json,122945,0.123,0.000123
C_efficiency_evolution/detailed_results/Goekdeniz-Guelmez_josie-3b-v6.0/results_2025-02-13T18-27-04.338360.json,119073,0.119,0.000119
C_efficiency_evolution/detailed_results/Goekdeniz-Guelmez_josie-7b-v6.0-step2000/results_2025-02-13T18-27-04.338360.json,117656,0.118,0.000118
C_efficiency_evolution/detailed_results/Goekdeniz-Guelmez_josie-7b-v6.0/results_2025-02-13T18-27-04.338360.json,117629,0.118,0.000118
C_efficiency_evolution/detailed_results/GreenNode_GreenNode-small-9B-it/results_2025-02-13T18-27-04.338360.json,119031,0.119,0.000119
C_efficiency_evolution/detailed_results/GritLM_GritLM-7B-KTO/results_2025-02-13T18-27-04.338360.json,118983,0.119,0.000119
C_efficiency_evolution/detailed_results/GritLM_GritLM-8x7B-KTO/results_2025-02-13T18-27-04.338360.json,119002,0.119,0.000119
C_efficiency_evolution/detailed_results/Groq_Llama-3-Groq-8B-Tool-Use/results_2025-02-13T18-27-04.338360.json,115139,0.115,0.000115
C_efficiency_evolution/detailed_results/Gryphe_Pantheon-RP-1.0-8b-Llama-3/results_2025-02-13T18-27-04.338360.json,119012,0.119,0.000119
C_efficiency_evolution/detailed_results/Gryphe_Pantheon-RP-1.5-12b-Nemo/results_2025-02-13T18-27-04.338360.json,118990,0.119,0.000119
C_efficiency_evolution/detailed_results/Gryphe_Pantheon-RP-1.6-12b-Nemo-KTO/results_2025-02-13T18-27-04.338360.json,119275,0.119,0.000119
C_efficiency_evolution/detailed_results/Gryphe_Pantheon-RP-1.6-12b-Nemo/results_2025-02-13T18-27-04.338360.json,118936,0.119,0.000119
C_efficiency_evolution/detailed_results/Gryphe_Pantheon-RP-Pure-1.6.2-22b-Small/results_2025-02-13T18-27-04.338360.json,122836,0.123,0.000123
C_efficiency_evolution/detailed_results/Gunulhona_Gemma-Ko-Merge-PEFT/results_2025-02-13T18-27-04.338360.json,118890,0.119,0.000119
C_efficiency_evolution/detailed_results/Gunulhona_Gemma-Ko-Merge/results_2024-10-29T06-01-37.065452.json,119075,0.119,0.000119
C_efficiency_evolution/detailed_results/HPAI-BSC_Llama3-Aloe-8B-Alpha/results_2024-10-29T15-05-18.647108.json,119082,0.119,0.000119
C_efficiency_evolution/detailed_results/HPAI-BSC_Llama3.1-Aloe-Beta-8B/results_2024-11-06T18-55-21.201805.json,114678,0.115,0.000115
C_efficiency_evolution/detailed_results/HPAI-BSC_Qwen2.5-Aloe-Beta-7B/results_2024-12-18T05-23-22.292212.json,117255,0.117,0.000117
C_efficiency_evolution/detailed_results/Hastagaras_Llama-3.1-Jamet-8B-MK.I/results_2024-11-19T23-48-47.605970.json,115122,0.115,0.000115
C_efficiency_evolution/detailed_results/Hastagaras_Zabuza-8B-Llama-3.1/results_2024-11-06T19-01-58.072743.json,115095,0.115,0.000115
C_efficiency_evolution/detailed_results/HelpingAI_Cipher-20B/results_2025-02-13T18-27-04.338360.json,117467,0.117,0.000117
C_efficiency_evolution/detailed_results/HelpingAI_Priya-10B/results_2025-02-13T18-27-04.338360.json,119268,0.119,0.000119
C_efficiency_evolution/detailed_results/HelpingAI_Priya-3B/results_2025-02-13T18-27-04.338360.json,118182,0.118,0.000118
C_efficiency_evolution/detailed_results/HeraiHench_Double-Down-Qwen-Math-7B/results_2025-02-13T18-27-04.338360.json,114380,0.114,0.000114
C_efficiency_evolution/detailed_results/HeraiHench_Marge-Qwen-Math-7B/results_2025-02-13T18-27-04.338360.json,114421,0.114,0.000114
C_efficiency_evolution/detailed_results/HeraiHench_Phi-4-slerp-ReasoningRP-14B/results_2025-01-29T13-31-01.353343.json,114357,0.114,0.000114
C_efficiency_evolution/detailed_results/HiroseKoichi_Llama-Salad-4x8B-V3/results_2025-02-13T18-27-04.338360.json,119108,0.119,0.000119
C_efficiency_evolution/detailed_results/HoangHa_Pensez-Llama3.1-8B/results_2025-02-24T17-22-21.367738.json,115066,0.115,0.000115
C_efficiency_evolution/detailed_results/HuggingFaceH4_zephyr-7b-alpha/results_2025-02-13T18-27-04.338360.json,78759,0.079,0.000079
C_efficiency_evolution/detailed_results/HuggingFaceH4_zephyr-7b-beta/results_2025-02-13T18-27-04.338360.json,120588,0.121,0.000121
C_efficiency_evolution/detailed_results/HuggingFaceH4_zephyr-7b-gemma-v0.1/results_2024-06-16T15-58-33.412754.json,77627,0.078,0.000078
C_efficiency_evolution/detailed_results/HuggingFaceH4_zephyr-orpo-141b-A35b-v0.1/results_2025-02-13T18-27-04.338360.json,120777,0.121,0.000121
C_efficiency_evolution/detailed_results/HuggingFaceTB_SmolLM-1.7B-Instruct/results_2025-02-13T18-27-04.338360.json,118662,0.119,0.000119
C_efficiency_evolution/detailed_results/HuggingFaceTB_SmolLM-1.7B/results_2025-02-13T18-27-04.338360.json,118634,0.119,0.000119
C_efficiency_evolution/detailed_results/HuggingFaceTB_SmolLM-135M-Instruct/results_2025-02-13T18-27-04.338360.json,118620,0.119,0.000119
C_efficiency_evolution/detailed_results/HuggingFaceTB_SmolLM-135M/results_2025-02-13T18-27-04.338360.json,118625,0.119,0.000119
C_efficiency_evolution/detailed_results/HuggingFaceTB_SmolLM-360M-Instruct/results_2025-02-13T18-27-04.338360.json,118663,0.119,0.000119
C_efficiency_evolution/detailed_results/HuggingFaceTB_SmolLM-360M/results_2025-02-13T18-27-04.338360.json,118570,0.119,0.000119
C_efficiency_evolution/detailed_results/HuggingFaceTB_SmolLM2-1.7B-Instruct/results_2025-02-13T18-27-04.338360.json,115067,0.115,0.000115
C_efficiency_evolution/detailed_results/HuggingFaceTB_SmolLM2-1.7B/results_2025-02-13T18-27-04.338360.json,114633,0.115,0.000115
C_efficiency_evolution/detailed_results/HuggingFaceTB_SmolLM2-135M-Instruct/results_2025-02-13T18-27-04.338360.json,114594,0.115,0.000115
C_efficiency_evolution/detailed_results/HuggingFaceTB_SmolLM2-135M/results_2025-02-13T18-27-04.338360.json,112059,0.112,0.000112
C_efficiency_evolution/detailed_results/HuggingFaceTB_SmolLM2-360M-Instruct/results_2025-02-13T18-27-04.338360.json,115066,0.115,0.000115
C_efficiency_evolution/detailed_results/HuggingFaceTB_SmolLM2-360M/results_2025-02-13T18-27-04.338360.json,114619,0.115,0.000115
C_efficiency_evolution/detailed_results/HumanLLMs_Humanish-LLama3-8B-Instruct/results_2025-02-13T18-27-04.338360.json,119226,0.119,0.000119
C_efficiency_evolution/detailed_results/HumanLLMs_Humanish-Mistral-Nemo-Instruct-2407/results_2024-10-07T02-41-47.679146.json,119162,0.119,0.000119
C_efficiency_evolution/detailed_results/HumanLLMs_Humanish-Qwen2.5-7B-Instruct/results_2025-02-13T18-27-04.338360.json,118760,0.119,0.000119
C_efficiency_evolution/detailed_results/IDEA-CCNL_Ziya-LLaMA-13B-v1/results_2025-02-13T18-27-04.338360.json,120863,0.121,0.000121
C_efficiency_evolution/detailed_results/INSAIT-Institute_BgGPT-Gemma-2-27B-IT-v1.0/results_2025-02-13T18-27-04.338360.json,114660,0.115,0.000115
C_efficiency_evolution/detailed_results/IlyaGusev_gemma-2-2b-it-abliterated/results_2025-02-13T18-27-04.338360.json,115231,0.115,0.000115
C_efficiency_evolution/detailed_results/IlyaGusev_gemma-2-9b-it-abliterated/results_2025-02-13T18-27-04.338360.json,114967,0.115,0.000115
C_efficiency_evolution/detailed_results/Infinirc_Infinirc-Llama3-8B-2G-Release-v1.0/results_2025-02-13T18-27-04.338360.json,118701,0.119,0.000119
C_efficiency_evolution/detailed_results/Intel_neural-chat-7b-v3-1/results_2025-02-13T18-27-04.338360.json,120080,0.120,0.000120
C_efficiency_evolution/detailed_results/Intel_neural-chat-7b-v3-2/results_2025-02-13T18-27-04.338360.json,120103,0.120,0.000120
C_efficiency_evolution/detailed_results/Intel_neural-chat-7b-v3-3/results_2025-02-13T18-27-04.338360.json,49152,0.049,0.000049
C_efficiency_evolution/detailed_results/Intel_neural-chat-7b-v3/results_2025-02-13T18-27-04.338360.json,120105,0.120,0.000120
C_efficiency_evolution/detailed_results/IntervitensInc_internlm2_5-20b-llamafied/results_2024-11-11T12-07-29.151211.json,114640,0.115,0.000115
C_efficiency_evolution/detailed_results/Invalid-Null_PeiYangMe-0.5/results_2025-02-13T18-27-04.338360.json,114308,0.114,0.000114
C_efficiency_evolution/detailed_results/Invalid-Null_PeiYangMe-0.7/results_2025-02-13T18-27-04.338360.json,114573,0.115,0.000115
C_efficiency_evolution/detailed_results/Isaak-Carter_JOSIEv4o-8b-stage1-v4/results_2025-02-13T18-27-04.338360.json,118730,0.119,0.000119
C_efficiency_evolution/detailed_results/Isaak-Carter_Josiefied-Qwen2.5-7B-Instruct-abliterated-v2/results_2025-02-13T18-27-04.338360.json,121139,0.121,0.000121
C_efficiency_evolution/detailed_results/Isaak-Carter_Josiefied-Qwen2.5-7B-Instruct-abliterated/results_2024-09-21T14-45-46.127361.json,121142,0.121,0.000121
C_efficiency_evolution/detailed_results/J-LAB_Thynk_orpo/results_2025-02-13T18-27-04.338360.json,118597,0.119,0.000119
C_efficiency_evolution/detailed_results/JackFram_llama-160m/results_2025-02-13T18-27-04.338360.json,114394,0.114,0.000114
C_efficiency_evolution/detailed_results/JackFram_llama-68m/results_2025-02-13T18-27-04.338360.json,114373,0.114,0.000114
C_efficiency_evolution/detailed_results/Jacoby746_Casual-Magnum-34B/results_2025-02-13T18-27-04.338360.json,118598,0.119,0.000119
C_efficiency_evolution/detailed_results/Jacoby746_Inf-Silent-Kunoichi-v0.1-2x7B/results_2025-02-13T18-27-04.338360.json,118653,0.119,0.000119
C_efficiency_evolution/detailed_results/Jacoby746_Inf-Silent-Kunoichi-v0.2-2x7B/results_2025-02-13T18-27-04.338360.json,118657,0.119,0.000119
C_efficiency_evolution/detailed_results/Jacoby746_Proto-Athena-4x7B/results_2025-02-13T18-27-04.338360.json,118608,0.119,0.000119
C_efficiency_evolution/detailed_results/Jacoby746_Proto-Athena-v0.2-4x7B/results_2025-02-13T18-27-04.338360.json,118616,0.119,0.000119
C_efficiency_evolution/detailed_results/Jacoby746_Proto-Harpy-Blazing-Light-v0.1-2x7B/results_2025-02-13T18-27-04.338360.json,118657,0.119,0.000119
C_efficiency_evolution/detailed_results/Jacoby746_Proto-Harpy-Spark-v0.1-7B/results_2025-02-13T18-27-04.338360.json,118621,0.119,0.000119
C_efficiency_evolution/detailed_results/JayHyeon_Qwen-0.5B-DPO-1epoch/results_2025-02-13T18-27-04.338360.json,115055,0.115,0.000115
C_efficiency_evolution/detailed_results/JayHyeon_Qwen-0.5B-DPO-5epoch/results_2024-12-26T05-35-35.448012.json,114998,0.115,0.000115
C_efficiency_evolution/detailed_results/JayHyeon_Qwen-0.5B-IRPO-1epoch/results_2024-12-26T08-46-55.267826.json,115048,0.115,0.000115
C_efficiency_evolution/detailed_results/JayHyeon_Qwen-0.5B-IRPO-5epoch/results_2025-02-13T18-27-04.338360.json,115028,0.115,0.000115
C_efficiency_evolution/detailed_results/JayHyeon_Qwen-0.5B-eDPO-1epoch/results_2025-02-13T18-27-04.338360.json,115096,0.115,0.000115
C_efficiency_evolution/detailed_results/JayHyeon_Qwen-0.5B-eDPO-5epoch/results_2024-12-26T05-25-52.840251.json,115036,0.115,0.000115
C_efficiency_evolution/detailed_results/JayHyeon_Qwen2.5-0.5B-Instruct-SFT-DPO-1epoch_v1/results_2024-12-26T20-30-29.551698.json,117420,0.117,0.000117
C_efficiency_evolution/detailed_results/JayHyeon_Qwen2.5-0.5B-Instruct-SFT-IRPO-1epoch_v1/results_2025-02-13T18-27-04.338360.json,117364,0.117,0.000117
C_efficiency_evolution/detailed_results/JayHyeon_Qwen2.5-0.5B-Instruct-SFT-MDPO-1epoch_v1/results_2024-12-26T20-27-02.598498.json,117393,0.117,0.000117
C_efficiency_evolution/detailed_results/JayHyeon_Qwen2.5-0.5B-Instruct-SFT/results_2025-02-13T18-27-04.338360.json,117393,0.117,0.000117
C_efficiency_evolution/detailed_results/JayHyeon_Qwen2.5-0.5B-SFT-1e-4-2ep/results_2025-02-13T18-27-04.338360.json,114465,0.114,0.000114
C_efficiency_evolution/detailed_results/JayHyeon_Qwen2.5-0.5B-SFT-1e-4-3ep/results_2024-12-29T15-29-47.615567.json,114541,0.115,0.000115
C_efficiency_evolution/detailed_results/JayHyeon_Qwen2.5-0.5B-SFT-1e-4-5ep/results_2025-02-13T18-27-04.338360.json,114636,0.115,0.000115
C_efficiency_evolution/detailed_results/JayHyeon_Qwen2.5-0.5B-SFT-1e-4/results_2024-12-28T09-28-08.864023.json,114484,0.114,0.000114
C_efficiency_evolution/detailed_results/JayHyeon_Qwen2.5-0.5B-SFT-1e-5-2ep/results_2024-12-30T00-38-42.524746.json,114561,0.115,0.000115
C_efficiency_evolution/detailed_results/JayHyeon_Qwen2.5-0.5B-SFT-1e-5-3ep/results_2024-12-29T15-09-58.644085.json,114570,0.115,0.000115
C_efficiency_evolution/detailed_results/JayHyeon_Qwen2.5-0.5B-SFT-1e-5-5ep/results_2025-02-13T18-27-04.338360.json,114629,0.115,0.000115
C_efficiency_evolution/detailed_results/JayHyeon_Qwen2.5-0.5B-SFT-1e-5/results_2025-02-13T18-27-04.338360.json,114612,0.115,0.000115
C_efficiency_evolution/detailed_results/JayHyeon_Qwen2.5-0.5B-SFT-2e-4-2ep/results_2024-12-30T07-52-34.968240.json,114304,0.114,0.000114
C_efficiency_evolution/detailed_results/JayHyeon_Qwen2.5-0.5B-SFT-2e-4-3ep/results_2024-12-29T15-33-00.016651.json,114508,0.115,0.000115
C_efficiency_evolution/detailed_results/JayHyeon_Qwen2.5-0.5B-SFT-2e-4-5ep/results_2024-12-30T05-17-07.829474.json,114571,0.115,0.000115
C_efficiency_evolution/detailed_results/JayHyeon_Qwen2.5-0.5B-SFT-2e-4/results_2024-12-28T09-33-58.487922.json,114307,0.114,0.000114
C_efficiency_evolution/detailed_results/JayHyeon_Qwen2.5-0.5B-SFT-2e-5-2ep-DPOP_3e-7-3ep_0alp_5lam/results_2025-02-13T18-27-04.338360.json,117102,0.117,0.000117
C_efficiency_evolution/detailed_results/JayHyeon_Qwen2.5-0.5B-SFT-2e-5-2ep-DPOP_5e-6-1ep_0alp_5lam/results_2025-01-06T11-15-18.885108.json,117225,0.117,0.000117
C_efficiency_evolution/detailed_results/JayHyeon_Qwen2.5-0.5B-SFT-2e-5-2ep-DPOP_5e-6-2ep_0alp_5lam/results_2025-01-06T11-17-26.136733.json,117006,0.117,0.000117
C_efficiency_evolution/detailed_results/JayHyeon_Qwen2.5-0.5B-SFT-2e-5-2ep-DPOP_5e-6-3ep_0alp_5lam/results_2025-02-13T18-27-04.338360.json,117137,0.117,0.000117
C_efficiency_evolution/detailed_results/JayHyeon_Qwen2.5-0.5B-SFT-2e-5-2ep-DPOP_5e-7-1ep_0alp_5lam/results_2025-02-13T18-27-04.338360.json,117280,0.117,0.000117
C_efficiency_evolution/detailed_results/JayHyeon_Qwen2.5-0.5B-SFT-2e-5-2ep-DPOP_5e-7-2ep_0alp_5lam/results_2025-01-03T00-17-30.079517.json,116989,0.117,0.000117
C_efficiency_evolution/detailed_results/JayHyeon_Qwen2.5-0.5B-SFT-2e-5-2ep-DPOP_5e-7-3ep_0alp_5lam/results_2025-02-13T18-27-04.338360.json,117270,0.117,0.000117
C_efficiency_evolution/detailed_results/JayHyeon_Qwen2.5-0.5B-SFT-2e-5-2ep-DPO_1e-6-1ep_0alp_0lam/results_2025-02-13T18-27-04.338360.json,117288,0.117,0.000117
C_efficiency_evolution/detailed_results/JayHyeon_Qwen2.5-0.5B-SFT-2e-5-2ep-DPO_1e-6-2ep_0alp_0lam/results_2025-02-13T18-27-04.338360.json,117329,0.117,0.000117
C_efficiency_evolution/detailed_results/JayHyeon_Qwen2.5-0.5B-SFT-2e-5-2ep-DPO_1e-6-3ep_0alp_0lam/results_2025-02-13T18-27-04.338360.json,117304,0.117,0.000117
C_efficiency_evolution/detailed_results/JayHyeon_Qwen2.5-0.5B-SFT-2e-5-2ep-DPO_1e-7-2ep_0alp_0lam/results_2025-02-13T18-27-04.338360.json,117295,0.117,0.000117
C_efficiency_evolution/detailed_results/JayHyeon_Qwen2.5-0.5B-SFT-2e-5-2ep-DPO_1e-7-3ep_0alp_0lam/results_2025-02-13T18-27-04.338360.json,117149,0.117,0.000117
C_efficiency_evolution/detailed_results/JayHyeon_Qwen2.5-0.5B-SFT-2e-5-2ep-DPO_2e-6-1ep_0alp_0lam/results_2025-01-02T01-33-30.695249.json,117254,0.117,0.000117
C_efficiency_evolution/detailed_results/JayHyeon_Qwen2.5-0.5B-SFT-2e-5-2ep-DPO_2e-6-2ep_0alp_0lam/results_2025-02-13T18-27-04.338360.json,117291,0.117,0.000117
C_efficiency_evolution/detailed_results/JayHyeon_Qwen2.5-0.5B-SFT-2e-5-2ep-DPO_2e-6-3ep_0alp_0lam/results_2025-02-13T18-27-04.338360.json,117297,0.117,0.000117
C_efficiency_evolution/detailed_results/JayHyeon_Qwen2.5-0.5B-SFT-2e-5-2ep-DPO_3e-6-1ep_0alp_0lam/results_2025-01-02T01-42-47.105367.json,117168,0.117,0.000117
C_efficiency_evolution/detailed_results/JayHyeon_Qwen2.5-0.5B-SFT-2e-5-2ep-DPO_3e-6-2ep_0alp_0lam/results_2025-02-13T18-27-04.338360.json,117300,0.117,0.000117
C_efficiency_evolution/detailed_results/JayHyeon_Qwen2.5-0.5B-SFT-2e-5-2ep-DPO_3e-6-3ep_0alp_0lam/results_2025-01-03T06-59-06.233458.json,117178,0.117,0.000117
C_efficiency_evolution/detailed_results/JayHyeon_Qwen2.5-0.5B-SFT-2e-5-2ep-DPO_3e-7-3ep_0alp_0lam/results_2025-01-08T03-28-31.813523.json,117180,0.117,0.000117
C_efficiency_evolution/detailed_results/JayHyeon_Qwen2.5-0.5B-SFT-2e-5-2ep-DPO_5e-6-1ep_0alp_0lam/results_2025-01-02T01-51-21.319158.json,117240,0.117,0.000117
C_efficiency_evolution/detailed_results/JayHyeon_Qwen2.5-0.5B-SFT-2e-5-2ep-DPO_5e-6-2ep_0alp_0lam/results_2025-01-02T01-55-00.773602.json,117191,0.117,0.000117
C_efficiency_evolution/detailed_results/JayHyeon_Qwen2.5-0.5B-SFT-2e-5-2ep-DPO_5e-6-3ep_0alp_0lam/results_2025-02-13T18-27-04.338360.json,117145,0.117,0.000117
C_efficiency_evolution/detailed_results/JayHyeon_Qwen2.5-0.5B-SFT-2e-5-2ep-DPO_5e-7_1ep_0alp_0lam/results_2025-01-01T02-45-59.875419.json,117175,0.117,0.000117
C_efficiency_evolution/detailed_results/JayHyeon_Qwen2.5-0.5B-SFT-2e-5-2ep-DPO_5e-7_2ep_0alp_0lam/results_2025-01-01T01-15-16.839837.json,117006,0.117,0.000117
C_efficiency_evolution/detailed_results/JayHyeon_Qwen2.5-0.5B-SFT-2e-5-2ep-DPO_5e-7_3ep_0alp_0lam/results_2025-02-13T18-27-04.338360.json,117310,0.117,0.000117
C_efficiency_evolution/detailed_results/JayHyeon_Qwen2.5-0.5B-SFT-2e-5-2ep-DPO_7e-7_1ep_0alp_0lam/results_2025-01-01T02-41-24.803003.json,117002,0.117,0.000117
C_efficiency_evolution/detailed_results/JayHyeon_Qwen2.5-0.5B-SFT-2e-5-2ep-DPO_7e-7_2ep_0alp_0lam/results_2025-01-01T02-36-55.162456.json,117173,0.117,0.000117
C_efficiency_evolution/detailed_results/JayHyeon_Qwen2.5-0.5B-SFT-2e-5-2ep-DPO_7e-7_3ep_0alp_0lam/results_2025-01-01T02-37-22.197996.json,117180,0.117,0.000117
C_efficiency_evolution/detailed_results/JayHyeon_Qwen2.5-0.5B-SFT-2e-5-2ep-IRPO_1e-7-1ep_1alp_0lam/results_2025-02-13T18-27-04.338360.json,117153,0.117,0.000117
C_efficiency_evolution/detailed_results/JayHyeon_Qwen2.5-0.5B-SFT-2e-5-2ep-IRPO_1e-7-2ep_1alp_0lam/results_2025-01-07T11-36-11.134717.json,117181,0.117,0.000117
C_efficiency_evolution/detailed_results/JayHyeon_Qwen2.5-0.5B-SFT-2e-5-2ep-IRPO_1e-7-3ep_1alp_0lam/results_2025-02-13T18-27-04.338360.json,117160,0.117,0.000117
C_efficiency_evolution/detailed_results/JayHyeon_Qwen2.5-0.5B-SFT-2e-5-2ep-IRPO_3e-7-3ep_1alp_0lam/results_2025-02-13T18-27-04.338360.json,117147,0.117,0.000117
C_efficiency_evolution/detailed_results/JayHyeon_Qwen2.5-0.5B-SFT-2e-5-2ep-IRPO_5e-6-1ep_1alp_0lam/results_2025-02-13T18-27-04.338360.json,117283,0.117,0.000117
C_efficiency_evolution/detailed_results/JayHyeon_Qwen2.5-0.5B-SFT-2e-5-2ep-IRPO_5e-6-2ep_1alp_0lam/results_2025-02-13T18-27-04.338360.json,117149,0.117,0.000117
C_efficiency_evolution/detailed_results/JayHyeon_Qwen2.5-0.5B-SFT-2e-5-2ep-IRPO_5e-6-3ep_1alp_0lam/results_2025-01-06T12-01-03.647111.json,117188,0.117,0.000117
C_efficiency_evolution/detailed_results/JayHyeon_Qwen2.5-0.5B-SFT-2e-5-2ep-IRPO_5e-7-1ep_1alp_0lam/results_2025-01-02T23-19-17.617577.json,117001,0.117,0.000117
C_efficiency_evolution/detailed_results/JayHyeon_Qwen2.5-0.5B-SFT-2e-5-2ep-IRPO_5e-7-2ep_1alp_0lam/results_2025-01-02T22-57-37.160585.json,117006,0.117,0.000117
C_efficiency_evolution/detailed_results/JayHyeon_Qwen2.5-0.5B-SFT-2e-5-2ep-IRPO_5e-7-3ep_1alp_0lam/results_2025-01-02T23-09-51.306955.json,116984,0.117,0.000117
C_efficiency_evolution/detailed_results/JayHyeon_Qwen2.5-0.5B-SFT-2e-5-2ep-MDPO_0.5_1e-7-1ep_0alp_0lam/results_2025-01-07T09-49-10.164062.json,117143,0.117,0.000117
C_efficiency_evolution/detailed_results/JayHyeon_Qwen2.5-0.5B-SFT-2e-5-2ep-MDPO_0.5_1e-7-2ep_0alp_0lam/results_2025-02-13T18-27-04.338360.json,117301,0.117,0.000117
C_efficiency_evolution/detailed_results/JayHyeon_Qwen2.5-0.5B-SFT-2e-5-2ep-MDPO_0.5_1e-7-3ep_0alp_0lam/results_2025-02-13T18-27-04.338360.json,117325,0.117,0.000117
C_efficiency_evolution/detailed_results/JayHyeon_Qwen2.5-0.5B-SFT-2e-5-2ep-MDPO_1e-6-3ep_0alp_0lam/results_2025-01-01T04-51-16.407163.json,117214,0.117,0.000117
C_efficiency_evolution/detailed_results/JayHyeon_Qwen2.5-0.5B-SFT-2e-5-2ep-MDPO_1e-6_1ep_0alp_0lam/results_2025-01-01T04-36-32.829954.json,117168,0.117,0.000117
C_efficiency_evolution/detailed_results/JayHyeon_Qwen2.5-0.5B-SFT-2e-5-2ep-MDPO_1e-6_2ep_0alp_0lam/results_2025-01-01T04-32-33.474966.json,117188,0.117,0.000117
C_efficiency_evolution/detailed_results/JayHyeon_Qwen2.5-0.5B-SFT-2e-5-2ep-MDPO_2e-6-3ep_0alp_0lam/results_2025-01-01T04-56-12.225886.json,117004,0.117,0.000117
C_efficiency_evolution/detailed_results/JayHyeon_Qwen2.5-0.5B-SFT-2e-5-2ep-MDPO_2e-6_1ep_0alp_0lam/results_2025-02-13T18-27-04.338360.json,117335,0.117,0.000117
C_efficiency_evolution/detailed_results/JayHyeon_Qwen2.5-0.5B-SFT-2e-5-2ep-MDPO_2e-6_2ep_0alp_0lam/results_2025-02-13T18-27-04.338360.json,117305,0.117,0.000117
C_efficiency_evolution/detailed_results/JayHyeon_Qwen2.5-0.5B-SFT-2e-5-2ep-MDPO_3e-6-1ep_0alp_0lam/results_2025-02-13T18-27-04.338360.json,117272,0.117,0.000117
C_efficiency_evolution/detailed_results/JayHyeon_Qwen2.5-0.5B-SFT-2e-5-2ep-MDPO_3e-6-2ep_0alp_0lam/results_2025-02-13T18-27-04.338360.json,117150,0.117,0.000117
C_efficiency_evolution/detailed_results/JayHyeon_Qwen2.5-0.5B-SFT-2e-5-2ep-MDPO_3e-6-3ep_0alp_0lam/results_2025-02-13T18-27-04.338360.json,117274,0.117,0.000117
C_efficiency_evolution/detailed_results/JayHyeon_Qwen2.5-0.5B-SFT-2e-5-2ep-MDPO_5e-6-1ep_0alp_0lam/results_2025-01-02T01-15-44.734990.json,117225,0.117,0.000117
C_efficiency_evolution/detailed_results/JayHyeon_Qwen2.5-0.5B-SFT-2e-5-2ep-MDPO_5e-6-2ep_0alp_0lam/results_2025-01-02T01-13-13.802530.json,116989,0.117,0.000117
C_efficiency_evolution/detailed_results/JayHyeon_Qwen2.5-0.5B-SFT-2e-5-2ep-MDPO_5e-6-3ep_0alp_0lam/results_2025-02-13T18-27-04.338360.json,117148,0.117,0.000117
C_efficiency_evolution/detailed_results/JayHyeon_Qwen2.5-0.5B-SFT-2e-5-2ep-MDPO_5e-7-3ep_0alp_0lam/results_2025-02-13T18-27-04.338360.json,117317,0.117,0.000117
C_efficiency_evolution/detailed_results/JayHyeon_Qwen2.5-0.5B-SFT-2e-5-2ep-MDPO_5e-7_1ep_0alp_0lam/results_2024-12-31T08-23-05.016642.json,117194,0.117,0.000117
C_efficiency_evolution/detailed_results/JayHyeon_Qwen2.5-0.5B-SFT-2e-5-2ep-MDPO_5e-7_2ep_0alp_0lam/results_2024-12-31T08-20-06.028753.json,117006,0.117,0.000117
C_efficiency_evolution/detailed_results/JayHyeon_Qwen2.5-0.5B-SFT-2e-5-2ep-MDPO_7e-7-3ep_0alp_0lam/results_2025-01-01T02-50-51.686412.json,117003,0.117,0.000117
C_efficiency_evolution/detailed_results/JayHyeon_Qwen2.5-0.5B-SFT-2e-5-2ep-MDPO_7e-7_1ep_0alp_0lam/results_2025-01-01T03-01-18.107162.json,117173,0.117,0.000117
C_efficiency_evolution/detailed_results/JayHyeon_Qwen2.5-0.5B-SFT-2e-5-2ep-MDPO_7e-7_2ep_0alp_0lam/results_2025-02-13T18-27-04.338360.json,117330,0.117,0.000117
C_efficiency_evolution/detailed_results/JayHyeon_Qwen2.5-0.5B-SFT-2e-5-2ep/results_2024-12-30T00-39-36.534132.json,114496,0.114,0.000114
C_efficiency_evolution/detailed_results/JayHyeon_Qwen2.5-0.5B-SFT-2e-5-3ep/results_2025-02-13T18-27-04.338360.json,114619,0.115,0.000115
C_efficiency_evolution/detailed_results/JayHyeon_Qwen2.5-0.5B-SFT-2e-5-5ep-MDPO_5e-7_3ep_0alp_0lam/results_2024-12-31T02-00-42.876223.json,117218,0.117,0.000117
C_efficiency_evolution/detailed_results/JayHyeon_Qwen2.5-0.5B-SFT-2e-5-5ep-MDPO_5e-7_3ep_0alp_0lam_1ep/results_2024-12-31T02-18-06.890327.json,117225,0.117,0.000117
C_efficiency_evolution/detailed_results/JayHyeon_Qwen2.5-0.5B-SFT-2e-5-5ep-MDPO_5e-7_3ep_0alp_0lam_2ep/results_2025-02-13T18-27-04.338360.json,117289,0.117,0.000117
C_efficiency_evolution/detailed_results/JayHyeon_Qwen2.5-0.5B-SFT-2e-5-5ep-MDPO_7e-7_3ep_0alp_0lam/results_2025-02-13T18-27-04.338360.json,117271,0.117,0.000117
C_efficiency_evolution/detailed_results/JayHyeon_Qwen2.5-0.5B-SFT-2e-5-5ep-MDPO_7e-7_3ep_0alp_0lam_1ep/results_2025-02-13T18-27-04.338360.json,117148,0.117,0.000117
C_efficiency_evolution/detailed_results/JayHyeon_Qwen2.5-0.5B-SFT-2e-5-5ep-MDPO_7e-7_3ep_0alp_0lam_2ep/results_2025-02-13T18-27-04.338360.json,117140,0.117,0.000117
C_efficiency_evolution/detailed_results/JayHyeon_Qwen2.5-0.5B-SFT-2e-5-5ep/results_2024-12-30T07-10-54.556076.json,114570,0.115,0.000115
C_efficiency_evolution/detailed_results/JayHyeon_Qwen2.5-0.5B-SFT-2e-5/results_2025-02-13T18-27-04.338360.json,114607,0.115,0.000115
C_efficiency_evolution/detailed_results/JayHyeon_Qwen2.5-0.5B-SFT-5e-5-2ep/results_2024-12-30T00-39-05.683860.json,114507,0.115,0.000115
C_efficiency_evolution/detailed_results/JayHyeon_Qwen2.5-0.5B-SFT-5e-5-3ep/results_2024-12-29T15-05-41.185341.json,114481,0.114,0.000114
C_efficiency_evolution/detailed_results/JayHyeon_Qwen2.5-0.5B-SFT-5e-5-5ep/results_2025-02-13T18-27-04.338360.json,114630,0.115,0.000115
C_efficiency_evolution/detailed_results/JayHyeon_Qwen2.5-0.5B-SFT-5e-5/results_2025-02-13T18-27-04.338360.json,114446,0.114,0.000114
C_efficiency_evolution/detailed_results/JayHyeon_Qwen2.5-0.5B-SFT-7e-5-2ep/results_2025-02-13T18-27-04.338360.json,114462,0.114,0.000114
C_efficiency_evolution/detailed_results/JayHyeon_Qwen2.5-0.5B-SFT-7e-5-3ep/results_2025-02-13T18-27-04.338360.json,114600,0.115,0.000115
C_efficiency_evolution/detailed_results/JayHyeon_Qwen2.5-0.5B-SFT-7e-5-5ep/results_2025-02-13T18-27-04.338360.json,114484,0.114,0.000114
C_efficiency_evolution/detailed_results/JayHyeon_Qwen2.5-0.5B-SFT-7e-5/results_2025-02-13T18-27-04.338360.json,114418,0.114,0.000114
C_efficiency_evolution/detailed_results/JayHyeon_Qwen2.5-0.5B-SFT-DPO-1epoch_v1/results_2025-02-13T18-27-04.338360.json,117237,0.117,0.000117
C_efficiency_evolution/detailed_results/JayHyeon_Qwen2.5-0.5B-SFT-MDPO-1epoch_v1/results_2025-02-13T18-27-04.338360.json,117300,0.117,0.000117
C_efficiency_evolution/detailed_results/JayHyeon_Qwen2.5-0.5B-SFT/results_2025-02-13T18-27-04.338360.json,114676,0.115,0.000115
C_efficiency_evolution/detailed_results/JayHyeon_Qwen_0.5-DPOP_1e-6-3ep_0alp_5lam/results_2025-01-14T02-50-52.528378.json,116940,0.117,0.000117
C_efficiency_evolution/detailed_results/JayHyeon_Qwen_0.5-DPOP_1e-7-3ep_0alp_5lam/results_2025-02-13T18-27-04.338360.json,117202,0.117,0.000117
C_efficiency_evolution/detailed_results/JayHyeon_Qwen_0.5-DPOP_3e-6-1ep_0alp_5lam/results_2025-01-09T03-58-26.030948.json,117233,0.117,0.000117
C_efficiency_evolution/detailed_results/JayHyeon_Qwen_0.5-DPOP_3e-6-2ep_0alp_5lam/results_2025-02-13T18-27-04.338360.json,117246,0.117,0.000117
C_efficiency_evolution/detailed_results/JayHyeon_Qwen_0.5-DPOP_3e-6-3ep_0alp_5lam/results_2025-02-13T18-27-04.338360.json,117244,0.117,0.000117
C_efficiency_evolution/detailed_results/JayHyeon_Qwen_0.5-DPOP_3e-7-1ep_0alp_5lam/results_2025-01-15T05-30-28.203370.json,117139,0.117,0.000117
C_efficiency_evolution/detailed_results/JayHyeon_Qwen_0.5-DPOP_3e-7-2ep_0alp_5lam/results_2025-01-15T05-21-45.094032.json,117113,0.117,0.000117
C_efficiency_evolution/detailed_results/JayHyeon_Qwen_0.5-DPOP_3e-7-3ep_0alp_5lam/results_2025-02-13T18-27-04.338360.json,117220,0.117,0.000117
C_efficiency_evolution/detailed_results/JayHyeon_Qwen_0.5-DPOP_5e-7-1ep_0alp_5lam/results_2025-02-13T18-27-04.338360.json,117096,0.117,0.000117
C_efficiency_evolution/detailed_results/JayHyeon_Qwen_0.5-DPOP_5e-7-2ep_0alp_5lam/results_2025-02-13T18-27-04.338360.json,117232,0.117,0.000117
C_efficiency_evolution/detailed_results/JayHyeon_Qwen_0.5-DPOP_5e-7-3ep_0alp_5lam/results_2025-01-09T03-09-40.868283.json,117136,0.117,0.000117
C_efficiency_evolution/detailed_results/JayHyeon_Qwen_0.5-DPO_1e-6-3ep_0alp_0lam/results_2025-02-13T18-27-04.338360.json,117110,0.117,0.000117
C_efficiency_evolution/detailed_results/JayHyeon_Qwen_0.5-DPO_1e-7-3ep_0alp_0lam/results_2025-01-13T18-49-20.675984.json,116949,0.117,0.000117
C_efficiency_evolution/detailed_results/JayHyeon_Qwen_0.5-DPO_3e-6-1ep_0alp_0lam/results_2025-02-13T18-27-04.338360.json,117260,0.117,0.000117
C_efficiency_evolution/detailed_results/JayHyeon_Qwen_0.5-DPO_3e-6-2ep_0alp_0lam/results_2025-01-09T03-35-02.133914.json,117156,0.117,0.000117
C_efficiency_evolution/detailed_results/JayHyeon_Qwen_0.5-DPO_3e-6-3ep_0alp_0lam/results_2025-01-07T23-53-04.755874.json,117202,0.117,0.000117
C_efficiency_evolution/detailed_results/JayHyeon_Qwen_0.5-DPO_3e-7-1ep_0alp_0lam/results_2025-01-15T09-12-32.791967.json,117125,0.117,0.000117
C_efficiency_evolution/detailed_results/JayHyeon_Qwen_0.5-DPO_3e-7-2ep_0alp_0lam/results_2025-01-15T09-11-14.790371.json,116945,0.117,0.000117
C_efficiency_evolution/detailed_results/JayHyeon_Qwen_0.5-DPO_3e-7-3ep_0alp_0lam/results_2025-01-15T09-23-39.196530.json,116943,0.117,0.000117
C_efficiency_evolution/detailed_results/JayHyeon_Qwen_0.5-DPO_5e-7-1ep_0alp_0lam/results_2025-02-13T18-27-04.338360.json,117081,0.117,0.000117
C_efficiency_evolution/detailed_results/JayHyeon_Qwen_0.5-DPO_5e-7-2ep_0alp_0lam/results_2025-02-13T18-27-04.338360.json,117053,0.117,0.000117
C_efficiency_evolution/detailed_results/JayHyeon_Qwen_0.5-DPO_5e-7-3ep_0alp_0lam/results_2025-01-08T03-45-44.132699.json,117126,0.117,0.000117
C_efficiency_evolution/detailed_results/JayHyeon_Qwen_0.5-IPO_5e-7-1ep_0alp_0lam/results_2025-02-13T18-27-04.338360.json,117101,0.117,0.000117
C_efficiency_evolution/detailed_results/JayHyeon_Qwen_0.5-IPO_5e-7-3ep_0alp_0lam/results_2025-01-26T04-48-22.284565.json,116955,0.117,0.000117
C_efficiency_evolution/detailed_results/JayHyeon_Qwen_0.5-IRPO_1e-6-3ep_1alp_0lam/results_2025-02-13T18-27-04.338360.json,117096,0.117,0.000117
C_efficiency_evolution/detailed_results/JayHyeon_Qwen_0.5-IRPO_1e-7-3ep_1alp_0lam/results_2025-02-13T18-27-04.338360.json,117216,0.117,0.000117
C_efficiency_evolution/detailed_results/JayHyeon_Qwen_0.5-IRPO_3e-6-1ep_1alp_0lam/results_2025-01-09T04-15-28.904556.json,117124,0.117,0.000117
C_efficiency_evolution/detailed_results/JayHyeon_Qwen_0.5-IRPO_3e-6-2ep_1alp_0lam/results_2025-01-09T04-04-45.876414.json,116951,0.117,0.000117
C_efficiency_evolution/detailed_results/JayHyeon_Qwen_0.5-IRPO_3e-6-3ep_1alp_0lam/results_2025-02-13T18-27-04.338360.json,117263,0.117,0.000117
C_efficiency_evolution/detailed_results/JayHyeon_Qwen_0.5-IRPO_3e-7-1ep_1alp_0lam/results_2025-02-13T18-27-04.338360.json,117072,0.117,0.000117
C_efficiency_evolution/detailed_results/JayHyeon_Qwen_0.5-IRPO_3e-7-3ep_1alp_0lam/results_2025-01-15T09-24-06.937216.json,116946,0.117,0.000117
C_efficiency_evolution/detailed_results/JayHyeon_Qwen_0.5-IRPO_5e-7-1ep_1alp_0lam/results_2025-02-13T18-27-04.338360.json,117093,0.117,0.000117
C_efficiency_evolution/detailed_results/JayHyeon_Qwen_0.5-IRPO_5e-7-2ep_1alp_0lam/results_2025-01-09T03-26-15.034504.json,116945,0.117,0.000117
C_efficiency_evolution/detailed_results/JayHyeon_Qwen_0.5-IRPO_5e-7-3ep_1alp_0lam/results_2025-02-13T18-27-04.338360.json,117077,0.117,0.000117
C_efficiency_evolution/detailed_results/JayHyeon_Qwen_0.5-MDPO_0.1_3e-6-3ep_0alp_0lam/results_2025-02-13T18-27-04.338360.json,117244,0.117,0.000117
C_efficiency_evolution/detailed_results/JayHyeon_Qwen_0.5-MDPO_0.1_5e-7-3ep_0alp_0lam/results_2025-01-21T07-13-13.514593.json,117139,0.117,0.000117
C_efficiency_evolution/detailed_results/JayHyeon_Qwen_0.5-MDPO_0.3_3e-6-3ep_0alp_0lam/results_2025-01-09T04-48-35.371892.json,116962,0.117,0.000117
C_efficiency_evolution/detailed_results/JayHyeon_Qwen_0.5-MDPO_0.3_5e-7-3ep_0alp_0lam/results_2025-01-09T04-44-39.692037.json,117165,0.117,0.000117
C_efficiency_evolution/detailed_results/JayHyeon_Qwen_0.5-MDPO_0.5_1e-5-3ep_0alp_0lam/results_2025-02-13T18-27-04.338360.json,117242,0.117,0.000117
C_efficiency_evolution/detailed_results/JayHyeon_Qwen_0.5-MDPO_0.5_3e-7-1ep_0alp_0lam/results_2025-02-13T18-27-04.338360.json,117257,0.117,0.000117
C_efficiency_evolution/detailed_results/JayHyeon_Qwen_0.5-MDPO_0.5_3e-7-2ep_0alp_0lam/results_2025-02-13T18-27-04.338360.json,117272,0.117,0.000117
C_efficiency_evolution/detailed_results/JayHyeon_Qwen_0.5-MDPO_0.5_3e-7-3ep_0alp_0lam/results_2025-02-13T18-27-04.338360.json,117242,0.117,0.000117
C_efficiency_evolution/detailed_results/JayHyeon_Qwen_0.5-MDPO_0.5_4e-6-3ep_0alp_0lam/results_2025-02-13T18-27-04.338360.json,117103,0.117,0.000117
C_efficiency_evolution/detailed_results/JayHyeon_Qwen_0.5-MDPO_0.5_6e-6-3ep_0alp_0lam/results_2025-01-13T15-45-01.205704.json,117147,0.117,0.000117
C_efficiency_evolution/detailed_results/JayHyeon_Qwen_0.5-MDPO_0.5_7e-6-3ep_0alp_0lam/results_2025-01-13T17-57-25.419354.json,116954,0.117,0.000117
C_efficiency_evolution/detailed_results/JayHyeon_Qwen_0.5-MDPO_0.5_7e-7-3ep_0alp_0lam/results_2025-01-14T01-52-42.526523.json,117123,0.117,0.000117
C_efficiency_evolution/detailed_results/JayHyeon_Qwen_0.5-MDPO_0.7_3e-6-3ep_0alp_0lam/results_2025-02-13T18-27-04.338360.json,117088,0.117,0.000117
C_efficiency_evolution/detailed_results/JayHyeon_Qwen_0.5-MDPO_0.7_5e-7-3ep_0alp_0lam/results_2025-02-13T18-27-04.338360.json,117081,0.117,0.000117
C_efficiency_evolution/detailed_results/JayHyeon_Qwen_0.5-MDPO_0.9_5e-7-3ep_0alp_0lam/results_2025-01-13T17-52-55.439417.json,117146,0.117,0.000117
C_efficiency_evolution/detailed_results/JayHyeon_Qwen_0.5-VDPO_5e-7-1ep_0alp_0lam/results_2025-01-25T09-34-19.451187.json,117167,0.117,0.000117
C_efficiency_evolution/detailed_results/JayHyeon_Qwen_0.5-VDPO_5e-7-1ep_10vpo_const/results_2025-02-25T00-37-19.926047.json,116158,0.116,0.000116
C_efficiency_evolution/detailed_results/JayHyeon_Qwen_0.5-VDPO_5e-7-1ep_3vpo_const/results_2025-02-25T00-38-16.358599.json,116135,0.116,0.000116
C_efficiency_evolution/detailed_results/JayHyeon_Qwen_0.5-VDPO_5e-7-3ep_0alp_0lam/results_2025-02-13T18-27-04.338360.json,117229,0.117,0.000117
C_efficiency_evolution/detailed_results/JayHyeon_Qwen_0.5-VIPO_5e-7-1ep_0alp_0lam/results_2025-02-13T18-27-04.338360.json,117102,0.117,0.000117
C_efficiency_evolution/detailed_results/JayHyeon_Qwen_0.5-VIPO_5e-7-1ep_30vpo_const/results_2025-02-25T03-20-46.678124.json,116193,0.116,0.000116
C_efficiency_evolution/detailed_results/JayHyeon_Qwen_0.5-VIPO_5e-7-1ep_3vpo_const/results_2025-02-24T17-43-57.079384.json,116183,0.116,0.000116
C_efficiency_evolution/detailed_results/JayHyeon_Qwen_0.5-VIPO_5e-7-3ep_0alp_0lam/results_2025-01-26T01-45-44.854883.json,116927,0.117,0.000117
C_efficiency_evolution/detailed_results/JayHyeon_Qwen_0.5-cDPO_5e-7-3ep_0vpo_const_0.1/results_2025-02-24T22-44-46.252795.json,116202,0.116,0.000116
C_efficiency_evolution/detailed_results/JayHyeon_Qwen_0.5-cDPO_5e-7-3ep_0vpo_const_0.3/results_2025-02-18T17-55-04.123975.json,116180,0.116,0.000116
C_efficiency_evolution/detailed_results/JayHyeon_Qwen_0.5-rDPO_3e-6-1ep_0vpo_const_0.1/results_2025-02-27T10-38-23.212605.json,116201,0.116,0.000116
C_efficiency_evolution/detailed_results/JayHyeon_Qwen_0.5-rDPO_5e-7-3ep_0vpo_const_0.3/results_2025-02-18T18-02-25.746599.json,116166,0.116,0.000116
C_efficiency_evolution/detailed_results/Jimmy19991222_Llama-3-Instruct-8B-SimPO-v0.2/results_2025-02-13T18-27-04.338360.json,119152,0.119,0.000119
C_efficiency_evolution/detailed_results/Jimmy19991222_llama-3-8b-instruct-gapo-v2-bert-f1-beta10-gamma0.3-lr1.0e-6-1minus-rerun/results_2025-02-13T18-27-04.338360.json,119278,0.119,0.000119
C_efficiency_evolution/detailed_results/Jimmy19991222_llama-3-8b-instruct-gapo-v2-bert_f1-beta10-gamma0.3-lr1.0e-6-scale-log/results_2024-09-23T10-55-46.640885.json,119253,0.119,0.000119
C_efficiency_evolution/detailed_results/Jimmy19991222_llama-3-8b-instruct-gapo-v2-bert_p-beta10-gamma0.3-lr1.0e-6-scale-log/results_2025-02-13T18-27-04.338360.json,119250,0.119,0.000119
C_efficiency_evolution/detailed_results/Jimmy19991222_llama-3-8b-instruct-gapo-v2-bleu-beta0.1-no-length-scale-gamma0.4/results_2024-09-09T07-20-40.829244.json,119121,0.119,0.000119
C_efficiency_evolution/detailed_results/Jimmy19991222_llama-3-8b-instruct-gapo-v2-rouge2-beta10-1minus-gamma0.3-rerun/results_2025-02-13T18-27-04.338360.json,119244,0.119,0.000119
C_efficiency_evolution/detailed_results/Jimmy19991222_llama-3-8b-instruct-gapo-v2-rouge2-beta10-gamma0.3-lr1.0e-6-scale-log/results_2025-02-13T18-27-04.338360.json,119231,0.119,0.000119
C_efficiency_evolution/detailed_results/Jimmy19991222_llama-3-8b-instruct-gapo-v2-rougeL-beta10-gamma0.3-lr1.0e-6-scale-log/results_2024-09-23T10-57-23.954689.json,119215,0.119,0.000119
C_efficiency_evolution/detailed_results/Joseph717171_Hermes-3-Llama-3.1-8B_TIES_with_Base_Embeds_Initialized_to_Special_Instruct_Toks_dtypeF32/results_2024-10-29T05-27-54.968559.json,119241,0.119,0.000119
C_efficiency_evolution/detailed_results/Joseph717171_Llama-3.1-SuperNova-8B-Lite_TIES_with_Base/results_2025-02-13T18-27-04.338360.json,119110,0.119,0.000119
C_efficiency_evolution/detailed_results/Josephgflowers_Cinder-Phi-2-V1-F16-gguf/results_2025-02-13T18-27-04.338360.json,118698,0.119,0.000119
C_efficiency_evolution/detailed_results/Josephgflowers_Differential-Attention-Liquid-Metal-Tinyllama/results_2025-02-13T18-27-04.338360.json,114936,0.115,0.000115
C_efficiency_evolution/detailed_results/Josephgflowers_TinyLlama-Cinder-Agent-v1/results_2025-02-13T18-27-04.338360.json,119071,0.119,0.000119
C_efficiency_evolution/detailed_results/Josephgflowers_TinyLlama-v1.1-Cinders-World/results_2025-02-13T18-27-04.338360.json,119045,0.119,0.000119
C_efficiency_evolution/detailed_results/Josephgflowers_TinyLlama_v1.1_math_code-world-test-1/results_2025-02-13T18-27-04.338360.json,118657,0.119,0.000119
C_efficiency_evolution/detailed_results/Josephgflowers_Tinyllama-STEM-Cinder-Agent-v1/results_2025-02-13T18-27-04.338360.json,115078,0.115,0.000115
C_efficiency_evolution/detailed_results/JungZoona_T3Q-Qwen2.5-14B-Instruct-1M-e3/results_2025-03-13T11-19-17.541040.json,116131,0.116,0.000116
C_efficiency_evolution/detailed_results/JungZoona_T3Q-qwen2.5-14b-v1.0-e3/results_2025-03-13T18-54-06.038301.json,116110,0.116,0.000116
C_efficiency_evolution/detailed_results/Junhoee_Qwen-Megumin/results_2025-02-13T18-27-04.338360.json,117103,0.117,0.000117
C_efficiency_evolution/detailed_results/KSU-HW-SEC_Llama3-70b-SVA-FT-1415/results_2024-09-14T11-15-52.495807.json,118603,0.119,0.000119
C_efficiency_evolution/detailed_results/KSU-HW-SEC_Llama3-70b-SVA-FT-500/results_2025-02-13T18-27-04.338360.json,118656,0.119,0.000119
C_efficiency_evolution/detailed_results/KSU-HW-SEC_Llama3-70b-SVA-FT-final/results_2024-09-14T11-20-10.542367.json,118604,0.119,0.000119
C_efficiency_evolution/detailed_results/KSU-HW-SEC_Llama3.1-70b-SVA-FT-1000step/results_2024-09-14T13-17-42.155979.json,118638,0.119,0.000119
C_efficiency_evolution/detailed_results/Khetterman_DarkAtom-12B-v3/results_2025-02-13T18-27-04.338360.json,118843,0.119,0.000119
C_efficiency_evolution/detailed_results/Khetterman_Kosmos-8B-v1/results_2025-02-13T18-27-04.338360.json,114669,0.115,0.000115
C_efficiency_evolution/detailed_results/Kimargin_GPT-NEO-1.3B-wiki/results_2025-02-13T18-27-04.338360.json,118625,0.119,0.000119
C_efficiency_evolution/detailed_results/KingNish_Qwen2.5-0.5b-Test-ft/results_2024-09-29T12-44-22.226822.json,118540,0.119,0.000119
C_efficiency_evolution/detailed_results/KingNish_Reasoning-Llama-3b-v0.1/results_2024-10-26T03-53-11.772801.json,119111,0.119,0.000119
C_efficiency_evolution/detailed_results/KingNish_qwen-1b-continued-v2.1/results_2025-03-08T10-12-52.903270.json,113440,0.113,0.000113
C_efficiency_evolution/detailed_results/KingNish_qwen-1b-continued-v2.2/results_2025-03-09T05-05-28.063314.json,113487,0.113,0.000113
C_efficiency_evolution/detailed_results/KingNish_qwen-1b-continued/results_2025-03-07T09-37-53.465122.json,113418,0.113,0.000113
C_efficiency_evolution/detailed_results/Kquant03_CognitiveFusion2-4x7B-BF16/results_2025-02-13T18-27-04.338360.json,120270,0.120,0.000120
C_efficiency_evolution/detailed_results/Kquant03_L3-Pneuma-8B/results_2025-02-13T18-27-04.338360.json,118653,0.119,0.000119
C_efficiency_evolution/detailed_results/Krystalan_DRT-o1-14B/results_2025-02-13T18-27-04.338360.json,114628,0.115,0.000115
C_efficiency_evolution/detailed_results/Krystalan_DRT-o1-7B/results_2025-02-13T18-27-04.338360.json,114655,0.115,0.000115
C_efficiency_evolution/detailed_results/Kukedlc_NeuralExperiment-7b-MagicCoder-v7.5/results_2025-02-13T18-27-04.338360.json,120304,0.120,0.000120
C_efficiency_evolution/detailed_results/Kukedlc_NeuralLLaMa-3-8b-DT-v0.1/results_2024-09-18T14-44-45.615531.json,118640,0.119,0.000119
C_efficiency_evolution/detailed_results/Kukedlc_NeuralLLaMa-3-8b-ORPO-v0.3/results_2025-02-13T18-27-04.338360.json,118886,0.119,0.000119
C_efficiency_evolution/detailed_results/Kukedlc_NeuralSynthesis-7B-v0.1/results_2025-02-13T18-27-04.338360.json,118619,0.119,0.000119
C_efficiency_evolution/detailed_results/Kukedlc_NeuralSynthesis-7B-v0.3/results_2025-02-13T18-27-04.338360.json,118642,0.119,0.000119
C_efficiency_evolution/detailed_results/Kukedlc_NeuralSynthesis-7b-v0.4-slerp/results_2025-02-13T18-27-04.338360.json,118632,0.119,0.000119
C_efficiency_evolution/detailed_results/Kukedlc_Qwen-2.5-7b-Spanish-o1-CoT/results_2024-12-04T02-31-08.583409.json,114667,0.115,0.000115
C_efficiency_evolution/detailed_results/Kumar955_Hemanth-llm/results_2025-02-13T18-27-04.338360.json,118567,0.119,0.000119
C_efficiency_evolution/detailed_results/L-RAGE_3_PRYMMAL-ECE-7B-SLERP-V1/results_2025-02-13T18-27-04.338360.json,45805,0.046,0.000046
C_efficiency_evolution/detailed_results/LEESM_llama-2-7b-hf-lora-oki100p/results_2024-11-10T03-46-21.542307.json,114586,0.115,0.000115
C_efficiency_evolution/detailed_results/LEESM_llama-2-7b-hf-lora-oki10p/results_2024-11-10T03-44-42.609036.json,114661,0.115,0.000115
C_efficiency_evolution/detailed_results/LEESM_llama-3-8b-bnb-4b-kowiki231101/results_2025-02-13T18-27-04.338360.json,114636,0.115,0.000115
C_efficiency_evolution/detailed_results/LEESM_llama-3-Korean-Bllossom-8B-trexlab-oki10p/results_2025-02-13T18-27-04.338360.json,114711,0.115,0.000115
C_efficiency_evolution/detailed_results/LGAI-EXAONE_EXAONE-3.0-7.8B-Instruct/results_2025-02-13T18-27-04.338360.json,118947,0.119,0.000119
C_efficiency_evolution/detailed_results/LGAI-EXAONE_EXAONE-3.5-2.4B-Instruct/results_2025-02-13T18-27-04.338360.json,115062,0.115,0.000115
C_efficiency_evolution/detailed_results/LGAI-EXAONE_EXAONE-3.5-32B-Instruct/results_2025-02-13T18-27-04.338360.json,115043,0.115,0.000115
C_efficiency_evolution/detailed_results/LGAI-EXAONE_EXAONE-3.5-7.8B-Instruct/results_2025-02-13T18-27-04.338360.json,115041,0.115,0.000115
C_efficiency_evolution/detailed_results/LLM360_K2-Chat/results_2025-02-13T18-27-04.338360.json,120475,0.120,0.000120
C_efficiency_evolution/detailed_results/LLM360_K2/results_2025-02-13T18-27-04.338360.json,118516,0.119,0.000119
C_efficiency_evolution/detailed_results/LLM4Binary_llm4decompile-1.3b-v2/results_2025-02-13T18-27-04.338360.json,114762,0.115,0.000115
C_efficiency_evolution/detailed_results/Lambent_qwen2.5-reinstruct-alternate-lumen-14B/results_2024-09-28T11-34-19.772653.json,118658,0.119,0.000119
C_efficiency_evolution/detailed_results/Langboat_Mengzi3-8B-Chat/results_2025-02-13T18-27-04.338360.json,119193,0.119,0.000119
C_efficiency_evolution/detailed_results/LenguajeNaturalAI_leniachat-gemma-2b-v0/results_2024-09-03T08-54-22.794959.json,119084,0.119,0.000119
C_efficiency_evolution/detailed_results/LenguajeNaturalAI_leniachat-qwen2-1.5B-v0/results_2024-09-30T10-56-03.778577.json,119004,0.119,0.000119
C_efficiency_evolution/detailed_results/LeroyDyer_CheckPoint_A/results_2025-02-13T18-27-04.338360.json,115549,0.116,0.000116
C_efficiency_evolution/detailed_results/LeroyDyer_CheckPoint_B/results_2025-02-13T18-27-04.338360.json,115543,0.116,0.000116
C_efficiency_evolution/detailed_results/LeroyDyer_CheckPoint_C/results_2025-02-13T18-27-04.338360.json,115560,0.116,0.000116
C_efficiency_evolution/detailed_results/LeroyDyer_LCARS_AI_001/results_2025-02-13T18-27-04.338360.json,118536,0.119,0.000119
C_efficiency_evolution/detailed_results/LeroyDyer_LCARS_AI_1x4_003_SuperAI/results_2025-02-13T18-27-04.338360.json,118612,0.119,0.000119
C_efficiency_evolution/detailed_results/LeroyDyer_LCARS_AI_StarTrek_Computer/results_2025-02-13T18-27-04.338360.json,118662,0.119,0.000119
C_efficiency_evolution/detailed_results/LeroyDyer_LCARS_TOP_SCORE/results_2025-02-13T18-27-04.338360.json,118619,0.119,0.000119
C_efficiency_evolution/detailed_results/LeroyDyer_Mixtral_AI_SwahiliTron_7b/results_2025-02-13T18-27-04.338360.json,120216,0.120,0.000120
C_efficiency_evolution/detailed_results/LeroyDyer_SpydazWebAI_Human_AGI/results_2025-02-13T18-27-04.338360.json,118588,0.119,0.000119
C_efficiency_evolution/detailed_results/LeroyDyer_SpydazWebAI_Human_AGI_001/results_2025-02-13T18-27-04.338360.json,114681,0.115,0.000115
C_efficiency_evolution/detailed_results/LeroyDyer_SpydazWeb_AI_CyberTron_Ultra_7b/results_2025-02-13T18-27-04.338360.json,118604,0.119,0.000119
C_efficiency_evolution/detailed_results/LeroyDyer_SpydazWeb_AI_HumanAGI_001_M2/results_2025-02-13T18-27-04.338360.json,114653,0.115,0.000115
C_efficiency_evolution/detailed_results/LeroyDyer_SpydazWeb_AI_HumanAGI_002/results_2025-02-13T18-27-04.338360.json,114685,0.115,0.000115
C_efficiency_evolution/detailed_results/LeroyDyer_SpydazWeb_AI_HumanAI_001/results_2025-02-13T18-27-04.338360.json,118585,0.119,0.000119
C_efficiency_evolution/detailed_results/LeroyDyer_SpydazWeb_AI_HumanAI_006/results_2025-02-13T18-27-04.338360.json,114592,0.115,0.000115
C_efficiency_evolution/detailed_results/LeroyDyer_SpydazWeb_AI_HumanAI_007/results_2025-02-13T18-27-04.338360.json,114693,0.115,0.000115
C_efficiency_evolution/detailed_results/LeroyDyer_SpydazWeb_AI_HumanAI_009_CHAT/results_2025-02-13T18-27-04.338360.json,114673,0.115,0.000115
C_efficiency_evolution/detailed_results/LeroyDyer_SpydazWeb_AI_HumanAI_010_CHAT/results_2025-02-13T18-27-04.338360.json,114663,0.115,0.000115
C_efficiency_evolution/detailed_results/LeroyDyer_SpydazWeb_AI_HumanAI_011_INSTRUCT/results_2025-02-13T18-27-04.338360.json,114680,0.115,0.000115
C_efficiency_evolution/detailed_results/LeroyDyer_SpydazWeb_AI_HumanAI_011_INSTRUCT_ML/results_2025-02-13T18-27-04.338360.json,114713,0.115,0.000115
C_efficiency_evolution/detailed_results/LeroyDyer_SpydazWeb_AI_HumanAI_011_INSTRUCT_ML_r1/results_2025-02-13T18-27-04.338360.json,114721,0.115,0.000115
C_efficiency_evolution/detailed_results/LeroyDyer_SpydazWeb_AI_HumanAI_012_INSTRUCT_IA/results_2025-02-13T18-27-04.338360.json,114689,0.115,0.000115
C_efficiency_evolution/detailed_results/LeroyDyer_SpydazWeb_AI_HumanAI_012_INSTRUCT_MX/results_2025-02-13T18-27-04.338360.json,114679,0.115,0.000115
C_efficiency_evolution/detailed_results/LeroyDyer_SpydazWeb_AI_HumanAI_012_INSTRUCT_XA/results_2025-02-13T18-27-04.338360.json,114706,0.115,0.000115
C_efficiency_evolution/detailed_results/LeroyDyer_SpydazWeb_AI_HumanAI_RP/results_2025-02-13T18-27-04.338360.json,114639,0.115,0.000115
C_efficiency_evolution/detailed_results/LeroyDyer_SpydazWeb_AI_HumanAI_TextVision/results_2025-02-13T18-27-04.338360.json,114656,0.115,0.000115
C_efficiency_evolution/detailed_results/LeroyDyer_SpydazWeb_HumanAI_M1/results_2025-02-13T18-27-04.338360.json,118626,0.119,0.000119
C_efficiency_evolution/detailed_results/LeroyDyer_SpydazWeb_HumanAI_M2/results_2025-02-13T18-27-04.338360.json,118636,0.119,0.000119
C_efficiency_evolution/detailed_results/LeroyDyer_SpydazWeb_HumanAI_M3/results_2025-02-13T18-27-04.338360.json,118571,0.119,0.000119
C_efficiency_evolution/detailed_results/LeroyDyer__Spydaz_Web_AI_12/results_2025-02-13T18-27-04.338360.json,118544,0.119,0.000119
C_efficiency_evolution/detailed_results/LeroyDyer__Spydaz_Web_AI_14/results_2025-02-13T18-27-04.338360.json,119072,0.119,0.000119
C_efficiency_evolution/detailed_results/LeroyDyer__Spydaz_Web_AI_BIBLE_002/results_2025-02-13T18-27-04.338360.json,118597,0.119,0.000119
C_efficiency_evolution/detailed_results/LeroyDyer__Spydaz_Web_AI_ChatML_002/results_2025-02-13T18-27-04.338360.json,119308,0.119,0.000119
C_efficiency_evolution/detailed_results/LeroyDyer__Spydaz_Web_AI_ChatQA/results_2025-02-13T18-27-04.338360.json,118401,0.118,0.000118
C_efficiency_evolution/detailed_results/LeroyDyer__Spydaz_Web_AI_ChatQA_003/results_2025-02-13T18-27-04.338360.json,118476,0.118,0.000118
C_efficiency_evolution/detailed_results/LightningRodLabs_Flashlight-v1.0/results_2025-02-13T18-27-04.338360.json,115195,0.115,0.000115
C_efficiency_evolution/detailed_results/LightningRodLabs_Flashlight-v1.1/results_2025-02-13T18-27-04.338360.json,115116,0.115,0.000115
C_efficiency_evolution/detailed_results/LightningRodLabs_Flashlight-v1.2/results_2025-02-13T18-27-04.338360.json,117095,0.117,0.000117
C_efficiency_evolution/detailed_results/Lil-R_2_PRYMMAL-ECE-2B-SLERP-V1/results_2025-02-13T18-27-04.338360.json,114655,0.115,0.000115
C_efficiency_evolution/detailed_results/Lil-R_2_PRYMMAL-ECE-2B-SLERP-V2/results_2025-02-13T18-27-04.338360.json,114628,0.115,0.000115
C_efficiency_evolution/detailed_results/Lil-R_2_PRYMMAL-ECE-7B-SLERP-V1/results_2025-02-13T18-27-04.338360.json,118315,0.118,0.000118
C_efficiency_evolution/detailed_results/Lil-R_2_PRYMMAL-ECE-7B-SLERP-V2/results_2025-02-13T18-27-04.338360.json,118315,0.118,0.000118
C_efficiency_evolution/detailed_results/Lil-R_2_PRYMMAL-ECE-7B-SLERP-V3/results_2025-02-13T18-27-04.338360.json,118373,0.118,0.000118
C_efficiency_evolution/detailed_results/Lil-R_2_PRYMMAL-ECE-7B-SLERP/results_2025-02-13T18-27-04.338360.json,112158,0.112,0.000112
C_efficiency_evolution/detailed_results/Lil-R_PRYMMAL-ECE-1B-SLERP-V1/results_2025-02-13T18-27-04.338360.json,118606,0.119,0.000119
C_efficiency_evolution/detailed_results/Lil-R_PRYMMAL-ECE-7B-SLERP-V8/results_2025-02-13T18-27-04.338360.json,118326,0.118,0.000118
C_efficiency_evolution/detailed_results/LilRg_10PRYMMAL-3B-slerp/results_2025-02-13T18-27-04.338360.json,118622,0.119,0.000119
C_efficiency_evolution/detailed_results/LilRg_ECE-1B-merge-PRYMMAL/results_2025-02-13T18-27-04.338360.json,118640,0.119,0.000119
C_efficiency_evolution/detailed_results/LilRg_ECE_Finetunning/results_2025-02-13T18-27-04.338360.json,118646,0.119,0.000119
C_efficiency_evolution/detailed_results/LilRg_PRYMMAL-6B-slerp/results_2025-02-13T18-27-04.338360.json,118222,0.118,0.000118
C_efficiency_evolution/detailed_results/LilRg_PRYMMAL-ECE-7B-SLERP-V3/results_2025-02-13T18-27-04.338360.json,118365,0.118,0.000118
C_efficiency_evolution/detailed_results/LilRg_PRYMMAL-ECE-7B-SLERP-V4/results_2025-02-13T18-27-04.338360.json,118364,0.118,0.000118
C_efficiency_evolution/detailed_results/LilRg_PRYMMAL-ECE-7B-SLERP-V5/results_2025-02-13T18-27-04.338360.json,118360,0.118,0.000118
C_efficiency_evolution/detailed_results/LilRg_PRYMMAL-ECE-7B-SLERP-V6/results_2025-02-13T18-27-04.338360.json,118357,0.118,0.000118
C_efficiency_evolution/detailed_results/LilRg_PRYMMAL-ECE-7B-SLERP-V7/results_2025-02-13T18-27-04.338360.json,118365,0.118,0.000118
C_efficiency_evolution/detailed_results/LilRg_PRYMMAL-slerp-Merge/results_2025-02-13T18-27-04.338360.json,118608,0.119,0.000119
C_efficiency_evolution/detailed_results/LimYeri_CodeMind-Llama3-8B-unsloth_v2-merged/results_2025-02-13T18-27-04.338360.json,119161,0.119,0.000119
C_efficiency_evolution/detailed_results/LimYeri_CodeMind-Llama3-8B-unsloth_v3-merged/results_2025-02-13T18-27-04.338360.json,119168,0.119,0.000119
C_efficiency_evolution/detailed_results/LimYeri_CodeMind-Llama3-8B-unsloth_v4-one-DPO-merged/results_2024-09-03T08-41-46.953089.json,119159,0.119,0.000119
C_efficiency_evolution/detailed_results/LimYeri_CodeMind-Llama3-8B-unsloth_v4-one-merged/results_2025-02-13T18-27-04.338360.json,118738,0.119,0.000119
C_efficiency_evolution/detailed_results/LimYeri_CodeMind-Llama3.1-8B-unsloth-merged/results_2025-02-13T18-27-04.338360.json,123562,0.124,0.000124
C_efficiency_evolution/detailed_results/Locutusque_CollectiveLM-Falcon-3-7B/results_2025-02-13T18-27-04.338360.json,115363,0.115,0.000115
C_efficiency_evolution/detailed_results/Locutusque_Hercules-6.0-Llama-3.1-8B/results_2024-09-26T10-11-45.568903.json,119312,0.119,0.000119
C_efficiency_evolution/detailed_results/Locutusque_Hercules-6.1-Llama-3.1-8B/results_2025-02-13T18-27-04.338360.json,119330,0.119,0.000119
C_efficiency_evolution/detailed_results/Locutusque_Llama-3-NeuralHercules-5.0-8B/results_2024-08-13T01-27-58.645604.json,119382,0.119,0.000119
C_efficiency_evolution/detailed_results/Locutusque_Llama-3-Yggdrasil-2.0-8B/results_2024-08-13T01-24-48.518321.json,119372,0.119,0.000119
C_efficiency_evolution/detailed_results/Locutusque_TinyMistral-248M-v2.5/results_2024-09-16T04-23-52.850271.json,118285,0.118,0.000118
C_efficiency_evolution/detailed_results/Luni_StarDust-12b-v1/results_2025-02-13T18-27-04.338360.json,118922,0.119,0.000119
C_efficiency_evolution/detailed_results/Luni_StarDust-12b-v2/results_2025-02-13T18-27-04.338360.json,118931,0.119,0.000119
C_efficiency_evolution/detailed_results/Lunzima_NQLSG-Qwen2.5-14B-MegaFusion-v3/results_2025-02-24T23-30-56.918941.json,113540,0.114,0.000114
C_efficiency_evolution/detailed_results/Lunzima_NQLSG-Qwen2.5-14B-MegaFusion-v5/results_2025-02-25T00-00-30.869764.json,116216,0.116,0.000116
C_efficiency_evolution/detailed_results/Lunzima_NQLSG-Qwen2.5-14B-MegaFusion-v6/results_2025-02-26T07-03-41.908628.json,113531,0.114,0.000114
C_efficiency_evolution/detailed_results/Lunzima_NQLSG-Qwen2.5-14B-MegaFusion-v7-rebase/results_2025-02-28T21-38-57.260500.json,113524,0.114,0.000114
C_efficiency_evolution/detailed_results/Lunzima_NQLSG-Qwen2.5-14B-MegaFusion-v8.5/results_2025-02-28T23-25-38.441600.json,113549,0.114,0.000114
C_efficiency_evolution/detailed_results/Lunzima_NQLSG-Qwen2.5-14B-MegaFusion-v8.6/results_2025-03-01T02-45-12.512000.json,113551,0.114,0.000114
C_efficiency_evolution/detailed_results/Lunzima_NQLSG-Qwen2.5-14B-MegaFusion-v8.7/results_2025-03-01T08-45-31.657703.json,113538,0.114,0.000114
C_efficiency_evolution/detailed_results/Lunzima_NQLSG-Qwen2.5-14B-MegaFusion-v8.9/results_2025-03-06T11-00-17.588392.json,113543,0.114,0.000114
C_efficiency_evolution/detailed_results/Lunzima_NQLSG-Qwen2.5-14B-MegaFusion-v8/results_2025-02-28T15-01-10.974713.json,113538,0.114,0.000114
C_efficiency_evolution/detailed_results/Lunzima_NQLSG-Qwen2.5-14B-MegaFusion-v9-stock/results_2025-03-07T07-26-34.728949.json,113552,0.114,0.000114
C_efficiency_evolution/detailed_results/Lyte_Llama-3.1-8B-Instruct-Reasoner-1o1_v0.3/results_2025-02-13T18-27-04.338360.json,123584,0.124,0.000124
C_efficiency_evolution/detailed_results/Lyte_Llama-3.2-1B-Instruct-COT-RL-Expriement1-EP04/results_2024-09-26T03-14-13.908783.json,122757,0.123,0.000123
C_efficiency_evolution/detailed_results/Lyte_Llama-3.2-3B-Overthinker/results_2024-10-18T15-15-40.654668.json,119223,0.119,0.000119
C_efficiency_evolution/detailed_results/M4-ai_TinyMistral-248M-v3/results_2024-10-18T08-51-04.559101.json,118217,0.118,0.000118
C_efficiency_evolution/detailed_results/MEscriva_ECE-PRYMMAL-0.5B-FT-V5-MUSR-Mathis/results_2025-02-13T18-27-04.338360.json,114673,0.115,0.000115
C_efficiency_evolution/detailed_results/MLP-KTLim_llama-3-Korean-Bllossom-8B/results_2025-02-13T18-27-04.338360.json,119194,0.119,0.000119
C_efficiency_evolution/detailed_results/MTSAIR_Cotype-Nano/results_2025-02-13T18-27-04.338360.json,117177,0.117,0.000117
C_efficiency_evolution/detailed_results/MTSAIR_MultiVerse_70B/results_2025-02-13T18-27-04.338360.json,118604,0.119,0.000119
C_efficiency_evolution/detailed_results/Magpie-Align_Llama-3-8B-Magpie-Align-SFT-v0.1/results_2024-09-18T06-08-40.741828.json,119119,0.119,0.000119
C_efficiency_evolution/detailed_results/Magpie-Align_Llama-3-8B-Magpie-Align-SFT-v0.3/results_2024-08-13T01-20-48.160312.json,119172,0.119,0.000119
C_efficiency_evolution/detailed_results/Magpie-Align_Llama-3-8B-Magpie-Align-v0.1/results_2025-02-13T18-27-04.338360.json,119141,0.119,0.000119
C_efficiency_evolution/detailed_results/Magpie-Align_Llama-3-8B-Magpie-Align-v0.3/results_2025-02-13T18-27-04.338360.json,119169,0.119,0.000119
C_efficiency_evolution/detailed_results/Magpie-Align_Llama-3.1-8B-Magpie-Align-SFT-v0.1/results_2025-02-13T18-27-04.338360.json,119160,0.119,0.000119
C_efficiency_evolution/detailed_results/Magpie-Align_Llama-3.1-8B-Magpie-Align-v0.1/results_2024-09-18T06-41-31.872133.json,118776,0.119,0.000119
C_efficiency_evolution/detailed_results/Magpie-Align_MagpieLM-8B-Chat-v0.1/results_2025-02-13T18-27-04.338360.json,118980,0.119,0.000119
C_efficiency_evolution/detailed_results/Magpie-Align_MagpieLM-8B-SFT-v0.1/results_2025-02-13T18-27-04.338360.json,119184,0.119,0.000119
C_efficiency_evolution/detailed_results/ManoloPueblo_ContentCuisine_1-7B-slerp/results_2025-02-13T18-27-04.338360.json,114674,0.115,0.000115
C_efficiency_evolution/detailed_results/ManoloPueblo_LLM_MERGE_CC2/results_2025-02-13T18-27-04.338360.json,114600,0.115,0.000115
C_efficiency_evolution/detailed_results/ManoloPueblo_LLM_MERGE_CC3/results_2025-02-13T18-27-04.338360.json,114622,0.115,0.000115
C_efficiency_evolution/detailed_results/MarinaraSpaghetti_NemoReRemix-12B/results_2025-02-13T18-27-04.338360.json,118608,0.119,0.000119
C_efficiency_evolution/detailed_results/MarinaraSpaghetti_Nemomix-v4.0-12B/results_2025-02-13T18-27-04.338360.json,118924,0.119,0.000119
C_efficiency_evolution/detailed_results/Marsouuu_MiniMathExpert-2_61B-ECE-PRYMMAL-Martial/results_2025-02-13T18-27-04.338360.json,118671,0.119,0.000119
C_efficiency_evolution/detailed_results/Marsouuu_MiniQwenMathExpert-ECE-PRYMMAL-Martial/results_2025-02-13T18-27-04.338360.json,118690,0.119,0.000119
C_efficiency_evolution/detailed_results/Marsouuu_MistralBase-4x7B-MoE-ECE-PRYMMAL-Martial/results_2024-10-04T02-05-16.789490.json,118583,0.119,0.000119
C_efficiency_evolution/detailed_results/Marsouuu_general3B-ECE-PRYMMAL-Martial/results_2025-02-13T18-27-04.338360.json,118650,0.119,0.000119
C_efficiency_evolution/detailed_results/Marsouuu_general3Bv2-ECE-PRYMMAL-Martial/results_2025-02-13T18-27-04.338360.json,114688,0.115,0.000115
C_efficiency_evolution/detailed_results/Marsouuu_lareneg1_78B-ECE-PRYMMAL-Martial/results_2025-02-13T18-27-04.338360.json,118675,0.119,0.000119
C_efficiency_evolution/detailed_results/Marsouuu_lareneg3B-ECE-PRYMMAL-Martial/results_2025-02-13T18-27-04.338360.json,114716,0.115,0.000115
C_efficiency_evolution/detailed_results/Marsouuu_lareneg3Bv2-ECE-PRYMMAL-Martial/results_2025-02-13T18-27-04.338360.json,114697,0.115,0.000115
C_efficiency_evolution/detailed_results/MaziyarPanahi_Calme-4x7B-MoE-v0.1/results_2025-02-13T18-27-04.338360.json,118645,0.119,0.000119
C_efficiency_evolution/detailed_results/MaziyarPanahi_Calme-4x7B-MoE-v0.2/results_2025-02-13T18-27-04.338360.json,118653,0.119,0.000119
C_efficiency_evolution/detailed_results/MaziyarPanahi_Llama-3-70B-Instruct-v0.1/results_2024-10-05T14-21-45.746802.json,119018,0.119,0.000119
C_efficiency_evolution/detailed_results/MaziyarPanahi_Llama-3-8B-Instruct-v0.10/results_2024-07-18T10-57-13.925740.json,119167,0.119,0.000119
C_efficiency_evolution/detailed_results/MaziyarPanahi_Llama-3-8B-Instruct-v0.8/results_2024-07-04T03-47-33.210245.json,118740,0.119,0.000119
C_efficiency_evolution/detailed_results/MaziyarPanahi_Llama-3-8B-Instruct-v0.9/results_2025-02-13T18-27-04.338360.json,119245,0.119,0.000119
C_efficiency_evolution/detailed_results/MaziyarPanahi_Qwen1.5-MoE-A2.7B-Wikihow/results_2025-02-13T18-27-04.338360.json,119009,0.119,0.000119
C_efficiency_evolution/detailed_results/MaziyarPanahi_Qwen2-7B-Instruct-v0.1/results_2024-07-29T18-41-30.681992.json,118626,0.119,0.000119
C_efficiency_evolution/detailed_results/MaziyarPanahi_Qwen2-7B-Instruct-v0.8/results_2025-02-13T18-27-04.338360.json,118654,0.119,0.000119
C_efficiency_evolution/detailed_results/MaziyarPanahi_calme-2.1-llama3.1-70b/results_2025-02-13T18-27-04.338360.json,115068,0.115,0.000115
C_efficiency_evolution/detailed_results/MaziyarPanahi_calme-2.1-phi3-4b/results_2024-07-18T11-08-51.380541.json,118891,0.119,0.000119
C_efficiency_evolution/detailed_results/MaziyarPanahi_calme-2.1-phi3.5-4b/results_2024-09-03T09-41-32.172139.json,119069,0.119,0.000119
C_efficiency_evolution/detailed_results/MaziyarPanahi_calme-2.1-qwen2-72b/results_2024-07-18T06-00-38.574165.json,118977,0.119,0.000119
C_efficiency_evolution/detailed_results/MaziyarPanahi_calme-2.1-qwen2-7b/results_2025-02-13T18-27-04.338360.json,118985,0.119,0.000119
C_efficiency_evolution/detailed_results/MaziyarPanahi_calme-2.1-qwen2.5-72b/results_2024-10-05T22-25-27.320099.json,118888,0.119,0.000119
C_efficiency_evolution/detailed_results/MaziyarPanahi_calme-2.1-rys-78b/results_2025-02-13T18-27-04.338360.json,118958,0.119,0.000119
C_efficiency_evolution/detailed_results/MaziyarPanahi_calme-2.2-llama3-70b/results_2024-07-17T08-13-13.687245.json,118972,0.119,0.000119
C_efficiency_evolution/detailed_results/MaziyarPanahi_calme-2.2-llama3.1-70b/results_2025-02-13T18-27-04.338360.json,119130,0.119,0.000119
C_efficiency_evolution/detailed_results/MaziyarPanahi_calme-2.2-phi3-4b/results_2024-07-18T09-39-19.713557.json,118905,0.119,0.000119
C_efficiency_evolution/detailed_results/MaziyarPanahi_calme-2.2-qwen2-72b/results_2025-02-13T18-27-04.338360.json,118984,0.119,0.000119
C_efficiency_evolution/detailed_results/MaziyarPanahi_calme-2.2-qwen2-7b/results_2025-02-13T18-27-04.338360.json,118993,0.119,0.000119
C_efficiency_evolution/detailed_results/MaziyarPanahi_calme-2.2-qwen2.5-72b/results_2025-02-13T18-27-04.338360.json,118971,0.119,0.000119
C_efficiency_evolution/detailed_results/MaziyarPanahi_calme-2.2-rys-78b/results_2025-02-13T18-27-04.338360.json,118929,0.119,0.000119
C_efficiency_evolution/detailed_results/MaziyarPanahi_calme-2.3-llama3-70b/results_2025-02-13T18-27-04.338360.json,119015,0.119,0.000119
C_efficiency_evolution/detailed_results/MaziyarPanahi_calme-2.3-llama3.1-70b/results_2025-02-13T18-27-04.338360.json,119136,0.119,0.000119
C_efficiency_evolution/detailed_results/MaziyarPanahi_calme-2.3-phi3-4b/results_2025-02-13T18-27-04.338360.json,118615,0.119,0.000119
C_efficiency_evolution/detailed_results/MaziyarPanahi_calme-2.3-qwen2-72b/results_2024-09-28T03-12-45.476266.json,118922,0.119,0.000119
C_efficiency_evolution/detailed_results/MaziyarPanahi_calme-2.3-qwen2-7b/results_2025-02-13T18-27-04.338360.json,118989,0.119,0.000119
C_efficiency_evolution/detailed_results/MaziyarPanahi_calme-2.3-rys-78b/results_2025-02-13T18-27-04.338360.json,118928,0.119,0.000119
C_efficiency_evolution/detailed_results/MaziyarPanahi_calme-2.4-llama3-70b/results_2024-07-18T09-03-39.762026.json,118990,0.119,0.000119
C_efficiency_evolution/detailed_results/MaziyarPanahi_calme-2.4-qwen2-7b/results_2025-02-13T18-27-04.338360.json,118998,0.119,0.000119
C_efficiency_evolution/detailed_results/MaziyarPanahi_calme-2.4-rys-78b/results_2025-02-13T18-27-04.338360.json,118978,0.119,0.000119
C_efficiency_evolution/detailed_results/MaziyarPanahi_calme-2.5-qwen2-7b/results_2025-02-13T18-27-04.338360.json,118981,0.119,0.000119
C_efficiency_evolution/detailed_results/MaziyarPanahi_calme-2.6-qwen2-7b/results_2025-02-13T18-27-04.338360.json,118979,0.119,0.000119
C_efficiency_evolution/detailed_results/MaziyarPanahi_calme-2.7-qwen2-7b/results_2024-09-19T06-16-21.919709.json,118975,0.119,0.000119
C_efficiency_evolution/detailed_results/MaziyarPanahi_calme-3.1-baguette-3b/results_2025-02-13T18-27-04.338360.json,115046,0.115,0.000115
C_efficiency_evolution/detailed_results/MaziyarPanahi_calme-3.1-instruct-3b/results_2025-02-13T18-27-04.338360.json,115047,0.115,0.000115
C_efficiency_evolution/detailed_results/MaziyarPanahi_calme-3.1-instruct-78b/results_2025-02-13T18-27-04.338360.json,115002,0.115,0.000115
C_efficiency_evolution/detailed_results/MaziyarPanahi_calme-3.1-llamaloi-3b/results_2024-11-10T07-21-06.518071.json,118761,0.119,0.000119
C_efficiency_evolution/detailed_results/MaziyarPanahi_calme-3.2-baguette-3b/results_2025-02-13T18-27-04.338360.json,115021,0.115,0.000115
C_efficiency_evolution/detailed_results/MaziyarPanahi_calme-3.2-instruct-3b/results_2025-02-13T18-27-04.338360.json,117365,0.117,0.000117
C_efficiency_evolution/detailed_results/MaziyarPanahi_calme-3.2-instruct-78b/results_2025-02-13T18-27-04.338360.json,115010,0.115,0.000115
C_efficiency_evolution/detailed_results/MaziyarPanahi_calme-3.3-baguette-3b/results_2025-02-13T18-27-04.338360.json,117129,0.117,0.000117
C_efficiency_evolution/detailed_results/MaziyarPanahi_calme-3.3-instruct-3b/results_2025-02-13T18-27-04.338360.json,117145,0.117,0.000117
C_efficiency_evolution/detailed_results/Minami-su_Amara-o1-7B-Qwen/results_2025-02-13T18-27-04.338360.json,117156,0.117,0.000117
C_efficiency_evolution/detailed_results/Minami-su_Amara-o2-7B-Qwen/results_2025-02-13T18-27-04.338360.json,117187,0.117,0.000117
C_efficiency_evolution/detailed_results/Minami-su_test-7B-00/results_2025-02-13T18-27-04.338360.json,117318,0.117,0.000117
C_efficiency_evolution/detailed_results/Minami-su_test-7B-01/results_2025-02-13T18-27-04.338360.json,117310,0.117,0.000117
C_efficiency_evolution/detailed_results/Minami-su_test-v2-7B-00/results_2025-02-13T18-27-04.338360.json,117172,0.117,0.000117
C_efficiency_evolution/detailed_results/ModelCloud_Llama-3.2-1B-Instruct-gptqmodel-4bit-vortex-v1/results_2025-01-10T11-16-08.038199.json,118806,0.119,0.000119
C_efficiency_evolution/detailed_results/ModelSpace_GemmaX2-28-9B-v0.1/results_2025-02-24T20-52-51.514794.json,113515,0.114,0.000114
C_efficiency_evolution/detailed_results/NAPS-ai_naps-gemma-2-27b-v0.1.0/results_2024-11-11T10-10-02.008201.json,113960,0.114,0.000114
C_efficiency_evolution/detailed_results/NAPS-ai_naps-llama-3_1-instruct-v0.5.0/results_2024-09-30T03-13-20.847203.json,123548,0.124,0.000124
C_efficiency_evolution/detailed_results/NCSOFT_Llama-VARCO-8B-Instruct/results_2024-12-21T17-40-41.330448.json,115085,0.115,0.000115
C_efficiency_evolution/detailed_results/Naveenpoliasetty_llama3-8B-V2/results_2024-07-25T01-07-18.059419.json,118622,0.119,0.000119
C_efficiency_evolution/detailed_results/NbAiLab_nb-llama-3.1-8B-Instruct/results_2024-12-11T04-48-05.360067.json,119526,0.120,0.000120
C_efficiency_evolution/detailed_results/Nekochu_Llama-3.1-8B-German-ORPO/results_2024-09-24T17-07-03.925941.json,118270,0.118,0.000118
C_efficiency_evolution/detailed_results/Nexesenex_Llama_3.1_8b_DeepDive_3_R1_Prev_v1.0/results_2025-02-27T15-36-48.522598.json,114137,0.114,0.000114
C_efficiency_evolution/detailed_results/Nexesenex_Llama_3.1_8b_DobHerWild_R1_v1.1R/results_2025-02-27T18-15-40.531386.json,118482,0.118,0.000118
C_efficiency_evolution/detailed_results/Nexesenex_Llama_3.1_8b_DoberWild_v2.02/results_2025-02-28T10-15-57.545121.json,113923,0.114,0.000114
C_efficiency_evolution/detailed_results/Nexesenex_Llama_3.1_8b_DodoWild_v2.01/results_2025-02-28T00-40-44.676114.json,118439,0.118,0.000118
C_efficiency_evolution/detailed_results/Nexesenex_Llama_3.1_8b_DodoWild_v2.02/results_2025-02-28T10-12-03.740197.json,117583,0.118,0.000118
C_efficiency_evolution/detailed_results/Nexesenex_Llama_3.1_8b_DodoWild_v2.03/results_2025-02-28T11-23-06.488083.json,114112,0.114,0.000114
C_efficiency_evolution/detailed_results/Nexesenex_Llama_3.1_8b_Dolermed_R1_V1.01/results_2025-02-28T10-08-59.607397.json,117616,0.118,0.000118
C_efficiency_evolution/detailed_results/Nexesenex_Llama_3.1_8b_Dolermed_V1.01/results_2025-02-28T01-33-57.969777.json,113897,0.114,0.000114
C_efficiency_evolution/detailed_results/Nexesenex_Llama_3.1_8b_Dolerstormed_V1.04/results_2025-03-01T05-53-20.770746.json,114113,0.114,0.000114
C_efficiency_evolution/detailed_results/Nexesenex_Llama_3.1_8b_Hermedive_R1_V1.01/results_2025-02-28T01-44-22.380618.json,113924,0.114,0.000114
C_efficiency_evolution/detailed_results/Nexesenex_Llama_3.1_8b_Mediver_V1.01/results_2025-02-27T22-32-16.425943.json,113694,0.114,0.000114
C_efficiency_evolution/detailed_results/Nexesenex_Llama_3.1_8b_Smarteaz_0.2_R1/results_2025-02-27T14-51-34.008698.json,115890,0.116,0.000116
C_efficiency_evolution/detailed_results/Nexesenex_Llama_3.1_8b_Smarteaz_V1.01/results_2025-02-27T21-57-29.777655.json,113958,0.114,0.000114
C_efficiency_evolution/detailed_results/Nexesenex_Llama_3.2_1b_AquaSyn_0.1/results_2025-02-24T19-23-39.554871.json,113577,0.114,0.000114
C_efficiency_evolution/detailed_results/Nexesenex_Llama_3.2_1b_Odyssea_V1.01/results_2025-02-27T06-52-42.473198.json,117575,0.118,0.000118
C_efficiency_evolution/detailed_results/Nexesenex_Llama_3.2_1b_Odyssea_V1/results_2025-02-24T19-38-32.014384.json,117570,0.118,0.000118
C_efficiency_evolution/detailed_results/Nexesenex_Llama_3.2_1b_SunOrca_V1/results_2025-03-06T02-41-14.753353.json,114092,0.114,0.000114
C_efficiency_evolution/detailed_results/Nexesenex_Llama_3.2_1b_Sydonia_0.1/results_2025-02-24T19-31-30.175948.json,113575,0.114,0.000114
C_efficiency_evolution/detailed_results/Nexesenex_Llama_3.2_3b_Kermes_v2/results_2025-02-18T15-08-36.633055.json,113885,0.114,0.000114
C_efficiency_evolution/detailed_results/NikolaSigmoid_AceMath-1.5B-Instruct-dolphin-r1-200/results_2025-03-06T03-21-29.997810.json,113215,0.113,0.000113
C_efficiency_evolution/detailed_results/NikolaSigmoid_DeepSeek-R1-Distill-Qwen-1.5B-500/results_2025-03-04T17-04-50.228012.json,113255,0.113,0.000113
C_efficiency_evolution/detailed_results/NikolaSigmoid_phi-4-14b/results_2025-02-28T06-10-09.004119.json,113499,0.113,0.000113
C_efficiency_evolution/detailed_results/NotASI_FineTome-Llama3.2-3B-1002/results_2024-10-05T07-19-46.651384.json,128340,0.128,0.000128
C_efficiency_evolution/detailed_results/NotASI_FineTome-v1.5-Llama3.2-1B-1007/results_2024-10-07T14-10-32.000639.json,122653,0.123,0.000123
C_efficiency_evolution/detailed_results/NotASI_FineTome-v1.5-Llama3.2-3B-1007/results_2024-10-07T14-36-28.367357.json,122712,0.123,0.000123
C_efficiency_evolution/detailed_results/NousResearch_DeepHermes-3-Mistral-24B-Preview/results_2025-03-13T18-57-43.884131.json,114107,0.114,0.000114
C_efficiency_evolution/detailed_results/NousResearch_Hermes-2-Pro-Llama-3-8B/results_2024-06-16T17-24-34.509503.json,120349,0.120,0.000120
C_efficiency_evolution/detailed_results/NousResearch_Hermes-2-Pro-Mistral-7B/results_2024-06-16T17-23-03.425460.json,120359,0.120,0.000120
C_efficiency_evolution/detailed_results/NousResearch_Hermes-3-Llama-3.1-70B/results_2024-08-28T23-42-29.435150.json,118956,0.119,0.000119
C_efficiency_evolution/detailed_results/NousResearch_Nous-Hermes-2-Mistral-7B-DPO/results_2024-06-17T09-36-01.123340.json,120417,0.120,0.000120
C_efficiency_evolution/detailed_results/NousResearch_Yarn-Llama-2-13b-128k/results_2024-06-26T13-35-58.419685.json,120092,0.120,0.000120
C_efficiency_evolution/detailed_results/Open-Orca_Mistral-7B-OpenOrca/results_2024-06-16T17-32-32.802384.json,120422,0.120,0.000120
C_efficiency_evolution/detailed_results/OpenBuddy_openbuddy-llama3-70b-v21.2-32k/results_2024-10-15T17-12-00.837354.json,114993,0.115,0.000115
C_efficiency_evolution/detailed_results/OpenBuddy_openbuddy-llama3-8b-v21.1-8k/results_2024-08-12T12-02-09.854304.json,118947,0.119,0.000119
C_efficiency_evolution/detailed_results/OpenBuddy_openbuddy-llama3.1-70b-v22.1-131k/results_2024-09-14T13-07-38.561128.json,118873,0.119,0.000119
C_efficiency_evolution/detailed_results/OpenBuddy_openbuddy-llama3.1-8b-v22.3-131k/results_2024-10-02T02-14-42.968052.json,118927,0.119,0.000119
C_efficiency_evolution/detailed_results/OpenBuddy_openbuddy-yi1.5-34b-v21.3-32k/results_2024-09-03T10-53-41.358514.json,118902,0.119,0.000119
C_efficiency_evolution/detailed_results/OpenLeecher_llama3-8b-lima/results_2024-10-02T01-58-49.544644.json,119327,0.119,0.000119
C_efficiency_evolution/detailed_results/OpenScholar_Llama-3.1_OpenScholar-8B/results_2024-12-03T20-18-02.470239.json,115044,0.115,0.000115
C_efficiency_evolution/detailed_results/Orenguteng_Llama-3.1-8B-Lexi-Uncensored-V2/results_2024-09-02T17-57-37.858974.json,123543,0.124,0.000124
C_efficiency_evolution/detailed_results/Orion-zhen_phi-4-abliterated/results_2024-12-20T14-55-57.931598.json,114613,0.115,0.000115
C_efficiency_evolution/detailed_results/PJMixers-Dev_LLaMa-3.1-Instruct-Interleaved-Zeroed-13B/results_2024-12-18T10-25-04.014332.json,119633,0.120,0.000120
C_efficiency_evolution/detailed_results/PJMixers-Dev_LLaMa-3.1-RomboTiesTest-8B/results_2024-12-20T03-32-25.776285.json,119589,0.120,0.000120
C_efficiency_evolution/detailed_results/PJMixers-Dev_LLaMa-3.1-RomboTiesTest2-8B/results_2024-12-21T06-01-29.891396.json,119589,0.120,0.000120
C_efficiency_evolution/detailed_results/PJMixers-Dev_LLaMa-3.2-Instruct-JankMix-v0.2-SFT-3B/results_2024-10-16T08-59-35.330807.json,122775,0.123,0.000123
C_efficiency_evolution/detailed_results/PJMixers-Dev_LLaMa-3.2-Instruct-JankMixBread-v0.1-3B/results_2024-10-12T20-37-49.184725.json,122754,0.123,0.000123
C_efficiency_evolution/detailed_results/PJMixers_LLaMa-3-CursedStock-v2.0-8B/results_2024-07-18T22-31-46.079432.json,119103,0.119,0.000119
C_efficiency_evolution/detailed_results/Quazim0t0_Lo-Phi-14b/results_2025-03-09T16-24-52.723278.json,113976,0.114,0.000114
C_efficiency_evolution/detailed_results/Quazim0t0_Phi4.Turn.R1Distill.16bit/results_2025-02-01T01-30-01.897993.json,115164,0.115,0.000115
C_efficiency_evolution/detailed_results/Quazim0t0_Phi4Basis-14B-sce/results_2025-02-04T08-19-51.830517.json,115152,0.115,0.000115
C_efficiency_evolution/detailed_results/Quazim0t0_graphite-14b-sce/results_2025-02-05T15-47-09.281719.json,115157,0.115,0.000115
C_efficiency_evolution/detailed_results/Qwen_QwQ-32B-Preview/results_2024-11-29T18-47-19.440839.json,117404,0.117,0.000117
C_efficiency_evolution/detailed_results/Qwen_Qwen1.5-0.5B/results_2024-06-16T18-29-53.027471.json,121083,0.121,0.000121
C_efficiency_evolution/detailed_results/Qwen_Qwen1.5-1.8B/results_2024-06-16T18-43-23.280850.json,121079,0.121,0.000121
C_efficiency_evolution/detailed_results/Qwen_Qwen1.5-110B/results_2024-06-25T12-07-08.632481.json,120034,0.120,0.000120
C_efficiency_evolution/detailed_results/Qwen_Qwen1.5-14B-Chat/results_2024-06-16T18-40-14.610140.json,121196,0.121,0.000121
C_efficiency_evolution/detailed_results/Qwen_Qwen1.5-32B-Chat/results_2024-06-25T21-18-30.710867.json,120458,0.120,0.000120
C_efficiency_evolution/detailed_results/Qwen_Qwen1.5-32B/results_2024-06-26T06-37-24.381705.json,120033,0.120,0.000120
C_efficiency_evolution/detailed_results/Qwen_Qwen1.5-4B-Chat/results_2024-06-16T18-29-56.853847.json,121555,0.122,0.000122
C_efficiency_evolution/detailed_results/Qwen_Qwen1.5-MoE-A2.7B/results_2024-06-17T00-13-15.397461.json,121035,0.121,0.000121
C_efficiency_evolution/detailed_results/Qwen_Qwen2-0.5B-Instruct/results_2024-06-17T10-54-45.875940.json,120422,0.120,0.000120
C_efficiency_evolution/detailed_results/Qwen_Qwen2-1.5B-Instruct/results_2024-06-17T09-51-37.025715.json,120472,0.120,0.000120
C_efficiency_evolution/detailed_results/Qwen_Qwen2-57B-A14B/results_2024-07-04T08-36-42.751894.json,118257,0.118,0.000118
C_efficiency_evolution/detailed_results/Qwen_Qwen2-7B-Instruct/results_2024-06-16T18-34-11.511342.json,121568,0.122,0.000122
C_efficiency_evolution/detailed_results/Qwen_Qwen2-7B/results_2024-06-16T18-53-46.134214.json,121138,0.121,0.000121
C_efficiency_evolution/detailed_results/Qwen_Qwen2-Math-72B-Instruct/results_2024-09-21T18-32-21.222955.json,118964,0.119,0.000119
C_efficiency_evolution/detailed_results/Qwen_Qwen2-VL-72B-Instruct/results_2024-10-22T04-20-31.971941.json,115751,0.116,0.000116
C_efficiency_evolution/detailed_results/Qwen_Qwen2-VL-7B-Instruct/results_2024-10-21T10-26-59.679844.json,115767,0.116,0.000116
C_efficiency_evolution/detailed_results/Qwen_Qwen2.5-1.5B-Instruct/results_2024-09-19T16-22-58.240552.json,121113,0.121,0.000121
C_efficiency_evolution/detailed_results/Qwen_Qwen2.5-14B-Instruct/results_2024-09-19T08-51-03.564190.json,120925,0.121,0.000121
C_efficiency_evolution/detailed_results/Qwen_Qwen2.5-32B-Instruct/results_2024-09-19T12-58-54.557932.json,120861,0.121,0.000121
C_efficiency_evolution/detailed_results/Qwen_Qwen2.5-3B-Instruct/results_2024-09-19T10-05-30.339220.json,120858,0.121,0.000121
C_efficiency_evolution/detailed_results/Qwen_Qwen2.5-72B/results_2024-09-20T03-02-35.170648.json,118495,0.118,0.000118
C_efficiency_evolution/detailed_results/Qwen_Qwen2.5-7B-Instruct/results_2024-09-19T08-24-07.576642.json,120925,0.121,0.000121
C_efficiency_evolution/detailed_results/Qwen_Qwen2.5-Math-72B-Instruct/results_2024-09-28T23-18-59.974937.json,121310,0.121,0.000121
C_efficiency_evolution/detailed_results/Qwen_Qwen2.5-Math-7B/results_2024-09-27T23-55-14.959617.json,121282,0.121,0.000121
C_efficiency_evolution/detailed_results/RESMPDEV_Qwen2-Wukong-0.5B/results_2024-08-12T22-32-49.035473.json,118645,0.119,0.000119
C_efficiency_evolution/detailed_results/RLHFlow_ArmoRM-Llama3-8B-v0.1/results_2024-10-08T16-02-16.474038.json,118620,0.119,0.000119
C_efficiency_evolution/detailed_results/Replete-AI_Llama3-8B-Instruct-Replete-Adapted/results_2024-08-13T01-22-15.449243.json,119177,0.119,0.000119
C_efficiency_evolution/detailed_results/Rombo-Org_Rombo-LLM-V2.5-Qwen-7b/results_2025-01-14T09-46-40.725016.json,116993,0.117,0.000117
C_efficiency_evolution/detailed_results/SaisExperiments_Gemma-2-2B-Stheno-Filtered/results_2024-10-08T11-23-44.995228.json,118635,0.119,0.000119
C_efficiency_evolution/detailed_results/SaisExperiments_RightSheep-Llama3.2-3B/results_2025-01-25T13-41-22.073426.json,114692,0.115,0.000115
C_efficiency_evolution/detailed_results/Sakalti_Llama3.2-3B-Uranus-1/results_2025-01-09T11-57-15.735520.json,114683,0.115,0.000115
C_efficiency_evolution/detailed_results/Sakalti_Phi3.5-Comets-3.8B/results_2024-12-21T09-18-24.309772.json,114303,0.114,0.000114
C_efficiency_evolution/detailed_results/Sakalti_Qwen2.5-1B-Instruct/results_2025-01-18T07-20-14.657826.json,114291,0.114,0.000114
C_efficiency_evolution/detailed_results/SentientAGI_Dobby-Mini-Leashed-Llama-3.1-8B/results_2025-02-05T00-54-44.743677.json,119578,0.120,0.000120
C_efficiency_evolution/detailed_results/SentientAGI_Dobby-Mini-Unhinged-Llama-3.1-8B/results_2025-02-04T08-18-57.668288.json,119601,0.120,0.000120
C_efficiency_evolution/detailed_results/Sicarius-Prototyping_Brainy_LLAMA/results_2024-12-05T09-38-14.561375.json,114679,0.115,0.000115
C_efficiency_evolution/detailed_results/SicariusSicariiStuff_LLAMA-3_8B_Unaligned_BETA/results_2024-10-18T16-55-14.789774.json,118642,0.119,0.000119
C_efficiency_evolution/detailed_results/SicariusSicariiStuff_Phi-Line_14B/results_2025-02-19T15-13-18.540442.json,113878,0.114,0.000114
C_efficiency_evolution/detailed_results/SicariusSicariiStuff_Qwen2.5-14B_Uncensored/results_2024-09-23T16-39-42.907470.json,118620,0.119,0.000119
C_efficiency_evolution/detailed_results/SicariusSicariiStuff_Qwen2.5-14B_Uncensored_Instruct/results_2024-09-23T18-19-07.561604.json,121257,0.121,0.000121
C_efficiency_evolution/detailed_results/SkyOrbis_SKY-Ko-Llama3.2-1B-lora-epoch5/results_2024-12-27T23-22-01.016739.json,114722,0.115,0.000115
C_efficiency_evolution/detailed_results/SkyOrbis_SKY-Ko-Llama3.2-1B-lora-v2-epoch3/results_2024-12-27T14-47-03.733196.json,114734,0.115,0.000115
C_efficiency_evolution/detailed_results/SkyOrbis_SKY-Ko-Llama3.2-3B-lora-epoch1/results_2024-12-27T19-38-23.716546.json,114711,0.115,0.000115
C_efficiency_evolution/detailed_results/SkyOrbis_SKY-Ko-Qwen2.5-3B-Instruct/results_2025-01-09T05-49-19.366368.json,114649,0.115,0.000115
C_efficiency_evolution/detailed_results/SkyOrbis_SKY-Ko-Qwen2.5-7B-Instruct-SFT-step-15000/results_2025-02-01T12-03-40.542422.json,114688,0.115,0.000115
C_efficiency_evolution/detailed_results/SkyOrbis_SKY-Ko-Qwen2.5-7B-Instruct-SFT-step-5000/results_2025-02-05T00-10-46.826517.json,114696,0.115,0.000115
C_efficiency_evolution/detailed_results/Sorawiz_Gemma-9B-Base/results_2025-02-25T02-06-43.469016.json,114135,0.114,0.000114
C_efficiency_evolution/detailed_results/Sorawiz_Gemma-Creative-9B-Base/results_2025-02-25T02-11-01.948666.json,114155,0.114,0.000114
C_efficiency_evolution/detailed_results/Sourjayon_DeepSeek-R1-ForumNXT/results_2025-02-04T23-50-28.463200.json,114692,0.115,0.000115
C_efficiency_evolution/detailed_results/Supichi_BBAI_135_Gemma/results_2025-02-27T11-18-58.504826.json,113116,0.113,0.000113
C_efficiency_evolution/detailed_results/Syed-Hasan-8503_Phi-3-mini-4K-instruct-cpo-simpo/results_2024-08-27T22-39-22.007233.json,118973,0.119,0.000119
C_efficiency_evolution/detailed_results/T145_Meta-Llama-3.1-8B-Instruct-TIES/results_2024-12-23T12-02-34.528121.json,119587,0.120,0.000120
C_efficiency_evolution/detailed_results/T145_qwen-2.5-3B-merge-test/results_2024-11-18T11-53-58.718004.json,117261,0.117,0.000117
C_efficiency_evolution/detailed_results/TIGER-Lab_AceCoder-Qwen2.5-Coder-7B-Base-Rule/results_2025-03-07T08-59-54.639763.json,116275,0.116,0.000116
C_efficiency_evolution/detailed_results/TIGER-Lab_Qwen2.5-Math-7B-CFT/results_2025-03-07T07-37-24.019712.json,116211,0.116,0.000116
C_efficiency_evolution/detailed_results/TTTXXX01_Mistral-7B-Base-SimPO2-5e-7/results_2024-09-03T07-49-40.799646.json,119058,0.119,0.000119
C_efficiency_evolution/detailed_results/Tarek07_Thalassic-Alpha-LLaMa-70B/results_2025-01-28T19-49-48.861442.json,114695,0.115,0.000115
C_efficiency_evolution/detailed_results/Telugu-LLM-Labs_Indic-gemma-2b-finetuned-sft-Navarasa-2.0/results_2025-02-06T10-10-57.836787.json,114703,0.115,0.000115
C_efficiency_evolution/detailed_results/Telugu-LLM-Labs_Indic-gemma-7b-finetuned-sft-Navarasa-2.0/results_2025-02-06T10-00-03.236662.json,114700,0.115,0.000115
C_efficiency_evolution/detailed_results/TheDrummer_Gemmasutra-9B-v1/results_2024-09-20T02-41-16.900874.json,118581,0.119,0.000119
C_efficiency_evolution/detailed_results/TheDrummer_Tiger-Gemma-9B-v2/results_2025-01-08T03-45-37.327645.json,115092,0.115,0.000115
C_efficiency_evolution/detailed_results/TheTsar1209_qwen-carpmuscle-r-v0.3/results_2024-10-23T18-42-27.012961.json,119523,0.120,0.000120
C_efficiency_evolution/detailed_results/TheTsar1209_qwen-carpmuscle-v0.1/results_2024-10-11T00-59-37.703224.json,119498,0.119,0.000119
C_efficiency_evolution/detailed_results/TinyLlama_TinyLlama-1.1B-Chat-v0.1/results_2024-12-02T17-54-49.516141.json,114276,0.114,0.000114
C_efficiency_evolution/detailed_results/TinyLlama_TinyLlama-1.1B-Chat-v1.0/results_2024-08-07T01-00-11.175718.json,118598,0.119,0.000119
C_efficiency_evolution/detailed_results/TinyLlama_TinyLlama-1.1B-intermediate-step-1431k-3T/results_2024-11-27T22-50-39.774473.json,114613,0.115,0.000115
C_efficiency_evolution/detailed_results/Triangle104_DS-Distilled-Hermes-Llama-3.1/results_2025-01-27T15-23-30.338588.json,114709,0.115,0.000115
C_efficiency_evolution/detailed_results/Triangle104_DSR1-Distill-Llama-Lit-8B/results_2025-02-25T00-07-41.414817.json,113614,0.114,0.000114
C_efficiency_evolution/detailed_results/Triangle104_DSR1-Distill-Qwen-7B-RP/results_2025-02-24T23-56-33.577219.json,113597,0.114,0.000114
C_efficiency_evolution/detailed_results/Triangle104_Dolphin3-Llama3.2-Smart/results_2025-01-27T14-48-04.135846.json,114574,0.115,0.000115
C_efficiency_evolution/detailed_results/Triangle104_Llama3.1-Allades-Lit-8b/results_2025-02-24T23-59-58.348172.json,113432,0.113,0.000113
C_efficiency_evolution/detailed_results/Triangle104_Mistral-Small-24b-Harmony/results_2025-02-25T03-44-29.665726.json,113509,0.114,0.000114
C_efficiency_evolution/detailed_results/Triangle104_Phi-4-AbliteratedRP/results_2025-01-27T14-22-32.819976.json,114644,0.115,0.000115
C_efficiency_evolution/detailed_results/Triangle104_Phi4-RP-o1-Ablit/results_2025-02-25T02-45-03.072006.json,113499,0.113,0.000113
C_efficiency_evolution/detailed_results/Triangle104_Phi4-RP-o1/results_2025-02-01T01-52-07.473628.json,114643,0.115,0.000115
C_efficiency_evolution/detailed_results/Triangle104_Porpoise-R1-Llama3.2-3b/results_2025-02-18T19-24-07.519824.json,113509,0.114,0.000114
C_efficiency_evolution/detailed_results/Triangle104_RomboHermes3-R1-Llama3.2-3b/results_2025-02-18T14-53-48.172245.json,113613,0.114,0.000114
C_efficiency_evolution/detailed_results/UCLA-AGI_Gemma-2-9B-It-SPPO-Iter2/results_2024-08-13T00-42-58.730890.json,118903,0.119,0.000119
C_efficiency_evolution/detailed_results/UCLA-AGI_Gemma-2-9B-It-SPPO-Iter3/results_2024-08-12T11-41-39.699261.json,118922,0.119,0.000119
C_efficiency_evolution/detailed_results/UCLA-AGI_Llama-3-Instruct-8B-SPPO-Iter3/results_2024-06-27T00-39-40.520034.json,118785,0.119,0.000119
C_efficiency_evolution/detailed_results/UCLA-AGI_Mistral7B-PairRM-SPPO-Iter2/results_2024-08-12T23-18-02.723037.json,119187,0.119,0.000119
C_efficiency_evolution/detailed_results/UCLA-AGI_Mistral7B-PairRM-SPPO-Iter3/results_2024-08-12T23-19-55.089024.json,119149,0.119,0.000119
C_efficiency_evolution/detailed_results/UCLA-AGI_Mistral7B-PairRM-SPPO/results_2024-09-27T19-16-54.672314.json,119129,0.119,0.000119
C_efficiency_evolution/detailed_results/UKzExecution_LlamaExecutor-8B-3.0.5/results_2024-08-13T05-48-33.833062.json,123500,0.123,0.000123
C_efficiency_evolution/detailed_results/VAGOsolutions_Llama-3-SauerkrautLM-70b-Instruct/results_2024-07-21T07-14-53.671049.json,119126,0.119,0.000119
C_efficiency_evolution/detailed_results/VAGOsolutions_Llama-3-SauerkrautLM-8b-Instruct/results_2024-07-25T10-20-19.611472.json,119091,0.119,0.000119
C_efficiency_evolution/detailed_results/VAGOsolutions_Llama-3.1-SauerkrautLM-8b-Instruct/results_2024-07-30T04-09-12.174878.json,119093,0.119,0.000119
C_efficiency_evolution/detailed_results/VAGOsolutions_SauerkrautLM-Gemma-2b/results_2024-07-18T11-45-39.813638.json,118889,0.119,0.000119
C_efficiency_evolution/detailed_results/VAGOsolutions_SauerkrautLM-gemma-2-9b-it/results_2024-09-02T17-46-00.346913.json,119113,0.119,0.000119
C_efficiency_evolution/detailed_results/VIRNECT_llama-3-Korean-8B-r-v-0.1/results_2024-09-14T02-33-08.958613.json,119178,0.119,0.000119
C_efficiency_evolution/detailed_results/ValiantLabs_Llama3.1-70B-ShiningValiant2/results_2024-10-31T06-27-05.966661.json,118644,0.119,0.000119
C_efficiency_evolution/detailed_results/ValiantLabs_Llama3.1-8B-Fireplace2/results_2024-07-25T21-07-29.515450.json,119057,0.119,0.000119
C_efficiency_evolution/detailed_results/ValiantLabs_Llama3.2-3B-Esper2/results_2024-10-10T08-27-15.528214.json,118612,0.119,0.000119
C_efficiency_evolution/detailed_results/Weyaxi_Einstein-v6.1-Llama3-8B/results_2024-07-17T10-00-42.383986.json,118991,0.119,0.000119
C_efficiency_evolution/detailed_results/Weyaxi_Einstein-v6.1-developed-by-Weyaxi-Llama3-8B/results_2024-07-18T10-30-14.113211.json,119032,0.119,0.000119
C_efficiency_evolution/detailed_results/Weyaxi_Einstein-v7-Qwen2-7B/results_2024-07-18T09-58-17.163893.json,118968,0.119,0.000119
C_efficiency_evolution/detailed_results/Xiaojian9992024_Llama3.2-1B-THREADRIPPER-v0.2/results_2025-02-05T00-27-48.058628.json,118813,0.119,0.000119
C_efficiency_evolution/detailed_results/Xiaojian9992024_Llama3.2-1B-THREADRIPPER/results_2025-02-03T12-11-47.982597.json,118807,0.119,0.000119
C_efficiency_evolution/detailed_results/Xiaojian9992024_Qwen2.5-THREADRIPPER-Medium-Censored/results_2025-02-18T17-17-02.948632.json,116254,0.116,0.000116
C_efficiency_evolution/detailed_results/Xiaojian9992024_Qwen2.5-Ultra-1.5B-25.02-Exp/results_2025-02-25T00-14-30.453157.json,116701,0.117,0.000117
C_efficiency_evolution/detailed_results/YOYO-AI_Qwen2.5-14B-YOYO-0505/results_2025-01-27T16-50-10.808851.json,114639,0.115,0.000115
C_efficiency_evolution/detailed_results/YOYO-AI_Qwen2.5-14B-YOYO-0805/results_2025-01-27T10-13-49.522292.json,114640,0.115,0.000115
C_efficiency_evolution/detailed_results/YOYO-AI_Qwen2.5-14B-YOYO-1010/results_2025-01-25T10-29-09.986638.json,114657,0.115,0.000115
C_efficiency_evolution/detailed_results/YOYO-AI_Qwen2.5-14B-YOYO-SCE/results_2025-02-01T13-00-06.843853.json,114666,0.115,0.000115
C_efficiency_evolution/detailed_results/YOYO-AI_Qwen2.5-14B-YOYO-V4-p2/results_2025-03-01T12-31-25.964204.json,116183,0.116,0.000116
C_efficiency_evolution/detailed_results/YOYO-AI_Qwen2.5-14B-YOYO-V4/results_2025-03-03T07-41-39.178588.json,116100,0.116,0.000116
C_efficiency_evolution/detailed_results/YOYO-AI_Qwen2.5-14B-YOYO-latest-V2/results_2025-02-24T23-24-51.650002.json,116130,0.116,0.000116
C_efficiency_evolution/detailed_results/YOYO-AI_Qwen2.5-14B-YOYO-latest/results_2025-02-04T03-18-38.619840.json,114654,0.115,0.000115
C_efficiency_evolution/detailed_results/YOYO-AI_Qwen2.5-7B-it-restore/results_2025-03-10T05-50-55.816942.json,116136,0.116,0.000116
C_efficiency_evolution/detailed_results/YOYO-AI_ZYH-LLM-Qwen2.5-14B-V2/results_2025-02-18T21-18-55.492202.json,113513,0.114,0.000114
C_efficiency_evolution/detailed_results/YOYO-AI_ZYH-LLM-Qwen2.5-14B/results_2025-02-05T07-57-59.664680.json,114636,0.115,0.000115
C_efficiency_evolution/detailed_results/Youlln_ECE-Qwen0.5B-FT-V2/results_2024-10-12T07-11-52.657109.json,118620,0.119,0.000119
C_efficiency_evolution/detailed_results/Yuma42_Llama3.1-IgneousIguana-8B/results_2025-03-10T16-47-02.867519.json,113951,0.114,0.000114
C_efficiency_evolution/detailed_results/ZeroXClem_Llama-3.1-8B-AthenaSky-MegaMix/results_2025-03-12T15-57-21.995435.json,118439,0.118,0.000118
C_efficiency_evolution/detailed_results/ZeroXClem_Llama-3.1-8B-SuperNova-EtherealHermes/results_2025-03-12T16-02-34.311760.json,114125,0.114,0.000114
C_efficiency_evolution/detailed_results/ZeroXClem_Qwen-2.5-Aether-SlerpFusion-7B/results_2024-11-21T13-44-53.382689.json,117292,0.117,0.000117
C_efficiency_evolution/detailed_results/ZeroXClem_Qwen2.5-7B-HomerAnvita-NerdMix/results_2024-11-22T00-34-20.371295.json,117349,0.117,0.000117
C_efficiency_evolution/detailed_results/abacusai_Liberated-Qwen1.5-14B/results_2024-09-05T12-34-33.126455.json,119293,0.119,0.000119
C_efficiency_evolution/detailed_results/abacusai_bigyi-15b/results_2024-09-18T06-37-06.680694.json,118586,0.119,0.000119
C_efficiency_evolution/detailed_results/abideen_MedPhi-4-14B-v1/results_2025-01-13T23-03-42.989646.json,115070,0.115,0.000115
C_efficiency_evolution/detailed_results/agentlans_Llama3.1-8B-drill/results_2024-12-27T23-35-02.383650.json,115080,0.115,0.000115
C_efficiency_evolution/detailed_results/agentlans_Llama3.1-Daredevilish/results_2025-01-23T10-50-23.011610.json,115074,0.115,0.000115
C_efficiency_evolution/detailed_results/agentlans_Qwen2.5-0.5B-Instruct-CrashCourse-dropout/results_2025-01-01T06-48-50.303492.json,117231,0.117,0.000117
C_efficiency_evolution/detailed_results/akhadangi_Llama3.2.1B.0.01-First/results_2025-03-10T11-47-38.291006.json,113576,0.114,0.000114
C_efficiency_evolution/detailed_results/akhadangi_Llama3.2.1B.0.1-First/results_2025-03-10T11-38-49.477216.json,113581,0.114,0.000114
C_efficiency_evolution/detailed_results/akhadangi_Llama3.2.1B.BaseFiT/results_2025-03-10T11-54-29.662487.json,113539,0.114,0.000114
C_efficiency_evolution/detailed_results/allenai_Llama-3.1-Tulu-3-70B/results_2024-11-28T10-27-03.067415.json,115203,0.115,0.000115
C_efficiency_evolution/detailed_results/allenai_Llama-3.1-Tulu-3-8B-DPO/results_2024-11-22T10-05-59.254446.json,115244,0.115,0.000115
C_efficiency_evolution/detailed_results/allenai_Llama-3.1-Tulu-3-8B-RM/results_2024-11-22T10-23-40.491308.json,114877,0.115,0.000115
C_efficiency_evolution/detailed_results/allenai_Llama-3.1-Tulu-3-8B-SFT/results_2024-11-22T10-12-59.705361.json,115243,0.115,0.000115
C_efficiency_evolution/detailed_results/allknowingroger_Gemma2Slerp1-2.6B/results_2024-12-06T19-34-34.054813.json,114631,0.115,0.000115
C_efficiency_evolution/detailed_results/allknowingroger_Gemma2Slerp1-27B/results_2024-12-06T21-29-35.095408.json,114638,0.115,0.000115
C_efficiency_evolution/detailed_results/allknowingroger_Gemma2Slerp2-27B/results_2024-12-06T21-42-19.850532.json,114626,0.115,0.000115
C_efficiency_evolution/detailed_results/allknowingroger_Gemma2Slerp4-27B/results_2024-12-06T21-42-08.193662.json,114631,0.115,0.000115
C_efficiency_evolution/detailed_results/allknowingroger_GemmaSlerp5-10B/results_2024-11-22T21-11-53.068712.json,114627,0.115,0.000115
C_efficiency_evolution/detailed_results/allknowingroger_GemmaStock1-27B/results_2024-12-06T21-32-03.119459.json,114626,0.115,0.000115
C_efficiency_evolution/detailed_results/allknowingroger_Llama3.1-60B/results_2024-10-11T14-34-09.525837.json,118269,0.118,0.000118
C_efficiency_evolution/detailed_results/allknowingroger_MistralPhi3-11B/results_2024-09-03T06-29-04.715113.json,118228,0.118,0.000118
C_efficiency_evolution/detailed_results/allknowingroger_Mistralmash2-7B-s/results_2024-09-03T06-57-24.156090.json,118605,0.119,0.000119
C_efficiency_evolution/detailed_results/allknowingroger_Phi3mash1-17B-pass/results_2024-09-03T06-44-10.031807.json,118256,0.118,0.000118
C_efficiency_evolution/detailed_results/allknowingroger_Qwen2.5-42B-AGI/results_2024-10-22T00-42-05.989075.json,118270,0.118,0.000118
C_efficiency_evolution/detailed_results/allknowingroger_Qwen2.5-7B-task3/results_2024-11-06T18-32-30.118491.json,114659,0.115,0.000115
C_efficiency_evolution/detailed_results/allknowingroger_Qwen2.5-7B-task4/results_2024-11-06T18-31-18.397337.json,114669,0.115,0.000115
C_efficiency_evolution/detailed_results/allknowingroger_QwenSlerp12-7B/results_2024-11-22T20-03-47.750767.json,114638,0.115,0.000115
C_efficiency_evolution/detailed_results/allknowingroger_QwenSlerp4-14B/results_2024-12-06T19-49-12.629259.json,114641,0.115,0.000115
C_efficiency_evolution/detailed_results/allknowingroger_QwenSlerp6-14B/results_2024-12-06T19-39-20.271977.json,114647,0.115,0.000115
C_efficiency_evolution/detailed_results/allknowingroger_QwenStock1-14B/results_2024-12-06T20-08-10.157704.json,114625,0.115,0.000115
C_efficiency_evolution/detailed_results/allknowingroger_QwenStock2-14B/results_2024-12-06T20-07-24.006733.json,114628,0.115,0.000115
C_efficiency_evolution/detailed_results/allknowingroger_Qwenslerp3-14B/results_2024-10-21T20-32-17.784584.json,118594,0.119,0.000119
C_efficiency_evolution/detailed_results/allknowingroger_Qwenslerp3-7B/results_2024-11-06T18-37-23.836740.json,114655,0.115,0.000115
C_efficiency_evolution/detailed_results/allknowingroger_ROGERphi-7B-slerp/results_2024-08-13T08-08-29.741245.json,118606,0.119,0.000119
C_efficiency_evolution/detailed_results/allknowingroger_Rombos-LLM-V2.5-Qwen-42b/results_2024-10-29T06-38-37.491206.json,118285,0.118,0.000118
C_efficiency_evolution/detailed_results/allknowingroger_Yi-1.5-34B/results_2024-10-29T01-57-59.713822.json,118214,0.118,0.000118
C_efficiency_evolution/detailed_results/allknowingroger_Yislerp-34B/results_2024-09-21T13-56-11.768462.json,118584,0.119,0.000119
C_efficiency_evolution/detailed_results/allknowingroger_Yislerp2-34B/results_2024-09-27T23-49-27.470228.json,118575,0.119,0.000119
C_efficiency_evolution/detailed_results/allura-org_Mistral-Small-24b-Sertraline-0304/results_2025-03-05T17-04-59.040521.json,113957,0.114,0.000114
C_efficiency_evolution/detailed_results/amazon_MegaBeam-Mistral-7B-300k/results_2024-10-07T13-52-28.283899.json,119126,0.119,0.000119
C_efficiency_evolution/detailed_results/anakin87_gemma-2b-orpo/results_2024-07-29T09-00-07.856925.json,118939,0.119,0.000119
C_efficiency_evolution/detailed_results/arcee-ai_Llama-3.1-SuperNova-Lite/results_2024-09-18T15-23-41.201451.json,119049,0.119,0.000119
C_efficiency_evolution/detailed_results/asharsha30_LLAMA_Harsha_8_B_ORDP_10k/results_2024-12-02T04-58-31.780769.json,114956,0.115,0.000115
C_efficiency_evolution/detailed_results/awnr_Mistral-7B-v0.1-signtensors-1-over-4/results_2024-07-22T12-11-38.418833.json,117939,0.118,0.000118
C_efficiency_evolution/detailed_results/axolotl-ai-co_romulus-mistral-nemo-12b-simpo/results_2024-07-26T17-54-00.090079.json,118921,0.119,0.000119
C_efficiency_evolution/detailed_results/bedio_DistMerge_Llama-3.1-8B-Instruct/results_2024-09-12T00-20-16.819235.json,118648,0.119,0.000119
C_efficiency_evolution/detailed_results/bigscience_bloom-1b1/results_2024-06-16T21-45-03.222205.json,119924,0.120,0.000120
C_efficiency_evolution/detailed_results/bosonai_Higgs-Llama-3-70B/results_2024-10-06T02-29-41.562725.json,119058,0.119,0.000119
C_efficiency_evolution/detailed_results/braindao_DeepSeek-R1-Distill-Qwen-1.5B-Blunt/results_2025-02-23T21-30-24.799148.json,115925,0.116,0.000116
C_efficiency_evolution/detailed_results/braindao_DeepSeek-R1-Distill-Qwen-14B-Blunt-Uncensored-Blunt/results_2025-03-03T22-23-13.808613.json,115987,0.116,0.000116
C_efficiency_evolution/detailed_results/braindao_DeepSeek-R1-Distill-Qwen-14B-Blunt-Uncensored/results_2025-03-06T14-15-38.238783.json,115952,0.116,0.000116
C_efficiency_evolution/detailed_results/braindao_DeepSeek-R1-Distill-Qwen-14B-Blunt/results_2025-03-03T22-24-01.916394.json,115932,0.116,0.000116
C_efficiency_evolution/detailed_results/braindao_DeepSeek-R1-Distill-Qwen-7B-Reflective/results_2025-03-03T20-24-38.352295.json,115932,0.116,0.000116
C_efficiency_evolution/detailed_results/braindao_Qwen2.5-14B/results_2025-03-06T09-37-30.014109.json,116084,0.116,0.000116
C_efficiency_evolution/detailed_results/bunnycore_FuseCyberMix-Qwen-2.5-7B-Instruct/results_2024-12-20T09-17-49.550984.json,117122,0.117,0.000117
C_efficiency_evolution/detailed_results/bunnycore_Gemma2-9B-TitanFusion/results_2025-02-19T15-04-16.854720.json,114166,0.114,0.000114
C_efficiency_evolution/detailed_results/bunnycore_HyperLlama-3.1-8B/results_2024-09-07T00-47-53.210821.json,123511,0.124,0.000124
C_efficiency_evolution/detailed_results/bunnycore_Llama-3.1-8B-TitanFusion-v3/results_2024-09-27T16-43-14.678628.json,118651,0.119,0.000119
C_efficiency_evolution/detailed_results/bunnycore_Llama-3.2-3B-Deep-Test/results_2025-01-01T18-12-28.548987.json,118387,0.118,0.000118
C_efficiency_evolution/detailed_results/bunnycore_Llama-3.2-3B-Della/results_2025-01-20T06-12-21.388884.json,118764,0.119,0.000119
C_efficiency_evolution/detailed_results/bunnycore_Llama-3.2-3B-Long-Think/results_2024-10-24T00-00-00.000000.json,122726,0.123,0.000123
C_efficiency_evolution/detailed_results/bunnycore_Llama-3.2-3B-Mix-Skill/results_2024-10-28T14-55-48.361579.json,122670,0.123,0.000123
C_efficiency_evolution/detailed_results/bunnycore_Llama-3.2-3B-ProdigyPlus/results_2024-10-25T19-54-51.799388.json,122719,0.123,0.000123
C_efficiency_evolution/detailed_results/bunnycore_Llama-3.2-3B-ToxicKod/results_2025-03-10T22-39-13.540337.json,117610,0.118,0.000118
C_efficiency_evolution/detailed_results/bunnycore_Phi-3.5-mini-TitanFusion-0.1/results_2024-10-15T16-43-12.313024.json,119126,0.119,0.000119
C_efficiency_evolution/detailed_results/bunnycore_Phi-4-Model-Stock-v4/results_2025-01-25T10-05-56.730634.json,115162,0.115,0.000115
C_efficiency_evolution/detailed_results/bunnycore_Phi-4-RP-v0/results_2025-01-14T02-53-40.099872.json,115061,0.115,0.000115
C_efficiency_evolution/detailed_results/bunnycore_Phi-4-RR-Shoup/results_2025-02-02T12-54-45.987972.json,115106,0.115,0.000115
C_efficiency_evolution/detailed_results/bunnycore_Phi-4-ReasoningRP/results_2025-01-28T13-39-38.811621.json,115160,0.115,0.000115
C_efficiency_evolution/detailed_results/bunnycore_Phi-4-Sce-exp-v0.1/results_2025-02-07T16-42-39.879750.json,115141,0.115,0.000115
C_efficiency_evolution/detailed_results/bunnycore_Phi-4-Stock-Ex/results_2025-01-16T19-58-42.857768.json,115156,0.115,0.000115
C_efficiency_evolution/detailed_results/bunnycore_Phi-4-Stock-RP/results_2025-01-13T18-58-31.199413.json,115135,0.115,0.000115
C_efficiency_evolution/detailed_results/bunnycore_Phi-4-Trim-Exp1/results_2025-02-18T15-28-01.718723.json,113920,0.114,0.000114
C_efficiency_evolution/detailed_results/bunnycore_Qwen-2.5-7B-Deep-Stock-v1/results_2025-01-25T12-15-50.445689.json,117262,0.117,0.000117
C_efficiency_evolution/detailed_results/bunnycore_Qwen-2.5-7B-Deep-Stock-v5/results_2025-02-18T17-48-11.735090.json,116138,0.116,0.000116
C_efficiency_evolution/detailed_results/bunnycore_Qwen-2.5-7B-Exp-Sce/results_2025-02-18T20-49-55.995211.json,116110,0.116,0.000116
C_efficiency_evolution/detailed_results/bunnycore_Qwen-2.5-7b-S1k/results_2025-02-24T22-40-58.147391.json,116181,0.116,0.000116
C_efficiency_evolution/detailed_results/bunnycore_Qwen2.5-1.5B-Model-Stock/results_2025-02-28T19-58-44.405602.json,115871,0.116,0.000116
C_efficiency_evolution/detailed_results/bunnycore_Qwen2.5-3B-Model-Stock-v2/results_2025-01-15T21-40-54.951808.json,117001,0.117,0.000117
C_efficiency_evolution/detailed_results/bunnycore_Qwen2.5-3B-Model-Stock-v3.2/results_2025-02-26T09-09-35.582526.json,116219,0.116,0.000116
C_efficiency_evolution/detailed_results/bunnycore_Qwen2.5-3B-Model-Stock-v4.1/results_2025-02-28T20-09-24.661001.json,116236,0.116,0.000116
C_efficiency_evolution/detailed_results/bunnycore_Qwen2.5-3B-RP-Mix/results_2024-10-23T17-42-13.231593.json,121261,0.121,0.000121
C_efficiency_evolution/detailed_results/bunnycore_Qwen2.5-7B-Instruct-Fusion/results_2024-11-06T17-58-12.254186.json,117265,0.117,0.000117
C_efficiency_evolution/detailed_results/bunnycore_Qwen2.5-7B-MixStock-Sce-V0.3/results_2025-02-19T14-26-51.712601.json,116163,0.116,0.000116
C_efficiency_evolution/detailed_results/bunnycore_Qwen2.5-7B-MixStock-V0.1/results_2025-02-05T19-27-09.819898.json,117278,0.117,0.000117
C_efficiency_evolution/detailed_results/bunnycore_Qwen2.5-7B-R1-Bespoke-Stock/results_2025-01-25T06-59-40.273507.json,117024,0.117,0.000117
C_efficiency_evolution/detailed_results/bunnycore_Qwen2.5-7B-R1-Bespoke-Task/results_2025-01-25T06-55-46.740522.json,117025,0.117,0.000117
C_efficiency_evolution/detailed_results/bunnycore_Qwen2.5-7B-Sky-R1-Mini/results_2025-02-19T15-06-20.141651.json,113549,0.114,0.000114
C_efficiency_evolution/detailed_results/bunnycore_Smol-Llama-3.2-3B/results_2024-12-29T21-03-54.900088.json,118721,0.119,0.000119
C_efficiency_evolution/detailed_results/byroneverson_Mistral-Small-Instruct-2409-abliterated/results_2024-10-15T19-32-32.570391.json,122854,0.123,0.000123
C_efficiency_evolution/detailed_results/byroneverson_Yi-1.5-9B-Chat-abliterated/results_2024-09-18T14-49-52.560572.json,119139,0.119,0.000119
C_efficiency_evolution/detailed_results/carsenk_phi3.5_mini_exp_825_uncensored/results_2024-09-02T23-26-41.313457.json,119154,0.119,0.000119
C_efficiency_evolution/detailed_results/cat-searcher_gemma-2-9b-it-sppo-iter-1/results_2024-08-13T03-41-28.069452.json,118936,0.119,0.000119
C_efficiency_evolution/detailed_results/cckm_tinymistral_950m/results_2025-01-13T21-36-28.245477.json,114440,0.114,0.000114
C_efficiency_evolution/detailed_results/chujiezheng_Mistral7B-PairRM-SPPO-ExPO/results_2024-09-22T08-23-37.171869.json,119059,0.119,0.000119
C_efficiency_evolution/detailed_results/cloudyu_Llama-3-70Bx2-MOE/results_2024-07-27T07-27-59.261852.json,118619,0.119,0.000119
C_efficiency_evolution/detailed_results/cognitivecomputations_Dolphin3.0-Qwen2.5-0.5B/results_2025-03-03T13-08-49.788475.json,116188,0.116,0.000116
C_efficiency_evolution/detailed_results/cognitivecomputations_Dolphin3.0-R1-Mistral-24B/results_2025-02-07T18-14-36.451324.json,115039,0.115,0.000115
C_efficiency_evolution/detailed_results/cognitivecomputations_dolphin-2.9-llama3-8b/results_2024-06-16T19-05-03.780835.json,121599,0.122,0.000122
C_efficiency_evolution/detailed_results/cognitivecomputations_dolphin-2.9.1-llama-3-70b/results_2024-10-05T20-41-16.262145.json,119060,0.119,0.000119
C_efficiency_evolution/detailed_results/cognitivecomputations_dolphin-2.9.1-yi-1.5-9b/results_2024-08-12T11-27-37.056736.json,119024,0.119,0.000119
C_efficiency_evolution/detailed_results/cognitivecomputations_dolphin-2.9.3-mistral-7B-32k/results_2024-07-22T09-19-12.455984.json,119021,0.119,0.000119
C_efficiency_evolution/detailed_results/cognitivecomputations_dolphin-2.9.4-gemma2-2b/results_2024-09-01T05-44-15.827438.json,118976,0.119,0.000119
C_efficiency_evolution/detailed_results/cognitivecomputations_dolphin-2.9.4-llama3.1-8b/results_2024-08-31T20-29-37.223117.json,118896,0.119,0.000119
C_efficiency_evolution/detailed_results/cstr_llama3.1-8b-spaetzle-v90/results_2024-09-16T04-03-46.320177.json,123513,0.124,0.000124
C_efficiency_evolution/detailed_results/deepseek-ai_DeepSeek-R1-Distill-Llama-8B/results_2025-01-20T21-34-30.383569.json,116688,0.117,0.000117
C_efficiency_evolution/detailed_results/deepseek-ai_DeepSeek-R1-Distill-Qwen-1.5B/results_2025-01-20T22-52-38.383912.json,116706,0.117,0.000117
C_efficiency_evolution/detailed_results/deepseek-ai_DeepSeek-R1-Distill-Qwen-7B/results_2025-01-20T22-51-25.465135.json,116708,0.117,0.000117
C_efficiency_evolution/detailed_results/deepseek-ai_deepseek-llm-7b-base/results_2024-06-17T16-08-00.757449.json,120034,0.120,0.000120
C_efficiency_evolution/detailed_results/deepseek-ai_deepseek-moe-16b-base/results_2024-06-17T15-10-41.581210.json,120104,0.120,0.000120
C_efficiency_evolution/detailed_results/dnhkng_RYS-Llama-3-8B-Instruct/results_2024-08-12T19-09-35.366165.json,119125,0.119,0.000119
C_efficiency_evolution/detailed_results/dnhkng_RYS-Llama-3-Large-Instruct/results_2024-08-13T00-58-36.953051.json,119110,0.119,0.000119
C_efficiency_evolution/detailed_results/dnhkng_RYS-Llama-3.1-8B-Instruct/results_2024-09-02T22-11-07.496089.json,123521,0.124,0.000124
C_efficiency_evolution/detailed_results/duyhv1411_Llama-3.2-3B-en-vi/results_2025-03-06T15-14-49.975526.json,117765,0.118,0.000118
C_efficiency_evolution/detailed_results/dwikitheduck_gemma-2-2b-id-inst/results_2024-11-25T00-09-52.794752.json,115166,0.115,0.000115
C_efficiency_evolution/detailed_results/ehristoforu_Gemma2-9B-it-psy10k-mental_health/results_2024-08-13T06-16-47.307542.json,119301,0.119,0.000119
C_efficiency_evolution/detailed_results/ehristoforu_Gemma2-9b-it-train6/results_2024-08-13T06-07-44.550913.json,119236,0.119,0.000119
C_efficiency_evolution/detailed_results/ehristoforu_QwenQwen2.5-7B-IT/results_2025-02-01T10-51-49.455261.json,116972,0.117,0.000117
C_efficiency_evolution/detailed_results/ehristoforu_coolqwen-3b-it/results_2025-01-06T11-19-50.562735.json,116975,0.117,0.000117
C_efficiency_evolution/detailed_results/ehristoforu_qwen2.5-test-32b-it/results_2025-02-03T22-53-55.289898.json,117336,0.117,0.000117
C_efficiency_evolution/detailed_results/ehristoforu_rufalcon3-3b-it/results_2025-01-06T10-46-25.510674.json,115251,0.115,0.000115
C_efficiency_evolution/detailed_results/ehristoforu_ruphi-4b/results_2025-01-06T10-48-51.382397.json,114779,0.115,0.000115
C_efficiency_evolution/detailed_results/ell44ot_gemma-2b-def/results_2024-11-28T07-07-27.154882.json,114585,0.115,0.000115
C_efficiency_evolution/detailed_results/ewre324_Thinker-Qwen2.5-0.5B-Instruct-Reasoning/results_2025-01-08T03-30-46.210771.json,114628,0.115,0.000115
C_efficiency_evolution/detailed_results/facebook_opt-1.3b/results_2024-06-17T13-53-58.344286.json,119985,0.120,0.000120
C_efficiency_evolution/detailed_results/facebook_opt-30b/results_2024-06-17T17-08-46.250569.json,120029,0.120,0.000120
C_efficiency_evolution/detailed_results/failspy_Meta-Llama-3-70B-Instruct-abliterated-v3.5/results_2024-09-02T23-54-59.562583.json,119133,0.119,0.000119
C_efficiency_evolution/detailed_results/failspy_Phi-3-medium-4k-instruct-abliterated-v3/results_2024-07-30T04-20-55.435914.json,118972,0.119,0.000119
C_efficiency_evolution/detailed_results/fhai50032_Unaligned-Thinker-PHI-4/results_2025-01-17T21-33-15.880671.json,114665,0.115,0.000115
C_efficiency_evolution/detailed_results/flammenai_Mahou-1.2a-mistral-7B/results_2024-08-13T08-47-02.760508.json,118627,0.119,0.000119
C_efficiency_evolution/detailed_results/flammenai_Mahou-1.5-mistral-nemo-12B/results_2024-10-07T04-22-59.176979.json,118967,0.119,0.000119
C_efficiency_evolution/detailed_results/fluently-lm_Llama-TI-8B-Instruct/results_2025-01-16T20-38-11.058635.json,119563,0.120,0.000120
C_efficiency_evolution/detailed_results/fluently-lm_Llama-TI-8B/results_2024-12-07T20-23-25.091439.json,114666,0.115,0.000115
C_efficiency_evolution/detailed_results/fluently-sets_FalconThink3-10B-IT/results_2024-12-29T19-40-47.934216.json,116590,0.117,0.000117
C_efficiency_evolution/detailed_results/freewheelin_free-evo-qwen72b-v0.8-re/results_2024-10-05T14-32-52.988483.json,118630,0.119,0.000119
C_efficiency_evolution/detailed_results/fulim_FineLlama-3.1-8B/results_2024-12-18T04-47-10.406336.json,114678,0.115,0.000115
C_efficiency_evolution/detailed_results/gaverfraxz_Meta-Llama-3.1-8B-Instruct-HalfAbliterated-DELLA/results_2024-09-28T01-30-12.053735.json,118711,0.119,0.000119
C_efficiency_evolution/detailed_results/gaverfraxz_Meta-Llama-3.1-8B-Instruct-HalfAbliterated-TIES/results_2024-09-19T08-18-53.778310.json,119119,0.119,0.000119
C_efficiency_evolution/detailed_results/gbueno86_Brinebreath-Llama-3.1-70B/results_2024-09-03T03-48-42.670969.json,119055,0.119,0.000119
C_efficiency_evolution/detailed_results/gmonsoon_gemma2-9b-sahabatai-v1-instruct-BaseTIES/results_2024-11-20T02-23-13.828344.json,115344,0.115,0.000115
C_efficiency_evolution/detailed_results/godlikehhd_ifd_new_correct_all_sample_2500_qwen/results_2024-12-31T09-00-40.891610.json,114702,0.115,0.000115
C_efficiency_evolution/detailed_results/godlikehhd_ifd_new_qwen_2500/results_2024-12-31T04-09-10.782723.json,114647,0.115,0.000115
C_efficiency_evolution/detailed_results/godlikehhd_qwen-2.5-1.5b-cherry/results_2024-12-29T15-12-23.640073.json,114649,0.115,0.000115
C_efficiency_evolution/detailed_results/google_codegemma-1.1-2b/results_2024-08-13T09-01-51.651456.json,118440,0.118,0.000118
C_efficiency_evolution/detailed_results/google_gemma-1.1-2b-it/results_2024-06-17T09-00-56.334963.json,120597,0.121,0.000121
C_efficiency_evolution/detailed_results/google_gemma-2-27b-it/results_2024-08-26T14-00-19.311199.json,119067,0.119,0.000119
C_efficiency_evolution/detailed_results/google_gemma-2-2b-it/results_2024-07-29T16-25-50.870458.json,118968,0.119,0.000119
C_efficiency_evolution/detailed_results/google_gemma-2-2b-jpn-it/results_2024-10-11T13-51-38.420715.json,118544,0.119,0.000119
C_efficiency_evolution/detailed_results/google_gemma-2-2b/results_2024-07-29T16-38-17.664954.json,118490,0.118,0.000118
C_efficiency_evolution/detailed_results/google_gemma-7b-it/results_2024-06-16T15-52-57.979737.json,77814,0.078,0.000078
C_efficiency_evolution/detailed_results/google_recurrentgemma-9b-it/results_2024-07-05T20-12-40.169257.json,118914,0.119,0.000119
C_efficiency_evolution/detailed_results/google_recurrentgemma-9b/results_2024-07-04T22-34-03.508539.json,118254,0.118,0.000118
C_efficiency_evolution/detailed_results/grimjim_DeepSauerHuatuoSkywork-R1-o1-Llama-3.1-8B/results_2025-02-01T09-55-26.563110.json,114736,0.115,0.000115
C_efficiency_evolution/detailed_results/grimjim_Gigantes-v2-gemma2-9b-it/results_2024-12-29T16-40-54.211241.json,114568,0.115,0.000115
C_efficiency_evolution/detailed_results/grimjim_Gigantes-v3-gemma2-9b-it/results_2024-12-29T22-04-51.345542.json,114580,0.115,0.000115
C_efficiency_evolution/detailed_results/grimjim_HuatuoSkywork-o1-Llama-3.1-8B/results_2025-01-06T12-09-54.318043.json,114692,0.115,0.000115
C_efficiency_evolution/detailed_results/grimjim_Llama-3-Instruct-8B-SPPO-Iter3-SimPO-merge/results_2024-08-12T16-20-28.765484.json,118731,0.119,0.000119
C_efficiency_evolution/detailed_results/grimjim_Llama-3.1-Bonsaikraft-8B-Instruct/results_2025-01-25T04-57-46.509667.json,114704,0.115,0.000115
C_efficiency_evolution/detailed_results/grimjim_Llama-Nephilim-Metamorphosis-v2-8B/results_2025-01-02T22-56-26.602076.json,114721,0.115,0.000115
C_efficiency_evolution/detailed_results/grimjim_Magot-v2-Gemma2-8k-9B/results_2024-12-30T14-09-02.992490.json,114265,0.114,0.000114
C_efficiency_evolution/detailed_results/grimjim_llama-3-Nephilim-v2-8B/results_2024-09-18T15-30-41.248227.json,118637,0.119,0.000119
C_efficiency_evolution/detailed_results/grimjim_llama-3-Nephilim-v2.1-8B/results_2024-09-18T15-31-10.573478.json,118649,0.119,0.000119
C_efficiency_evolution/detailed_results/grimjim_llama-3-Nephilim-v3-8B/results_2024-09-02T21-29-15.009684.json,118618,0.119,0.000119
C_efficiency_evolution/detailed_results/gz987_qwen2.5-7b-cabs-v0.4/results_2025-02-18T15-56-13.630751.json,116189,0.116,0.000116
C_efficiency_evolution/detailed_results/hotmailuser_FalconSlerp2-7B/results_2024-12-23T14-32-27.002312.json,114591,0.115,0.000115
C_efficiency_evolution/detailed_results/hotmailuser_FalconSlerp3-7B/results_2024-12-23T14-31-56.117330.json,114609,0.115,0.000115
C_efficiency_evolution/detailed_results/hotmailuser_Gemma2Crono-27B/results_2024-12-04T04-36-27.482016.json,114622,0.115,0.000115
C_efficiency_evolution/detailed_results/hotmailuser_Gemma2atlas-27B/results_2024-12-02T06-39-45.019030.json,114629,0.115,0.000115
C_efficiency_evolution/detailed_results/hotmailuser_Llama-Hermes-slerp-8B/results_2024-12-23T15-03-34.457004.json,114646,0.115,0.000115
C_efficiency_evolution/detailed_results/hotmailuser_LlamaStock-8B/results_2025-01-08T14-58-46.780812.json,114669,0.115,0.000115
C_efficiency_evolution/detailed_results/hotmailuser_Qwen2.5-HomerSlerp-7B/results_2024-12-07T17-49-11.339082.json,114643,0.115,0.000115
C_efficiency_evolution/detailed_results/hotmailuser_QwenSlerp-14B/results_2025-01-08T15-42-43.646675.json,114630,0.115,0.000115
C_efficiency_evolution/detailed_results/hotmailuser_QwenSlerp-7B/results_2024-12-23T12-45-04.291866.json,114647,0.115,0.000115
C_efficiency_evolution/detailed_results/hotmailuser_QwenSlerp2-14B/results_2025-01-08T15-19-32.893685.json,114631,0.115,0.000115
C_efficiency_evolution/detailed_results/hotmailuser_QwenSparse-7B/results_2025-01-08T14-15-37.706847.json,114292,0.114,0.000114
C_efficiency_evolution/detailed_results/hotmailuser_QwenStock-1.7B/results_2025-01-08T14-37-07.779979.json,114661,0.115,0.000115
C_efficiency_evolution/detailed_results/hotmailuser_QwenStock1-14B/results_2025-01-08T15-38-22.540908.json,114621,0.115,0.000115
C_efficiency_evolution/detailed_results/huihui-ai_DeepSeek-R1-Distill-Qwen-14B-abliterated-v2/results_2025-01-29T05-41-09.046383.json,116733,0.117,0.000117
C_efficiency_evolution/detailed_results/iFaz_llama31_8B_en_emo_v4/results_2025-02-28T20-05-25.513225.json,118471,0.118,0.000118
C_efficiency_evolution/detailed_results/iFaz_llama32_1B_en_emo_v1/results_2025-01-14T15-27-35.797200.json,119362,0.119,0.000119
C_efficiency_evolution/detailed_results/iFaz_llama32_3B_en_emo_2000_stp/results_2025-03-07T12-22-43.575886.json,118389,0.118,0.000118
C_efficiency_evolution/detailed_results/iFaz_llama32_3B_en_emo_300_stp/results_2025-03-07T10-26-09.297087.json,118380,0.118,0.000118
C_efficiency_evolution/detailed_results/iFaz_llama32_3B_en_emo_5000_stp/results_2025-03-08T13-11-39.019377.json,118405,0.118,0.000118
C_efficiency_evolution/detailed_results/iFaz_llama32_3B_en_emo_v3/results_2025-02-28T06-09-36.993032.json,118394,0.118,0.000118
C_efficiency_evolution/detailed_results/ifable_gemma-2-Ifable-9B/results_2024-09-27T17-11-40.930590.json,118498,0.118,0.000118
C_efficiency_evolution/detailed_results/jayasuryajsk_Qwen2.5-3B-reasoner/results_2025-02-18T19-05-53.560318.json,113508,0.114,0.000114
C_efficiency_evolution/detailed_results/jebish7_Llama-3-Nanda-10B-Chat/results_2025-02-18T16-16-25.862303.json,113575,0.114,0.000114
C_efficiency_evolution/detailed_results/jebish7_Llama-3.1-8B-Instruct/results_2025-02-06T12-17-02.420246.json,114655,0.115,0.000115
C_efficiency_evolution/detailed_results/jebish7_gemma-2-9b-it/results_2025-02-06T20-01-35.038625.json,114537,0.115,0.000115
C_efficiency_evolution/detailed_results/jeffmeloy_Qwen2.5-7B-minperplexity-2/results_2024-12-03T20-09-20.636372.json,115248,0.115,0.000115
C_efficiency_evolution/detailed_results/jeffmeloy_Qwen2.5-7B-nerd-uncensored-v0.9/results_2024-11-13T03-54-51.081772.json,114690,0.115,0.000115
C_efficiency_evolution/detailed_results/jeffmeloy_Qwen2.5-7B-nerd-uncensored-v1.0/results_2024-11-14T12-55-04.681817.json,117433,0.117,0.000117
C_efficiency_evolution/detailed_results/jeffmeloy_Qwen2.5-7B-nerd-uncensored-v1.1/results_2024-11-10T05-48-20.418763.json,117602,0.118,0.000118
C_efficiency_evolution/detailed_results/jeffmeloy_Qwen2.5-7B-nerd-uncensored-v1.2/results_2024-11-10T05-48-59.875913.json,114691,0.115,0.000115
C_efficiency_evolution/detailed_results/jeffmeloy_Qwen2.5-7B-nerd-uncensored-v1.3/results_2024-11-10T05-52-36.690886.json,114689,0.115,0.000115
C_efficiency_evolution/detailed_results/jeffmeloy_Qwen2.5-7B-nerd-uncensored-v1.5/results_2024-11-20T01-39-50.321433.json,114689,0.115,0.000115
C_efficiency_evolution/detailed_results/jeffmeloy_Qwen2.5-7B-olm-v1.2/results_2025-01-01T22-43-57.626039.json,114646,0.115,0.000115
C_efficiency_evolution/detailed_results/jeffmeloy_Qwen2.5-7B-olm-v1.3/results_2025-01-18T04-41-41.249302.json,114638,0.115,0.000115
C_efficiency_evolution/detailed_results/jeffmeloy_Qwen2.5-7B-olm-v1.5/results_2025-02-27T09-43-53.906040.json,113528,0.114,0.000114
C_efficiency_evolution/detailed_results/jiangxinyang-shanda_Homer-LLama3-8B/results_2024-11-10T09-58-15.357580.json,115348,0.115,0.000115
C_efficiency_evolution/detailed_results/jlzhou_Qwen2.5-3B-Infinity-Instruct-0625/results_2025-02-07T16-35-38.330845.json,117231,0.117,0.000117
C_efficiency_evolution/detailed_results/johnsutor_Llama-3-8B-Instruct_breadcrumbs-density-0.1-gamma-0.01/results_2024-07-22T11-05-35.403491.json,118736,0.119,0.000119
C_efficiency_evolution/detailed_results/johnsutor_Llama-3-8B-Instruct_breadcrumbs-density-0.1-gamma-0.1/results_2024-07-25T22-26-52.820949.json,118730,0.119,0.000119
C_efficiency_evolution/detailed_results/johnsutor_Llama-3-8B-Instruct_breadcrumbs-density-0.5-gamma-0.01/results_2024-07-18T12-27-23.979317.json,118375,0.118,0.000118
C_efficiency_evolution/detailed_results/johnsutor_Llama-3-8B-Instruct_breadcrumbs-density-0.5-gamma-0.1/results_2024-07-25T17-44-56.707499.json,118728,0.119,0.000119
C_efficiency_evolution/detailed_results/johnsutor_Llama-3-8B-Instruct_breadcrumbs-density-0.7-gamma-0.01/results_2024-07-22T11-15-24.947259.json,118366,0.118,0.000118
C_efficiency_evolution/detailed_results/johnsutor_Llama-3-8B-Instruct_breadcrumbs-density-0.7-gamma-0.1/results_2024-07-22T10-53-11.821902.json,118698,0.119,0.000119
C_efficiency_evolution/detailed_results/johnsutor_Llama-3-8B-Instruct_breadcrumbs_ties-density-0.1-gamma-0.01/results_2024-07-22T10-53-56.880012.json,118743,0.119,0.000119
C_efficiency_evolution/detailed_results/johnsutor_Llama-3-8B-Instruct_breadcrumbs_ties-density-0.5-gamma-0.01/results_2024-07-26T05-39-04.636359.json,118651,0.119,0.000119
C_efficiency_evolution/detailed_results/johnsutor_Llama-3-8B-Instruct_breadcrumbs_ties-density-0.5-gamma-0.1/results_2024-07-25T17-23-23.363454.json,118718,0.119,0.000119
C_efficiency_evolution/detailed_results/johnsutor_Llama-3-8B-Instruct_breadcrumbs_ties-density-0.7-gamma-0.01/results_2024-07-25T21-50-59.490636.json,118635,0.119,0.000119
C_efficiency_evolution/detailed_results/johnsutor_Llama-3-8B-Instruct_breadcrumbs_ties-density-0.9-gamma-0.01/results_2024-07-25T21-10-19.778206.json,118385,0.118,0.000118
C_efficiency_evolution/detailed_results/johnsutor_Llama-3-8B-Instruct_breadcrumbs_ties-density-0.9-gamma-0.1/results_2024-07-22T11-17-36.167672.json,118737,0.119,0.000119
C_efficiency_evolution/detailed_results/johnsutor_Llama-3-8B-Instruct_linear/results_2024-07-26T05-49-40.770735.json,118651,0.119,0.000119
C_efficiency_evolution/detailed_results/johnsutor_Llama-3-8B-Instruct_ties-density-0.1/results_2024-07-26T04-03-34.116430.json,118683,0.119,0.000119
C_efficiency_evolution/detailed_results/johnsutor_Llama-3-8B-Instruct_ties-density-0.7/results_2024-07-26T03-41-46.435458.json,118677,0.119,0.000119
C_efficiency_evolution/detailed_results/kayfour_T3Q-Qwen2.5-7B-it-KOR-Safe/results_2025-02-24T23-12-05.080927.json,113522,0.114,0.000114
C_efficiency_evolution/detailed_results/keeeeenw_MicroLlama/results_2024-09-16T04-12-27.701485.json,118180,0.118,0.000118
C_efficiency_evolution/detailed_results/kevin009_llamaRAGdrama/results_2024-08-13T01-41-28.966642.json,120223,0.120,0.000120
C_efficiency_evolution/detailed_results/khoantap_llama-3-8b-stock-merge/results_2025-01-21T20-42-27.642353.json,114663,0.115,0.000115
C_efficiency_evolution/detailed_results/khoantap_llama-linear-0.5-0.5-1-merge/results_2025-01-21T16-21-35.674922.json,114697,0.115,0.000115
C_efficiency_evolution/detailed_results/khoantap_llama-linear-0.5-1-0.5-merge/results_2025-01-21T16-53-28.419235.json,114699,0.115,0.000115
C_efficiency_evolution/detailed_results/khoantap_llama-slerp-merge/results_2025-01-21T16-55-28.551903.json,114676,0.115,0.000115
C_efficiency_evolution/detailed_results/khulaifi95_Llama-3.1-8B-Reason-Blend-888k/results_2024-12-27T08-01-29.233950.json,119608,0.120,0.000120
C_efficiency_evolution/detailed_results/kms7530_chemeng_llama-3-8b-Instruct-bnb-4bit_24_1_100_1/results_2024-10-15T06-58-05.271446.json,119173,0.119,0.000119
C_efficiency_evolution/detailed_results/kms7530_chemeng_qwen-math-7b_24_1_100_1_nonmath/results_2024-11-22T02-26-03.950276.json,117407,0.117,0.000117
C_efficiency_evolution/detailed_results/langgptai_Qwen-las-v0.1/results_2024-09-14T05-01-27.615839.json,118966,0.119,0.000119
C_efficiency_evolution/detailed_results/langgptai_qwen1.5-7b-chat-sa-v0.1/results_2024-09-14T04-40-26.591950.json,119031,0.119,0.000119
C_efficiency_evolution/detailed_results/lars1234_Mistral-Small-24B-Instruct-2501-writer/results_2025-03-07T11-12-43.340060.json,113534,0.114,0.000114
C_efficiency_evolution/detailed_results/lemon07r_Gemma-2-Ataraxy-9B/results_2024-09-03T02-22-52.690100.json,118457,0.118,0.000118
C_efficiency_evolution/detailed_results/lemon07r_Gemma-2-Ataraxy-Advanced-9B/results_2024-10-02T04-48-56.751637.json,118417,0.118,0.000118
C_efficiency_evolution/detailed_results/lemon07r_Gemma-2-Ataraxy-v3j-9B/results_2024-10-09T12-11-13.469254.json,118367,0.118,0.000118
C_efficiency_evolution/detailed_results/lemon07r_Gemma-2-Ataraxy-v4-Advanced-9B/results_2024-10-15T17-45-28.399685.json,118615,0.119,0.000119
C_efficiency_evolution/detailed_results/lemon07r_Gemma-2-Ataraxy-v4b-9B/results_2024-10-23T19-06-41.963096.json,118588,0.119,0.000119
C_efficiency_evolution/detailed_results/lemon07r_Gemma-2-Ataraxy-v4c-9B/results_2024-10-16T19-20-43.025260.json,118579,0.119,0.000119
C_efficiency_evolution/detailed_results/lemon07r_Llama-3-RedMagic4-8B/results_2024-07-25T13-29-35.436402.json,118890,0.119,0.000119
C_efficiency_evolution/detailed_results/lemon07r_llama-3-NeuralMahou-8b/results_2024-08-13T08-55-19.395372.json,118924,0.119,0.000119
C_efficiency_evolution/detailed_results/lightblue_suzume-llama-3-8B-multilingual-orpo-borda-half/results_2024-07-25T14-17-45.167820.json,119162,0.119,0.000119
C_efficiency_evolution/detailed_results/lightblue_suzume-llama-3-8B-multilingual-orpo-borda-top25/results_2024-07-25T14-18-43.997470.json,119161,0.119,0.000119
C_efficiency_evolution/detailed_results/lightblue_suzume-llama-3-8B-multilingual/results_2024-08-12T10-41-49.479020.json,119113,0.119,0.000119
C_efficiency_evolution/detailed_results/lkoenig_BBAI_200_Gemma/results_2025-02-27T11-24-52.773192.json,113128,0.113,0.000113
C_efficiency_evolution/detailed_results/lkoenig_BBAI_456_QwenKoen/results_2025-03-01T16-19-14.615825.json,113509,0.114,0.000114
C_efficiency_evolution/detailed_results/lkoenig_BBAI_7B_KoenQwenDyan/results_2025-03-08T20-01-53.125995.json,113513,0.114,0.000114
C_efficiency_evolution/detailed_results/lkoenig_BBAI_7B_Qwen2.5koen/results_2025-03-01T17-02-53.917814.json,113497,0.113,0.000113
C_efficiency_evolution/detailed_results/lkoenig_BBAI_7B_QwenDyanKoenLo/results_2025-03-08T19-57-59.849642.json,113515,0.114,0.000114
C_efficiency_evolution/detailed_results/llmat_Mistral-v0.3-7B-ORPO/results_2024-08-12T12-37-49.752603.json,118830,0.119,0.000119
C_efficiency_evolution/detailed_results/magnifi_Phi3_intent_v56_3_w_unknown_5_lr_0.002/results_2025-03-10T21-31-33.519419.json,113729,0.114,0.000114
C_efficiency_evolution/detailed_results/maldv_badger-lambda-llama-3-8b/results_2024-07-18T22-08-35.167678.json,119055,0.119,0.000119
C_efficiency_evolution/detailed_results/marcuscedricridia_Hush-Qwen2.5-7B-MST-v1.3/results_2025-03-09T12-51-36.770537.json,116160,0.116,0.000116
C_efficiency_evolution/detailed_results/marcuscedricridia_Hush-Qwen2.5-7B-MST/results_2025-03-09T12-03-06.802478.json,116224,0.116,0.000116
C_efficiency_evolution/detailed_results/marcuscedricridia_Hush-Qwen2.5-7B-Preview/results_2025-03-07T02-14-20.812691.json,116144,0.116,0.000116
C_efficiency_evolution/detailed_results/marcuscedricridia_Hush-Qwen2.5-7B-RP-v1.4-1M/results_2025-03-10T18-54-33.706076.json,116145,0.116,0.000116
C_efficiency_evolution/detailed_results/marcuscedricridia_Hush-Qwen2.5-7B-v1.1/results_2025-03-08T14-26-26.531812.json,116117,0.116,0.000116
C_efficiency_evolution/detailed_results/marcuscedricridia_Hush-Qwen2.5-7B-v1.3/results_2025-03-08T18-53-52.937772.json,116127,0.116,0.000116
C_efficiency_evolution/detailed_results/marcuscedricridia_Qwen2.5-7B-Preview/results_2025-03-09T15-22-35.247692.json,116105,0.116,0.000116
C_efficiency_evolution/detailed_results/marcuscedricridia_Yell-Qwen2.5-7B-Preview-v1.1/results_2025-03-08T08-51-49.160851.json,116179,0.116,0.000116
C_efficiency_evolution/detailed_results/mattshumer_Reflection-Llama-3.1-70B/results_2024-09-09T18-34-06.815867.json,118637,0.119,0.000119
C_efficiency_evolution/detailed_results/meditsolutions_Llama-3.2-SUN-1B-chat/results_2024-11-06T17-51-53.110040.json,118775,0.119,0.000119
C_efficiency_evolution/detailed_results/meditsolutions_Llama-3.2-SUN-2.4B-checkpoint-34800/results_2024-10-05T13-51-49.717401.json,122805,0.123,0.000123
C_efficiency_evolution/detailed_results/meditsolutions_Llama-3.2-SUN-2.5B-chat/results_2024-10-24T00-00-00.000000.json,122698,0.123,0.000123
C_efficiency_evolution/detailed_results/meta-llama_Llama-2-13b-hf/results_2024-06-17T11-35-38.123827.json,120078,0.120,0.000120
C_efficiency_evolution/detailed_results/meta-llama_Llama-2-70b-chat-hf/results_2024-06-17T09-38-51.358362.json,121970,0.122,0.000122
C_efficiency_evolution/detailed_results/meta-llama_Llama-2-70b-hf/results_2024-06-17T14-10-55.365075.json,121146,0.121,0.000121
C_efficiency_evolution/detailed_results/meta-llama_Llama-2-7b-chat-hf/results_2024-06-17T15-57-01.774754.json,120995,0.121,0.000121
C_efficiency_evolution/detailed_results/meta-llama_Llama-3.1-70B-Instruct/results_2024-07-19T19-54-46.793254.json,118937,0.119,0.000119
C_efficiency_evolution/detailed_results/meta-llama_Llama-3.1-70B/results_2024-07-18T20-24-37.562222.json,118565,0.119,0.000119
C_efficiency_evolution/detailed_results/meta-llama_Llama-3.1-8B-Instruct/results_2025-02-06T09-49-35.437423.json,114657,0.115,0.000115
C_efficiency_evolution/detailed_results/meta-llama_Llama-3.2-1B/results_2024-09-23T09-45-37.626278.json,118419,0.118,0.000118
C_efficiency_evolution/detailed_results/meta-llama_Llama-3.2-3B-Instruct/results_2024-09-23T09-53-31.373398.json,118983,0.119,0.000119
C_efficiency_evolution/detailed_results/meta-llama_Meta-Llama-3-70B-Instruct/results_2024-06-19T08-22-58.348428.json,120553,0.121,0.000121
C_efficiency_evolution/detailed_results/meta-llama_Meta-Llama-3-70B/results_2024-06-17T10-04-04.013818.json,121180,0.121,0.000121
C_efficiency_evolution/detailed_results/meta-llama_Meta-Llama-3-8B-Instruct/results_2024-06-17T11-25-17.966751.json,120556,0.121,0.000121
C_efficiency_evolution/detailed_results/microsoft_Phi-3-medium-128k-instruct/results_2024-09-02T07-32-20.832197.json,118902,0.119,0.000119
C_efficiency_evolution/detailed_results/microsoft_Phi-3-medium-4k-instruct/results_2024-06-17T10-38-50.763081.json,120433,0.120,0.000120
C_efficiency_evolution/detailed_results/microsoft_Phi-3-mini-128k-instruct/results_2024-06-25T07-10-31.918768.json,120422,0.120,0.000120
C_efficiency_evolution/detailed_results/microsoft_Phi-4-mini-instruct/results_2025-02-28T12-41-07.003145.json,114023,0.114,0.000114
C_efficiency_evolution/detailed_results/microsoft_phi-1/results_2024-06-21T13-03-02.514754.json,120026,0.120,0.000120
C_efficiency_evolution/detailed_results/microsoft_phi-1_5/results_2024-06-17T10-46-09.252711.json,120001,0.120,0.000120
C_efficiency_evolution/detailed_results/microsoft_phi-4/results_2025-01-08T16-41-36.968588.json,114608,0.115,0.000115
C_efficiency_evolution/detailed_results/migtissera_Tess-3-Mistral-Nemo-12B/results_2024-09-03T12-01-51.063796.json,119013,0.119,0.000119
C_efficiency_evolution/detailed_results/minghaowu_Qwen1.5-1.8B-OpenHermes-2.5/results_2024-09-18T13-54-12.323880.json,118741,0.119,0.000119
C_efficiency_evolution/detailed_results/mistral-community_Mixtral-8x22B-v0.1/results_2025-02-13T18-27-04.338360.json,121475,0.121,0.000121
C_efficiency_evolution/detailed_results/mistralai_Codestral-22B-v0.1/results_2024-09-28T11-41-42.167336.json,119698,0.120,0.000120
C_efficiency_evolution/detailed_results/mistralai_Mistral-7B-Instruct-v0.1/results_2024-06-17T09-16-22.960059.json,120658,0.121,0.000121
C_efficiency_evolution/detailed_results/mistralai_Mistral-7B-Instruct-v0.3/results_2024-06-17T14-37-59.603167.json,120650,0.121,0.000121
C_efficiency_evolution/detailed_results/mistralai_Mistral-7B-v0.3/results_2024-06-16T16-00-54.042738.json,77185,0.077,0.000077
C_efficiency_evolution/detailed_results/mistralai_Mistral-Large-Instruct-2411/results_2024-11-20T12-25-36.264064.json,115044,0.115,0.000115
C_efficiency_evolution/detailed_results/mistralai_Mistral-Nemo-Instruct-2407/results_2024-07-19T11-53-04.051251.json,119593,0.120,0.000120
C_efficiency_evolution/detailed_results/mistralai_Mistral-Small-Instruct-2409/results_2024-09-19T10-04-43.281334.json,122728,0.123,0.000123
C_efficiency_evolution/detailed_results/mistralai_Mixtral-8x22B-Instruct-v0.1/results_2024-06-26T15-18-07.434042.json,121385,0.121,0.000121
C_efficiency_evolution/detailed_results/mistralai_Mixtral-8x22B-v0.1/results_2024-06-24T22-38-47.314637.json,120103,0.120,0.000120
C_efficiency_evolution/detailed_results/mistralai_Mixtral-8x7B-v0.1/results_2024-06-17T17-56-38.031288.json,120075,0.120,0.000120
C_efficiency_evolution/detailed_results/mkurman_llama-3.2-MEDIT-3B-o1/results_2025-01-08T00-40-26.314883.json,118739,0.119,0.000119
C_efficiency_evolution/detailed_results/mkurman_phi-4-MedIT-11B-exp-1/results_2025-01-13T20-26-24.993942.json,115117,0.115,0.000115
C_efficiency_evolution/detailed_results/mkxu_llama-3-8b-po1/results_2024-11-30T06-55-29.252571.json,114635,0.115,0.000115
C_efficiency_evolution/detailed_results/mlabonne_BigQwen2.5-52B-Instruct/results_2024-09-29T02-46-54.207954.json,121288,0.121,0.000121
C_efficiency_evolution/detailed_results/mlabonne_ChimeraLlama-3-8B-v2/results_2024-09-02T14-04-32.528223.json,118641,0.119,0.000119
C_efficiency_evolution/detailed_results/mlabonne_OrpoLlama-3-8B/results_2024-06-17T09-44-13.592676.json,120346,0.120,0.000120
C_efficiency_evolution/detailed_results/mlabonne_phixtral-2x2_8/results_2024-06-17T09-44-36.496962.json,120411,0.120,0.000120
C_efficiency_evolution/detailed_results/mlx-community_Josiefied-Qwen2.5-0.5B-Instruct-abliterated-v1-float32/results_2025-01-08T03-58-22.402554.json,119241,0.119,0.000119
C_efficiency_evolution/detailed_results/mlx-community_Mistral-Small-24B-Instruct-2501-bf16/results_2025-02-07T06-30-17.181165.json,114662,0.115,0.000115
C_efficiency_evolution/detailed_results/mmnga_Llama-3-70B-japanese-suzume-vector-v0.1/results_2024-09-29T00-30-29.453759.json,119121,0.119,0.000119
C_efficiency_evolution/detailed_results/mobiuslabsgmbh_DeepSeek-R1-ReDistill-Llama3-8B-v1.1/results_2025-02-18T17-01-07.249399.json,115948,0.116,0.000116
C_efficiency_evolution/detailed_results/mobiuslabsgmbh_DeepSeek-R1-ReDistill-Qwen-7B-v1.1/results_2025-02-18T17-47-32.642827.json,115943,0.116,0.000116
C_efficiency_evolution/detailed_results/monsterapi_Llama-3_1-8B-Instruct-orca-ORPO/results_2024-09-13T23-58-00.534893.json,123220,0.123,0.000123
C_efficiency_evolution/detailed_results/monsterapi_gemma-2-2b-LoRA-MonsterInstruct/results_2024-08-13T06-06-06.413253.json,119267,0.119,0.000119
C_efficiency_evolution/detailed_results/mukaj_Llama-3.1-Hawkish-8B/results_2024-12-18T08-18-26.443505.json,119503,0.120,0.000120
C_efficiency_evolution/detailed_results/natong19_Mistral-Nemo-Instruct-2407-abliterated/results_2024-09-23T16-03-15.478274.json,122686,0.123,0.000123
C_efficiency_evolution/detailed_results/natong19_Qwen2-7B-Instruct-abliterated/results_2024-07-30T07-08-14.647283.json,119019,0.119,0.000119
C_efficiency_evolution/detailed_results/nazimali_Mistral-Nemo-Kurdish-Instruct/results_2024-10-15T18-24-20.801908.json,122701,0.123,0.000123
C_efficiency_evolution/detailed_results/nbeerbower_Dumpling-Qwen2.5-1.5B/results_2025-01-29T14-03-52.354879.json,117256,0.117,0.000117
C_efficiency_evolution/detailed_results/nbeerbower_Dumpling-Qwen2.5-14B/results_2025-02-19T15-17-34.318477.json,116124,0.116,0.000116
C_efficiency_evolution/detailed_results/nbeerbower_Gemma2-Gutenberg-Doppel-9B/results_2024-10-02T02-10-48.497344.json,118560,0.119,0.000119
C_efficiency_evolution/detailed_results/nbeerbower_Gutensuppe-mistral-nemo-12B/results_2024-09-03T13-15-04.026140.json,118591,0.119,0.000119
C_efficiency_evolution/detailed_results/nbeerbower_Hermes2-Gutenberg2-Mistral-7B/results_2024-10-02T01-22-35.817848.json,118617,0.119,0.000119
C_efficiency_evolution/detailed_results/nbeerbower_Llama-3.1-Nemotron-lorablated-70B/results_2024-10-18T18-21-36.549778.json,123464,0.123,0.000123
C_efficiency_evolution/detailed_results/nbeerbower_Mahou-1.5-mistral-nemo-12B-lorablated/results_2024-10-19T14-15-30.943516.json,119012,0.119,0.000119
C_efficiency_evolution/detailed_results/nbeerbower_Mistral-Gutenberg-Doppel-7B-FFT/results_2024-11-19T23-58-30.543865.json,115800,0.116,0.000116
C_efficiency_evolution/detailed_results/nbeerbower_Mistral-Nemo-Moderne-12B-FFT-experimental/results_2024-11-26T14-21-45.562933.json,115091,0.115,0.000115
C_efficiency_evolution/detailed_results/nbeerbower_Mistral-Nemo-Prism-12B-v2/results_2024-11-26T14-01-51.878225.json,115006,0.115,0.000115
C_efficiency_evolution/detailed_results/nbeerbower_Mistral-Nemo-Prism-12B/results_2024-11-12T14-48-16.155912.json,115011,0.115,0.000115
C_efficiency_evolution/detailed_results/nbeerbower_Mistral-Small-Drummer-22B/results_2024-10-02T02-03-59.903701.json,118586,0.119,0.000119
C_efficiency_evolution/detailed_results/nbeerbower_Mistral-Small-Gutenberg-Doppel-22B/results_2024-09-25T13-19-50.574919.json,118626,0.119,0.000119
C_efficiency_evolution/detailed_results/nbeerbower_Qwen2.5-Gutenberg-Doppel-14B/results_2024-11-11T15-47-45.295181.json,117013,0.117,0.000117
C_efficiency_evolution/detailed_results/nbeerbower_Stella-mistral-nemo-12B-v2/results_2024-09-14T18-16-38.368634.json,118611,0.119,0.000119
C_efficiency_evolution/detailed_results/nbeerbower_gemma2-gutenberg-27B/results_2024-09-30T00-44-40.185741.json,114316,0.114,0.000114
C_efficiency_evolution/detailed_results/nbeerbower_gemma2-gutenberg-9B/results_2024-08-12T22-31-28.823844.json,118527,0.119,0.000119
C_efficiency_evolution/detailed_results/nbeerbower_mistral-nemo-cc-12B/results_2024-09-14T18-04-27.947372.json,118540,0.119,0.000119
C_efficiency_evolution/detailed_results/nbeerbower_mistral-nemo-gutenberg-12B-v3/results_2024-09-03T12-12-12.650925.json,118594,0.119,0.000119
C_efficiency_evolution/detailed_results/nbeerbower_mistral-nemo-gutenberg2-12B-test/results_2024-09-25T02-09-49.175236.json,118576,0.119,0.000119
C_efficiency_evolution/detailed_results/nbeerbower_mistral-nemo-kartoffel-12B/results_2025-01-13T21-02-32.803522.json,115028,0.115,0.000115
C_efficiency_evolution/detailed_results/nbeerbower_mistral-nemo-wissenschaft-12B/results_2024-09-02T22-18-50.596772.json,122665,0.123,0.000123
C_efficiency_evolution/detailed_results/necva_IE-cont-Llama3.1-8B/results_2025-03-06T07-54-31.179464.json,113133,0.113,0.000113
C_efficiency_evolution/detailed_results/neopolita_jessi-v0.1-bf16-falcon3-7b-instruct/results_2025-01-08T12-08-21.824117.json,116627,0.117,0.000117
C_efficiency_evolution/detailed_results/neopolita_jessi-v0.1-qwen2.5-7b-instruct/results_2025-01-08T15-19-06.068963.json,114683,0.115,0.000115
C_efficiency_evolution/detailed_results/neopolita_jessi-v0.2-falcon3-10b-instruct/results_2025-01-21T23-37-09.659225.json,116924,0.117,0.000117
C_efficiency_evolution/detailed_results/neopolita_jessi-v0.2-falcon3-7b-instruct/results_2025-01-08T21-05-35.811465.json,114627,0.115,0.000115
C_efficiency_evolution/detailed_results/netcat420_DeepSeek-R1-MFANN-TIES-unretrained-7b/results_2025-01-22T04-15-19.603999.json,117375,0.117,0.000117
C_efficiency_evolution/detailed_results/netcat420_MFANN-Llama3.1-Abliterated-SLERP-TIES-V3/results_2024-11-26T08-19-33.493259.json,114733,0.115,0.000115
C_efficiency_evolution/detailed_results/netcat420_MFANN-Llama3.1-Abliterated-Slerp-TIES/results_2024-10-29T15-47-55.490741.json,118686,0.119,0.000119
C_efficiency_evolution/detailed_results/netcat420_MFANN-Llama3.1-Abliterated-Slerp-V3.2/results_2024-10-29T16-33-43.166964.json,118690,0.119,0.000119
C_efficiency_evolution/detailed_results/netcat420_MFANN-llama3.1-abliterated-v2/results_2024-10-07T21-53-39.588918.json,118656,0.119,0.000119
C_efficiency_evolution/detailed_results/netcat420_MFANN-phigments-slerp-V3.3/results_2025-02-07T13-31-54.238006.json,114648,0.115,0.000115
C_efficiency_evolution/detailed_results/netcat420_Qwen2.5-Coder-Scholar-7B-Abliterated-MFANN/results_2025-01-01T06-39-22.095522.json,117405,0.117,0.000117
C_efficiency_evolution/detailed_results/netcat420_Qwen2.5-DeepSeek-R1-MFANN-Slerp-7b/results_2025-01-23T15-12-53.603377.json,117255,0.117,0.000117
C_efficiency_evolution/detailed_results/netcat420_qwen2.5-MFANN-7b-SLERPv1.1/results_2025-02-04T21-31-25.930696.json,117347,0.117,0.000117
C_efficiency_evolution/detailed_results/newsbang_Homer-v1.0-Qwen2.5-72B/results_2024-12-26T12-15-06.766575.json,114654,0.115,0.000115
C_efficiency_evolution/detailed_results/newsbang_Homer-v1.0-Qwen2.5-7B/results_2024-12-04T09-06-52.510223.json,114664,0.115,0.000115
C_efficiency_evolution/detailed_results/nhyha_N3N_gemma-2-9b-it_20241110_2026/results_2024-11-12T08-54-24.495501.json,115313,0.115,0.000115
C_efficiency_evolution/detailed_results/nhyha_merge_Qwen2.5-7B-Instruct_20241023_0314/results_2024-11-06T18-12-26.688718.json,114686,0.115,0.000115
C_efficiency_evolution/detailed_results/nisten_franqwenstein-35b/results_2024-10-05T10-03-58.318391.json,118602,0.119,0.000119
C_efficiency_evolution/detailed_results/nisten_tqwendo-36b/results_2024-12-22T23-45-54.604790.json,114609,0.115,0.000115
C_efficiency_evolution/detailed_results/nlpguy_Mistral-NeMo-Minitron-Upscale-v3/results_2024-10-05T08-21-18.309431.json,118254,0.118,0.000118
C_efficiency_evolution/detailed_results/noname0202_gemma-2-2b-it-ties/results_2025-01-29T05-25-09.210151.json,115132,0.115,0.000115
C_efficiency_evolution/detailed_results/noname0202_gemma-2-9b-sft-jp-en-zh-v1/results_2025-01-08T04-41-53.656589.json,115233,0.115,0.000115
C_efficiency_evolution/detailed_results/noname0202_gemma-2-9b-sft-jp-en-zh-v2/results_2025-01-07T20-57-33.217458.json,115286,0.115,0.000115
C_efficiency_evolution/detailed_results/noname0202_llama-math-1b-r16-0to512tokens-test/results_2025-01-25T01-09-20.202486.json,118758,0.119,0.000119
C_efficiency_evolution/detailed_results/noname0202_llama-math-1b-r32-0to512tokens-test/results_2025-01-24T17-05-57.480718.json,118799,0.119,0.000119
C_efficiency_evolution/detailed_results/noname0202_llama-math-1b-r32-test/results_2025-01-24T02-10-47.083582.json,118759,0.119,0.000119
C_efficiency_evolution/detailed_results/notbdq_Qwen2.5-14B-Instruct-1M-GRPO-Reasoning/results_2025-02-06T03-51-24.710492.json,117153,0.117,0.000117
C_efficiency_evolution/detailed_results/nvidia_Mistral-NeMo-Minitron-8B-Base/results_2024-08-22T14-14-50.709024.json,118536,0.119,0.000119
C_efficiency_evolution/detailed_results/oopere_Llama-FinSent-S/results_2025-02-18T20-22-42.735112.json,113557,0.114,0.000114
C_efficiency_evolution/detailed_results/oopere_pruned20-llama-1b/results_2024-11-18T11-38-47.380381.json,114573,0.115,0.000115
C_efficiency_evolution/detailed_results/oopere_pruned20-llama-3.2-3b/results_2024-12-18T02-55-41.663089.json,114564,0.115,0.000115
C_efficiency_evolution/detailed_results/oopere_pruned40-llama-1b/results_2024-11-26T09-36-00.519182.json,114487,0.114,0.000114
C_efficiency_evolution/detailed_results/oopere_pruned40-llama-3.2-1B/results_2025-02-24T17-19-19.767214.json,113460,0.113,0.000113
C_efficiency_evolution/detailed_results/oopere_pruned60-llama-1b/results_2024-11-25T21-20-53.829333.json,114293,0.114,0.000114
C_efficiency_evolution/detailed_results/orai-nlp_Llama-eus-8B/results_2024-09-30T09-13-52.100084.json,118632,0.119,0.000119
C_efficiency_evolution/detailed_results/pankajmathur_orca_mini_phi-4/results_2025-01-22T03-35-35.081545.json,115180,0.115,0.000115
C_efficiency_evolution/detailed_results/princeton-nlp_Llama-3-8B-ProLong-64k-Base/results_2024-09-18T14-45-43.303270.json,118626,0.119,0.000119
C_efficiency_evolution/detailed_results/princeton-nlp_Llama-3-8B-ProLong-64k-Instruct/results_2024-09-18T14-44-03.560285.json,118668,0.119,0.000119
C_efficiency_evolution/detailed_results/princeton-nlp_Llama-3-Base-8B-SFT-DPO/results_2024-10-07T05-21-18.044555.json,119078,0.119,0.000119
C_efficiency_evolution/detailed_results/princeton-nlp_Llama-3-Base-8B-SFT-IPO/results_2024-10-07T05-40-23.259485.json,119031,0.119,0.000119
C_efficiency_evolution/detailed_results/princeton-nlp_Llama-3-Base-8B-SFT-KTO/results_2024-10-07T05-49-48.712363.json,118979,0.119,0.000119
C_efficiency_evolution/detailed_results/princeton-nlp_Llama-3-Base-8B-SFT-ORPO/results_2024-10-07T05-31-32.253469.json,119113,0.119,0.000119
C_efficiency_evolution/detailed_results/princeton-nlp_Llama-3-Base-8B-SFT-RDPO/results_2024-10-07T05-55-40.287392.json,119088,0.119,0.000119
C_efficiency_evolution/detailed_results/princeton-nlp_Llama-3-Base-8B-SFT-RRHF/results_2024-10-07T05-47-57.293676.json,119129,0.119,0.000119
C_efficiency_evolution/detailed_results/princeton-nlp_Llama-3-Base-8B-SFT-SLiC-HF/results_2024-10-07T06-16-48.580292.json,119147,0.119,0.000119
C_efficiency_evolution/detailed_results/princeton-nlp_Llama-3-Instruct-8B-CPO-v0.2/results_2024-09-29T00-09-50.771451.json,119096,0.119,0.000119
C_efficiency_evolution/detailed_results/princeton-nlp_Llama-3-Instruct-8B-DPO/results_2024-09-29T01-09-15.396608.json,119053,0.119,0.000119
C_efficiency_evolution/detailed_results/princeton-nlp_Llama-3-Instruct-8B-RDPO/results_2024-09-29T00-03-19.447694.json,119093,0.119,0.000119
C_efficiency_evolution/detailed_results/princeton-nlp_Llama-3-Instruct-8B-RRHF-v0.2/results_2024-10-07T05-52-18.234908.json,119131,0.119,0.000119
C_efficiency_evolution/detailed_results/princeton-nlp_Llama-3-Instruct-8B-SimPO/results_2024-09-28T23-44-35.094681.json,119108,0.119,0.000119
C_efficiency_evolution/detailed_results/princeton-nlp_Mistral-7B-Base-SFT-CPO/results_2024-10-07T05-44-33.093002.json,119106,0.119,0.000119
C_efficiency_evolution/detailed_results/princeton-nlp_Mistral-7B-Base-SFT-DPO/results_2024-10-07T05-17-08.148062.json,119074,0.119,0.000119
C_efficiency_evolution/detailed_results/princeton-nlp_Mistral-7B-Base-SFT-RDPO/results_2024-10-07T05-48-52.432475.json,119036,0.119,0.000119
C_efficiency_evolution/detailed_results/princeton-nlp_Mistral-7B-Base-SFT-SLiC-HF/results_2024-10-07T05-56-14.688403.json,119109,0.119,0.000119
C_efficiency_evolution/detailed_results/princeton-nlp_Mistral-7B-Base-SFT-SimPO/results_2024-09-21T10-30-35.004520.json,118964,0.119,0.000119
C_efficiency_evolution/detailed_results/princeton-nlp_Mistral-7B-Instruct-DPO/results_2024-10-07T05-16-04.705100.json,119208,0.119,0.000119
C_efficiency_evolution/detailed_results/princeton-nlp_Mistral-7B-Instruct-IPO/results_2024-10-07T05-39-53.799634.json,119278,0.119,0.000119
C_efficiency_evolution/detailed_results/princeton-nlp_Mistral-7B-Instruct-KTO/results_2024-10-07T05-54-00.828203.json,119178,0.119,0.000119
C_efficiency_evolution/detailed_results/princeton-nlp_Mistral-7B-Instruct-SLiC-HF/results_2024-10-16T17-55-37.345668.json,119282,0.119,0.000119
C_efficiency_evolution/detailed_results/princeton-nlp_Sheared-LLaMA-1.3B/results_2024-07-30T07-27-05.879406.json,118539,0.119,0.000119
C_efficiency_evolution/detailed_results/princeton-nlp_gemma-2-9b-it-DPO/results_2024-09-20T04-06-40.646930.json,118937,0.119,0.000119
C_efficiency_evolution/detailed_results/princeton-nlp_gemma-2-9b-it-SimPO/results_2024-08-12T11-27-16.600007.json,118979,0.119,0.000119
C_efficiency_evolution/detailed_results/prithivMLmods_Galactic-Qwen-14B-Exp2/results_2025-03-13T12-44-48.264475.json,113523,0.114,0.000114
C_efficiency_evolution/detailed_results/prithivMLmods_Llama-3.1-8B-Open-SFT/results_2025-01-13T20-41-48.426106.json,114691,0.115,0.000115
C_efficiency_evolution/detailed_results/prithivMLmods_Llama-3.2-6B-AlgoCode/results_2025-01-13T20-08-17.772449.json,114694,0.115,0.000115
C_efficiency_evolution/detailed_results/prithivMLmods_Llama-Express.1-Math/results_2025-01-25T08-10-21.262789.json,119556,0.120,0.000120
C_efficiency_evolution/detailed_results/prithivMLmods_Magellanic-Qwen-25B-R999/results_2025-03-05T16-27-25.331314.json,113445,0.113,0.000113
C_efficiency_evolution/detailed_results/prithivMLmods_Phi-4-Empathetic/results_2025-01-13T19-33-26.604717.json,114662,0.115,0.000115
C_efficiency_evolution/detailed_results/prithivMLmods_Phi-4-Math-IO/results_2025-01-13T19-05-26.192612.json,114641,0.115,0.000115
C_efficiency_evolution/detailed_results/prithivMLmods_Phi-4-o1/results_2025-01-13T10-17-40.927521.json,114626,0.115,0.000115
C_efficiency_evolution/detailed_results/prithivMLmods_Phi4-Super/results_2025-01-23T15-21-28.283497.json,114630,0.115,0.000115
C_efficiency_evolution/detailed_results/prithivMLmods_Primal-Opus-14B-Optimus-v1/results_2025-02-05T03-05-18.841754.json,114680,0.115,0.000115
C_efficiency_evolution/detailed_results/prithivMLmods_Primal-Opus-14B-Optimus-v2/results_2025-02-27T21-05-40.220144.json,113498,0.113,0.000113
C_efficiency_evolution/detailed_results/prithivMLmods_Qwen2.5-14B-DeepSeek-R1-1M/results_2025-01-30T04-27-35.041591.json,114641,0.115,0.000115
C_efficiency_evolution/detailed_results/qingy2019_LLaMa_3.2_3B_Catalysts/results_2024-10-29T15-22-23.624392.json,118616,0.119,0.000119
C_efficiency_evolution/detailed_results/qingy2019_OpenMath2-Llama3.1-8B/results_2024-11-23T05-44-15.106083.json,114696,0.115,0.000115
C_efficiency_evolution/detailed_results/qingy2019_Qwen2.5-Ultimate-14B-Instruct/results_2024-12-04T01-04-16.559323.json,117335,0.117,0.000117
C_efficiency_evolution/detailed_results/qingy2024_QwEnlarge-16B-Instruct/results_2025-03-07T00-57-57.081072.json,116208,0.116,0.000116
C_efficiency_evolution/detailed_results/qingy2024_Qwen2.5-4B/results_2025-01-16T20-58-17.085742.json,114591,0.115,0.000115
C_efficiency_evolution/detailed_results/qingy2024_Qwen2.5-Coder-Draft-1.5B-Instruct/results_2025-02-01T05-41-05.748637.json,117194,0.117,0.000117
C_efficiency_evolution/detailed_results/qingy2024_Qwen2.5-Math-14B-Instruct-Preview/results_2024-12-11T02-56-45.077518.json,117025,0.117,0.000117
C_efficiency_evolution/detailed_results/qingy2024_Qwen2.6-14B-Instruct/results_2024-12-05T10-23-22.933498.json,114650,0.115,0.000115
C_efficiency_evolution/detailed_results/qq8933_OpenLongCoT-Base-Gemma2-2B/results_2024-11-12T14-30-23.544874.json,114811,0.115,0.000115
C_efficiency_evolution/detailed_results/rasyosef_Phi-1_5-Instruct-v0.1/results_2024-08-12T09-47-31.671049.json,118565,0.119,0.000119
C_efficiency_evolution/detailed_results/rasyosef_phi-2-instruct-apo/results_2024-09-18T08-11-57.792002.json,118506,0.119,0.000119
C_efficiency_evolution/detailed_results/recoilme_Gemma-2-Ataraxy-Gemmasutra-9B-slerp/results_2024-09-14T00-39-37.734233.json,119155,0.119,0.000119
C_efficiency_evolution/detailed_results/rhysjones_phi-2-orange-v2/results_2024-08-13T01-27-07.339858.json,118538,0.119,0.000119
C_efficiency_evolution/detailed_results/riaz_FineLlama-3.1-8B/results_2024-10-12T19-57-08.713841.json,119541,0.120,0.000120
C_efficiency_evolution/detailed_results/rombodawg_Rombos-Coder-V2.5-Qwen-14b/results_2025-02-06T11-46-45.885563.json,117340,0.117,0.000117
C_efficiency_evolution/detailed_results/rombodawg_Rombos-LLM-V2.5-Qwen-0.5b/results_2024-09-29T12-43-27.493254.json,118535,0.119,0.000119
C_efficiency_evolution/detailed_results/rombodawg_Rombos-LLM-V2.5-Qwen-14b/results_2024-09-29T13-44-29.673248.json,118625,0.119,0.000119
C_efficiency_evolution/detailed_results/rombodawg_Rombos-LLM-V2.5-Qwen-32b/results_2024-10-10T04-14-28.109800.json,114671,0.115,0.000115
C_efficiency_evolution/detailed_results/rombodawg_Rombos-LLM-V2.5.1-Qwen-3b/results_2024-10-08T16-02-31.462708.json,118627,0.119,0.000119
C_efficiency_evolution/detailed_results/rombodawg_rombos_Replete-Coder-Llama3-8B/results_2024-10-15T15-33-39.386678.json,119616,0.120,0.000120
C_efficiency_evolution/detailed_results/rsh345_mistral-ft-optimized-1218-NeuralHermes-2.5-Mistral-7B/results_2025-01-27T23-02-49.046436.json,114716,0.115,0.000115
C_efficiency_evolution/detailed_results/sabersaleh_Llama2-7B-SimPO/results_2024-12-02T04-10-10.920662.json,114558,0.115,0.000115
C_efficiency_evolution/detailed_results/sabersaleh_Llama3/results_2024-11-30T01-19-25.401264.json,114648,0.115,0.000115
C_efficiency_evolution/detailed_results/sabersalehk_Llama3-001-300/results_2024-12-03T20-07-28.344986.json,114663,0.115,0.000115
C_efficiency_evolution/detailed_results/sabersalehk_Llama3_01_300/results_2024-12-03T20-08-26.893164.json,114683,0.115,0.000115
C_efficiency_evolution/detailed_results/sequelbox_Llama3.1-70B-PlumChat/results_2024-11-28T10-33-34.389076.json,114653,0.115,0.000115
C_efficiency_evolution/detailed_results/sequelbox_Llama3.1-8B-MOTH/results_2024-09-11T21-30-25.104353.json,123502,0.124,0.000124
C_efficiency_evolution/detailed_results/sequelbox_Llama3.1-8B-PlumCode/results_2024-10-04T01-24-56.330833.json,118589,0.119,0.000119
C_efficiency_evolution/detailed_results/sequelbox_Llama3.1-8B-PlumMath/results_2024-10-04T01-24-04.196002.json,118622,0.119,0.000119
C_efficiency_evolution/detailed_results/sethuiyer_Llama-3.1-8B-Experimental-1208-Instruct/results_2025-01-18T17-10-57.107525.json,115135,0.115,0.000115
C_efficiency_evolution/detailed_results/sethuiyer_Llamaverse-3.1-8B-Instruct/results_2025-01-14T13-12-45.227965.json,115117,0.115,0.000115
C_efficiency_evolution/detailed_results/sethuiyer_Qwen2.5-7B-Anvita/results_2024-10-27T11-40-06.834908.json,119293,0.119,0.000119
C_efficiency_evolution/detailed_results/shastraai_Shastra-LLAMA2-Math-Commonsense-SFT/results_2024-10-27T21-01-52.917860.json,118653,0.119,0.000119
C_efficiency_evolution/detailed_results/shivank21_mistral_dpo_self/results_2025-02-05T16-15-31.122108.json,115789,0.116,0.000116
C_efficiency_evolution/detailed_results/siqi00_Mistral-7B-DFT/results_2025-02-06T03-27-45.600986.json,115078,0.115,0.000115
C_efficiency_evolution/detailed_results/skymizer_Llama2-7b-sft-chat-custom-template-dpo/results_2024-07-22T09-51-58.414875.json,118631,0.119,0.000119
C_efficiency_evolution/detailed_results/someon98_qwen-CoMa-0.5b/results_2024-12-29T16-17-57.730788.json,114301,0.114,0.000114
C_efficiency_evolution/detailed_results/sometimesanotion_Qwen2.5-14B-Vimarckoso-v2/results_2024-12-26T12-16-22.404204.json,114696,0.115,0.000115
C_efficiency_evolution/detailed_results/sometimesanotion_Qwen2.5-14B-Vimarckoso-v3-IF-Variant/results_2024-12-28T09-42-11.707881.json,114729,0.115,0.000115
C_efficiency_evolution/detailed_results/sometimesanotion_Qwen2.5-14B-Vimarckoso-v3/results_2024-12-27T12-07-58.633030.json,114684,0.115,0.000115
C_efficiency_evolution/detailed_results/sometimesanotion_Qwen2.5-7B-Gordion-v0.1-Prose/results_2025-02-18T19-58-57.959022.json,113570,0.114,0.000114
C_efficiency_evolution/detailed_results/sometimesanotion_Qwentessential-14B-v1/results_2025-02-18T15-25-19.264487.json,113509,0.114,0.000114
C_efficiency_evolution/detailed_results/sometimesanotion_Qwentinuum-14B-v1/results_2024-12-21T18-45-12.892338.json,114666,0.115,0.000115
C_efficiency_evolution/detailed_results/sometimesanotion_Qwentinuum-14B-v2/results_2024-12-22T02-16-47.237976.json,114652,0.115,0.000115
C_efficiency_evolution/detailed_results/sometimesanotion_Qwentinuum-14B-v6/results_2024-12-22T14-21-58.905643.json,114654,0.115,0.000115
C_efficiency_evolution/detailed_results/sometimesanotion_Qwentinuum-14B-v7/results_2024-12-22T18-57-51.290456.json,114655,0.115,0.000115
C_efficiency_evolution/detailed_results/sometimesanotion_Qwentinuum-14B-v8/results_2024-12-22T19-01-02.783885.json,114663,0.115,0.000115
C_efficiency_evolution/detailed_results/sometimesanotion_Qwenvergence-14B-v0.6-004-model_stock/results_2025-01-03T08-49-30.636647.json,114721,0.115,0.000115
C_efficiency_evolution/detailed_results/sometimesanotion_Qwenvergence-14B-v3-Prose/results_2024-12-21T04-28-21.825696.json,114691,0.115,0.000115
C_efficiency_evolution/detailed_results/sometimesanotion_Qwenvergence-14B-v3-Reason/results_2024-12-21T06-54-07.153436.json,114689,0.115,0.000115
C_efficiency_evolution/detailed_results/sometimesanotion_Qwenvergence-14B-v3/results_2024-12-21T06-57-25.308738.json,114677,0.115,0.000115
C_efficiency_evolution/detailed_results/sometimesanotion_Qwenvergence-14B-v8/results_2025-01-16T01-39-52.248754.json,114652,0.115,0.000115
C_efficiency_evolution/detailed_results/sometimesanotion_Qwenvergence-14B-v9/results_2025-01-17T15-31-48.086833.json,114656,0.115,0.000115
C_efficiency_evolution/detailed_results/spmurrayzzz_Mistral-Syndicate-7B/results_2024-07-25T14-22-01.504229.json,118541,0.119,0.000119
C_efficiency_evolution/detailed_results/ssmits_Qwen2.5-95B-Instruct/results_2024-10-06T06-27-47.292101.json,121298,0.121,0.000121
C_efficiency_evolution/detailed_results/suayptalha_DeepSeek-R1-Distill-Llama-3B/results_2025-02-24T20-06-57.063798.json,114107,0.114,0.000114
C_efficiency_evolution/detailed_results/suayptalha_Komodo-Llama-3.2-3B-v2-fp16/results_2024-11-20T01-03-58.085488.json,118789,0.119,0.000119
C_efficiency_evolution/detailed_results/sumink_Qwenftmodel/results_2024-12-05T12-23-41.024721.json,114611,0.115,0.000115
C_efficiency_evolution/detailed_results/sumink_bbhqwen/results_2025-02-25T21-41-00.885835.json,113467,0.113,0.000113
C_efficiency_evolution/detailed_results/sumink_bbhqwen2/results_2025-02-26T02-23-52.551465.json,113409,0.113,0.000113
C_efficiency_evolution/detailed_results/sumink_bbhqwen4/results_2025-02-26T02-24-49.960421.json,113411,0.113,0.000113
C_efficiency_evolution/detailed_results/sumink_bbhqwen5/results_2025-02-26T03-28-13.192529.json,113328,0.113,0.000113
C_efficiency_evolution/detailed_results/sumink_bbhqwen6/results_2025-02-26T02-59-59.806428.json,113298,0.113,0.000113
C_efficiency_evolution/detailed_results/synergetic_FrankenQwen2.5-14B/results_2024-12-02T04-24-32.113248.json,116986,0.117,0.000117
C_efficiency_evolution/detailed_results/tangledgroup_tangled-llama-pints-1.5b-v0.1-instruct/results_2024-09-03T07-42-32.532079.json,118845,0.119,0.000119
C_efficiency_evolution/detailed_results/tanliboy_lambda-qwen2.5-14b-dpo-test/results_2024-09-27T22-59-32.436873.json,120954,0.121,0.000121
C_efficiency_evolution/detailed_results/tanliboy_lambda-qwen2.5-32b-dpo-test/results_2024-10-07T14-01-59.393600.json,117045,0.117,0.000117
C_efficiency_evolution/detailed_results/tensopolis_falcon3-10b-tensopolis-v1/results_2025-02-01T06-40-26.814340.json,114667,0.115,0.000115
C_efficiency_evolution/detailed_results/tensopolis_mistral-small-2501-tensopolis-v1/results_2025-02-18T18-47-42.969024.json,115224,0.115,0.000115
C_efficiency_evolution/detailed_results/tensopolis_phi-4-tensopolis-v1/results_2025-02-18T14-54-38.286634.json,114037,0.114,0.000114
C_efficiency_evolution/detailed_results/tensopolis_qwen2.5-14b-tensopolis-v1/results_2025-02-01T13-12-37.238511.json,117338,0.117,0.000117
C_efficiency_evolution/detailed_results/tensopolis_qwen2.5-7b-tensopolis-v1/results_2025-02-25T00-48-31.801446.json,116223,0.116,0.000116
C_efficiency_evolution/detailed_results/theo77186_Qwen2.5-Coder-7B-Instruct-20241106/results_2025-01-19T17-54-18.644052.json,117340,0.117,0.000117
C_efficiency_evolution/detailed_results/theprint_CleverBoi-Llama-3.1-8B-Instruct/results_2024-09-14T02-44-59.748963.json,118708,0.119,0.000119
C_efficiency_evolution/detailed_results/theprint_CleverBoi-Llama-3.1-8B-v2/results_2024-09-23T16-37-17.327998.json,118681,0.119,0.000119
C_efficiency_evolution/detailed_results/theprint_ReWiz-Llama-3.1-8B-v2/results_2024-11-06T19-12-21.680195.json,114727,0.115,0.000115
C_efficiency_evolution/detailed_results/thomas-yanxin_XinYuan-Qwen2-1_5B/results_2024-09-18T07-53-12.933479.json,119319,0.119,0.000119
C_efficiency_evolution/detailed_results/tianyil1_MistralForCausalLM_Cal_DPO/results_2025-01-25T10-12-42.974648.json,115089,0.115,0.000115
C_efficiency_evolution/detailed_results/tiiuae_Falcon3-10B-Base/results_2024-12-12T21-20-43.803477.json,114624,0.115,0.000115
C_efficiency_evolution/detailed_results/tiiuae_Falcon3-1B-Instruct/results_2024-12-16T10-36-28.445098.json,115111,0.115,0.000115
C_efficiency_evolution/detailed_results/tiiuae_Falcon3-3B-Base/results_2024-12-13T11-06-08.865143.json,114636,0.115,0.000115
C_efficiency_evolution/detailed_results/tiiuae_Falcon3-7B-Instruct/results_2024-12-16T13-16-31.959114.json,115176,0.115,0.000115
C_efficiency_evolution/detailed_results/tiiuae_Falcon3-Mamba-7B-Instruct/results_2024-12-13T11-42-41.018624.json,114914,0.115,0.000115
C_efficiency_evolution/detailed_results/tiiuae_falcon-11B/results_2024-06-17T17-56-25.833143.json,120041,0.120,0.000120
C_efficiency_evolution/detailed_results/tiiuae_falcon-40b/results_2024-06-20T06-09-03.551737.json,119979,0.120,0.000120
C_efficiency_evolution/detailed_results/tiiuae_falcon-mamba-7b/results_2024-07-23T11-58-56.964566.json,118612,0.119,0.000119
C_efficiency_evolution/detailed_results/tinycompany_ShawtyIsBad-bgem3/results_2025-03-08T08-32-58.921643.json,113505,0.114,0.000114
C_efficiency_evolution/detailed_results/tinycompany_ShawtyIsBad-e5-large/results_2025-03-08T08-45-33.614567.json,113502,0.114,0.000114
C_efficiency_evolution/detailed_results/tinycompany_ShawtyIsBad-nomic1.5/results_2025-03-08T17-51-05.875611.json,113499,0.113,0.000113
C_efficiency_evolution/detailed_results/tugstugi_Qwen2.5-7B-Instruct-QwQ-v0.1/results_2025-01-20T01-06-51.096821.json,117441,0.117,0.000117
C_efficiency_evolution/detailed_results/unsloth_Llama-3.2-1B-Instruct-no-system-message/results_2025-01-24T03-48-55.154490.json,115326,0.115,0.000115
C_efficiency_evolution/detailed_results/unsloth_phi-4-unsloth-bnb-4bit/results_2025-01-09T10-28-37.423992.json,115165,0.115,0.000115
C_efficiency_evolution/detailed_results/uukuguy_speechless-code-mistral-7b-v1.0/results_2024-07-22T12-34-36.172307.json,118619,0.119,0.000119
C_efficiency_evolution/detailed_results/uukuguy_speechless-instruct-mistral-7b-v0.2/results_2024-08-13T03-33-29.481718.json,118672,0.119,0.000119
C_efficiency_evolution/detailed_results/uukuguy_speechless-llama2-hermes-orca-platypus-wizardlm-13b/results_2024-08-13T04-12-53.046407.json,118685,0.119,0.000119
C_efficiency_evolution/detailed_results/v000000_Qwen2.5-14B-Gutenberg-1e-Delta/results_2024-09-28T11-15-58.328773.json,120957,0.121,0.000121
C_efficiency_evolution/detailed_results/v000000_Qwen2.5-Lumen-14B/results_2024-10-02T02-58-23.331254.json,120930,0.121,0.000121
C_efficiency_evolution/detailed_results/vhab10_Llama-3.1-8B-Base-Instruct-SLERP/results_2024-10-04T14-02-43.313749.json,118657,0.119,0.000119
C_efficiency_evolution/detailed_results/vhab10_Llama-3.2-Instruct-3B-TIES/results_2024-11-23T13-02-17.445185.json,114704,0.115,0.000115
C_efficiency_evolution/detailed_results/vhab10_llama-3-8b-merged-linear/results_2024-09-26T16-47-03.367890.json,119097,0.119,0.000119
C_efficiency_evolution/detailed_results/vicgalle_Configurable-Hermes-2-Pro-Llama-3-8B/results_2024-07-31T15-11-17.909344.json,118954,0.119,0.000119
C_efficiency_evolution/detailed_results/vicgalle_Humanish-RP-Llama-3.1-8B/results_2024-08-12T18-10-33.666915.json,119041,0.119,0.000119
C_efficiency_evolution/detailed_results/vicgalle_Roleplay-Llama-3-8B/results_2024-06-28T08-38-22.786427.json,118739,0.119,0.000119
C_efficiency_evolution/detailed_results/vonjack_Qwen2.5-Coder-0.5B-Merged/results_2024-11-20T00-06-17.841413.json,116913,0.117,0.000117
C_efficiency_evolution/detailed_results/wave-on-discord_qwent-7b/results_2024-10-01T03-14-19.789003.json,118262,0.118,0.000118
C_efficiency_evolution/detailed_results/weathermanj_Menda-3b-Optim-100/results_2025-03-10T22-28-20.086194.json,116203,0.116,0.000116
C_efficiency_evolution/detailed_results/win10_EVA-Norns-Qwen2.5-v0.1/results_2024-11-19T23-36-26.139733.json,115001,0.115,0.000115
C_efficiency_evolution/detailed_results/win10_Norns-Qwen2.5-12B/results_2024-11-20T02-10-23.946831.json,114900,0.115,0.000115
C_efficiency_evolution/detailed_results/win10_Norns-Qwen2.5-7B/results_2024-11-19T23-36-10.410545.json,114976,0.115,0.000115
C_efficiency_evolution/detailed_results/win10_Qwen2.5-2B-Instruct/results_2024-12-20T23-57-48.525040.json,114503,0.115,0.000115
C_efficiency_evolution/detailed_results/wzhouad_gemma-2-9b-it-WPO-HB/results_2025-01-08T04-51-06.266732.json,114656,0.115,0.000115
C_efficiency_evolution/detailed_results/x0000001_Deepseek-Lumen-R1-Qwen2.5-14B/results_2025-01-30T04-29-30.938714.json,116858,0.117,0.000117
C_efficiency_evolution/detailed_results/xinchen9_Llama3.1_8B_Instruct_CoT/results_2024-09-18T04-49-40.558012.json,118621,0.119,0.000119
C_efficiency_evolution/detailed_results/xinchen9_Llama3.1_CoT_V1/results_2024-09-10T17-43-01.266913.json,118619,0.119,0.000119
C_efficiency_evolution/detailed_results/xinchen9_Mistral-7B-CoT/results_2024-09-19T06-54-45.305377.json,118580,0.119,0.000119
C_efficiency_evolution/detailed_results/xkp24_Llama-3-8B-Instruct-SPPO-Iter2_gp_2b-table/results_2024-09-30T08-02-09.476119.json,119135,0.119,0.000119
C_efficiency_evolution/detailed_results/xkp24_Llama-3-8B-Instruct-SPPO-Iter2_gp_8b-table/results_2024-09-30T08-55-19.449352.json,119142,0.119,0.000119
C_efficiency_evolution/detailed_results/xkp24_Llama-3-8B-Instruct-SPPO-score-Iter2_gp_8b-table-0.002/results_2024-10-02T02-36-39.927047.json,119166,0.119,0.000119
C_efficiency_evolution/detailed_results/xukp20_Llama-3-8B-Instruct-SPPO-Iter3_bt_2b-table/results_2024-09-29T03-19-27.914131.json,119141,0.119,0.000119
C_efficiency_evolution/detailed_results/xukp20_Llama-3-8B-Instruct-SPPO-Iter3_bt_8b-table/results_2024-09-29T02-50-37.872205.json,119128,0.119,0.000119
C_efficiency_evolution/detailed_results/xukp20_Llama-3-8B-Instruct-SPPO-Iter3_gp_2b-table/results_2024-09-29T03-03-23.153786.json,119126,0.119,0.000119
C_efficiency_evolution/detailed_results/yam-peleg_Hebrew-Mistral-7B/results_2024-07-29T09-03-40.276470.json,118596,0.119,0.000119
C_efficiency_evolution/detailed_results/yfzp_Llama-3-8B-Instruct-SPPO-Iter1_bt_2b-table/results_2024-09-30T03-09-25.381758.json,119102,0.119,0.000119
C_efficiency_evolution/detailed_results/yfzp_Llama-3-8B-Instruct-SPPO-Iter1_bt_8b-table/results_2024-09-30T03-04-53.482652.json,119115,0.119,0.000119
C_efficiency_evolution/detailed_results/yfzp_Llama-3-8B-Instruct-SPPO-Iter1_gp_2b-table/results_2024-09-29T15-12-59.528765.json,119137,0.119,0.000119
C_efficiency_evolution/detailed_results/yfzp_Llama-3-8B-Instruct-SPPO-Iter1_gp_8b-table/results_2024-09-29T15-24-35.214199.json,119137,0.119,0.000119
C_efficiency_evolution/detailed_results/yfzp_Llama-3-8B-Instruct-SPPO-score-Iter1_bt_2b-table-0.001/results_2024-09-30T03-05-19.684483.json,119168,0.119,0.000119
C_efficiency_evolution/detailed_results/yfzp_Llama-3-8B-Instruct-SPPO-score-Iter1_gp_2b-table-0.001/results_2024-09-29T15-18-45.245227.json,119169,0.119,0.000119
C_efficiency_evolution/detailed_results/yfzp_Llama-3-8B-Instruct-SPPO-score-Iter1_gp_8b-table-0.002/results_2024-09-29T15-31-50.382131.json,119160,0.119,0.000119
C_efficiency_evolution/detailed_results/yifAI_Llama-3-8B-Instruct-SPPO-score-Iter3_gp_8b-table-0.002/results_2024-09-30T03-03-28.510156.json,119164,0.119,0.000119
C_efficiency_evolution/detailed_results/ymcki_gemma-2-2b-ORPO-jpn-it-abliterated-18-merge/results_2024-10-30T17-06-58.119904.json,118900,0.119,0.000119
C_efficiency_evolution/detailed_results/ymcki_gemma-2-2b-ORPO-jpn-it-abliterated-18/results_2024-10-30T19-59-00.170912.json,118569,0.119,0.000119
C_efficiency_evolution/detailed_results/ymcki_gemma-2-2b-jpn-it-abliterated-17-18-24/results_2024-11-06T19-05-49.169139.json,114954,0.115,0.000115
C_efficiency_evolution/detailed_results/ymcki_gemma-2-2b-jpn-it-abliterated-17-ORPO-alpaca/results_2024-10-27T13-22-32.303741.json,118756,0.119,0.000119
C_efficiency_evolution/detailed_results/ymcki_gemma-2-2b-jpn-it-abliterated-17/results_2024-10-17T11-26-10.721815.json,118597,0.119,0.000119
C_efficiency_evolution/detailed_results/yuvraj17_Llama3-8B-SuperNova-Spectrum-Hermes-DPO/results_2024-10-01T08-33-11.491722.json,118972,0.119,0.000119
C_efficiency_evolution/detailed_results/yuvraj17_Llama3-8B-SuperNova-Spectrum-dare_ties/results_2024-09-27T19-05-22.624706.json,118707,0.119,0.000119
C_efficiency_evolution/detailed_results/yuvraj17_Llama3-8B-abliterated-Spectrum-slerp/results_2024-09-23T18-22-53.409708.json,118693,0.119,0.000119
C_efficiency_evolution/detailed_results/zake7749_gemma-2-2b-it-chinese-kyara-dpo/results_2024-10-17T04-10-42.957748.json,118611,0.119,0.000119
C_efficiency_evolution/detailed_results/zelk12_MT-Gen1-gemma-2-9B/results_2024-10-23T21-24-17.413275.json,119200,0.119,0.000119
C_efficiency_evolution/detailed_results/zelk12_MT-Gen2-GI-gemma-2-9B/results_2024-11-29T22-30-55.978828.json,115285,0.115,0.000115
C_efficiency_evolution/detailed_results/zelk12_MT-Gen2-gemma-2-9B/results_2024-11-10T22-32-55.379788.json,115239,0.115,0.000115
C_efficiency_evolution/detailed_results/zelk12_MT-Gen3-gemma-2-9B/results_2024-11-30T14-08-57.787789.json,115265,0.115,0.000115
C_efficiency_evolution/detailed_results/zelk12_MT-Gen6-gemma-2-9B/results_2025-01-24T01-42-30.885051.json,114918,0.115,0.000115
C_efficiency_evolution/detailed_results/zelk12_MT-Gen7-gemma-2-9B/results_2025-02-25T02-04-11.408754.json,113871,0.114,0.000114
C_efficiency_evolution/detailed_results/zelk12_MT-Merge-gemma-2-9B/results_2024-10-23T19-38-04.039402.json,119211,0.119,0.000119
C_efficiency_evolution/detailed_results/zelk12_MT-Merge2-MU-gemma-2-MTg2MT1g2-9B/results_2024-11-29T22-29-59.697100.json,115309,0.115,0.000115
C_efficiency_evolution/detailed_results/zelk12_MT-Merge4-gemma-2-9B/results_2024-12-21T19-08-08.651796.json,115249,0.115,0.000115
C_efficiency_evolution/detailed_results/zelk12_MT-Merge6-gemma-2-9B/results_2025-02-25T03-01-55.229984.json,114146,0.114,0.000114
C_efficiency_evolution/detailed_results/zelk12_MT1-Gen2-gemma-2-9B/results_2024-11-11T20-13-38.140139.json,115256,0.115,0.000115
C_efficiency_evolution/detailed_results/zelk12_MT1-Gen5-gemma-2-9B/results_2024-12-25T20-34-21.650551.json,115172,0.115,0.000115
C_efficiency_evolution/detailed_results/zelk12_MT1-gemma-2-9B/results_2024-10-17T12-20-18.137349.json,119199,0.119,0.000119
C_efficiency_evolution/detailed_results/zelk12_MT2-Gen1-gemma-2-9B/results_2024-10-27T22-45-53.785140.json,119213,0.119,0.000119
C_efficiency_evolution/detailed_results/zelk12_MT2-Gen2-gemma-2-9B/results_2024-11-12T18-32-55.388652.json,115277,0.115,0.000115
C_efficiency_evolution/detailed_results/zelk12_MT2-Gen3-gemma-2-9B/results_2024-12-05T10-21-35.003790.json,115270,0.115,0.000115
C_efficiency_evolution/detailed_results/zelk12_MT2-Gen4-gemma-2-9B/results_2024-12-18T05-23-35.675576.json,115234,0.115,0.000115
C_efficiency_evolution/detailed_results/zelk12_MT2-Gen5-gemma-2-9B/results_2024-12-25T21-16-19.023125.json,115199,0.115,0.000115
C_efficiency_evolution/detailed_results/zelk12_MT2-Gen6-gemma-2-9B/results_2025-02-06T03-58-58.215439.json,114925,0.115,0.000115
C_efficiency_evolution/detailed_results/zelk12_MT2-Max-Merge_02012025163610-gemma-2-9B/results_2025-01-08T05-03-03.850406.json,115319,0.115,0.000115
C_efficiency_evolution/detailed_results/zelk12_MT3-Gen1-gemma-2-9B/results_2024-10-29T01-41-50.029786.json,119154,0.119,0.000119
C_efficiency_evolution/detailed_results/zelk12_MT3-Gen2-gemma-2-9B/results_2024-11-21T18-43-33.559212.json,115168,0.115,0.000115
C_efficiency_evolution/detailed_results/zelk12_MT3-Gen3-gemma-2-9B/results_2024-12-08T00-57-24.501650.json,115248,0.115,0.000115
C_efficiency_evolution/detailed_results/zelk12_MT3-Gen4-gemma-2-9B/results_2024-12-18T05-51-16.035979.json,115260,0.115,0.000115
C_efficiency_evolution/detailed_results/zelk12_MT3-Gen5-gemma-2-9B/results_2024-12-26T15-15-01.178166.json,115244,0.115,0.000115
C_efficiency_evolution/detailed_results/zelk12_MT3-Gen5-gemma-2-9B_v1/results_2024-12-28T00-24-09.037062.json,115263,0.115,0.000115
C_efficiency_evolution/detailed_results/zelk12_MT3-Gen6-gemma-2-9B/results_2025-02-25T02-19-01.013692.json,113876,0.114,0.000114
C_efficiency_evolution/detailed_results/zelk12_MT3-Max-Merge_02012025163610-gemma-2-9B/results_2025-01-14T02-07-53.374345.json,115322,0.115,0.000115
C_efficiency_evolution/detailed_results/zelk12_MT3-gemma-2-9B/results_2024-10-17T17-43-50.543791.json,119212,0.119,0.000119
C_efficiency_evolution/detailed_results/zelk12_MT4-Gen2-gemma-2-9B/results_2024-11-22T19-52-54.972355.json,115276,0.115,0.000115
C_efficiency_evolution/detailed_results/zelk12_MT4-Gen3-gemma-2-9B/results_2024-12-08T13-20-29.805102.json,115269,0.115,0.000115
C_efficiency_evolution/detailed_results/zelk12_MT4-Gen5-gemma-2-9B/results_2024-12-28T22-03-36.293690.json,115247,0.115,0.000115
C_efficiency_evolution/detailed_results/zelk12_MT4-gemma-2-9B/results_2024-10-21T19-43-45.509063.json,119193,0.119,0.000119
C_efficiency_evolution/detailed_results/zelk12_MT5-Gen1-gemma-2-9B/results_2024-11-06T18-23-09.006291.json,115273,0.115,0.000115
C_efficiency_evolution/detailed_results/zelk12_MT5-Gen2-gemma-2-9B/results_2024-11-23T14-41-47.446807.json,115237,0.115,0.000115
C_efficiency_evolution/detailed_results/zelk12_MT5-Gen3-gemma-2-9B/results_2024-12-08T19-48-01.131041.json,115227,0.115,0.000115
C_efficiency_evolution/detailed_results/zelk12_MT5-gemma-2-9B/results_2024-10-21T21-26-23.941227.json,119212,0.119,0.000119
C_efficiency_evolution/detailed_results/zelk12_MTM-Merge-gemma-2-9B/results_2025-01-01T19-29-02.979642.json,115239,0.115,0.000115
C_efficiency_evolution/detailed_results/zelk12_Rv0.4DMv1t0.25-gemma-2-9B/results_2024-12-31T17-18-49.680300.json,115287,0.115,0.000115
C_efficiency_evolution/detailed_results/zelk12_Test01012025155054t0.5_gemma-2/results_2025-01-02T01-12-02.762534.json,114953,0.115,0.000115
C_efficiency_evolution/detailed_results/zelk12_gemma-2-S2MTM-9B/results_2024-12-12T18-13-21.682997.json,115102,0.115,0.000115
C_efficiency_evolution/detailed_results/zelk12_recoilme-gemma-2-Gutenberg-Doppel-9B-v0.1/results_2024-10-08T20-36-56.622261.json,119251,0.119,0.000119
C_efficiency_evolution/detailed_results/zelk12_recoilme-gemma-2-Ifable-9B-v0.1/results_2024-10-08T20-39-10.045354.json,119256,0.119,0.000119
C_efficiency_evolution/detailed_results/zelk12_recoilme-gemma-2-psy10k-mental_healt-9B-v0.1/results_2024-10-09T13-20-24.603938.json,119294,0.119,0.000119
C_efficiency_evolution/detailed_results/zetasepic_Qwen2.5-32B-Instruct-abliterated-v2/results_2025-01-11T00-05-13.596997.json,117025,0.117,0.000117
C_efficiency_evolution/detailed_results/zetasepic_Qwen2.5-72B-Instruct-abliterated/results_2024-11-12T12-05-07.437154.json,114687,0.115,0.000115
C_efficiency_evolution/epoch_all_ai_models.csv,6671403,6.671,0.006671
C_efficiency_evolution/leaderboard_cleaned.csv,1011558,1.012,0.001012
C_efficiency_evolution/leaderboard_enhanced.csv,1036749,1.037,0.001037
C_efficiency_evolution/leaderboard_extended_timeseries.csv,826723,0.827,0.000827
C_efficiency_evolution/loss_benchmark_bridge.csv,11807,0.012,0.000012
C_efficiency_evolution/loss_benchmark_bridge_expanded.csv,19124,0.019,0.000019
C_efficiency_evolution/model_architecture_metadata.csv,2357,0.002,0.000002
C_efficiency_evolution/pythia_1.4b_eval_details/README.md,63450,0.063,0.000063
C_efficiency_evolution/pythia_12b_eval_details/README.md,72327,0.072,0.000072
C_efficiency_evolution/pythia_160m_eval_details/README.md,72028,0.072,0.000072
C_efficiency_evolution/pythia_2.8b_eval_details/README.md,72145,0.072,0.000072
C_efficiency_evolution/pythia_410m_eval_details/README.md,72065,0.072,0.000072
C_efficiency_evolution/pythia_6.9b_eval_details/README.md,72470,0.072,0.000072
C_efficiency_evolution/pythia_eval_details/README.md,63185,0.063,0.000063
source_manifest.json,10018,0.010,0.000010
__TOTAL__,550913965,550.914,0.550914
