model_dir,BBH,GPQA,IFEval,MATH Lvl 5,MMLU-PRO,MUSR
0-hero_Matter-0.2-7B-DPO,35.84447144592953,25.922818791946305,33.02792147058693,0.8308157099697886,11.63563829787234,38.095238095238095
01-ai_Yi-1.5-34B,59.53827460510328,36.577181208053695,28.41172533322695,14.04833836858006,46.65890957446808,42.32804232804233
01-ai_Yi-1.5-34B-32K,59.81600416594341,36.3255033557047,31.186917379220468,13.444108761329304,47.09109042553192,43.91534391534391
01-ai_Yi-1.5-34B-Chat,60.649192848463805,36.49328859060403,60.66758423205982,23.338368580060422,45.20445478723404,42.72486772486773
01-ai_Yi-1.5-34B-Chat-16K,60.70126714112133,33.808724832214764,45.6449997118756,18.806646525679756,45.44547872340425,43.91534391534391
01-ai_Yi-1.5-6B,44.81860788057629,31.20805369127517,26.10606524022926,5.664652567975831,31.008976063829785,43.783068783068785
01-ai_Yi-1.5-6B-Chat,45.061621246311404,31.79530201342282,48.02302335580704,12.537764350453173,31.97307180851064,44.17989417989418
01-ai_Yi-1.5-9B,51.3626106578719,37.919463087248324,29.358435617494916,10.196374622356496,39.16223404255319,43.25396825396825
01-ai_Yi-1.5-9B-32K,49.401145634438464,35.90604026845637,23.031113002389215,9.592145015105741,37.649601063829785,41.7989417989418
01-ai_Yi-1.5-9B-Chat,55.28554070473876,33.47315436241611,60.45525871354672,11.63141993957704,39.752327127659576,42.46031746031746
01-ai_Yi-1.5-9B-Chat-16K,51.24110397500434,30.87248322147651,42.14040966856829,12.613293051359516,39.935172872340424,40.87301587301587
01-ai_Yi-34B,54.504426314875886,36.66107382550335,30.45751938190667,4.45619335347432,44.1156914893617,41.13756613756614
01-ai_Yi-34B-200K,54.01839958340566,35.65436241610738,15.424850507763843,4.45619335347432,45.34574468085106,38.095238095238095
01-ai_Yi-34B-Chat,55.268182607186255,33.808724832214764,46.98887839820565,6.268882175226587,40.93251329787234,39.682539682539684
01-ai_Yi-6B,42.66620378406527,26.929530201342285,28.933784580468714,1.5105740181268883,29.911901595744684,39.285714285714285
01-ai_Yi-6B-200K,42.45790661343517,28.187919463087248,8.433068702154728,1.2084592145015105,28.440824468085108,45.767195767195766
01-ai_Yi-6B-Chat,40.87831973615692,29.446308724832214,33.952135888331846,0.6797583081570997,30.61003989361702,36.77248677248677
01-ai_Yi-9B,49.2622808540184,31.79530201342282,27.08779372066118,4.380664652567976,35.73803191489361,40.476190476190474
01-ai_Yi-9B-200K,47.80420065960771,31.543624161073826,23.270921155866432,5.81570996978852,36.22007978723404,42.857142857142854
01-ai_Yi-Coder-9B-Chat,48.029855927790315,24.748322147651006,48.17041006750976,2.9456193353474323,24.251994680851062,39.81481481481482
1-800-LLMs_Qwen-2.5-14B-Hindi,64.97135913903837,36.241610738255034,58.257091184723194,25.075528700906347,52.62632978723404,44.84126984126984
1-800-LLMs_Qwen-2.5-14B-Hindi-Custom-Instruct,62.575941676792226,36.99664429530201,30.774677854758703,30.589123867069485,51.637300531914896,44.84126984126984
1024m_PHI-4-Hindi,66.96754035757681,39.76510067114094,0.816832670647216,23.11178247734139,52.3936170212766,49.074074074074076
1024m_QWEN-14B-B100,65.11022391945843,35.06711409395973,77.62104549262622,0.0,51.78690159574468,40.87301587301587
152334H_miqu-1-70b-sf,60.87484811664642,35.06711409395973,51.81740005407873,10.80060422960725,42.278922872340424,45.767195767195766
1TuanPham_T-VisStar-7B-v0.1,50.32112480472141,28.523489932885905,36.07040430502179,4.531722054380665,32.106050531914896,43.65079365079365
1TuanPham_T-VisStar-v0.1,50.32112480472141,28.523489932885905,36.07040430502179,4.531722054380665,32.106050531914896,43.65079365079365
3rd-Degree-Burn_L-3.1-Science-Writer-8B,50.078111438986284,27.432885906040266,42.625012743963794,10.27190332326284,36.49434840425532,39.55026455026455
3rd-Degree-Burn_Llama-3.1-8B-Squareroot,34.247526471098766,25.671140939597315,22.134381219608418,21.07250755287009,17.49501329787234,30.82010582010582
3rd-Degree-Burn_Llama-3.1-8B-Squareroot-v1,33.153966325290746,25.587248322147648,28.92381104358657,6.193353474320242,11.269946808510637,33.33333333333333
3rd-Degree-Burn_Llama-Squared-8B,44.106925880923455,27.181208053691275,27.552449722292405,4.229607250755287,23.66190159574468,30.82010582010582
4season_final_model_test_v2,63.235549383787536,32.718120805369125,31.911328608093193,1.3595166163141994,35.280917553191486,43.12169312169312
AALF_FuseChat-Llama-3.1-8B-Instruct-preview,50.9460163166117,30.536912751677853,71.89579205397236,7.02416918429003,37.32546542553192,38.095238095238095
AALF_FuseChat-Llama-3.1-8B-SFT-preview,52.2131574379448,30.453020134228186,72.80504616639405,11.404833836858005,37.433510638297875,40.07936507936508
AALF_gemma-2-27b-it-SimPO-37K,38.899496615170975,28.02013422818792,24.065257959990603,0.0,19.71409574468085,34.78835978835979
AALF_gemma-2-27b-it-SimPO-37K-100steps,39.17722617601111,28.859060402684566,25.67642743476199,0.0,21.251662234042552,33.2010582010582
AELLM_gemma-2-aeria-infinity-9b,59.76392987328589,33.38926174496644,75.9399504426034,0.0,38.6220079787234,40.07936507936508
AELLM_gemma-2-lyco-infinity-9b,58.28849158132269,32.802013422818796,73.16475839660988,0.0,37.8656914893617,39.94708994708995
AGI-0_Art-v0-3B,33.865648324943585,26.090604026845636,33.180294950730726,13.595166163141995,25.282579787234045,39.81481481481482
AGI-0_Artificium-llama3.1-8B-001,42.37111612567263,26.593959731543627,52.47687247614108,10.27190332326284,31.815159574468083,37.83068783068783
AGI-0_smartllama3.1-8B-001,46.39819475785454,30.620805369127517,35.178659290682056,11.858006042296072,34.86535904255319,43.783068783068785
AI-MO_NuminaMath-7B-CoT,42.978649540010416,26.593959731543627,26.88544173903022,7.930513595166164,28.681848404255316,32.93650793650794
AI-MO_NuminaMath-7B-TIR,41.27755597986461,25.838926174496645,27.562423259174544,1.7371601208459215,27.32712765957447,35.05291005291005
AI-Sweden-Models_Llama-3-8B-instruct,41.4684950529422,26.593959731543627,24.012841482821138,0.4531722054380665,25.972406914893615,47.61904761904761
AI-Sweden-Models_gpt-sw3-40b,32.45964242319042,23.48993288590604,14.702988071649889,0.6042296072507553,12.757646276595743,36.24338624338625
AI4free_Dhanishtha,33.76149973962853,25.25167785234899,24.664778343683647,25.604229607250755,16.4311835106383,35.58201058201058
AI4free_t2,28.745009546953654,25.75503355704698,38.66828902866616,18.957703927492446,11.436170212765957,38.35978835978836
AIDC-AI_Marco-o1,53.34143377885784,25.922818791946305,47.7083028586373,10.649546827794563,41.165226063829785,41.269841269841265
Aashraf995_Creative-7B-nerd,55.84099982641902,32.63422818791946,47.21871301480073,28.54984894259819,44.921875,45.10582010582011
Aashraf995_Gemma-Evo-10B,60.354105190071174,35.40268456375839,73.32211864519476,20.090634441087612,42.75265957446808,45.8994708994709
Aashraf995_Qwen-Evo-7B,56.81305328935948,32.5503355704698,47.57343847657549,29.984894259818727,44.622672872340424,45.370370370370374
Aashraf995_QwenStock-14B,65.2838048949835,38.92617449664429,50.08632650256873,33.383685800604226,53.82313829787234,47.883597883597886
AbacusResearch_Jallabi-34B,59.868078458600934,33.89261744966443,35.28604103777976,3.927492447129909,46.81682180851064,48.148148148148145
Ahdoot_StructuredThinker-v0.3-MoreStructure,48.13400451310537,29.697986577181208,41.92808415005519,23.48942598187311,36.10372340425532,41.53439153439153
Ahdoot_Test_StealthThinker,46.1031070994619,29.61409395973154,42.20036170693759,14.577039274924472,35.97074468085106,42.72486772486773
AicoresSecurity_Cybernet-Sec-3B-R1-V0,44.87068217323381,26.34228187919463,63.58018945287394,11.555891238670695,30.1030585106383,33.06878306878307
AicoresSecurity_Cybernet-Sec-3B-R1-V0-Coder,44.52352022218365,27.181208053691275,70.97656440466851,14.879154078549849,31.78191489361702,33.99470899470899
AicoresSecurity_Cybernet-Sec-3B-R1-V1,42.63148758896025,26.090604026845636,61.45693426774292,15.181268882175228,28.76496010638298,32.804232804232804
AicoresSecurity_Cybernet-Sec-3B-R1-V1.1,43.672973442110745,27.097315436241608,67.30209178313542,17.598187311178247,30.8843085106383,35.317460317460316
Alepach_notHumpback-M0,28.6408609616386,25.419463087248324,26.83047646910198,0.3021148036253776,11.627327127659575,34.78835978835979
Alepach_notHumpback-M1,29.109529595556328,25.335570469798657,22.88627508344526,0.6042296072507553,10.987367021276597,35.317460317460316
Alepach_notHumpback-M1-v2,27.512584620725566,26.006711409395972,22.77135777514772,1.2084592145015105,11.18683510638298,34.65608465608466
Alibaba-NLP_gte-Qwen2-7B-instruct,44.57559451484117,24.496644295302016,22.554045488193548,3.474320241691843,33.211436170212764,35.58201058201058
Alsebay_Qwen2.5-7B-test-novelist,51.17167158479431,29.110738255033556,53.516004202183545,16.08761329305136,38.655252659574465,47.48677248677249
Amaorynho_BBAI2006,26.71411213331019,25.25167785234899,14.670518668244704,0.0,11.228390957446809,35.978835978835974
Amaorynho_BBAI270V4,30.411386911994448,24.580536912751676,19.90374428737971,0.8308157099697886,11.136968085106384,33.06878306878307
Amaorynho_BBAIIFEV1,52.80333275473008,31.04026845637584,80.47369867507103,19.335347432024168,38.57214095744681,41.7989417989418
Amaorynho_BBAI_375,26.71411213331019,25.25167785234899,14.670518668244704,0.0,11.228390957446809,35.978835978835974
Amu_t1-1.5B,39.80211768790141,24.328859060402685,33.93717558300864,5.13595166163142,25.664893617021278,35.05291005291005
Amu_t1-3B,39.64589480992883,24.07718120805369,33.27770316094629,13.746223564954683,12.840757978723405,34.25925925925926
ArliAI_ArliAI-RPMax-12B-v1.1,47.335532025689986,28.187919463087248,53.488521567219415,9.214501510574017,33.84308510638298,36.11111111111111
ArliAI_Llama-3.1-8B-ArliAI-RPMax-v1.1,49.97396285367124,28.355704697986578,63.59016298975606,11.329305135951662,35.51363031914894,35.714285714285715
Arthur-LAGACHERIE_Precis-1B-Instruct,31.95625759416768,26.593959731543627,36.70738086056109,0.0755287009063444,14.261968085106384,34.25925925925926
Artples_L-MChat-7b,45.842735636174275,30.536912751677853,52.96646231997766,7.930513595166164,32.98703457446808,40.21164021164021
Artples_L-MChat-Small,47.89099114737025,26.76174496644295,32.87056122200207,1.5861027190332326,24.642619680851062,36.904761904761905
Aryanne_QwentileSwap,69.79691025863566,36.74496644295302,73.78422585406722,42.220543806646525,59.45811170212766,46.2962962962963
Aryanne_SHBA,52.109008852629756,30.536912751677853,78.16560060639104,17.371601208459214,38.92121010638298,41.53439153439153
Aryanne_SuperHeart,51.918069779552155,30.11744966442953,51.92234382549413,13.897280966767372,39.12067819148936,44.31216931216932
AtAndDev_Qwen2.5-1.5B-continuous-learnt,42.162818955042525,26.593959731543627,46.05214165081982,7.477341389728097,28.116688829787233,36.24338624338625
Ateron_Glowing-Forest-12B,54.69536538795347,33.30536912751678,35.91803082487799,7.779456193353475,37.175864361702125,44.44444444444444
Ateron_Lotus-Magpic,52.26523173060232,30.285234899328863,62.86076499244228,9.969788519637463,34.90691489361702,43.25396825396825
Ateron_Way_of_MagPicaro,54.01839958340566,33.38926174496644,26.37091805298829,5.8912386706948645,35.35571808510639,46.42857142857143
AuraIndustries_Aura-4B,44.69710119770873,28.7751677852349,38.15620331830654,4.305135951661631,27.061170212765955,39.285714285714285
AuraIndustries_Aura-8B,51.08488109703176,28.60738255033557,72.05315230255722,15.030211480362537,38.738364361702125,39.94708994708995
AuraIndustries_Aura-MoE-2x4B,43.221662905745525,27.181208053691275,46.0096987105325,2.9456193353474323,26.496010638297875,40.74074074074074
AuraIndustries_Aura-MoE-2x4B-v2,42.926575247352886,28.7751677852349,47.77822843388875,2.3413897280966767,26.097074468085108,40.87301587301587
Aurel9_testmerge-7b,51.518833535844465,30.033557046979865,39.79984219648311,6.722054380664652,30.52692819148936,46.56084656084656
Ayush-Singh_Llama1B-sft-2,28.08540183995834,24.580536912751676,13.743755457741017,0.0,11.170212765957446,35.44973544973545
Azure99_Blossom-V6-14B,50.234334316958865,26.25838926174497,63.95486198841297,7.552870090634441,45.437167553191486,40.21164021164021
Azure99_Blossom-V6-7B,49.54001041485853,30.453020134228186,55.38194213575536,7.854984894259818,41.43949468085106,42.857142857142854
Azure99_blossom-v5-32b,59.31261933692067,31.1241610738255,52.35441960664371,9.667673716012084,42.34541223404255,40.07936507936508
Azure99_blossom-v5-llama3-8b,41.55528554070474,26.51006711409396,43.4293230849701,4.003021148036254,22.05784574468085,36.64021164021164
Azure99_blossom-v5.1-34b,60.80541572643639,30.956375838926174,56.96562897556262,14.425981873111782,45.462101063829785,39.15343915343915
Azure99_blossom-v5.1-9b,53.18521090088526,33.557046979865774,50.85816744016986,10.498489425981873,39.84375,39.81481481481482
BAAI_Gemma2-9B-IT-Simpo-Infinity-Preference,59.71185558062836,33.9765100671141,31.763831079314,0.0,38.63863031914894,39.55026455026455
BAAI_Infinity-Instruct-3M-0613-Llama3-70B,66.25585835792397,35.822147651006716,68.21134589555713,14.879154078549849,47.29886968085106,45.10582010582011
BAAI_Infinity-Instruct-3M-0613-Mistral-7B,49.418503731990974,29.61409395973154,53.19873491225504,6.646525679758309,31.607380319148938,43.386243386243386
BAAI_Infinity-Instruct-3M-0625-Llama3-70B,66.39472313834403,35.738255033557046,74.42120240960651,16.314199395770395,45.86103723404255,46.03174603174603
BAAI_Infinity-Instruct-3M-0625-Llama3-8B,49.21020656136088,27.516778523489933,60.50268842227512,5.287009063444108,32.52160904255319,37.03703703703704
BAAI_Infinity-Instruct-3M-0625-Mistral-7B,49.140774171150845,28.691275167785236,58.674206660549565,6.722054380664652,32.297207446808514,42.592592592592595
BAAI_Infinity-Instruct-3M-0625-Qwen2-7B,53.15049470578025,31.29194630872483,55.53930238434022,6.117824773413897,39.602726063829785,38.75661375661375
BAAI_Infinity-Instruct-3M-0625-Yi-1.5-9B,54.97309494879361,35.40268456375839,51.859842994366055,13.972809667673717,41.18184840425532,45.63492063492063
BAAI_Infinity-Instruct-7M-0729-Llama3_1-8B,50.40791529248394,29.278523489932883,61.319521092922336,9.743202416918429,32.23902925531915,35.714285714285715
BAAI_Infinity-Instruct-7M-0729-mistral-7B,49.31435514667592,29.026845637583893,61.61928128476886,5.589123867069486,32.737699468085104,40.476190476190474
BAAI_Infinity-Instruct-7M-Gen-Llama3_1-70B,66.75924318694672,37.58389261744966,73.35458804859994,21.07250755287009,46.0688164893617,45.23809523809524
BAAI_Infinity-Instruct-7M-Gen-Llama3_1-8B,50.40791529248394,29.278523489932883,61.319521092922336,9.743202416918429,32.23902925531915,35.714285714285715
BAAI_Infinity-Instruct-7M-Gen-mistral-7B,49.31435514667592,29.026845637583893,61.46690780462506,5.589123867069486,32.737699468085104,40.476190476190474
BAAI_OPI-Llama-3.1-8B-Instruct,35.20222183648672,27.432885906040266,20.74551080023227,0.0,21.243351063829788,32.27513227513227
BEE-spoke-data_Meta-Llama-3-8Bee,46.207255684776946,31.3758389261745,19.506575885317623,3.8519637462235647,32.19747340425532,36.507936507936506
BEE-spoke-data_smol_llama-101M-GQA,29.76913730255164,25.75503355704698,13.843712460715347,0.0,11.070478723404255,37.03703703703704
BEE-spoke-data_smol_llama-220M-GQA,29.97743447318174,25.587248322147648,23.860468002677344,0.0,11.49434840425532,40.476190476190474
BEE-spoke-data_smol_llama-220M-GQA-fineweb_edu,28.97066481513626,25.922818791946305,19.88124842085666,0.0,11.269946808510637,43.51851851851852
BEE-spoke-data_smol_llama-220M-openhermes,29.97743447318174,26.76174496644295,15.55229014570229,0.0,11.20345744680851,38.35978835978836
BEE-spoke-data_tFINE-900m-e16-d32-flan,30.116299253601802,23.322147651006713,15.057713533424646,0.0,13.07347074468085,37.16931216931217
BEE-spoke-data_tFINE-900m-e16-d32-flan-infinity-instruct-7m-T2T_en-1024,31.1577851067523,25.419463087248324,13.206735905176043,0.0,12.367021276595745,43.783068783068785
BEE-spoke-data_tFINE-900m-e16-d32-instruct_2e,30.96684603367471,25.922818791946305,14.02855534426433,0.0,12.367021276595745,41.93121693121693
BEE-spoke-data_tFINE-900m-instruct-orpo,29.994792570734248,25.922818791946305,13.299157346950535,0.0,11.519281914893616,33.99470899470899
BSC-LT_salamandra-7b,35.09807325117168,27.01342281879195,13.673829882489574,0.0,14.926861702127658,34.92063492063492
BSC-LT_salamandra-7b-instruct,38.29196320083319,26.426174496644293,24.50741809509878,0.22658610271903326,18.05186170212766,41.269841269841265
Ba2han_Llama-Phi-3_DoRA,54.90366255858358,32.63422818791946,51.30531434371911,10.196374622356496,39.153922872340424,40.60846560846561
Baptiste-HUVELLE-10_LeTriomphant2.2_ECE_iLAB,72.38326679395938,39.93288590604027,50.76330802271307,44.48640483383686,58.51063829787234,46.164021164021165
BenevolenceMessiah_Qwen2.5-72B-2x-Instruct-TIES-v1.0,72.57420586703698,36.74496644295302,54.73499204333391,9.365558912386707,56.28324468085106,41.93121693121693
BenevolenceMessiah_Yi-Coder-9B-Chat-Instruct-TIES-MoE-v1.0,49.03662558583579,26.25838926174497,30.115316249772828,4.003021148036254,26.803523936170215,40.74074074074074
BlackBeenie_Bloslain-8B-v0.2,50.876583926401665,30.620805369127517,50.23371321427147,14.501510574018129,36.53590425531915,40.74074074074074
BlackBeenie_Llama-3.1-8B-OpenO1-SFT-v0.1,47.647977781635134,26.845637583892618,51.240375536908736,13.066465256797583,34.915226063829785,36.11111111111111
BlackBeenie_Llama-3.1-8B-pythonic-passthrough-merge,34.19545217844124,26.845637583892618,23.158552640327663,0.6042296072507553,13.32280585106383,37.698412698412696
BlackBeenie_Neos-Gemma-2-9b,54.834230168373544,32.29865771812081,58.75665456544192,8.23262839879154,39.81050531914894,36.11111111111111
BlackBeenie_Neos-Llama-3.1-8B,43.93334490539837,26.845637583892618,49.4393764101473,12.915407854984895,32.62134308510639,37.43386243386244
BlackBeenie_Neos-Llama-3.1-base,28.918590522478738,23.741610738255034,17.508211545366294,0.0,11.12034574468085,34.92063492063492
BlackBeenie_Neos-Phi-3-14B-v0.1,62.020482555111954,30.536912751677853,40.224493233509314,16.691842900302113,45.636635638297875,41.13756613756614
BlackBeenie_llama-3-luminous-merged,51.41468495052942,29.278523489932883,43.234506664538976,7.854984894259818,37.73271276595745,41.4021164021164
BlackBeenie_llama-3.1-8B-Galore-openassistant-guanaco,51.952785974657175,30.033557046979865,26.34842218646525,4.833836858006042,32.06449468085106,44.047619047619044
Bllossom_llama-3.2-Korean-Bllossom-AICA-5B,42.77035236938032,29.86577181208054,51.72497861230424,7.326283987915408,27.102726063829785,38.22751322751323
BoltMonkey_DreadMix,54.22669675403575,29.949664429530205,70.94908176970438,13.746223564954683,37.898936170212764,42.06349206349206
BoltMonkey_NeuralDaredevil-SuperNova-Lite-7B-DARETIES-abliterated,51.536191633396975,28.02013422818792,44.29114748866341,9.969788519637463,36.419547872340424,40.60846560846561
BoltMonkey_SuperNeuralDreadDevil-8b,52.71654226696754,29.194630872483224,77.09898624538447,11.48036253776435,36.785239361702125,39.682539682539684
BrainWave-ML_llama3.2-3B-maths-orpo,28.762367644506163,25.922818791946305,20.490742341431844,0.0,11.67719414893617,35.714285714285715
BramVanroy_GEITje-7B-ultra,37.545565006075336,26.25838926174497,37.23442687624392,0.906344410876133,20.113031914893618,32.804232804232804
BramVanroy_fietje-2,40.2187120291616,25.419463087248324,20.98033218526842,0.906344410876133,19.855385638297875,36.904761904761905
BramVanroy_fietje-2-chat,41.32963027252213,23.993288590604024,29.17359273394593,0.5287009063444109,20.545212765957448,35.18518518518518
BramVanroy_fietje-2-instruct,41.15604929699705,23.322147651006713,27.899639622867323,0.5287009063444109,21.03557180851064,33.5978835978836
CYFRAGOVPL_Llama-PLLuM-8B-base,43.169588613088,28.523489932885905,28.988749850396943,3.625377643504532,27.568151595744684,39.682539682539684
CYFRAGOVPL_Llama-PLLuM-8B-chat,40.56587398021177,26.426174496644293,35.14862786295917,3.3987915407854987,27.194148936170215,41.93121693121693
CYFRAGOVPL_PLLuM-12B-base,43.72504773476827,29.026845637583893,28.20937335159599,2.8700906344410875,27.40192819148936,41.4021164021164
CYFRAGOVPL_PLLuM-12B-chat,44.315223051553545,26.006711409395972,32.143601200370576,1.812688821752266,28.723404255319153,41.13756613756614
CYFRAGOVPL_PLLuM-12B-nc-base,42.42319041833015,27.01342281879195,24.045310886226325,2.190332326283988,25.590093085106385,36.37566137566138
CYFRAGOVPL_PLLuM-12B-nc-chat,45.59972227043916,28.27181208053691,28.344237733657806,1.2084592145015105,25.972406914893615,43.51851851851852
CarrotAI_Llama-3.2-Rabbit-Ko-3B-Instruct,43.968061100503384,27.097315436241608,71.98821349574685,2.492447129909366,28.22473404255319,36.37566137566138
CarrotAI_Llama-3.2-Rabbit-Ko-3B-Instruct-2412,43.55146675924318,29.278523489932883,47.818233398493774,17.220543806646525,31.341422872340424,38.62433862433862
Casual-Autopsy_L3-Umbral-Mind-RP-v2.0-8B,52.50824509633745,28.691275167785236,71.22634609502786,10.120845921450151,37.234042553191486,36.77248677248677
CausalLM_14B,46.74535670890471,30.285234899328863,27.88213052478535,3.3232628398791544,32.21409574468085,41.53439153439153
CausalLM_34b-beta,55.493837875368854,34.64765100671141,30.432474722624857,4.1540785498489425,53.24966755319149,37.43386243386244
CausalLM_preview-1-hf,35.96597812879708,26.174496644295303,55.58928088582738,1.6616314199395772,35.97074468085106,34.12698412698413
Changgil_K2S3-14b-v0.2,45.96424231904183,28.104026845637588,32.428401086893885,4.531722054380665,26.437832446808514,39.15343915343915
Changgil_K2S3-v0.1,46.311404270092,26.426174496644293,32.76561745058667,4.607250755287009,25.623337765957448,40.07936507936508
ClaudioItaly_Albacus,50.893942023954175,27.181208053691275,46.67415790103592,6.419939577039275,31.648936170212767,41.269841269841265
ClaudioItaly_Book-Gut12B,54.05311577851067,30.70469798657718,39.984685080032094,8.761329305135952,36.702127659574465,46.2962962962963
ClaudioItaly_Evolutionstory-7B-v2.2,50.84186773129665,27.516778523489933,48.137940664104576,6.419939577039275,31.590757978723406,41.269841269841265
ClaudioItaly_intelligence-cod-rag-7b-v3,53.306717583752814,27.265100671140942,68.97820006471717,9.818731117824774,41.95478723404255,41.4021164021164
CohereForAI_aya-23-35B,53.60180524214546,29.446308724832214,64.61932117891638,2.643504531722054,33.56050531914894,42.98941798941799
CohereForAI_aya-23-8B,42.562055198750215,28.439597315436245,46.98887839820565,1.4350453172205437,22.78091755319149,39.285714285714285
CohereForAI_aya-expanse-32b,56.292310362784235,32.5503355704698,73.01737168490716,13.36858006042296,41.29820478723404,38.62433862433862
CohereForAI_aya-expanse-8b,49.418503731990974,30.285234899328863,63.58517622131501,7.02416918429003,30.03656914893617,37.16931216931217
CohereForAI_c4ai-command-r-plus,58.13226870335011,30.536912751677853,76.64186580495308,7.552870090634441,39.918550531914896,48.01587301587302
CohereForAI_c4ai-command-r-plus-08-2024,59.48620031244576,35.06711409395973,75.39539532883859,11.027190332326283,44.207114361702125,48.28042328042328
CohereForAI_c4ai-command-r-v01,53.51501475438292,30.70469798657718,67.48194789824333,0.0,33.69348404255319,45.10582010582011
CohereForAI_c4ai-command-r7b-12-2024,54.938378753688596,30.87248322147651,77.13145564878965,26.661631419939575,35.72140957446808,41.13756613756614
Columbia-NLP_LION-Gemma-2b-dpo-v1.0,38.864780420065955,24.916107382550333,32.78312654866864,4.305135951661631,16.65558510638298,41.13756613756614
Columbia-NLP_LION-Gemma-2b-odpo-v1.0,38.621767054330846,24.24496644295302,30.664858131978708,3.7009063444108756,16.92154255319149,42.72486772486773
Columbia-NLP_LION-Gemma-2b-sft-v1.0,38.46554417635827,25.587248322147648,36.924693147515256,5.13595166163142,17.819148936170212,40.21164021164021
Columbia-NLP_LION-LLaMA-3-8b-dpo-v1.0,49.835098073251174,28.104026845637588,49.57424079220912,9.06344410876133,32.18916223404255,40.87301587301587
Columbia-NLP_LION-LLaMA-3-8b-odpo-v1.0,49.78302378059365,28.523489932885905,39.6799381197445,7.250755287009064,31.524268617021278,40.476190476190474
Columbia-NLP_LION-LLaMA-3-8b-sft-v1.0,50.5294219753515,27.768456375838923,38.171163623629745,8.459214501510575,32.3720079787234,44.97354497354497
CombinHorizon_Josiefied-abliteratedV4-Qwen2.5-14B-Inst-BaseMerge-TIES,63.46120465197015,32.466442953020135,82.39958864701215,0.0,49.79222074468085,42.46031746031746
CombinHorizon_Rombos-Qwen2.5-7B-Inst-BaseMerge-TIES,53.75802812011804,29.78187919463087,75.64019025075687,0.0,43.41755319148936,40.21164021164021
CombinHorizon_YiSM-blossom5.1-34B-SLERP,61.777469189376845,35.57046979865772,50.33112142448702,19.788519637462233,47.40691489361702,44.047619047619044
CombinHorizon_huihui-ai-abliterated-Qwen2.5-32B-Inst-BaseMerge-TIES,68.98107967366776,33.89261744966443,82.06237228331938,0.0,57.20578457446809,41.93121693121693
CombinHorizon_huihui-ai-abliteratedV2-Qwen2.5-14B-Inst-BaseMerge-TIES,63.13140079847249,31.45973154362416,81.75762532303177,0.0,49.10239361702128,42.46031746031746
CombinHorizon_zetasepic-abliteratedV2-Qwen2.5-32B-Inst-BaseMerge-TIES,69.2761673320604,36.74496644295302,83.28136012446974,0.0,56.84840425531915,42.98941798941799
ContactDoctor_Bio-Medical-3B-CoT-012025,43.42996007637563,30.453020134228186,36.037934901616595,11.706948640483382,29.33843085106383,33.5978835978836
ContactDoctor_Bio-Medical-Llama-3-8B,48.56795695191807,33.38926174496644,44.22365988909427,7.250755287009064,36.477726063829785,35.05291005291005
CoolSpring_Qwen2-0.5B-Abyme,28.328415205693457,25.335570469798657,19.151850423542864,1.5105740181268883,13.331117021276595,35.317460317460316
CoolSpring_Qwen2-0.5B-Abyme-merge2,29.803853497656657,26.006711409395972,20.21846478454944,1.812688821752266,14.893617021276595,36.77248677248677
CoolSpring_Qwen2-0.5B-Abyme-merge3,29.821211595209164,26.426174496644293,23.860468002677344,2.1148036253776437,15.001662234042554,34.92063492063492
Corianas_Neural-Mistral-7B,44.15900017358098,28.355704697986578,54.892352291918776,1.8882175226586102,27.376994680851062,38.62433862433862
Corianas_Quokka_2.7b,30.203089741364348,25.587248322147648,17.490702447284317,0.3776435045317221,11.45279255319149,39.021164021164026
Corianas_llama-3-reactor,44.55823641728867,29.78187919463087,23.001192391742798,4.380664652567976,28.008643617021278,39.682539682539684
CortexLM_btlm-7b-base-v0.2,39.87155007811144,25.335570469798657,14.832865685270635,1.0574018126888218,23.49567819148936,38.35978835978836
Cran-May_SCE-2-24B,62.454434993924664,33.7248322147651,58.65924635522636,18.27794561933535,46.1186835106383,45.23809523809524
Cran-May_SCE-3-24B,59.607706995313315,34.64765100671141,54.65254413844156,17.522658610271904,46.467752659574465,44.31216931216932
Cran-May_T.E-8.1,55.5806283631314,31.29194630872483,70.76922565459647,6.3444108761329305,44.32347074468085,44.97354497354497
Cran-May_merge_model_20250308_2,65.63096684603367,39.09395973154363,59.32370554572978,43.80664652567976,54.19714095744681,47.883597883597886
Cran-May_merge_model_20250308_3,62.40236070126714,32.21476510067114,60.17799438822324,25.45317220543807,49.617686170212764,43.12169312169312
Cran-May_merge_model_20250308_4,66.42943933344905,39.76510067114094,45.39521802151624,41.99395770392749,53.665226063829785,46.82539682539682
Cran-May_tempmotacilla-cinerea-0308,65.6830411386912,37.41610738255034,56.30371857781796,43.80664652567976,53.881316489361694,47.22222222222222
CreitinGameplays_Llama-3.1-8B-R1-v0.1,30.25516403402187,25.838926174496645,32.3485019747603,18.12688821752266,12.516622340425531,36.11111111111111
CultriX_Qwen2.5-14B-Broca,65.07550772435341,38.6744966442953,56.0414145578177,34.59214501510574,53.64029255319149,47.61904761904761
CultriX_Qwen2.5-14B-BrocaV9,63.61742752994272,36.40939597315436,67.62933460994606,29.68277945619335,53.30784574468085,46.82539682539682
CultriX_Qwen2.5-14B-Brocav3,64.31175143204305,35.90604026845637,69.51776841004092,32.25075528700906,53.1748670212766,47.48677248677249
CultriX_Qwen2.5-14B-Brocav6,63.582711334837704,36.74496644295302,69.95239298394925,29.607250755287005,53.191489361702125,47.354497354497354
CultriX_Qwen2.5-14B-Brocav7,64.17288665162299,36.74496644295302,67.23715297632505,31.87311178247734,52.576462765957444,47.883597883597886
CultriX_Qwen2.5-14B-Emerged,62.40236070126714,35.738255033557046,70.00237148543643,30.74018126888218,51.86170212765957,46.82539682539682
CultriX_Qwen2.5-14B-Emergedv3,61.63860440895677,36.07382550335571,63.88493641316153,20.694864048338367,51.73703457446809,47.22222222222222
CultriX_Qwen2.5-14B-FinalMerge,57.038708557542094,35.48657718120805,48.909781601705696,13.066465256797583,45.744680851063826,43.65079365079365
CultriX_Qwen2.5-14B-Hyper,64.84985245617081,39.177852348993284,53.60842564395802,33.00604229607251,53.74002659574468,48.94179894179894
CultriX_Qwen2.5-14B-HyperMarck-dl,60.80541572643639,36.74496644295302,66.50276821057017,52.87009063444109,50.90591755319149,44.047619047619044
CultriX_Qwen2.5-14B-Hyperionv3,65.00607533414338,37.080536912751676,68.36371937570091,34.13897280966767,53.39926861702128,47.22222222222222
CultriX_Qwen2.5-14B-Hyperionv4,64.52004860267316,39.76510067114094,54.15796752616391,33.00604229607251,53.64029255319149,48.28042328042328
CultriX_Qwen2.5-14B-Hyperionv5,64.22496094428051,37.164429530201346,67.29211824625327,29.531722054380666,53.01695478723404,47.883597883597886
CultriX_Qwen2.5-14B-MegaMerge-pt2,65.50946016316612,37.919463087248324,56.8307645935008,27.341389728096676,54.20545212765957,47.22222222222222
CultriX_Qwen2.5-14B-MergeStock,65.54417635827113,37.332214765100666,56.85326046002386,29.380664652567972,53.9561170212766,46.69312169312169
CultriX_Qwen2.5-14B-ReasoningMerge,65.71775733379621,40.77181208053691,46.05469044357859,52.0392749244713,53.449135638297875,51.587301587301596
CultriX_Qwen2.5-14B-Ultimav2,65.40531157785107,38.50671140939597,54.84990935163145,37.839879154078545,54.17220744680851,49.60317460317461
CultriX_Qwen2.5-14B-Unity,60.024301336573515,34.73154362416108,67.38952645646883,15.332326283987916,50.756316489361694,46.69312169312169
CultriX_Qwen2.5-14B-Wernicke,65.42266967540358,39.34563758389262,52.34699486252033,30.060422960725074,54.23869680851063,46.82539682539682
CultriX_Qwen2.5-14B-Wernicke-SFT,64.43325811491061,35.40268456375839,49.374437603336915,35.80060422960725,50.69813829787234,38.88888888888889
CultriX_Qwen2.5-14B-Wernicke-SLERP,64.19024474917549,34.395973154362416,55.88904107767391,9.441087613293051,50.939162234042556,41.269841269841265
CultriX_Qwen2.5-14B-Wernickev3,61.65596250650929,36.241610738255034,70.48198779239085,32.779456193353475,51.5126329787234,47.08994708994709
CultriX_Qwen2.5-14B-partialmergept1,61.34351675056414,36.15771812080537,63.3728507028019,19.86404833836858,52.07779255319149,47.48677248677249
CultriX_Qwenfinity-2.5-14B,56.292310362784235,34.899328859060404,48.137940664104576,14.879154078549849,44.98005319148936,44.97354497354497
CultriX_Qwestion-14B,64.32910952959556,36.828859060402685,63.178034282370774,31.722054380664655,54.222074468085104,46.2962962962963
CultriX_SeQwence-14B,64.91928484638083,36.07382550335571,53.516004202183545,33.987915407854985,54.18882978723404,46.56084656084656
CultriX_SeQwence-14B-EvolMerge,65.50946016316612,38.08724832214765,53.81576439403006,31.797583081570995,54.18882978723404,48.148148148148145
CultriX_SeQwence-14B-EvolMergev1,65.24908869987848,37.667785234899334,55.54683794554005,32.477341389728096,53.931183510638306,46.164021164021165
CultriX_SeQwence-14B-v5,65.02343343169589,36.99664429530201,59.19881470055011,31.042296072507554,54.147273936170215,47.08994708994709
CultriX_SeQwence-14Bv1,63.218191286235026,36.15771812080537,66.78003253589365,33.53474320241692,53.199800531914896,46.95767195767196
CultriX_SeQwence-14Bv2,62.80159694497483,36.07382550335571,57.85992278266112,21.6012084592145,53.34109042553191,45.8994708994709
CultriX_SeQwence-14Bv3,62.76688074986981,36.49328859060403,57.19047682371663,22.129909365558913,53.34940159574468,46.164021164021165
DRXD1000_Atlas-7B,32.82416247179309,25.75503355704698,37.04459722425387,0.22658610271903326,14.012632978723405,33.33333333333333
DRXD1000_Phoenix-7B,39.00364520048603,27.85234899328859,32.09617149164218,0.0,23.429188829787233,38.35978835978836
DUAL-GPO_zephyr-7b-ipo-0k-15k-i1,44.471445929526126,29.110738255033556,27.562423259174544,2.56797583081571,31.299867021276594,41.66666666666667
DZgas_GIGABATEMAN-7B,50.147543829196316,28.942953020134226,46.07463751734288,4.758308157099698,31.765292553191486,43.25396825396825
Daemontatox_AetherDrake-SFT,48.44645026905051,32.04697986577181,48.12796712722244,14.652567975830816,34.99002659574468,40.87301587301587
Daemontatox_AetherSett,54.38291963200833,30.788590604026844,53.695860317291455,30.74018126888218,42.78590425531915,46.03174603174603
Daemontatox_AetherTOT,50.40791529248394,32.38255033557047,43.976426991493675,14.954682779456194,38.040226063829785,40.74074074074074
Daemontatox_AetherUncensored,44.59295261239368,28.859060402684566,40.41930965394043,6.797583081570997,27.102726063829785,37.43386243386244
Daemontatox_Cogito-MIS,50.477347682693974,25.671140939597315,18.145188100905596,8.610271903323262,14.353390957446807,37.56613756613756
Daemontatox_CogitoDistil,36.53879534802986,25.922818791946305,27.764775240805506,10.498489425981873,26.25498670212766,37.43386243386244
Daemontatox_CogitoZ,66.98489845512931,39.51342281879195,39.67240255854466,46.299093655589125,55.925864361702125,47.883597883597886
Daemontatox_CogitoZ14,62.836313140079845,31.62751677852349,66.37034180419066,20.770392749244714,39.993351063829785,40.476190476190474
Daemontatox_DocumentCogito,51.050164901926756,31.62751677852349,50.643403945974455,16.238670694864048,38.02360372340425,39.682539682539684
Daemontatox_Llama3.3-70B-CogniLink,66.68981079673668,44.54697986577181,69.31042965996888,39.577039274924466,51.72872340425532,48.67724867724868
Daemontatox_Llama_cot,47.94306544002777,29.110738255033556,75.48781677061308,20.241691842900302,35.1811835106383,38.62433862433862
Daemontatox_MawaredT1,51.88335358444714,33.47315436241611,41.988036188424495,14.577039274924472,47.18251329787234,46.95767195767196
Daemontatox_Mini_QwQ,55.30289880229127,30.369127516778523,44.97056698449005,28.172205438066467,43.7250664893617,46.82539682539682
Daemontatox_NemoR,51.88335358444714,32.718120805369125,22.87375275380435,8.08157099697885,32.903922872340424,39.021164021164026
Daemontatox_PathFinderAI2.0,66.5335879187641,39.51342281879195,39.884728077057765,45.61933534743202,56.05053191489362,48.41269841269841
Daemontatox_PathFinderAi3.0,68.47769484464503,40.855704697986575,42.70989862453845,48.338368580060425,57.571476063829785,48.01587301587302
Daemontatox_PathfinderAI,66.27321645547649,39.42953020134228,37.45173916319809,47.583081570996974,55.934175531914896,48.544973544973544
Daemontatox_Phi-4-COT,61.53445582364173,33.557046979865774,17.93031378963373,18.35347432024169,50.0498670212766,45.23809523809524
Daemontatox_PixelParse_AI,50.09546953653879,32.38255033557047,43.82904027979095,14.425981873111782,37.78257978723404,40.476190476190474
Daemontatox_RA2.0,48.65474743968061,30.536912751677853,37.838934028378034,33.91238670694864,26.163563829787233,40.87301587301587
Daemontatox_RA_Reasoner,60.354105190071174,33.13758389261745,55.921510481079096,20.090634441087612,43.00199468085106,39.55026455026455
Daemontatox_RA_Reasoner2.0,60.49296997049124,32.466442953020135,53.66339091388627,22.885196374622357,43.53390957446808,38.75661375661375
Daemontatox_ReasonTest,54.07047387606318,31.879194630872483,40.79653098223824,15.634441087613293,42.71941489361702,43.12169312169312
Daemontatox_Research_PathfinderAI,28.363131400798476,24.07718120805369,34.569165370106866,16.993957703927492,11.303191489361703,33.86243386243386
Daemontatox_SphinX,54.26141294914078,29.78187919463087,57.25042886208593,24.546827794561935,43.658577127659576,44.047619047619044
Daemontatox_Sphinx2.0,64.48533240756814,29.36241610738255,71.23133286346892,2.719033232628399,51.83676861702128,42.46031746031746
Daemontatox_TinySphinx,32.89359486200312,27.348993288590606,25.66900269063862,0.0,16.97972074468085,33.2010582010582
Daemontatox_TinySphinx2.0,31.48758896024996,26.845637583892618,25.351733400710113,2.643504531722054,17.31216755319149,33.730158730158735
Daemontatox_Zirel-7B-Math,54.191980558930744,32.63422818791946,66.38785090227263,19.788519637462233,42.37034574468085,47.883597883597886
Daemontatox_Zirel_1.5,39.593820517271304,26.006711409395972,41.67575366693706,11.329305135951662,21.434507978723406,36.507936507936506
Daemontatox_mini-Cogito-R1,32.66793959382051,28.691275167785236,22.98368329366082,27.492447129909365,14.818816489361703,34.39153439153439
Daemontatox_mini_Pathfinder,39.350807151536195,25.838926174496645,29.615752869054106,21.90332326283988,28.091755319148938,37.698412698412696
Dampfinchen_Llama-3.1-8B-Ultra-Instruct,52.50824509633745,29.194630872483224,80.81091503876381,14.954682779456194,38.2563164893617,39.94708994708995
Danielbrdz_Barcenas-10b,61.01371289706648,34.144295302013425,66.07811717354397,20.166163141993955,43.60871010638298,41.269841269841265
Danielbrdz_Barcenas-14b-Phi-3-medium-ORPO,64.25967713938552,33.808724832214764,45.585047673506295,14.350453172205437,46.891622340425535,48.28042328042328
Danielbrdz_Barcenas-14b-phi-4,67.48828328415206,38.33892617449665,4.97590836757581,25.528700906344408,51.74534574468085,50.92592592592593
Danielbrdz_Barcenas-14b-phi-4-v2,65.75247352890123,37.835570469798654,27.747266142723525,31.797583081570995,52.43517287234043,43.91534391534391
Danielbrdz_Barcenas-3b-GRPO,44.08956778337094,29.026845637583893,54.44276741268723,13.746223564954683,30.36901595744681,35.714285714285715
Danielbrdz_Barcenas-Llama3-8b-ORPO,49.62680090262107,30.70469798657718,73.7242738156979,5.740181268882175,38.297872340425535,41.7989417989418
Danielbrdz_Barcenas-R1-Qwen-1.5b,35.74032286061448,30.369127516778523,24.280132271262474,26.586102719033235,19.090757978723406,35.317460317460316
Dans-DiscountModels_12b-mn-dans-reasoning-test-2,47.70005207429266,27.348993288590606,37.10953603106424,6.3444108761329305,25.074800531914892,36.904761904761905
Dans-DiscountModels_12b-mn-dans-reasoning-test-3,48.29022739107794,27.097315436241608,50.52593784491815,7.779456193353475,25.157912234042552,41.53439153439153
Dans-DiscountModels_Dans-Instruct-CoreCurriculum-12b-ChatML,52.334664120812356,30.536912751677853,4.781091947144687,3.7764350453172204,35.80452127659575,41.7989417989418
Dans-DiscountModels_Dans-Instruct-Mix-8b-ChatML,47.1445929526124,29.446308724832214,8.250774611364513,4.758308157099698,32.878989361702125,39.15343915343915
Dans-DiscountModels_Dans-Instruct-Mix-8b-ChatML-V0.1.0,47.578545391425095,28.60738255033557,6.682048076880455,5.287009063444108,32.8374335106383,37.83068783068783
Dans-DiscountModels_Dans-Instruct-Mix-8b-ChatML-V0.1.1,47.248741537927444,29.110738255033556,9.105063453857985,4.909365558912387,32.7875664893617,38.22751322751323
Dans-DiscountModels_Dans-Instruct-Mix-8b-ChatML-V0.2.0,46.05103280680438,29.36241610738255,50.64085515321569,4.078549848942599,29.99501329787234,36.37566137566138
Dans-DiscountModels_Mistral-7b-v0.3-Test-E0.7,47.38760631834751,29.61409395973154,51.23538876846767,3.2477341389728096,27.44348404255319,39.94708994708995
Dans-DiscountModels_mistral-7b-test-merged,48.758896024995664,30.536912751677853,66.23547742212884,4.1540785498489425,29.31349734042553,35.84656084656085
Darkknight535_OpenCrystal-12B-L3,51.98750216976219,30.620805369127517,40.70909630890482,7.930513595166164,36.402925531914896,36.507936507936506
DavidAU_DeepHermes-3-Llama-3-8B-Preview-16.5B-Brainstorm,47.43968061100504,31.3758389261745,31.356799957446245,10.574018126888216,32.08942819148936,39.285714285714285
DavidAU_DeepSeek-BlackRoot-R1-Distill-Llama-3.1-8B,48.60267314702308,31.79530201342282,36.849780803822746,6.570996978851963,29.762300531914892,43.12169312169312
DavidAU_DeepSeek-Grand-Horror-SMB-R1-Distill-Llama-3.1-16B,44.61031070994619,31.3758389261745,25.069482306945567,2.9456193353474323,27.09441489361702,41.53439153439153
DavidAU_DeepSeek-MOE-4X8B-R1-Distill-Llama-3.1-Deep-Thinker-Uncensored-24B,48.672105537233115,32.29865771812081,38.82564927725103,8.157099697885197,30.244348404255316,43.65079365079365
DavidAU_DeepSeek-MOE-4X8B-R1-Distill-Llama-3.1-Mad-Scientist-24B,47.71741017184517,33.7248322147651,34.36182662003484,7.552870090634441,29.695811170212767,42.195767195767196
DavidAU_DeepSeek-R1-Distill-Qwen-25.5B-Brainstorm,58.13226870335011,38.59060402684564,34.15947463840388,55.36253776435045,46.23503989361702,51.455026455026456
DavidAU_DeepSeek-V2-Grand-Horror-SMB-R1-Distill-Llama-3.1-Uncensored-16.5B,44.402013539316094,30.536912751677853,28.531629409965557,1.7371601208459215,27.77593085106383,41.66666666666667
DavidAU_DeepThought-MOE-8X3B-R1-Llama-3.2-Reasoning-18B,42.180177052595035,27.936241610738254,37.931355470152525,10.80060422960725,27.20246010638298,35.58201058201058
DavidAU_Gemma-The-Writer-9B,58.91338309321298,34.56375838926174,17.403156956874426,0.0,39.7938829787234,40.87301587301587
DavidAU_Gemma-The-Writer-DEADLINE-10B,58.896024995660476,34.22818791946309,23.31580207183606,1.6616314199395772,39.461436170212764,41.7989417989418
DavidAU_Gemma-The-Writer-J.GutenBerg-10B,59.03488977608055,33.808724832214764,28.578948301617483,3.7764350453172204,39.469747340425535,41.66666666666667
DavidAU_Gemma-The-Writer-Mighty-Sword-9B,59.00017358097552,34.81543624161073,75.27549125209998,0.0,39.67752659574468,41.00529100529101
DavidAU_Gemma-The-Writer-N-Restless-Quill-10B-Uncensored,59.13903836139559,34.144295302013425,70.70927361622716,0.0755287009063444,39.66090425531915,41.53439153439153
DavidAU_L3-DARKEST-PLANET-16.5B,52.16108314528728,29.53020134228188,62.306236341795326,9.138972809667674,36.3031914893617,37.43386243386244
DavidAU_L3-Dark-Planet-8B,50.59885436556153,30.033557046979865,41.341086096003046,7.477341389728097,37.36702127659575,36.11111111111111
DavidAU_L3-Jamet-12.2B-MK.V-Blackroot-Instruct,47.40496441590002,27.85234899328859,39.61998608137519,4.078549848942599,32.91223404255319,40.07936507936508
DavidAU_L3-Lumimaid-12.2B-v0.1-OAS-Instruct,46.72799861135219,27.684563758389263,39.24032677739509,3.8519637462235647,31.416223404255316,41.7989417989418
DavidAU_L3-SMB-Instruct-12.2B-F32,47.613261586530115,28.187919463087248,43.03215468290802,4.078549848942599,33.12001329787234,40.74074074074074
DavidAU_L3-Stheno-Maid-Blackroot-Grand-HORROR-16B,47.179309147717404,27.097315436241608,34.389309254998956,1.5861027190332326,35.70478723404255,40.21164021164021
DavidAU_L3-Stheno-v3.2-12.2B-Instruct,48.09928831800035,27.516778523489933,40.279458503437546,4.984894259818732,33.45246010638298,40.87301587301587
DavidAU_L3.1-Dark-Planet-SpinFire-Uncensored-8B,52.421454608574905,27.936241610738254,70.42702252246262,9.290030211480364,36.702127659574465,35.317460317460316
DavidAU_L3.1-MOE-2X8B-Deepseek-DeepHermes-e32-uncensored-abliterated-13.7B,44.43672973442111,31.3758389261745,33.452572507613134,26.057401812688823,28.92287234042553,37.43386243386244
DavidAU_Qwen2.5-MOE-2X1.5B-DeepSeek-Uncensored-Censored-4B,29.942718278076725,25.922818791946305,17.832905579418163,2.492447129909366,11.419547872340425,37.03703703703704
DavidAU_Qwen2.5-MOE-2X7B-DeepSeek-Abliterated-Censored-19B,35.636174275299425,26.51006711409396,28.351773294857647,24.169184290030213,16.36469414893617,38.35978835978836
DavidAU_Qwen2.5-MOE-6x1.5B-DeepSeek-Reasoning-e32,32.6332233987155,24.748322147651006,21.067766858601843,6.646525679758309,11.220079787234043,33.99470899470899
Davidsv_SUONG-1,27.755597986460685,24.41275167785235,24.972074096730008,0.0,10.85438829787234,35.714285714285715
DavieLion_Llama-3.2-1B-SPIN-iter0,28.953306717583754,25.335570469798657,15.067687070306784,0.0,11.253324468085106,35.58201058201058
DavieLion_Llama-3.2-1B-SPIN-iter1,29.109529595556328,25.083892617449667,15.754642127333254,0.0,11.178523936170212,36.37566137566138
DavieLion_Llama-3.2-1B-SPIN-iter2,29.352542961291444,25.419463087248324,13.761264555822994,0.0,11.28656914893617,35.44973544973545
DavieLion_Llama-3.2-1B-SPIN-iter3,29.30046866863392,25.335570469798657,13.35910938531984,0.0,11.278257978723403,34.92063492063492
DavieLion_Lllma-3.2-1B,29.352542961291444,24.41275167785235,16.01439735457475,0.0,11.261635638297872,35.714285714285715
DebateLabKIT_Llama-3.1-Argunaut-1-8B-SFT,48.029855927790315,28.355704697986578,55.1921124837653,11.178247734138973,34.724069148936174,44.97354497354497
Deci_DeciLM-7B,43.950703002950874,29.53020134228188,28.129474239462404,2.416918429003021,26.919880319148938,43.51851851851852
Deci_DeciLM-7B-instruct,45.6865127582017,28.942953020134226,48.80239985460799,2.794561933534743,26.080452127659576,38.75661375661375
DeepAutoAI_Explore_Llama-3.1-8B-Inst,51.050164901926756,28.355704697986578,77.94828831943687,17.522658610271904,37.9155585106383,39.021164021164026
DeepAutoAI_Explore_Llama-3.2-1B-Inst,34.64676271480646,26.174496644295303,57.675079899112134,4.531722054380665,17.478390957446805,31.878306878306876
DeepAutoAI_Explore_Llama-3.2-1B-Inst_v0,33.43169588613088,26.34228187919463,55.97148898256626,4.229607250755287,18.035239361702125,30.952380952380953
DeepAutoAI_Explore_Llama-3.2-1B-Inst_v1,31.036278423884745,24.496644295302016,49.988918292353176,1.283987915407855,12.691156914893616,37.698412698412696
DeepAutoAI_Explore_Llama-3.2-1B-Inst_v1.1,30.932129838569693,26.76174496644295,48.13295389566351,1.3595166163141994,12.749335106382977,35.978835978835974
DeepAutoAI_causal_gpt2,29.942718278076725,26.006711409395972,18.127679002823623,0.22658610271903326,11.311502659574469,42.592592592592595
DeepAutoAI_d2nwg_Llama-3.1-8B-Instruct-v0.0,50.45998958514147,29.194630872483224,78.92746800711002,7.930513595166164,38.77160904255319,41.269841269841265
DeepAutoAI_d2nwg_causal_gpt2,29.925360180524212,25.75503355704698,19.161823960425007,0.3776435045317221,11.51097074468085,42.857142857142854
DeepAutoAI_d2nwg_causal_gpt2_v1,29.56084013192154,25.838926174496645,20.038608669441526,0.1510574018126888,11.353058510638297,43.25396825396825
DeepAutoAI_ldm_soup_Llama-3.1-8B-Inst,50.859225828849155,28.942953020134226,80.3263119633683,11.555891238670695,38.86303191489361,41.53439153439153
DeepAutoAI_ldm_soup_Llama-3.1-8B-Instruct-v0.0,50.893942023954175,29.110738255033556,78.89499860370483,10.42296072507553,38.95445478723404,41.13756613756614
DeepAutoAI_ldm_soup_Llama-3.1-8B-Instruct-v0.1,50.893942023954175,29.110738255033556,78.89499860370483,10.42296072507553,38.95445478723404,41.13756613756614
DeepMount00_Lexora-Lite-3B,48.429092171498006,27.432885906040266,57.75996577968678,9.743202416918429,36.02061170212766,39.55026455026455
DeepMount00_Lexora-Lite-3B_v2,47.9951397326853,27.097315436241608,49.43184084894746,22.80966767371601,35.43882978723404,38.095238095238095
DeepMount00_Lexora-Medium-7B,51.1543134872418,30.536912751677853,41.03379034295669,13.746223564954683,43.25132978723404,44.31216931216932
DeepMount00_Llama-3-8b-Ita,49.17549036625586,30.536912751677853,75.30297388706411,5.362537764350453,38.522273936170215,42.592592592592595
DeepMount00_Llama-3.1-8b-ITA,51.39732685297691,30.620805369127517,53.64843060856306,17.069486404833835,39.602726063829785,44.84126984126984
DeepMount00_Llama-3.1-Distilled,50.68564485332408,30.369127516778523,78.43787816327345,15.55891238670695,37.815824468085104,40.476190476190474
DeepMount00_Qwen2-1.5B-Ita,39.47231383440375,26.25838926174497,51.73495214918638,11.404833836858005,27.71775265957447,34.92063492063492
DeepMount00_Qwen2-1.5B-Ita_v2,39.21194237111612,25.922818791946305,49.99889182923531,9.667673716012084,30.319148936170215,36.904761904761905
DeepMount00_Qwen2-1.5B-Ita_v3,39.12515188335359,25.335570469798657,48.90479483326463,10.42296072507553,30.17785904255319,37.301587301587304
DeepMount00_Qwen2-1.5B-Ita_v5,39.94098246832147,25.419463087248324,49.87400098405564,11.782477341389729,29.429853723404253,34.12698412698413
DeepMount00_Qwen2-1.5B-Ita_v6,42.110744662385,28.27181208053691,29.990425404593147,8.459214501510575,28.715093085106385,37.43386243386244
DeepMount00_Qwen2.5-7B-Instruct-MathCoder,29.66498871723659,26.25838926174497,15.302508455342934,0.0,11.178523936170212,37.96296296296296
DeepMount00_mergekit-ties-okvgjfz,29.66498871723659,26.25838926174497,15.302508455342934,0.0,11.178523936170212,37.96296296296296
Delta-Vector_Baldur-8B,52.92483943759764,30.201342281879196,47.818233398493774,12.613293051359516,36.54421542553192,43.65079365079365
Delta-Vector_Control-8B,50.28640860961639,31.62751677852349,54.897339060359855,13.746223564954683,37.31715425531915,43.51851851851852
Delta-Vector_Control-8B-V1.1,49.74830758548863,30.70469798657718,56.96562897556262,12.462235649546828,37.4501329787234,42.32804232804233
Delta-Vector_Darkens-8B,52.2131574379448,32.466442953020135,25.476624245889795,5.0604229607250755,37.35871010638298,41.00529100529101
Delta-Vector_Henbane-7b-attempt2,50.251692414511375,29.026845637583893,41.57335868828043,20.694864048338367,40.275930851063826,39.682539682539684
Delta-Vector_Odin-9B,54.209338656483254,34.144295302013425,36.91970637907419,12.537764350453173,40.46708776595745,46.42857142857143
Delta-Vector_Tor-8B,51.84863738934212,32.38255033557047,23.815476269631244,5.438066465256798,37.30053191489361,40.87301587301587
DevQuasar_DevQuasar-R1-Uncensored-Llama-8B,51.08488109703176,34.73154362416108,38.48843291355825,33.081570996978854,36.14527925531915,44.31216931216932
Dongwei_DeepSeek-R1-Distill-Qwen-7B-GRPO,34.1086616906787,27.936241610738254,40.3768667136531,0.0,23.221409574468087,36.507936507936506
DoppelReflEx_L3-8B-R1-WolfCore,53.02898802291269,32.88590604026846,37.75404814780339,16.314199395770395,37.16755319148936,42.72486772486773
DoppelReflEx_L3-8B-R1-WolfCore-V1.5-test,52.95955563270266,32.63422818791946,39.55006050612375,12.311178247734139,37.27559840425532,38.35978835978836
DoppelReflEx_L3-8B-WolfCore,51.64034021871203,30.956375838926174,40.219506465068235,9.818731117824774,37.05119680851064,39.682539682539684
DoppelReflEx_MN-12B-FoxFrame-test,54.33084533935081,30.788590604026844,42.22030878070188,8.308157099697885,35.031582446808514,42.46031746031746
DoppelReflEx_MN-12B-FoxFrame2-test,54.59121680263843,31.45973154362416,43.18951493149289,14.04833836858006,35.68816489361702,42.46031746031746
DoppelReflEx_MN-12B-FoxFrame3-test,53.61916333969797,30.11744966442953,43.23195787178021,13.217522658610273,35.28922872340425,45.8994708994709
DoppelReflEx_MN-12B-Kakigori,53.8968929005381,32.466442953020135,35.932991130201195,11.48036253776435,35.812832446808514,40.476190476190474
DoppelReflEx_MN-12B-LilithFrame,49.106057976045825,31.963087248322147,45.09545782966972,5.966767371601208,32.56316489361702,38.88888888888889
DoppelReflEx_MN-12B-LilithFrame-Experiment-2,49.54001041485853,32.5503355704698,42.994698511061756,6.117824773413897,32.7626329787234,37.96296296296296
DoppelReflEx_MN-12B-LilithFrame-Experiment-3,54.41763582711335,32.802013422818796,41.27858526487498,12.990936555891238,36.03723404255319,40.34391534391534
DoppelReflEx_MN-12B-LilithFrame-Experiment-4,55.02516924145113,31.711409395973156,39.81480250180632,10.574018126888216,36.48603723404255,43.65079365079365
DoppelReflEx_MN-12B-Mimicore-GreenSnake,54.59121680263843,32.466442953020135,47.800724300411794,12.990936555891238,36.51097074468085,42.98941798941799
DoppelReflEx_MN-12B-Mimicore-Nocturne,56.778337094254475,31.963087248322147,39.56502081144696,10.574018126888216,36.336436170212764,45.63492063492063
DoppelReflEx_MN-12B-Mimicore-Orochi,54.62593299774344,31.29194630872483,46.20451513096362,11.253776435045317,34.466422872340424,45.370370370370374
DoppelReflEx_MN-12B-Mimicore-Orochi-v2-Experiment,52.8554070473876,29.78187919463087,28.42413684579139,0.4531722054380665,34.23371010638298,45.63492063492063
DoppelReflEx_MN-12B-Mimicore-Orochi-v3-Experiment,54.13990626627322,29.278523489932883,41.016281244874705,5.664652567975831,33.9594414893617,44.31216931216932
DoppelReflEx_MN-12B-Mimicore-Orochi-v4-Experiment,54.24405485158827,30.536912751677853,43.20702402957486,10.27190332326284,35.197805851063826,44.44444444444444
DoppelReflEx_MN-12B-Mimicore-WhiteSnake,55.667418850893945,31.79530201342282,44.376033369238066,11.706948640483382,36.57746010638298,45.63492063492063
DoppelReflEx_MN-12B-Mimicore-WhiteSnake-v2-Experiment-1,48.44645026905051,30.536912751677853,39.090391272933594,1.6616314199395772,31.141954787234045,37.83068783068783
DoppelReflEx_MN-12B-Mimicore-WhiteSnake-v2-Experiment-2,51.570907828502,31.04026845637584,42.40515166425086,4.45619335347432,33.41921542553192,39.94708994708995
DoppelReflEx_MN-12B-Mimicore-WhiteSnake-v2-Experiment-3,47.71741017184517,30.201342281879196,43.02218114602588,2.794561933534743,31.981382978723406,36.77248677248677
DoppelReflEx_MN-12B-Mimicore-WhiteSnake-v2-Experiment-4,51.570907828502,31.04026845637584,42.40515166425086,4.45619335347432,33.41921542553192,39.94708994708995
DoppelReflEx_MN-12B-Unleashed-Twilight,54.97309494879361,32.88590604026846,35.05121965274361,9.592145015105741,36.77692819148936,43.783068783068785
DoppelReflEx_MN-12B-WolFrame,50.859225828849155,31.04026845637584,43.97387819873491,7.552870090634441,33.9345079787234,40.07936507936508
DoppelReflEx_MiniusLight-24B,62.36764450616212,35.822147651006716,25.766410900854176,12.613293051359516,50.91422872340425,43.12169312169312
DoppelReflEx_MiniusLight-24B-test,63.20083318868252,36.828859060402685,3.9367766415333536,2.56797583081571,51.82014627659575,40.87301587301587
DoppelReflEx_MiniusLight-24B-v1b-test,65.9086964068738,37.919463087248324,37.911408396388246,23.94259818731118,53.64860372340425,45.5026455026455
DoppelReflEx_MiniusLight-24B-v1c-test,67.3667766012845,39.51342281879195,37.70650762199852,29.68277945619335,54.87034574468085,46.2962962962963
DoppelReflEx_MiniusLight-24B-v1d-test,66.93282416247179,39.51342281879195,40.324339419407174,29.45619335347432,54.88696808510638,46.164021164021165
DreadPoor_Again-8B-Model_Stock,52.97691373025516,30.11744966442953,67.24213974476612,11.48036253776435,35.1811835106383,39.81481481481482
DreadPoor_Alita99-8B-LINEAR,54.26141294914078,31.62751677852349,71.90077882241341,16.46525679758308,38.09009308510639,42.592592592592595
DreadPoor_AnotherTest,46.554417635827114,29.78187919463087,47.00638749628763,4.380664652567976,28.748337765957448,42.06349206349206
DreadPoor_Aspire-8B-model_stock,52.61239368165249,31.45973154362416,71.40620221013579,12.990936555891238,37.63297872340425,42.06349206349206
DreadPoor_Aspire_1.3-8B_model-stock,52.89012324249263,30.788590604026844,70.61685217445269,16.91842900302115,37.1592420212766,41.00529100529101
DreadPoor_Aspire_V2-8B-Model_Stock,53.20256899843777,32.04697986577181,73.71430027881576,17.598187311178247,36.96808510638298,38.88888888888889
DreadPoor_Aspire_V2.1-8B-Model_Stock,52.247873633049814,30.956375838926174,72.37540836092678,17.673716012084594,38.00698138297872,41.269841269841265
DreadPoor_Aspire_V2_ALT-8B-Model_Stock,52.54296129144246,32.466442953020135,73.81170848903133,17.29607250755287,37.26728723404255,39.682539682539684
DreadPoor_Aspire_V2_ALT_ROW-8B-Model_Stock,52.54296129144246,32.466442953020135,73.81170848903133,17.29607250755287,37.26728723404255,39.682539682539684
DreadPoor_Aspire_V3-8B-Model_Stock,52.629751779205,30.536912751677853,51.18795905973927,18.580060422960727,36.419547872340424,40.07936507936508
DreadPoor_Aspire_V4-8B-Model_Stock,53.081062315570215,30.453020134228186,76.9416259967996,19.259818731117825,37.0844414893617,38.62433862433862
DreadPoor_Aspire_V4_ALT-8B-Model_Stock,52.629751779205,32.04697986577181,73.65933500888752,18.12688821752266,36.81848404255319,39.15343915343915
DreadPoor_Asymmetric_Linearity-8B-Model_Stock,54.48706821732338,31.45973154362416,71.74341857382855,16.46525679758308,38.43916223404255,41.93121693121693
DreadPoor_Aurora_faustus-8B-LINEAR,54.99045304634612,30.70469798657718,72.81003293483512,17.069486404833835,38.42253989361702,41.4021164021164
DreadPoor_Aurora_faustus-8B-LORABLATED,53.82746051032807,30.201342281879196,75.27050448365891,14.879154078549849,36.727061170212764,42.32804232804233
DreadPoor_Aurora_faustus-8B-LORABLATED_ALT,53.77538621767054,29.86577181208054,73.77923908562613,15.861027190332328,36.94315159574468,42.195767195767196
DreadPoor_Autumn_Dawn-8B-LINEAR,54.38291963200833,29.36241610738255,72.92993701157373,18.580060422960727,39.67752659574468,41.7989417989418
DreadPoor_BaeZel-8B-LINEAR,54.504426314875886,32.13087248322148,73.77923908562613,18.12688821752266,38.61369680851064,42.195767195767196
DreadPoor_BaeZel-8B-Model_Stock,53.8968929005381,31.3758389261745,77.13145564878965,16.389728096676738,38.80485372340425,41.93121693121693
DreadPoor_BaeZel_V2-8B-Model_Stock,53.51501475438292,29.949664429530205,76.76675665013276,17.97583081570997,39.469747340425535,41.7989417989418
DreadPoor_BaeZel_V2_ALT-8B-Model_Stock,53.51501475438292,29.949664429530205,76.76675665013276,17.97583081570997,39.469747340425535,41.7989417989418
DreadPoor_BaeZel_V3-8B-Model_Stock,53.75802812011804,32.04697986577181,78.31797408653485,18.957703927492446,38.87965425531915,41.66666666666667
DreadPoor_Blunt_Edge-8B-SLERP,53.74067002256553,31.1241610738255,74.96575752337131,18.580060422960727,37.66622340425532,41.66666666666667
DreadPoor_BulkUp,28.27634091303593,24.748322147651006,17.7804891022487,0.0,11.095412234042554,34.39153439153439
DreadPoor_Cadence-8B-LINEAR,54.13990626627322,30.285234899328863,76.821721920061,16.76737160120846,38.03191489361702,41.66666666666667
DreadPoor_Caelid-8B-Model_Stock,54.434993924665854,31.04026845637584,72.47281657114235,15.105740181268882,38.16489361702128,39.94708994708995
DreadPoor_Casuar-9B-Model_Stock,60.94428050685645,34.47986577181208,77.64852812759035,21.299093655589125,41.56416223404255,41.53439153439153
DreadPoor_Condensed_Milk-8B-Model_Stock,54.15726436382573,32.13087248322148,75.36292592543342,17.447129909365557,38.763297872340424,41.53439153439153
DreadPoor_CoolerCoder-8B-LINEAR,47.45703870855754,29.026845637583893,45.19286603988528,7.930513595166164,31.590757978723406,39.55026455026455
DreadPoor_Damasteel-8B-LINEAR,53.723311925013014,29.86577181208054,73.84417789243652,16.691842900302113,37.79089095744681,42.06349206349206
DreadPoor_Dearly_Beloved-8B-TIES,40.25342822426662,29.86577181208054,82.66687943545348,21.148036253776432,28.26628989361702,41.66666666666667
DreadPoor_Decayed-8B-LINEAR,53.96632529074813,30.956375838926174,76.76176988169169,17.14501510574018,37.63297872340425,41.7989417989418
DreadPoor_Derivative-8B-Model_Stock,53.82746051032807,31.711409395973156,76.67433520835827,17.900302114803626,38.10671542553192,41.93121693121693
DreadPoor_Derivative_V2-8B-Model_Stock,53.792744315223054,30.70469798657718,75.36791269387447,17.97583081570997,38.56382978723404,41.13756613756614
DreadPoor_Derivative_V2_ALT-8B-Model_Stock,53.51501475438292,31.1241610738255,77.19639445560003,18.806646525679756,38.821476063829785,41.269841269841265
DreadPoor_Derivative_V3-8B-Model_Stock,52.16108314528728,29.446308724832214,69.63767248677952,14.652567975830816,35.02327127659575,41.4021164021164
DreadPoor_Elusive_Dragon_Heart-8B-LINEAR,54.40027772956084,30.620805369127517,71.31378076836128,14.803625377643503,38.13996010638298,41.4021164021164
DreadPoor_Emu_Eggs-9B-Model_Stock,60.44089567783371,33.30536912751678,76.06982805622415,20.996978851963746,42.27061170212766,40.60846560846561
DreadPoor_Eunoia_Vespera-8B-LINEAR,53.862176705433086,30.70469798657718,72.35291249440374,15.407854984894259,38.38929521276596,41.7989417989418
DreadPoor_Fu_sion_HA-8B-SLERP,53.56708904704044,32.29865771812081,76.09232392274721,17.522658610271904,38.24800531914894,41.53439153439153
DreadPoor_HOT_STINKING_GARBAGE,48.758896024995664,27.516778523489933,57.54265349273262,6.722054380664652,30.169547872340424,42.46031746031746
DreadPoor_H_the_eighth-8B-LINEAR,53.67123763235549,32.802013422818796,74.69347996648892,17.749244712990937,38.239694148936174,41.66666666666667
DreadPoor_Happy_New_Year-8B-Model_Stock,53.54973094948794,31.3758389261745,76.15726272955757,15.93655589123867,38.78823138297872,41.7989417989418
DreadPoor_Heart_Stolen-8B-Model_Stock,53.82746051032807,31.711409395973156,72.44533393617823,17.220543806646525,37.9404920212766,41.53439153439153
DreadPoor_Heart_Stolen-ALT-8B-Model_Stock,52.52560319388995,30.11744966442953,71.83584001560305,15.634441087613293,37.72440159574468,40.476190476190474
DreadPoor_Here_We_Go_Again-8B-SLERP,54.434993924665854,31.879194630872483,74.42120240960651,17.29607250755287,38.73005319148936,41.7989417989418
DreadPoor_Howdy-8B-LINEAR,53.75802812011804,31.45973154362416,73.77923908562613,17.749244712990937,38.06515957446808,41.13756613756614
DreadPoor_Incidental-8B-Model_Stock,54.36556153445582,30.285234899328863,74.8183708116686,16.1631419939577,38.73005319148936,42.32804232804233
DreadPoor_Irina-8B-model_stock,52.23051553549731,28.439597315436245,67.99403360860295,10.196374622356496,35.73803191489361,39.94708994708995
DreadPoor_Kindling-8B-Model_Stock,54.78215587571602,31.79530201342282,73.08231049171752,17.522658610271904,38.297872340425535,40.60846560846561
DreadPoor_L3.1-BaeZel-8B-Della,54.33084533935081,31.963087248322147,51.802439748755525,17.447129909365557,39.020944148936174,41.93121693121693
DreadPoor_Laughing_Stock-8B-Model_Stock,54.3134872417983,28.942953020134226,71.89579205397236,15.785498489425981,37.64128989361702,41.4021164021164
DreadPoor_Lava_Lamp-8B-SLERP,53.58444714459295,30.536912751677853,73.81170848903133,17.371601208459214,37.5,41.7989417989418
DreadPoor_LemonP-8B-Model_Stock,54.24405485158827,30.285234899328863,76.76176988169169,17.673716012084594,40.04321808510639,40.74074074074074
DreadPoor_Lydia_of_Whiterun-8B-LINEAR,53.58444714459295,31.62751677852349,76.03237188437791,17.673716012084594,38.00698138297872,42.46031746031746
DreadPoor_Machroom-3B-model_stock,35.84447144592953,25.25167785234899,32.977942969099765,2.416918429003021,16.12367021276596,46.03174603174603
DreadPoor_Matryoshka-8B-LINEAR,54.3134872417983,32.04697986577181,72.62519005128614,17.522658610271904,38.655252659574465,42.46031746031746
DreadPoor_Mercury_In_Retrograde-8b-Model-Stock,53.67123763235549,31.62751677852349,72.96240641497891,16.46525679758308,38.289561170212764,41.93121693121693
DreadPoor_Minthy-8B-Model_Stock,53.35879187641035,30.369127516778523,76.5769269981427,19.184290030211482,39.92686170212766,40.87301587301587
DreadPoor_Minthy_ALT-8B-Model_Stock,53.63652143725047,30.620805369127517,69.91992358054407,17.598187311178247,36.735372340425535,42.195767195767196
DreadPoor_Minthy_V2-8B-Model_Stock,54.74743968061101,29.446308724832214,71.25881549843305,15.93655589123867,37.36702127659575,41.93121693121693
DreadPoor_Minus_Penus-8B-Model_Stock,53.15049470578025,30.956375838926174,73.11477989512272,20.01510574018127,37.516622340425535,40.07936507936508
DreadPoor_Morphing-8B-Model_Stock,53.792744315223054,29.36241610738255,74.4536718130117,18.35347432024169,38.522273936170215,40.60846560846561
DreadPoor_Not_Even_My_Final_Form-8B-Model_Stock,53.34143377885784,29.53020134228188,77.21889032212307,17.598187311178247,38.39760638297872,41.4021164021164
DreadPoor_Nother_One-8B-Model_Stock,51.98750216976219,28.942953020134226,68.63101016414225,15.181268882175228,35.945811170212764,38.62433862433862
DreadPoor_Noxis-8B-LINEAR,53.98368338830064,31.879194630872483,69.13057354486097,19.788519637462233,36.60239361702128,42.195767195767196
DreadPoor_Nullsworn-12B-LINEAR,54.45235202221836,30.788590604026844,44.35608629547379,11.253776435045317,36.452792553191486,43.386243386243386
DreadPoor_Nwah-8B-Model_Stock,53.65387953480298,31.04026845637584,77.15893828375377,17.97583081570997,38.07347074468085,40.34391534391534
DreadPoor_ONeil-model_stock-8B,55.3723311925013,30.536912751677853,67.85662043378235,10.120845921450151,35.9873670212766,41.66666666666667
DreadPoor_Oh_Boy-8B-LINEAR,53.56708904704044,30.788590604026844,75.03069633018168,17.82477341389728,38.48902925531915,41.00529100529101
DreadPoor_OrangeJ-8B-Model_Stock,53.879534802985596,30.11744966442953,78.41039552830932,17.598187311178247,39.68583776595745,40.21164021164021
DreadPoor_Promissum_Mane-8B-LINEAR,54.40027772956084,30.453020134228186,71.50361042035134,15.55891238670695,38.50565159574468,41.93121693121693
DreadPoor_Promissum_Mane-8B-LINEAR-lorablated,54.29612914424579,30.369127516778523,71.56356245872064,15.332326283987916,37.39195478723404,41.93121693121693
DreadPoor_RPMash-8B-Model_Stock,51.43204304808193,28.691275167785236,45.635026174993456,10.80060422960725,36.03723404255319,40.476190476190474
DreadPoor_RPMash_V3-8B-Model_Stock,52.07429265752474,30.033557046979865,70.491961329273,10.42296072507553,36.13696808510639,37.698412698412696
DreadPoor_Rusted_Gold-8B-LINEAR,53.61916333969797,29.86577181208054,72.96240641497891,19.335347432024168,37.799202127659576,41.66666666666667
DreadPoor_Rusted_Platinum-8B-LINEAR,54.13990626627322,28.02013422818792,71.79838384375678,17.220543806646525,37.30053191489361,39.55026455026455
DreadPoor_Rusted_Platinum-8B-Model_Stock,52.28258982815483,26.845637583892618,44.078821970150315,10.196374622356496,35.46376329787234,37.301587301587304
DreadPoor_Sellen-8B-model_stock,52.23051553549731,27.432885906040266,71.12893788481229,13.36858006042296,35.696476063829785,39.55026455026455
DreadPoor_Something-8B-Model_Stock,53.82746051032807,31.711409395973156,50.43107842746135,17.97583081570997,38.85472074468085,41.7989417989418
DreadPoor_Spring_Dusk-8B-SCE,56.18816177746919,28.7751677852349,65.14636719459922,7.628398791540786,34.358377659574465,45.8994708994709
DreadPoor_Summer_Dawn-8B-SCE,53.68859572990801,30.033557046979865,66.42032030567783,17.220543806646525,37.53324468085106,41.13756613756614
DreadPoor_Summer_Dusk-8B-TIES,53.445582364172886,30.70469798657718,49.22206412319312,18.051359516616312,38.55551861702128,42.592592592592595
DreadPoor_Summer_Rain-8B-SCE,58.37528206908523,30.369127516778523,54.59259210007226,7.02416918429003,35.505319148936174,44.70899470899471
DreadPoor_Summer_Rain-8B-TIES,58.37528206908523,30.369127516778523,54.44021861992845,7.02416918429003,35.505319148936174,44.70899470899471
DreadPoor_Sun-8B-Model_Stock,52.421454608574905,29.949664429530205,77.58358932077998,20.996978851963746,38.347739361702125,40.87301587301587
DreadPoor_Sweetened_Condensed_Milk-8B-Model_Stock,53.879534802985596,30.285234899328863,74.17142071924717,18.731117824773413,38.48071808510639,41.00529100529101
DreadPoor_TEST02-Ignore,55.91043221662906,28.439597315436245,61.18964347930158,8.685800604229607,34.68251329787234,41.93121693121693
DreadPoor_TEST03-ignore,53.67123763235549,30.87248322147651,69.67014189018471,16.540785498489427,37.890625,41.7989417989418
DreadPoor_TEST06-ignore,55.05988543655616,28.691275167785236,73.22969720342026,11.782477341389729,36.15359042553192,42.195767195767196
DreadPoor_TEST07-ignore,55.47647977781636,30.87248322147651,73.99655137258031,16.61631419939577,38.796542553191486,40.87301587301587
DreadPoor_TEST08-ignore,54.34820343690332,31.29194630872483,74.66599733152479,18.202416918429005,38.53058510638298,40.74074074074074
DreadPoor_Trinas_Nectar-8B-model_stock,52.45617080367991,28.60738255033557,72.59272064788095,15.256797583081571,36.178523936170215,40.60846560846561
DreadPoor_UNTESTED-VENN_1.2-8B-Model_Stock,54.55650060753341,31.543624161073826,47.176270074513404,15.407854984894259,37.8656914893617,44.44444444444444
DreadPoor_VENN_1.2-8B-Model_Stock,54.46971011977087,29.697986577181208,72.26049105262923,17.069486404833835,37.20910904255319,41.93121693121693
DreadPoor_WIP-Acacia-8B-Model_Stock,51.692414511369556,30.620805369127517,62.46359659038019,16.691842900302113,37.36702127659575,42.195767195767196
DreadPoor_WIP_Damascus-8B-TIES,53.96632529074813,30.70469798657718,47.76326812856554,16.540785498489427,37.60804521276596,41.13756613756614
DreadPoor_Wannabe-8B-Model_Stock,53.67123763235549,30.11744966442953,72.04816553411615,17.749244712990937,38.3061835106383,41.269841269841265
DreadPoor_What_A_Thrill-8B-Model_Stock,52.99427182780767,29.697986577181208,70.64433480941679,18.202416918429005,36.15359042553192,40.74074074074074
DreadPoor_Winter-8B-SCE,52.40409651102239,29.949664429530205,75.36292592543342,19.184290030211482,38.38929521276596,40.60846560846561
DreadPoor_Winter_Dawn-8B-TIES,52.87276514494012,30.956375838926174,54.96482665992899,17.522658610271904,39.104055851063826,42.72486772486773
DreadPoor_Winter_Dusk-8B-TIES,49.366429439333444,29.949664429530205,71.5261062868744,7.175226586102719,34.782247340425535,36.77248677248677
DreadPoor_Winter_Night-8B-Model_Stock,51.709772608922066,30.620805369127517,70.40452665593958,14.577039274924472,36.66057180851064,39.021164021164026
DreadPoor_Yafune-8B-Model_Stock,54.539142509980906,32.718120805369125,75.33045652202823,16.61631419939577,38.50565159574468,41.66666666666667
DreadPoor_Yearn_V3-8B-Model_Stock,53.18521090088526,30.536912751677853,72.89746760816855,18.957703927492446,38.015292553191486,39.021164021164026
DreadPoor_ZEUS-8B-V17-Abliterated_ALT,52.109008852629756,30.788590604026844,55.11221337163171,19.033232628398792,38.90458776595745,41.4021164021164
DreadPoor_Zelus-8B-Model_Stock,52.95955563270266,30.620805369127517,77.8833495126265,16.46525679758308,38.41422872340425,42.06349206349206
DreadPoor_Zelus_V2-8B-Model_Stock,53.34143377885784,30.956375838926174,78.98243327703825,20.54380664652568,38.3311170212766,39.55026455026455
DreadPoor_felix_dies-mistral-7B-model_stock,48.77625412254817,29.194630872483224,30.077860077926566,5.362537764350453,31.092087765957448,45.10582010582011
DreadPoor_hakuchido-8B-MODEL_STOCK,53.792744315223054,29.53020134228188,73.75175645066203,19.486404833836858,37.815824468085104,41.66666666666667
DreadPoor_ichor-8B-Model_Stock,50.75507724353411,32.38255033557047,53.86319410275846,10.876132930513595,31.507646276595747,42.06349206349206
DreadPoor_ichor_1.1-8B-Model_Stock,52.57767748654747,30.620805369127517,80.9632885189076,17.749244712990937,38.55551861702128,40.60846560846561
DreadPoor_inexpertus-8B-Model_Stock,52.629751779205,30.956375838926174,77.95327508787796,17.069486404833835,37.907247340425535,41.13756613756614
DreadPoor_inexpertus_1.1-8B-LINEAR,55.09460163166116,29.78187919463087,75.27050448365891,17.29607250755287,38.272938829787236,41.66666666666667
DreadPoor_inexpertus_1.2-8B-LINEAR,55.05988543655616,29.53020134228188,73.47947889377961,15.861027190332324,37.882313829787236,41.269841269841265
DreadPoor_mergekit-nuslerp-nqzkedi,53.51501475438292,30.11744966442953,77.64852812759035,18.806646525679756,39.187167553191486,42.195767195767196
DreadPoor_remember_to_breathe-8b-Model-Stock,53.94896719319563,30.11744966442953,71.04150321147887,14.879154078549849,37.60804521276596,41.4021164021164
DreadPoor_test,53.445582364172886,27.097315436241608,49.36945083489586,19.335347432024168,36.46941489361702,43.386243386243386
DreadPoor_test_ALT,53.445582364172886,26.929530201342285,49.9689712185889,17.069486404833835,34.92353723404255,43.51851851851852
DreadPoor_tests_pending-do_not_use_yet,53.82746051032807,29.697986577181208,76.91414336183549,19.788519637462233,38.272938829787236,39.94708994708995
EVA-UNIT-01_EVA-Qwen2.5-14B-v0.2,60.80541572643639,39.42953020134228,40.38429145777648,34.06344410876133,51.35472074468085,47.883597883597886
EVA-UNIT-01_EVA-Qwen2.5-72B-v0.2,70.54330845339351,40.855704697986575,68.78837041272712,39.04833836858006,58.128324468085104,47.08994708994709
Edgerunners_meta-llama-3-8b-instruct-hf-ortho-baukit-34fail-3000total-bf16,49.66151709772609,26.006711409395972,71.47114101694613,8.308157099697885,36.36136968085106,33.33333333333333
EleutherAI_gpt-j-6b,31.678528033327545,24.580536912751676,25.22185578708937,1.3595166163141994,12.408577127659575,36.507936507936506
EleutherAI_gpt-neo-1.3B,30.08158305849679,25.587248322147648,20.790502533278364,1.0574018126888218,11.63563829787234,38.095238095238095
EleutherAI_gpt-neo-125m,30.914771741017184,25.335570469798657,19.054442213327306,0.6042296072507553,10.255984042553191,35.84656084656085
EleutherAI_gpt-neo-2.7B,31.05363652143725,26.593959731543627,25.89628851447493,1.0574018126888218,11.627327127659575,35.44973544973545
EleutherAI_gpt-neox-20b,31.3660822773824,24.328859060402685,25.86880587951081,1.3595166163141994,11.55252659574468,36.37566137566138
EleutherAI_pythia-1.4b,31.192501301857316,26.174496644295303,23.708094522533543,1.5105740181268883,11.228390957446809,35.317460317460316
EleutherAI_pythia-12b,31.609095643117513,24.664429530201343,24.71475684517081,1.6616314199395772,11.087101063829788,36.37566137566138
EleutherAI_pythia-160m,29.352542961291444,25.838926174496645,18.155161637787735,0.906344410876133,11.195146276595745,41.66666666666667
EleutherAI_pythia-1b,29.699704912341605,25.671140939597315,22.079415949680183,0.3021148036253776,11.361369680851062,35.44973544973545
EleutherAI_pythia-2.8b,32.06040617948273,25.0,21.732226049105265,1.3595166163141994,11.36968085106383,34.78835978835979
EleutherAI_pythia-410m,29.942718278076725,25.922818791946305,21.954525104500505,0.9818731117824773,11.278257978723403,35.714285714285715
EleutherAI_pythia-6.9b,32.02568998437771,25.16778523489933,22.811362739752745,0.7552870090634441,11.46941489361702,35.84656084656085
Enno-Ai_EnnoAi-Pro-French-Llama-3-8B-v0.4,40.427009199791705,27.097315436241608,41.88807918545016,0.6042296072507553,26.346409574468083,41.66666666666667
Enno-Ai_EnnoAi-Pro-Llama-3-8B,41.086616906787015,26.174496644295303,31.953771548380516,2.190332326283988,21.5093085106383,40.60846560846561
Enno-Ai_EnnoAi-Pro-Llama-3-8B-v0.3,40.704738760631834,26.51006711409396,50.82569803676466,4.833836858006042,29.903590425531917,42.32804232804233
Enno-Ai_EnnoAi-Pro-Llama-3.1-8B-v0.9,41.20812358965457,26.593959731543627,46.891470187990095,3.7764350453172204,25.955784574468083,38.22751322751323
EnnoAi_EnnoAi-Pro-Llama-3.1-8B-v1.0,41.20812358965457,26.593959731543627,47.04384366813389,0.0,25.955784574468083,38.22751322751323
Epiculous_Azure_Dusk-v0.2,40.93039402881444,26.090604026845636,34.6715603487635,2.9456193353474323,30.344082446808514,38.22751322751323
Epiculous_Crimson_Dawn-v0.2,44.61031070994619,27.600671140939596,31.034543899076674,4.305135951661631,27.210771276595747,41.4021164021164
Epiculous_NovaSpark,50.37319909737893,29.78187919463087,64.08473960203371,15.181268882175228,36.48603723404255,38.75661375661375
Epiculous_Violet_Twilight-v0.2,45.91216802638431,26.593959731543627,45.317756885064966,2.870090634441088,31.10871010638298,42.857142857142854
EpistemeAI2_Athene-codegemma-2-7b-it-alpaca-v1.2,41.34698837007464,27.097315436241608,43.511770989862455,3.3987915407854987,22.972074468085108,41.66666666666667
EpistemeAI2_Fireball-12B-v1.2,49.93924665856622,29.86577181208054,13.553925805750962,4.1540785498489425,33.36934840425532,41.66666666666667
EpistemeAI2_Fireball-Alpaca-Llama3.1-8B-Philos,49.6962332928311,29.278523489932883,49.8640274471735,11.858006042296072,34.059175531914896,42.72486772486773
EpistemeAI2_Fireball-Alpaca-Llama3.1.01-8B-Philos,49.453219927095994,28.859060402684566,42.11791380204524,13.595166163141995,33.834773936170215,43.65079365079365
EpistemeAI2_Fireball-Alpaca-Llama3.1.03-8B-Philos,49.401145634438464,27.85234899328859,38.80814017916905,12.83987915407855,33.552194148936174,42.72486772486773
EpistemeAI2_Fireball-Alpaca-Llama3.1.04-8B-Philos,49.158132268703355,29.026845637583893,40.84396069096663,10.27190332326284,34.025930851063826,43.65079365079365
EpistemeAI2_Fireball-Alpaca-Llama3.1.06-8B-Philos-dpo,48.672105537233115,29.78187919463087,48.65756193566404,11.706948640483382,36.14527925531915,39.285714285714285
EpistemeAI2_Fireball-Alpaca-Llama3.1.07-8B-Philos-Math,48.324943586182954,29.61409395973154,50.790790657677185,12.009063444108762,35.305851063829785,40.60846560846561
EpistemeAI2_Fireball-Alpaca-Llama3.1.08-8B-C-R1-KTO-Reflection,49.34907134178094,29.949664429530205,39.52257787115963,12.462235649546828,35.929188829787236,40.476190476190474
EpistemeAI2_Fireball-Alpaca-Llama3.1.08-8B-Philos-C-R1,48.15136261065787,29.697986577181208,53.16382753316755,10.876132930513595,35.231050531914896,41.00529100529101
EpistemeAI2_Fireball-Llama-3.1-8B-Philos-Reflection,48.758896024995664,30.788590604026844,35.96047376516532,12.83987915407855,35.505319148936174,39.55026455026455
EpistemeAI2_Fireball-MathMistral-Nemo-Base-2407-v2dpo,42.891859052247874,26.34228187919463,30.972043067948597,3.2477341389728096,11.477726063829788,40.21164021164021
EpistemeAI2_Fireball-Meta-Llama-3.1-8B-Instruct-Agent-0.003-128K-code-math,47.89099114737025,30.453020134228186,55.154656311919034,12.009063444108762,34.20046542553192,36.904761904761905
EpistemeAI2_Fireball-Meta-Llama-3.1-8B-Instruct-Agent-0.005-128K-code-COT,47.769484464502696,31.20805369127517,46.33195476890207,11.706948640483382,35.64660904255319,37.698412698412696
EpistemeAI2_Fireball-Phi-3-medium-4k-inst-Philos,61.56917201874674,33.22147651006711,53.12880933700359,12.990936555891238,45.98570478723404,41.269841269841265
EpistemeAI_Alpaca-Llama3.1-8B,47.38760631834751,29.026845637583893,15.986914719610635,4.1540785498489425,32.463430851063826,33.99470899470899
EpistemeAI_Athena-gemma-2-2b-it,42.562055198750215,26.845637583892618,31.341728835046567,4.909365558912387,24.21875,43.386243386243386
EpistemeAI_Athena-gemma-2-2b-it-Philos,37.66707168894289,28.104026845637588,46.20950189940469,3.7009063444108756,22.481715425531913,42.98941798941799
EpistemeAI_Athene-codegemma-2-7b-it-alpaca-v1.3,43.169588613088,28.02013422818792,40.299405577201824,5.589123867069486,25.872672872340424,44.97354497354497
EpistemeAI_DeepPhi-3.5-mini-instruct,28.38048949835098,23.322147651006713,13.25915238234551,0.6797583081570997,11.028922872340425,36.507936507936506
EpistemeAI_DeepThinkers-Phi4,67.69658045478215,34.060402684563755,69.39786433330231,45.84592145015105,52.576462765957444,39.682539682539684
EpistemeAI_FineLlama3.1-8B-Instruct,45.443499392466585,28.02013422818792,8.000992921005155,2.3413897280966767,31.125332446808514,34.78835978835979
EpistemeAI_Fireball-12B,51.01544870682173,26.174496644295303,18.33501775289565,4.078549848942599,33.43583776595745,42.32804232804233
EpistemeAI_Fireball-12B-v1.13a-philosophers,50.98073251171672,30.11744966442953,8.755324760524298,3.8519637462235647,33.668550531914896,40.74074074074074
EpistemeAI_Fireball-Alpaca-Llama-3.1-8B-Philos-DPO-200,48.25551119597292,30.033557046979865,45.77243934981405,10.80060422960725,35.82945478723404,39.41798941798942
EpistemeAI_Fireball-Alpaca-Llama3.1.07-8B-Philos-Math-KTO-beta,48.53324075681305,28.02013422818792,72.74010735958367,15.256797583081571,35.43051861702128,36.11111111111111
EpistemeAI_Fireball-Alpaca-Llama3.1.08-8B-Philos-C-R2,49.158132268703355,28.60738255033557,46.731561146646456,12.386706948640484,33.518949468085104,46.164021164021165
EpistemeAI_Fireball-Meta-Llama-3.1-8B-Instruct-0.001-128K-auto,48.047214025342825,31.20805369127517,44.318630123627536,13.293051359516618,35.15625,40.60846560846561
EpistemeAI_Fireball-Meta-Llama-3.1-8B-Instruct-Agent-0.003-128K,48.79361222010068,29.446308724832214,44.573398582427956,12.084592145015106,35.43051861702128,37.56613756613756
EpistemeAI_Fireball-Meta-Llama-3.1-8B-Instruct-Agent-0.003-128K-code,48.758896024995664,30.201342281879196,59.75334335119704,12.084592145015106,34.225398936170215,40.07936507936508
EpistemeAI_Fireball-Meta-Llama-3.1-8B-Instruct-Agent-0.003-128K-code-ds,46.45026905051207,27.265100671140942,66.90991014951439,13.36858006042296,33.892952127659576,34.12698412698413
EpistemeAI_Fireball-Meta-Llama-3.1-8B-Instruct-Agent-0.003-128K-code-ds-auto,46.189897587224436,29.110738255033556,73.17473193349203,13.51963746223565,34.88198138297872,33.86243386243386
EpistemeAI_Fireball-Meta-Llama-3.1-8B-Instruct-Agent-0.004-128K-code-COT,47.52647109876757,29.36241610738255,45.782412886696186,12.386706948640484,34.70744680851064,38.75661375661375
EpistemeAI_Fireball-Meta-Llama-3.1-8B-Instruct-Agent-0.004-128K-code-ds-auto,47.9951397326853,24.832214765100673,72.04816553411615,14.350453172205437,35.480385638297875,32.93650793650794
EpistemeAI_Fireball-Meta-Llama-3.1-8B-Instruct-Math,49.64415900017358,29.110738255033556,46.22955979024543,9.818731117824774,33.31117021276596,36.37566137566138
EpistemeAI_Fireball-Meta-Llama-3.2-8B-Instruct-agent-003-128k-code-DPO,47.83891685471272,30.033557046979865,46.109655713506825,10.876132930513595,35.2061170212766,39.94708994708995
EpistemeAI_Fireball-Mistral-Nemo-Base-2407-v1-DPO2,49.52265231730602,29.194630872483224,18.607295309778056,3.625377643504532,33.527260638297875,40.34391534391534
EpistemeAI_Fireball-R1-Llama-3.1-8B,36.2089914945322,24.832214765100673,44.27363839058143,31.1178247734139,11.153590425531915,32.804232804232804
EpistemeAI_Llama-3.2-3B-Agent007-Coder,43.04808193022045,25.75503355704698,53.99562050913798,11.10271903323263,28.515625,36.64021164021164
EpistemeAI_Mistral-Nemo-Instruct-12B-Philosophy-Math,53.42822426662038,33.13758389261745,6.946790072563022,9.592145015105741,32.962101063829785,42.857142857142854
EpistemeAI_OpenReasoner-Llama-3.2-3B-rs1.0,44.92275646589134,27.181208053691275,72.74010735958367,13.444108761329304,31.341422872340424,34.523809523809526
EpistemeAI_Polypsyche-Llama-3.1-8B-Instruct-Agent-0.003-128K-code-ds-auto-Empathy,46.172539489671934,27.684563758389263,71.00903380807368,13.972809667673717,33.111702127659576,31.878306878306876
EpistemeAI_Polypsyche-Llama-3.1-8B-Instruct-Agent-0.003-128K-code-ds-auto-Logic,45.53028988022913,28.439597315436245,71.22135932658679,11.858006042296072,33.502327127659576,32.27513227513227
EpistemeAI_Polypsyche-Llama-3.1-8B-Instruct-Agent-0.003-128K-code-ds-auto-divergent,44.97483075854886,26.677852348993287,69.15306941138401,10.27190332326284,32.903922872340424,35.714285714285715
EpistemeAI_Reasoning-Llama-3.1-CoT-RE1-NMT,47.300815830584966,26.090604026845636,48.285327375807306,8.08157099697885,33.42752659574468,31.746031746031743
EpistemeAI_Reasoning-Llama-3.1-CoT-RE1-NMT-V2-ORPO,47.87363304981774,30.70469798657718,45.53263119633683,12.915407854984895,35.979055851063826,39.285714285714285
EpistemeAI_Reasoning-Llama-3.2-1B-Instruct-v1.2,32.99774344731817,26.090604026845636,40.871443325930755,5.0604229607250755,11.785239361702128,32.142857142857146
EpistemeAI_Reasoning-Llama-3.2-1B-Instruct-v1.3,32.32077764277035,25.838926174496645,32.72816127874041,5.0604229607250755,11.727061170212766,32.53968253968254
EpistemeAI_Reasoning-Llama-3.2-3B-Math-Instruct-RE1,43.707689637215765,26.426174496644293,51.19538380386264,10.80060422960725,27.892287234042552,34.25925925925926
EpistemeAI_Reasoning-Llama-3.2-3B-Math-Instruct-RE1-ORPO,44.97483075854886,27.348993288590606,72.89746760816855,15.332326283987916,31.00066489361702,34.78835978835979
EpistemeAI_ReasoningCore-3B-T1_1,45.00954695365388,27.600671140939596,72.74509412802475,15.407854984894259,31.16688829787234,35.44973544973545
Eric111_CatunaMayo,52.26523173060232,29.194630872483224,40.74156571231,8.459214501510575,31.78191489361702,45.370370370370374
Eric111_CatunaMayo-DPO,52.039576462419724,29.194630872483224,42.14539643700936,8.157099697885197,31.69880319148936,44.44444444444444
Etherll_Chocolatine-3B-Instruct-DPO-Revised-Ties,53.96632529074813,32.38255033557047,37.246949205884825,16.314199395770395,39.777260638297875,46.42857142857143
Etherll_Chocolatine-3B-Instruct-DPO-Revised-Ties-v2,53.96632529074813,32.38255033557047,37.399322686028626,16.314199395770395,39.777260638297875,46.42857142857143
Etherll_Herplete-LLM-Llama-3.1-8b,53.39350807151536,31.45973154362416,61.05976586568084,15.483383685800604,37.5249335106383,39.81481481481482
Etherll_Herplete-LLM-Llama-3.1-8b-Ties,53.28935948620032,31.711409395973156,61.63679038285083,14.803625377643503,37.5249335106383,40.07936507936508
Etherll_Qwen2.5-7B-della-test,54.17462246137823,30.87248322147651,76.24968417133206,48.94259818731118,43.60871010638298,40.34391534391534
Etherll_Qwen2.5-Coder-7B-Instruct-Ties,48.672105537233115,32.969798657718115,50.053857099163544,29.154078549848943,35.031582446808514,43.65079365079365
Etherll_Replete-LLM-V3-Llama-3.1-8b,45.16576983162645,26.845637583892618,52.629245956284876,22.734138972809667,34.699135638297875,35.05291005291005
Etherll_SuperHermes,52.629751779205,32.38255033557047,54.590154124389954,16.540785498489427,39.48636968085106,43.91534391534391
Eurdem_Defne-llama3.1-8B,52.90748134004512,28.02013422818792,74.96575752337131,15.181268882175228,37.99867021276596,40.34391534391534
FINGU-AI_L3-8B,49.73094948793612,29.53020134228188,75.17309627344335,25.45317220543807,36.394614361702125,38.22751322751323
FINGU-AI_Phi-4-RRStock,64.22496094428051,38.00335570469799,28.554125276488605,2.8700906344410875,48.828125,44.70899470899471
FINGU-AI_Q-Small-3B,42.909217149800384,26.677852348993287,41.453454611541815,8.308157099697885,27.900598404255316,39.94708994708995
FINGU-AI_QwQ-Buddy-32B-Alpha,64.01666377365041,37.919463087248324,34.46422159869147,38.51963746223565,52.94215425531915,50.52910052910053
FINGU-AI_RomboUltima-32B,69.0678701614303,37.164429530201346,66.71509372908328,53.85196374622356,57.887300531914896,48.28042328042328
FallenMerick_Chewy-Lemon-Cookie-11B,52.2131574379448,27.936241610738254,48.75242135312083,5.438066465256798,32.67121010638298,45.370370370370374
Felladrin_Llama-160M-Chat-v1,29.97743447318174,25.75503355704698,15.754642127333254,0.0,11.361369680851062,36.507936507936506
Felladrin_Minueza-32M-UltraChat,29.16160388821385,25.587248322147648,13.756277787381924,0.4531722054380665,11.328125,37.301587301587304
FlofloB_100k_fineweb_continued_pretraining_Qwen2.5-0.5B-Instruct_Unsloth_merged_16bit,33.119250130185726,26.929530201342285,30.832191917445705,4.078549848942599,14.976728723404257,32.93650793650794
FlofloB_10k_continued_pretraining_Phi-3-mini-4k-instruct_Unsloth_merged_16bit,52.039576462419724,29.949664429530205,50.9730847484674,8.761329305135952,37.69115691489361,42.98941798941799
FlofloB_10k_continued_pretraining_Qwen2.5-0.5B-Instruct_Unsloth_merged_16bit,32.92831105710814,27.936241610738254,28.154408081667754,0.0,15.408909574468085,32.93650793650794
FlofloB_40k_continued_pretraining_Qwen2.5-0.5B-Instruct_Unsloth_merged_16bit,33.10189203263322,26.76174496644295,30.15775919006015,0.0,14.852061170212766,33.99470899470899
FlofloB_83k_continued_pretraining_Qwen2.5-0.5B-Instruct_Unsloth_merged_16bit,33.449053983683385,27.348993288590606,28.693976426991497,3.0211480362537766,15.550199468085108,32.804232804232804
FlofloB_smollm2-135M_pretrained_1000k_fineweb,28.797083839611176,26.25838926174497,14.845388014911546,0.906344410876133,11.63563829787234,35.714285714285715
FlofloB_smollm2-135M_pretrained_1000k_fineweb_uncovai_human_removed,30.376670716889432,25.083892617449667,15.537329840379083,0.6042296072507553,11.427859042553191,35.714285714285715
FlofloB_smollm2-135M_pretrained_1000k_fineweb_uncovai_selected,28.97066481513626,26.593959731543627,14.678054229444543,0.6797583081570997,11.569148936170212,40.34391534391534
FlofloB_smollm2-135M_pretrained_1200k_fineweb,29.02273910779379,26.426174496644293,15.809607397261487,0.6797583081570997,10.762965425531915,37.03703703703704
FlofloB_smollm2-135M_pretrained_1200k_fineweb_uncovai_human_removed,29.248394375976396,26.51006711409396,15.7771379938563,0.0755287009063444,11.394614361702128,36.904761904761905
FlofloB_smollm2-135M_pretrained_1200k_fineweb_uncovai_selected,29.248394375976396,26.34228187919463,15.847063569107744,0.7552870090634441,11.643949468085106,35.58201058201058
FlofloB_smollm2-135M_pretrained_1400k_fineweb,28.849158132268705,26.593959731543627,17.638089158987043,1.1329305135951662,10.79621010638298,38.62433862433862
FlofloB_smollm2-135M_pretrained_1400k_fineweb_uncovai_human_removed,29.612914424579067,26.090604026845636,17.066051410258115,1.0574018126888218,11.045545212765957,39.285714285714285
FlofloB_smollm2-135M_pretrained_1400k_fineweb_uncovai_selected,28.849158132268705,26.845637583892618,15.384956360235286,1.0574018126888218,11.36968085106383,37.301587301587304
FlofloB_smollm2-135M_pretrained_200k_fineweb_uncovai_human_removed,29.97743447318174,25.838926174496645,14.747979804695985,0.3776435045317221,11.195146276595745,35.714285714285715
FlofloB_smollm2-135M_pretrained_200k_fineweb_uncovai_selected,28.98802291268877,25.083892617449667,13.451530827094333,0.7552870090634441,11.311502659574469,36.507936507936506
FlofloB_smollm2-135M_pretrained_400k_fineweb,29.404617253948967,25.25167785234899,15.11267880335288,1.2084592145015105,11.627327127659575,37.83068783068783
FlofloB_smollm2-135M_pretrained_400k_fineweb_uncovai_human_removed,30.15101544870682,25.503355704697988,15.564812475343201,0.906344410876133,11.377992021276597,38.492063492063494
FlofloB_smollm2-135M_pretrained_400k_fineweb_uncovai_selected,28.953306717583754,25.419463087248324,15.842076800666677,0.6797583081570997,11.57746010638298,38.095238095238095
FlofloB_smollm2-135M_pretrained_600k_fineweb,29.71706300989412,26.593959731543627,16.391618682872554,0.6042296072507553,11.261635638297872,37.96296296296296
FlofloB_smollm2-135M_pretrained_600k_fineweb_uncovai_human_removed,29.751779204999135,26.25838926174497,16.414114549395602,0.906344410876133,11.46941489361702,37.83068783068783
FlofloB_smollm2-135M_pretrained_600k_fineweb_uncovai_selected,29.50876583926402,26.090604026845636,16.059389087620847,0.7552870090634441,11.619015957446809,38.35978835978836
FlofloB_smollm2-135M_pretrained_800k_fineweb,29.231036278423883,24.916107382550333,16.414114549395602,0.8308157099697886,11.519281914893616,36.904761904761905
FlofloB_smollm2-135M_pretrained_800k_fineweb_uncovai_human_removed,30.06422496094428,25.25167785234899,16.22927166584662,0.6797583081570997,11.377992021276597,39.81481481481482
FlofloB_smollm2-135M_pretrained_800k_fineweb_uncovai_selected,29.057455302898806,26.174496644295303,14.742993036254914,0.4531722054380665,11.303191489361703,37.56613756613756
FlofloB_smollm2_pretrained_200k_fineweb,29.595556327026557,24.748322147651006,15.270039051937747,0.3776435045317221,11.59408244680851,36.904761904761905
FlofloB_test_continued_pretraining_Phi-3-mini-4k-instruct_Unsloth_merged_16bit,52.38673841346988,31.1241610738255,52.21456845614081,10.876132930513595,37.20910904255319,42.32804232804233
FuJhen_ft-openhermes-25-mistral-7b-irca-dpo-pairs,47.47439680611005,27.85234899328859,54.20041046645123,0.1510574018126888,29.562832446808514,41.66666666666667
FuJhen_mistral-instruct-7B-DPO,46.207255684776946,27.768456375838923,49.68417133206559,3.474320241691843,30.335771276595747,40.07936507936508
FuJhen_mistral_7b_v0.1_structedData_e2e,40.96511022391946,27.936241610738254,17.268403391889077,0.22658610271903326,28.10837765957447,37.16931216931217
FuJhen_mistral_7b_v0.1_structedData_viggo,45.113695538968926,28.355704697986578,17.832905579418163,2.8700906344410875,29.421542553191486,37.301587301587304
FuseAI_FuseChat-7B-v2.0,49.24492275646589,30.201342281879196,34.23194900641409,6.117824773413897,31.62400265957447,47.883597883597886
FuseAI_FuseChat-Llama-3.1-8B-Instruct,50.9460163166117,30.536912751677853,72.04816553411615,7.02416918429003,37.33377659574468,38.095238095238095
FuseAI_FuseChat-Llama-3.2-3B-Instruct,46.39819475785454,29.61409395973154,68.4886102208806,24.244712990936556,31.316489361702125,39.021164021164026
FuseAI_FuseChat-Qwen-2.5-7B-Instruct,54.97309494879361,29.61409395973154,59.056414757288444,45.61933534743202,41.18184840425532,38.62433862433862
GalrionSoftworks_MN-LooseCannon-12B-v1,50.911300121506684,28.523489932885905,54.17791459992819,8.534743202416918,31.956449468085108,41.269841269841265
GalrionSoftworks_MagnusIntellectus-12B-v1,52.820690852282596,28.439597315436245,44.21368635221213,6.495468277945619,34.20877659574468,44.17989417989418
GenVRadmin_AryaBhatta-GemmaOrca-2-Merged,38.43082798125326,26.845637583892618,30.637375497014585,0.9818731117824773,23.84474734042553,45.370370370370374
GenVRadmin_AryaBhatta-GemmaOrca-Merged,41.086616906787015,25.587248322147648,30.637375497014585,2.2658610271903323,22.28224734042553,35.18518518518518
GenVRadmin_AryaBhatta-GemmaUltra-Merged,41.121333101892034,25.33557046979866,30.207737691547315,5.362537764350453,22.65625,42.72486772486773
GenVRadmin_llama38bGenZ_Vikas-Merged,45.21784412428398,29.53020134228188,30.002947734234052,4.607250755287009,26.221742021276594,43.91534391534391
GoToCompany_gemma2-9b-cpt-sahabatai-v1-instruct,59.48620031244576,33.47315436241611,65.50607942481504,19.788519637462233,42.63630319148936,47.75132275132275
GoToCompany_llama3-8b-cpt-sahabatai-v1-instruct,49.366429439333444,26.677852348993287,52.3844510343666,12.764350453172204,34.53291223404255,44.84126984126984
Goekdeniz-Guelmez_Josiefied-Qwen2.5-0.5B-Instruct-abliterated-v1,32.54643291095296,25.16778523489933,34.7189900574919,8.91238670694864,16.414561170212767,32.53968253968254
Goekdeniz-Guelmez_Josiefied-Qwen2.5-1.5B-Instruct-abliterated-v1,41.485853150494705,24.328859060402685,47.68580699211425,1.7371601208459215,27.825797872340424,36.64021164021164
Goekdeniz-Guelmez_Josiefied-Qwen2.5-1.5B-Instruct-abliterated-v2,40.09720534629405,23.993288590604024,42.155369973891496,0.9818731117824773,25.615026595744684,37.56613756613756
Goekdeniz-Guelmez_Josiefied-Qwen2.5-1.5B-Instruct-abliterated-v3,40.2187120291616,24.328859060402685,42.525055740989465,0.6042296072507553,25.556848404255316,36.904761904761905
Goekdeniz-Guelmez_Josiefied-Qwen2.5-14B-Instruct-abliterated-v4,63.322339871550085,34.22818791946309,82.91666112581284,54.229607250755286,50.18284574468085,42.72486772486773
Goekdeniz-Guelmez_Josiefied-Qwen2.5-7B-Instruct-abliterated-v2,52.8554070473876,29.86577181208054,78.13811797142694,45.31722054380665,41.19847074468085,43.386243386243386
Goekdeniz-Guelmez_j.o.s.i.e.v4o-1.5b-dpo-stage1-v1,40.86096163860441,25.083892617449667,41.883092417009095,12.009063444108762,25.548537234042552,35.18518518518518
Goekdeniz-Guelmez_josie-3b-v6.0,44.749175490366255,29.026845637583893,60.095546483330885,29.38066465256798,32.19747340425532,38.492063492063494
Goekdeniz-Guelmez_josie-7b-v6.0,50.9460163166117,28.27181208053691,74.11645544931892,43.58006042296073,38.06515957446808,41.4021164021164
Goekdeniz-Guelmez_josie-7b-v6.0-step2000,50.859225828849155,27.684563758389263,75.97740661444966,42.37160120845921,40.11801861702128,45.23809523809524
GreenNode_GreenNode-small-9B-it,59.83336226349593,31.963087248322147,74.3612503712372,17.447129909365557,39.27027925531915,41.93121693121693
GritLM_GritLM-7B-KTO,48.064572122895335,29.78187919463087,53.10132670203947,2.719033232628399,26.803523936170215,37.03703703703704
GritLM_GritLM-8x7B-KTO,57.889255337615,29.61409395973154,57.14049832222946,12.235649546827794,36.477726063829785,42.06349206349206
Groq_Llama-3-Groq-8B-Tool-Use,48.463808366603025,26.76174496644295,60.98230472922956,6.042296072507553,33.992686170212764,36.507936507936506
Gryphe_Pantheon-RP-1.0-8b-Llama-3,45.21784412428398,27.600671140939596,39.32521265796974,6.3444108761329305,30.668218085106385,38.22751322751323
Gryphe_Pantheon-RP-1.5-12b-Nemo,51.675056413817046,27.265100671140942,47.63084172218603,4.909365558912387,33.02027925531915,44.047619047619044
Gryphe_Pantheon-RP-1.6-12b-Nemo,51.7792049991321,27.768456375838923,44.80567117470534,4.607250755287009,33.111702127659576,42.72486772486773
Gryphe_Pantheon-RP-1.6-12b-Nemo-KTO,52.47352890123243,29.53020134228188,46.361875379548486,5.287009063444108,33.81815159574468,42.32804232804233
Gryphe_Pantheon-RP-Pure-1.6.2-22b-Small,52.629751779205,32.88590604026846,69.31042965996888,20.241691842900302,39.41988031914894,37.56613756613756
Gunulhona_Gemma-Ko-Merge,58.02812011803506,33.557046979865774,64.15721397004393,0.1510574018126888,38.78823138297872,40.34391534391534
Gunulhona_Gemma-Ko-Merge-PEFT,48.359659781287974,30.70469798657718,44.41348954108433,0.0,30.975731382978722,39.81481481481482
HPAI-BSC_Llama3-Aloe-8B-Alpha,48.13400451310537,29.446308724832214,50.81073773144147,5.362537764350453,32.95378989361702,36.64021164021164
HPAI-BSC_Llama3.1-Aloe-Beta-8B,51.46675924318694,32.29865771812081,61.332043422563245,14.577039274924472,38.297872340425535,38.35978835978836
HPAI-BSC_Qwen2.5-Aloe-Beta-7B,50.04339524388127,29.110738255033556,45.535069172019135,8.459214501510575,43.54222074468085,42.46031746031746
Hastagaras_Llama-3.1-Jamet-8B-MK.I,50.35584099982642,27.432885906040266,73.38207068356407,12.537764350453173,34.82380319148936,37.16931216931217
Hastagaras_Zabuza-8B-Llama-3.1,45.252560319389,26.426174496644293,62.653426242370244,4.229607250755287,29.230385638297875,35.58201058201058
HelpingAI_Cipher-20B,60.09373372678355,29.53020134228188,53.775759429425044,19.939577039274926,37.44182180851064,39.94708994708995
HelpingAI_Priya-10B,44.26314875889602,25.587248322147648,40.429283190822574,1.8882175226586102,24.925199468085108,37.83068783068783
HelpingAI_Priya-3B,39.40288144419372,25.671140939597315,45.25780484669566,1.4350453172205437,23.387632978723406,37.03703703703704
HeraiHench_Double-Down-Qwen-Math-7B,28.189550425273392,26.51006711409396,16.69636564316015,0.0755287009063444,11.12034574468085,37.301587301587304
HeraiHench_Marge-Qwen-Math-7B,30.411386911994448,23.909395973154364,12.622175826806206,0.5287009063444109,10.555186170212766,39.285714285714285
HeraiHench_Phi-4-slerp-ReasoningRP-14B,41.850373199097376,29.36241610738255,15.754642127333254,0.0,18.99933510638298,31.084656084656086
HiroseKoichi_Llama-Salad-4x8B-V3,52.2131574379448,30.285234899328863,66.53523761397537,9.592145015105741,35.1811835106383,37.301587301587304
HoangHa_Pensez-Llama3.1-8B,46.50234334316959,28.859060402684566,38.868092217538354,11.48036253776435,31.258311170212767,35.978835978835974
HuggingFaceH4_zephyr-7b-alpha,45.56500607533414,,,1.9637462235649545,,
HuggingFaceH4_zephyr-7b-beta,43.06544002777296,29.026845637583893,49.50431521695767,2.8700906344410875,27.809175531914892,39.15343915343915
HuggingFaceH4_zephyr-7b-gemma-v0.1,46.207255684776946,,,,,
HuggingFaceH4_zephyr-orpo-141b-A35b-v0.1,62.69744835965978,37.835570469798654,65.10891102275296,20.468277945619334,45.86103723404255,44.576719576719576
HuggingFaceTB_SmolLM-1.7B,31.55702135045999,24.161073825503358,23.615673080759052,1.6616314199395772,11.477726063829788,34.12698412698413
HuggingFaceTB_SmolLM-1.7B-Instruct,28.48463808366603,26.006711409395972,23.478259905938465,2.1148036253776437,11.660571808510637,34.78835978835979
HuggingFaceTB_SmolLM-135M,30.08158305849679,25.838926174496645,21.247622973709756,1.3595166163141994,11.220079787234043,43.51851851851852
HuggingFaceTB_SmolLM-135M-Instruct,29.838569692761673,25.922818791946305,12.14012154416947,0.5287009063444109,11.76030585106383,36.24338624338625
HuggingFaceTB_SmolLM-360M,30.27252213157438,26.76174496644295,21.33505764704318,1.1329305135951662,11.236702127659575,40.07936507936508
HuggingFaceTB_SmolLM-360M-Instruct,28.48463808366603,26.426174496644293,19.516549422199763,1.812688821752266,11.660571808510637,34.65608465608466
HuggingFaceTB_SmolLM2-1.7B,34.282242666203786,27.936241610738254,24.40003634800108,2.643504531722054,21.37632978723404,34.78835978835979
HuggingFaceTB_SmolLM2-1.7B-Instruct,35.670890470404444,27.936241610738254,53.678351219209475,5.81570996978852,20.53690159574468,34.12698412698413
HuggingFaceTB_SmolLM2-135M,,,18.177657504310783,1.2084592145015105,10.945811170212766,
HuggingFaceTB_SmolLM2-135M-Instruct,31.05363652143725,23.406040268456376,5.925167444602544,1.4350453172205437,10.920877659574469,38.62433862433862
HuggingFaceTB_SmolLM2-360M,32.14719666724527,24.580536912751676,21.145227995053123,1.2084592145015105,11.693816489361703,39.41798941798942
HuggingFaceTB_SmolLM2-360M-Instruct,31.227217496962332,25.503355704697988,38.41595854554804,1.5105740181268883,11.170212765957446,34.523809523809526
HumanLLMs_Humanish-LLama3-8B-Instruct,49.435861829543484,25.587248322147648,64.97903340913221,10.27190332326284,37.017952127659576,35.714285714285715
HumanLLMs_Humanish-Mistral-Nemo-Instruct-2407,52.28258982815483,28.7751677852349,54.51269298793867,7.628398791540786,35.2061170212766,39.55026455026455
HumanLLMs_Humanish-Qwen2.5-7B-Instruct,53.41086616906787,29.86577181208054,72.84250233824031,50.0,43.98271276595745,39.682539682539684
IDEA-CCNL_Ziya-LLaMA-13B-v1,28.449921888561015,24.916107382550333,16.968643200042553,0.0,11.012300531914894,37.43386243386244
INSAIT-Institute_BgGPT-Gemma-2-27B-IT-v1.0,28.762367644506163,26.006711409395972,0.0,0.0,11.668882978723403,35.714285714285715
IlyaGusev_gemma-2-2b-it-abliterated,40.80888734594688,26.51006711409396,53.308665452111505,6.117824773413897,25.382313829787233,37.698412698412696
IlyaGusev_gemma-2-9b-it-abliterated,58.98281548342301,34.56375838926174,74.7259493698941,17.749244712990937,39.153922872340424,40.21164021164021
Infinirc_Infinirc-Llama3-8B-2G-Release-v1.0,43.412601978823126,29.949664429530205,20.24339862675479,1.6616314199395772,21.600731382978726,46.03174603174603
Intel_neural-chat-7b-v3,50.234334316958865,29.194630872483224,27.779735546128713,2.9456193353474323,26.986369680851062,50.52910052910053
Intel_neural-chat-7b-v3-1,50.3037667071689,29.026845637583893,46.868974321467036,3.5498489425981874,26.778590425531917,49.735449735449734
Intel_neural-chat-7b-v3-2,50.06075334143378,29.026845637583893,49.88397452093778,4.758308157099698,26.670545212765955,48.94179894179894
IntervitensInc_internlm2_5-20b-llamafied,74.83075854886305,33.808724832214764,34.09952260003457,17.069486404833835,40.50864361702128,44.70899470899471
Invalid-Null_PeiYangMe-0.5,27.59937510848811,24.41275167785235,14.088507382633633,0.0,11.087101063829788,37.301587301587304
Invalid-Null_PeiYangMe-0.7,29.87328588786669,23.322147651006713,14.91032682172192,1.1329305135951662,11.012300531914894,38.492063492063494
Isaak-Carter_JOSIEv4o-8b-stage1-v4,47.07516056240236,29.194630872483224,25.52660274737696,5.287009063444108,33.161569148936174,36.507936507936506
Isaak-Carter_Josiefied-Qwen2.5-7B-Instruct-abliterated,53.723311925013014,30.285234899328863,73.17473193349203,0.0,42.76097074468085,40.74074074074074
Isaak-Carter_Josiefied-Qwen2.5-7B-Instruct-abliterated-v2,52.8554070473876,29.86577181208054,78.41039552830932,47.205438066465256,41.281582446808514,43.386243386243386
J-LAB_Thynk_orpo,44.315223051553545,29.278523489932883,21.01778835711468,14.803625377643503,32.31382978723404,45.10582010582011
JackFram_llama-160m,28.57142857142857,26.174496644295303,17.91036671586945,0.8308157099697886,11.278257978723403,37.83068783068783
JackFram_llama-68m,29.005381010241276,25.838926174496645,17.26341662344801,0.6042296072507553,11.436170212765957,39.021164021164026
Jacoby746_Casual-Magnum-34B,60.006943239021005,37.24832214765101,19.301675110927892,9.214501510574017,51.83676861702128,40.74074074074074
Jacoby746_Inf-Silent-Kunoichi-v0.1-2x7B,51.692414511369556,28.942953020134226,38.798166642286915,7.099697885196375,32.71276595744681,42.72486772486773
Jacoby746_Inf-Silent-Kunoichi-v0.2-2x7B,51.952785974657175,30.033557046979865,36.36019095998617,6.268882175226587,32.721077127659576,43.12169312169312
Jacoby746_Proto-Athena-4x7B,50.893942023954175,29.446308724832214,37.02963691893066,6.495468277945619,32.06449468085106,43.386243386243386
Jacoby746_Proto-Athena-v0.2-4x7B,50.494705780246484,29.86577181208054,37.524213531208304,6.3444108761329305,31.97307180851064,42.06349206349206
Jacoby746_Proto-Harpy-Blazing-Light-v0.1-2x7B,51.622982121159524,29.53020134228188,49.04719477652628,7.477341389728097,33.01196808510639,44.44444444444444
Jacoby746_Proto-Harpy-Spark-v0.1-7B,47.07516056240236,30.536912751677853,43.32692810631347,6.193353474320242,30.693151595744684,43.12169312169312
JayHyeon_Qwen-0.5B-DPO-1epoch,31.800034716195103,25.25167785234899,26.473313031644924,2.8700906344410875,15.575132978723405,33.46560846560847
JayHyeon_Qwen-0.5B-DPO-5epoch,31.00156222877973,24.328859060402685,25.701472094043805,2.190332326283988,15.325797872340424,33.730158730158735
JayHyeon_Qwen-0.5B-IRPO-1epoch,31.574379448012497,24.664429530201343,25.891301746033857,1.6616314199395772,15.001662234042554,32.804232804232804
JayHyeon_Qwen-0.5B-IRPO-5epoch,31.76531852109009,23.993288590604024,24.86713032531461,3.2477341389728096,15.06815159574468,32.804232804232804
JayHyeon_Qwen-0.5B-eDPO-1epoch,31.69588613088006,24.24496644295302,26.233504878167707,3.474320241691843,15.525265957446807,33.2010582010582
JayHyeon_Qwen-0.5B-eDPO-5epoch,30.914771741017184,24.916107382550333,24.774708883540118,1.283987915407855,15.226063829787234,33.2010582010582
JayHyeon_Qwen2.5-0.5B-Instruct-SFT,32.33813574032286,28.27181208053691,27.677340567472086,3.927492447129909,15.201130319148938,33.33333333333333
JayHyeon_Qwen2.5-0.5B-Instruct-SFT-DPO-1epoch_v1,32.44228432563791,27.265100671140942,24.687274210206695,3.625377643504532,15.74966755319149,34.25925925925926
JayHyeon_Qwen2.5-0.5B-Instruct-SFT-IRPO-1epoch_v1,32.87623676445062,28.02013422818792,26.05863553150086,4.984894259818732,16.256648936170212,32.804232804232804
JayHyeon_Qwen2.5-0.5B-Instruct-SFT-MDPO-1epoch_v1,32.44228432563791,26.845637583892618,25.29178136234081,2.794561933534743,15.757978723404257,32.93650793650794
JayHyeon_Qwen2.5-0.5B-SFT,30.984204131227216,27.85234899328859,19.636453498938373,2.719033232628399,16.730385638297875,33.86243386243386
JayHyeon_Qwen2.5-0.5B-SFT-1e-4,30.029508765839264,25.083892617449667,20.19596891802639,0.0755287009063444,16.190159574468087,34.39153439153439
JayHyeon_Qwen2.5-0.5B-SFT-1e-4-2ep,31.48758896024996,24.664429530201343,21.40498322229462,2.643504531722054,15.367353723404257,34.65608465608466
JayHyeon_Qwen2.5-0.5B-SFT-1e-4-3ep,30.480819302204477,24.832214765100673,22.573992561957827,0.22658610271903326,15.317486702127658,36.507936507936506
JayHyeon_Qwen2.5-0.5B-SFT-1e-4-5ep,30.741190765492103,25.335570469798657,19.868726091215752,1.9637462235649545,15.575132978723405,33.99470899470899
JayHyeon_Qwen2.5-0.5B-SFT-1e-5,31.088352716542268,26.845637583892618,19.858752554333613,3.7764350453172204,16.97972074468085,34.523809523809526
JayHyeon_Qwen2.5-0.5B-SFT-1e-5-2ep,31.973615691720187,26.929530201342285,19.70637907418982,0.3776435045317221,16.51429521276596,33.5978835978836
JayHyeon_Qwen2.5-0.5B-SFT-1e-5-3ep,32.23398715500781,27.01342281879195,22.41164554493189,0.22658610271903326,16.888297872340424,33.46560846560847
JayHyeon_Qwen2.5-0.5B-SFT-1e-5-5ep,32.35549383787537,27.936241610738254,22.918744486850446,5.211480362537765,16.87998670212766,32.27513227513227
JayHyeon_Qwen2.5-0.5B-SFT-2e-4,29.074813400451312,25.75503355704698,20.34335562972912,0.0,14.128989361702127,34.25925925925926
JayHyeon_Qwen2.5-0.5B-SFT-2e-4-2ep,29.491407741711505,24.24496644295302,18.307535117931533,0.0,14.84375,35.58201058201058
JayHyeon_Qwen2.5-0.5B-SFT-2e-4-3ep,30.793265058149625,26.090604026845636,19.89620872617987,0.0755287009063444,14.162234042553193,34.39153439153439
JayHyeon_Qwen2.5-0.5B-SFT-2e-4-5ep,29.057455302898806,26.929530201342285,18.971994308434954,0.3776435045317221,13.364361702127658,38.62433862433862
JayHyeon_Qwen2.5-0.5B-SFT-2e-5,31.69588613088006,26.929530201342285,20.67558522498083,3.7009063444108756,16.78025265957447,34.78835978835979
JayHyeon_Qwen2.5-0.5B-SFT-2e-5-2ep,31.90418330151015,27.768456375838923,22.014477142869808,0.3021148036253776,17.096077127659576,33.5978835978836
JayHyeon_Qwen2.5-0.5B-SFT-2e-5-2ep-DPOP_3e-7-3ep_0alp_5lam,31.50494705780246,27.097315436241608,24.10526292459563,3.474320241691843,15.625,32.93650793650794
JayHyeon_Qwen2.5-0.5B-SFT-2e-5-2ep-DPOP_5e-6-1ep_0alp_5lam,32.56379100850547,27.600671140939596,23.685598656010498,0.22658610271903326,15.699800531914892,33.46560846560847
JayHyeon_Qwen2.5-0.5B-SFT-2e-5-2ep-DPOP_5e-6-2ep_0alp_5lam,32.49435861829543,27.936241610738254,22.62397106344499,0.0,15.408909574468085,33.99470899470899
JayHyeon_Qwen2.5-0.5B-SFT-2e-5-2ep-DPOP_5e-6-3ep_0alp_5lam,31.83475091130012,27.600671140939596,25.079455843827713,4.078549848942599,15.550199468085108,33.46560846560847
JayHyeon_Qwen2.5-0.5B-SFT-2e-5-2ep-DPOP_5e-7-1ep_0alp_5lam,31.661169935775042,26.76174496644295,23.8979241745236,4.003021148036254,15.600066489361703,33.2010582010582
JayHyeon_Qwen2.5-0.5B-SFT-2e-5-2ep-DPOP_5e-7-2ep_0alp_5lam,31.314007984724874,26.76174496644295,24.23015376977531,0.0,15.475398936170212,33.2010582010582
JayHyeon_Qwen2.5-0.5B-SFT-2e-5-2ep-DPOP_5e-7-3ep_0alp_5lam,31.713244228432565,26.51006711409396,24.932069132124983,4.380664652567976,15.608377659574469,33.33333333333333
JayHyeon_Qwen2.5-0.5B-SFT-2e-5-2ep-DPO_1e-6-1ep_0alp_0lam,31.45287276514494,27.181208053691275,25.41667220752049,4.078549848942599,15.799534574468085,32.804232804232804
JayHyeon_Qwen2.5-0.5B-SFT-2e-5-2ep-DPO_1e-6-2ep_0alp_0lam,31.34872417982989,27.432885906040266,24.50741809509878,4.078549848942599,15.608377659574469,32.93650793650794
JayHyeon_Qwen2.5-0.5B-SFT-2e-5-2ep-DPO_1e-6-3ep_0alp_0lam,31.175143204304806,27.432885906040266,25.574032456105357,4.003021148036254,15.74966755319149,33.06878306878307
JayHyeon_Qwen2.5-0.5B-SFT-2e-5-2ep-DPO_1e-7-2ep_0alp_0lam,31.55702135045999,27.01342281879195,26.053648763059794,3.625377643504532,15.766289893617023,33.33333333333333
JayHyeon_Qwen2.5-0.5B-SFT-2e-5-2ep-DPO_1e-7-3ep_0alp_0lam,31.609095643117513,26.34228187919463,25.781371206177383,3.5498489425981874,15.83277925531915,32.804232804232804
JayHyeon_Qwen2.5-0.5B-SFT-2e-5-2ep-DPO_2e-6-1ep_0alp_0lam,31.678528033327545,27.516778523489936,23.353369060758787,0.22658610271903326,15.80784574468085,32.67195767195767
JayHyeon_Qwen2.5-0.5B-SFT-2e-5-2ep-DPO_2e-6-2ep_0alp_0lam,31.990973789272697,27.600671140939596,24.719743613611882,5.0604229607250755,15.375664893617023,32.53968253968254
JayHyeon_Qwen2.5-0.5B-SFT-2e-5-2ep-DPO_2e-6-3ep_0alp_0lam,32.02568998437771,27.265100671140942,24.74223948013493,4.1540785498489425,15.392287234042554,32.67195767195767
JayHyeon_Qwen2.5-0.5B-SFT-2e-5-2ep-DPO_3e-6-1ep_0alp_0lam,32.23398715500781,28.187919463087248,24.027801788144345,0.0755287009063444,15.733045212765958,32.53968253968254
JayHyeon_Qwen2.5-0.5B-SFT-2e-5-2ep-DPO_3e-6-2ep_0alp_0lam,32.02568998437771,27.432885906040266,23.680611887569427,4.607250755287009,15.159574468085108,33.46560846560847
JayHyeon_Qwen2.5-0.5B-SFT-2e-5-2ep-DPO_3e-6-3ep_0alp_0lam,32.26870335011283,27.01342281879195,23.718068059415685,0.0755287009063444,15.50033244680851,33.86243386243386
JayHyeon_Qwen2.5-0.5B-SFT-2e-5-2ep-DPO_3e-7-3ep_0alp_0lam,31.609095643117513,26.51006711409396,24.99202117049429,0.0755287009063444,15.741356382978724,32.804232804232804
JayHyeon_Qwen2.5-0.5B-SFT-2e-5-2ep-DPO_5e-6-1ep_0alp_0lam,32.28606144766534,27.432885906040266,23.810489501190176,0.3021148036253776,15.724734042553193,33.2010582010582
JayHyeon_Qwen2.5-0.5B-SFT-2e-5-2ep-DPO_5e-6-2ep_0alp_0lam,32.077764277035236,28.02013422818792,24.20765790325226,0.0755287009063444,14.960106382978724,33.99470899470899
JayHyeon_Qwen2.5-0.5B-SFT-2e-5-2ep-DPO_5e-6-3ep_0alp_0lam,32.49435861829543,27.600671140939596,23.805502732749105,4.45619335347432,14.985039893617023,33.99470899470899
JayHyeon_Qwen2.5-0.5B-SFT-2e-5-2ep-DPO_5e-7_1ep_0alp_0lam,31.591737545565007,27.348993288590606,25.264298727376694,0.0755287009063444,15.724734042553193,33.33333333333333
JayHyeon_Qwen2.5-0.5B-SFT-2e-5-2ep-DPO_5e-7_2ep_0alp_0lam,31.418156570039923,27.265100671140942,24.572356901909153,0.0,15.716422872340424,32.93650793650794
JayHyeon_Qwen2.5-0.5B-SFT-2e-5-2ep-DPO_5e-7_3ep_0alp_0lam,31.782676618642597,27.348993288590606,24.41998342176536,4.833836858006042,15.66655585106383,33.06878306878307
JayHyeon_Qwen2.5-0.5B-SFT-2e-5-2ep-DPO_7e-7_1ep_0alp_0lam,31.609095643117513,27.600671140939596,26.036139664977814,0.0,15.674867021276595,32.804232804232804
JayHyeon_Qwen2.5-0.5B-SFT-2e-5-2ep-DPO_7e-7_2ep_0alp_0lam,31.470230862697445,27.097315436241608,24.899599728719796,0.0755287009063444,15.691489361702127,32.93650793650794
JayHyeon_Qwen2.5-0.5B-SFT-2e-5-2ep-DPO_7e-7_3ep_0alp_0lam,31.227217496962332,27.432885906040266,26.036139664977814,0.0755287009063444,15.658244680851062,33.33333333333333
JayHyeon_Qwen2.5-0.5B-SFT-2e-5-2ep-IRPO_1e-7-1ep_1alp_0lam,31.973615691720187,27.01342281879195,25.50410688085391,4.909365558912387,15.708111702127658,32.804232804232804
JayHyeon_Qwen2.5-0.5B-SFT-2e-5-2ep-IRPO_1e-7-2ep_1alp_0lam,31.83475091130012,26.677852348993287,24.779695651981186,0.0755287009063444,15.866023936170212,33.06878306878307
JayHyeon_Qwen2.5-0.5B-SFT-2e-5-2ep-IRPO_1e-7-3ep_1alp_0lam,32.112480472140255,27.097315436241608,24.747226248576,4.003021148036254,15.558510638297873,32.93650793650794
JayHyeon_Qwen2.5-0.5B-SFT-2e-5-2ep-IRPO_3e-7-3ep_1alp_0lam,31.678528033327545,27.265100671140942,25.901275282915993,3.625377643504532,15.857712765957446,32.67195767195767
JayHyeon_Qwen2.5-0.5B-SFT-2e-5-2ep-IRPO_5e-6-1ep_1alp_0lam,31.76531852109009,28.27181208053691,23.233464984020177,4.531722054380665,15.475398936170212,32.53968253968254
JayHyeon_Qwen2.5-0.5B-SFT-2e-5-2ep-IRPO_5e-6-2ep_1alp_0lam,32.424926228085404,27.01342281879195,23.151017079127826,4.1540785498489425,15.209441489361703,33.730158730158735
JayHyeon_Qwen2.5-0.5B-SFT-2e-5-2ep-IRPO_5e-6-3ep_1alp_0lam,33.13660822773824,26.593959731543627,22.98368329366082,0.0755287009063444,15.674867021276595,33.2010582010582
JayHyeon_Qwen2.5-0.5B-SFT-2e-5-2ep-IRPO_5e-7-1ep_1alp_0lam,31.626453740670023,27.936241610738254,24.687274210206695,0.0,15.74966755319149,32.93650793650794
JayHyeon_Qwen2.5-0.5B-SFT-2e-5-2ep-IRPO_5e-7-2ep_1alp_0lam,31.522305155354974,27.516778523489933,25.20434668900739,0.0,15.757978723404257,33.2010582010582
JayHyeon_Qwen2.5-0.5B-SFT-2e-5-2ep-IRPO_5e-7-3ep_1alp_0lam,31.74796042353758,27.181208053691275,26.65815591519391,0.0,15.66655585106383,32.804232804232804
JayHyeon_Qwen2.5-0.5B-SFT-2e-5-2ep-MDPO_0.5_1e-7-1ep_0alp_0lam,31.661169935775042,26.51006711409396,24.99202117049429,0.0755287009063444,15.625,33.33333333333333
JayHyeon_Qwen2.5-0.5B-SFT-2e-5-2ep-MDPO_0.5_1e-7-2ep_0alp_0lam,31.69588613088006,26.845637583892618,24.170201731406003,4.003021148036254,15.74966755319149,33.2010582010582
JayHyeon_Qwen2.5-0.5B-SFT-2e-5-2ep-MDPO_0.5_1e-7-3ep_0alp_0lam,31.800034716195103,26.593959731543627,25.624010957592517,4.229607250755287,15.757978723404257,33.33333333333333
JayHyeon_Qwen2.5-0.5B-SFT-2e-5-2ep-MDPO_1e-6-3ep_0alp_0lam,31.383440374934906,27.348993288590606,24.08276705807258,0.1510574018126888,15.566821808510639,33.06878306878307
JayHyeon_Qwen2.5-0.5B-SFT-2e-5-2ep-MDPO_1e-6_1ep_0alp_0lam,31.800034716195103,27.600671140939596,24.812165055386377,0.0755287009063444,15.915890957446807,32.93650793650794
JayHyeon_Qwen2.5-0.5B-SFT-2e-5-2ep-MDPO_1e-6_2ep_0alp_0lam,31.574379448012497,27.181208053691275,25.44914161092568,0.0755287009063444,15.608377659574469,32.804232804232804
JayHyeon_Qwen2.5-0.5B-SFT-2e-5-2ep-MDPO_2e-6-3ep_0alp_0lam,31.782676618642597,27.265100671140942,25.199359920566323,0.0,15.375664893617023,32.53968253968254
JayHyeon_Qwen2.5-0.5B-SFT-2e-5-2ep-MDPO_2e-6_1ep_0alp_0lam,31.800034716195103,28.02013422818792,23.146030310686754,4.531722054380665,15.824468085106384,32.142857142857146
JayHyeon_Qwen2.5-0.5B-SFT-2e-5-2ep-MDPO_2e-6_2ep_0alp_0lam,31.626453740670023,27.181208053691275,25.149381419079152,4.305135951661631,15.392287234042554,32.804232804232804
JayHyeon_Qwen2.5-0.5B-SFT-2e-5-2ep-MDPO_3e-6-1ep_0alp_0lam,31.973615691720187,27.265100671140942,24.719743613611882,3.474320241691843,15.882646276595743,32.53968253968254
JayHyeon_Qwen2.5-0.5B-SFT-2e-5-2ep-MDPO_3e-6-2ep_0alp_0lam,32.112480472140255,27.936241610738254,24.599839536873276,3.7764350453172204,15.334109042553193,32.93650793650794
JayHyeon_Qwen2.5-0.5B-SFT-2e-5-2ep-MDPO_3e-6-3ep_0alp_0lam,32.35549383787537,27.768456375838923,25.236816092412575,5.362537764350453,15.309175531914892,33.5978835978836
JayHyeon_Qwen2.5-0.5B-SFT-2e-5-2ep-MDPO_5e-6-1ep_0alp_0lam,32.424926228085404,27.348993288590606,22.64646692996804,0.1510574018126888,15.683178191489361,32.53968253968254
JayHyeon_Qwen2.5-0.5B-SFT-2e-5-2ep-MDPO_5e-6-2ep_0alp_0lam,32.06040617948273,27.684563758389263,23.016152697066005,0.0,15.001662234042554,33.99470899470899
JayHyeon_Qwen2.5-0.5B-SFT-2e-5-2ep-MDPO_5e-6-3ep_0alp_0lam,32.58114910605798,27.768456375838923,25.236816092412575,4.078549848942599,15.209441489361703,33.86243386243386
JayHyeon_Qwen2.5-0.5B-SFT-2e-5-2ep-MDPO_5e-7-3ep_0alp_0lam,31.591737545565007,26.174496644295303,26.575708010301557,3.625377643504532,15.74966755319149,32.93650793650794
JayHyeon_Qwen2.5-0.5B-SFT-2e-5-2ep-MDPO_5e-7_1ep_0alp_0lam,31.713244228432565,27.181208053691275,24.87211709375568,0.0755287009063444,15.949135638297873,32.67195767195767
JayHyeon_Qwen2.5-0.5B-SFT-2e-5-2ep-MDPO_5e-7_2ep_0alp_0lam,31.3660822773824,27.684563758389263,25.601515091069473,0.0,15.616688829787234,32.67195767195767
JayHyeon_Qwen2.5-0.5B-SFT-2e-5-2ep-MDPO_7e-7-3ep_0alp_0lam,31.314007984724874,27.01342281879195,24.987034402053222,0.0,15.558510638297873,32.93650793650794
JayHyeon_Qwen2.5-0.5B-SFT-2e-5-2ep-MDPO_7e-7_1ep_0alp_0lam,31.574379448012497,26.25838926174497,24.9595517670891,0.0755287009063444,15.66655585106383,33.06878306878307
JayHyeon_Qwen2.5-0.5B-SFT-2e-5-2ep-MDPO_7e-7_2ep_0alp_0lam,31.470230862697445,27.01342281879195,25.149381419079152,4.380664652567976,15.533577127659576,32.67195767195767
JayHyeon_Qwen2.5-0.5B-SFT-2e-5-3ep,32.12983856969276,26.174496644295303,22.808813946993975,4.531722054380665,17.461768617021274,32.93650793650794
JayHyeon_Qwen2.5-0.5B-SFT-2e-5-5ep,32.91095295955564,26.426174496644293,23.478259905938465,0.5287009063444109,16.954787234042552,33.99470899470899
JayHyeon_Qwen2.5-0.5B-SFT-2e-5-5ep-MDPO_5e-7_3ep_0alp_0lam,32.16455476479778,26.76174496644295,25.259311958935626,0.1510574018126888,15.741356382978724,35.18518518518518
JayHyeon_Qwen2.5-0.5B-SFT-2e-5-5ep-MDPO_5e-7_3ep_0alp_0lam_1ep,31.48758896024996,26.25838926174497,24.812165055386377,0.1510574018126888,15.965757978723405,34.65608465608466
JayHyeon_Qwen2.5-0.5B-SFT-2e-5-5ep-MDPO_5e-7_3ep_0alp_0lam_2ep,31.730602325985075,26.51006711409396,25.476624245889795,3.8519637462235647,15.616688829787234,34.25925925925926
JayHyeon_Qwen2.5-0.5B-SFT-2e-5-5ep-MDPO_7e-7_3ep_0alp_0lam,31.921541399062665,27.01342281879195,24.23015376977531,3.3987915407854987,15.633311170212766,35.05291005291005
JayHyeon_Qwen2.5-0.5B-SFT-2e-5-5ep-MDPO_7e-7_3ep_0alp_0lam_1ep,31.661169935775042,26.845637583892618,24.927082363683915,3.927492447129909,15.915890957446807,34.65608465608466
JayHyeon_Qwen2.5-0.5B-SFT-2e-5-5ep-MDPO_7e-7_3ep_0alp_0lam_2ep,31.88682520395765,26.929530201342285,24.779695651981186,4.1540785498489425,15.558510638297873,35.05291005291005
JayHyeon_Qwen2.5-0.5B-SFT-5e-5,30.897413643464677,26.76174496644295,20.09856070781083,3.3987915407854987,16.722074468085108,33.730158730158735
JayHyeon_Qwen2.5-0.5B-SFT-5e-5-2ep,31.609095643117513,26.006711409395972,21.74718635442847,0.1510574018126888,16.273271276595743,33.5978835978836
JayHyeon_Qwen2.5-0.5B-SFT-5e-5-3ep,32.772088179135565,25.335570469798657,21.986994507905692,0.2265861027190332,16.51429521276596,35.84656084656085
JayHyeon_Qwen2.5-0.5B-SFT-5e-5-5ep,32.52907481340045,26.845637583892618,20.77299343519639,2.719033232628399,15.866023936170212,37.56613756613756
JayHyeon_Qwen2.5-0.5B-SFT-7e-5,31.400798472487416,25.671140939597315,20.925366915340184,3.0211480362537766,16.22340425531915,33.5978835978836
JayHyeon_Qwen2.5-0.5B-SFT-7e-5-2ep,30.880055545912168,24.24496644295302,21.56234347087949,3.927492447129909,15.674867021276595,33.5978835978836
JayHyeon_Qwen2.5-0.5B-SFT-7e-5-3ep,31.730602325985075,23.657718120805367,23.805502732749105,3.3232628398791544,15.217752659574469,35.44973544973545
JayHyeon_Qwen2.5-0.5B-SFT-7e-5-5ep,31.85210900885263,24.580536912751676,21.197644472222592,2.190332326283988,16.28158244680851,37.03703703703704
JayHyeon_Qwen2.5-0.5B-SFT-DPO-1epoch_v1,32.44228432563791,27.265100671140942,20.245947419513556,3.625377643504532,13.297872340425531,32.01058201058201
JayHyeon_Qwen2.5-0.5B-SFT-MDPO-1epoch_v1,32.70265578892553,27.600671140939596,19.64144026737944,4.682779456193353,13.372672872340424,32.53968253968254
JayHyeon_Qwen_0.5-DPOP_1e-6-3ep_0alp_5lam,31.261933692067352,27.432885906040266,25.324250765745997,0.0,15.658244680851062,33.06878306878307
JayHyeon_Qwen_0.5-DPOP_1e-7-3ep_0alp_5lam,31.74796042353758,26.677852348993287,26.695612087040168,4.078549848942599,15.625,32.804232804232804
JayHyeon_Qwen_0.5-DPOP_3e-6-1ep_0alp_5lam,32.45964242319042,26.006711409395972,24.8071782869453,0.3776435045317221,15.649933510638297,33.5978835978836
JayHyeon_Qwen_0.5-DPOP_3e-6-2ep_0alp_5lam,32.02568998437771,27.936241610738254,23.83298536771322,4.305135951661631,15.034906914893616,33.33333333333333
JayHyeon_Qwen_0.5-DPOP_3e-6-3ep_0alp_5lam,32.04304808193022,27.01342281879195,24.71475684517081,4.003021148036254,15.334109042553193,33.2010582010582
JayHyeon_Qwen_0.5-DPOP_3e-7-1ep_0alp_5lam,31.661169935775042,26.174496644295303,24.474948691693594,0.0755287009063444,15.649933510638297,33.33333333333333
JayHyeon_Qwen_0.5-DPOP_3e-7-2ep_0alp_5lam,31.730602325985075,26.174496644295303,25.51408041773605,0.0755287009063444,15.66655585106383,32.53968253968254
JayHyeon_Qwen_0.5-DPOP_3e-7-3ep_0alp_5lam,31.34872417982989,26.76174496644295,25.379216035674233,4.1540785498489425,15.83277925531915,32.53968253968254
JayHyeon_Qwen_0.5-DPOP_5e-7-1ep_0alp_5lam,31.522305155354974,27.181208053691275,24.022815019703277,3.7764350453172204,15.683178191489361,33.2010582010582
JayHyeon_Qwen_0.5-DPOP_5e-7-2ep_0alp_5lam,31.90418330151015,27.01342281879195,24.839647690350493,4.380664652567976,15.733045212765958,32.804232804232804
JayHyeon_Qwen_0.5-DPOP_5e-7-3ep_0alp_5lam,31.88682520395765,27.097315436241608,25.781371206177383,0.0755287009063444,15.83277925531915,32.804232804232804
JayHyeon_Qwen_0.5-DPO_1e-6-3ep_0alp_0lam,32.33813574032286,26.929530201342285,23.163539408768735,5.287009063444108,15.799534574468085,32.142857142857146
JayHyeon_Qwen_0.5-DPO_1e-7-3ep_0alp_0lam,32.04304808193022,27.097315436241608,23.59816398267707,0.0,15.957446808510639,32.142857142857146
JayHyeon_Qwen_0.5-DPO_3e-6-1ep_0alp_0lam,31.175143204304806,26.090604026845636,23.370878158840764,3.474320241691843,15.325797872340424,32.27513227513227
JayHyeon_Qwen_0.5-DPO_3e-6-2ep_0alp_0lam,32.511716715847946,27.181208053691275,25.693936532843964,0.6042296072507553,15.649933510638297,31.48148148148148
JayHyeon_Qwen_0.5-DPO_3e-6-3ep_0alp_0lam,32.44228432563791,26.845637583892618,24.599839536873276,0.22658610271903326,15.433843085106384,32.01058201058201
JayHyeon_Qwen_0.5-DPO_3e-7-1ep_0alp_0lam,32.112480472140255,26.76174496644295,25.29178136234081,0.0755287009063444,15.965757978723405,31.878306878306876
JayHyeon_Qwen_0.5-DPO_3e-7-2ep_0alp_0lam,32.35549383787537,27.181208053691275,25.046986440422526,0.0,15.990691489361703,31.878306878306876
JayHyeon_Qwen_0.5-DPO_3e-7-3ep_0alp_0lam,32.390210032980384,27.432885906040266,23.87044153955948,0.0,15.89095744680851,31.613756613756617
JayHyeon_Qwen_0.5-DPO_5e-7-1ep_0alp_0lam,32.02568998437771,26.845637583892618,25.324250765745997,6.3444108761329305,15.932513297872342,32.01058201058201
JayHyeon_Qwen_0.5-DPO_5e-7-2ep_0alp_0lam,32.8415205693456,27.097315436241608,24.562383365027017,5.362537764350453,16.015625,31.746031746031743
JayHyeon_Qwen_0.5-DPO_5e-7-3ep_0alp_0lam,32.52907481340045,27.432885906040266,24.225167001334235,0.0755287009063444,15.949135638297873,31.746031746031743
JayHyeon_Qwen_0.5-IPO_5e-7-1ep_0alp_0lam,32.65058149626801,26.929530201342285,25.73892826589006,5.589123867069486,16.505984042553195,31.613756613756617
JayHyeon_Qwen_0.5-IPO_5e-7-3ep_0alp_0lam,32.56379100850547,25.671140939597315,30.72481017034801,0.0,16.24002659574468,31.48148148148148
JayHyeon_Qwen_0.5-IRPO_1e-6-3ep_1alp_0lam,32.21662905745531,26.677852348993287,25.509093649294982,4.682779456193353,15.741356382978724,31.746031746031743
JayHyeon_Qwen_0.5-IRPO_1e-7-3ep_1alp_0lam,31.782676618642597,27.600671140939596,26.358395723347382,5.13595166163142,15.857712765957446,32.53968253968254
JayHyeon_Qwen_0.5-IRPO_3e-6-1ep_1alp_0lam,32.407568130532894,25.083892617449667,23.228478215579106,0.2265861027190332,16.115359042553195,31.613756613756617
JayHyeon_Qwen_0.5-IRPO_3e-6-2ep_1alp_0lam,32.98038534976567,25.16778523489933,24.137732328000816,0.0,15.317486702127658,33.33333333333333
JayHyeon_Qwen_0.5-IRPO_3e-6-3ep_1alp_0lam,33.466412081235895,25.419463087248324,26.77805999193252,5.13595166163142,15.608377659574469,33.730158730158735
JayHyeon_Qwen_0.5-IRPO_3e-7-1ep_1alp_0lam,32.19927095990279,27.181208053691275,25.606501859510544,5.362537764350453,15.89095744680851,31.878306878306876
JayHyeon_Qwen_0.5-IRPO_3e-7-3ep_1alp_0lam,32.35549383787537,27.01342281879195,26.390865126752573,0.0,15.866023936170212,32.01058201058201
JayHyeon_Qwen_0.5-IRPO_5e-7-1ep_1alp_0lam,31.973615691720187,27.348993288590606,25.176864054043268,5.740181268882175,15.84940159574468,31.613756613756617
JayHyeon_Qwen_0.5-IRPO_5e-7-2ep_1alp_0lam,32.477000520742926,27.265100671140942,24.382527249919107,0.0,15.541888297872342,31.878306878306876
JayHyeon_Qwen_0.5-IRPO_5e-7-3ep_1alp_0lam,32.26870335011283,27.181208053691275,24.654804806801508,5.287009063444108,15.633311170212766,31.746031746031743
JayHyeon_Qwen_0.5-MDPO_0.1_3e-6-3ep_0alp_0lam,32.424926228085404,28.187919463087248,25.05695997730466,4.984894259818732,15.217752659574469,33.730158730158735
JayHyeon_Qwen_0.5-MDPO_0.1_5e-7-3ep_0alp_0lam,31.609095643117513,26.34228187919463,24.567370133468085,0.0755287009063444,15.658244680851062,33.06878306878307
JayHyeon_Qwen_0.5-MDPO_0.3_3e-6-3ep_0alp_0lam,31.973615691720187,28.02013422818792,24.53988749850397,0.0,15.44215425531915,33.730158730158735
JayHyeon_Qwen_0.5-MDPO_0.3_5e-7-3ep_0alp_0lam,31.591737545565007,26.929530201342285,24.752213017017073,0.1510574018126888,15.691489361702127,33.2010582010582
JayHyeon_Qwen_0.5-MDPO_0.5_1e-5-3ep_0alp_0lam,32.18191286235029,27.432885906040266,23.19600881217392,3.927492447129909,15.425531914893616,33.5978835978836
JayHyeon_Qwen_0.5-MDPO_0.5_3e-7-1ep_0alp_0lam,31.591737545565007,26.25838926174497,24.17518849984707,4.229607250755287,15.799534574468085,32.804232804232804
JayHyeon_Qwen_0.5-MDPO_0.5_3e-7-2ep_0alp_0lam,31.800034716195103,27.01342281879195,24.932069132124983,4.229607250755287,15.708111702127658,33.06878306878307
JayHyeon_Qwen_0.5-MDPO_0.5_3e-7-3ep_0alp_0lam,31.817392813747613,26.34228187919463,25.20434668900739,4.229607250755287,15.508643617021276,32.53968253968254
JayHyeon_Qwen_0.5-MDPO_0.5_4e-6-3ep_0alp_0lam,32.30341954521784,27.516778523489933,25.803867072700438,4.758308157099698,15.392287234042554,34.12698412698413
JayHyeon_Qwen_0.5-MDPO_0.5_6e-6-3ep_0alp_0lam,32.511716715847946,27.097315436241615,23.19600881217392,0.0755287009063444,15.367353723404257,33.86243386243386
JayHyeon_Qwen_0.5-MDPO_0.5_7e-6-3ep_0alp_0lam,32.65058149626801,27.181208053691275,24.87710386219675,0.0,15.309175531914892,33.33333333333333
JayHyeon_Qwen_0.5-MDPO_0.5_7e-7-3ep_0alp_0lam,31.05363652143725,27.097315436241608,25.236816092412575,0.0755287009063444,15.641622340425531,32.804232804232804
JayHyeon_Qwen_0.5-MDPO_0.7_3e-6-3ep_0alp_0lam,32.008331886825204,27.516778523489933,25.13940788219702,4.380664652567976,15.383976063829788,33.06878306878307
JayHyeon_Qwen_0.5-MDPO_0.7_5e-7-3ep_0alp_0lam,31.609095643117513,26.677852348993287,24.567370133468085,3.8519637462235647,15.724734042553193,32.67195767195767
JayHyeon_Qwen_0.5-MDPO_0.9_5e-7-3ep_0alp_0lam,31.74796042353758,26.51006711409396,25.42165897596156,0.0755287009063444,15.757978723404257,32.53968253968254
JayHyeon_Qwen_0.5-VDPO_5e-7-1ep_0alp_0lam,32.008331886825204,27.181208053691275,25.176864054043268,0.22658610271903326,15.949135638297873,32.27513227513227
JayHyeon_Qwen_0.5-VDPO_5e-7-1ep_10vpo_const,32.19927095990279,27.600671140939596,25.361706937592253,4.909365558912387,15.965757978723405,32.27513227513227
JayHyeon_Qwen_0.5-VDPO_5e-7-1ep_3vpo_const,32.112480472140255,27.097315436241608,25.046986440422526,4.682779456193353,15.89095744680851,32.01058201058201
JayHyeon_Qwen_0.5-VDPO_5e-7-3ep_0alp_0lam,32.390210032980384,27.516778523489933,24.719743613611882,4.984894259818732,15.866023936170212,32.01058201058201
JayHyeon_Qwen_0.5-VIPO_5e-7-1ep_0alp_0lam,32.92831105710814,26.76174496644295,26.685638550158025,7.099697885196375,16.339760638297875,31.613756613756617
JayHyeon_Qwen_0.5-VIPO_5e-7-1ep_30vpo_const,32.66793959382051,26.929530201342285,26.223531341285565,7.401812688821751,16.339760638297875,32.142857142857146
JayHyeon_Qwen_0.5-VIPO_5e-7-1ep_3vpo_const,32.806804374240585,27.01342281879195,26.086118166464978,6.495468277945619,16.51429521276596,31.613756613756617
JayHyeon_Qwen_0.5-VIPO_5e-7-3ep_0alp_0lam,31.990973789272697,26.845637583892618,29.30347034756668,0.0,15.907579787234042,31.084656084656086
JayHyeon_Qwen_0.5-cDPO_5e-7-3ep_0vpo_const_0.1,32.26870335011283,27.768456375838923,23.925406809487715,5.13595166163142,15.733045212765958,32.142857142857146
JayHyeon_Qwen_0.5-cDPO_5e-7-3ep_0vpo_const_0.3,31.921541399062665,28.104026845637588,24.747226248576,4.607250755287009,15.66655585106383,32.67195767195767
JayHyeon_Qwen_0.5-rDPO_3e-6-1ep_0vpo_const_0.1,32.58114910605798,25.75503355704698,23.2135179102559,4.758308157099698,14.960106382978724,30.158730158730158
JayHyeon_Qwen_0.5-rDPO_5e-7-3ep_0vpo_const_0.3,32.30341954521784,25.083892617449667,27.387553912507702,4.607250755287009,15.965757978723405,30.82010582010582
Jimmy19991222_Llama-3-Instruct-8B-SimPO-v0.2,49.6962332928311,31.45973154362416,65.40368444615842,6.193353474320242,36.86003989361702,40.07936507936508
Jimmy19991222_llama-3-8b-instruct-gapo-v2-bert-f1-beta10-gamma0.3-lr1.0e-6-1minus-rerun,48.6373893421281,29.446308724832214,67.17221416951466,6.042296072507553,36.336436170212764,40.34391534391534
Jimmy19991222_llama-3-8b-instruct-gapo-v2-bert_f1-beta10-gamma0.3-lr1.0e-6-scale-log,49.24492275646589,30.453020134228186,65.55605792630222,2.9456193353474323,36.57746010638298,39.94708994708995
Jimmy19991222_llama-3-8b-instruct-gapo-v2-bert_p-beta10-gamma0.3-lr1.0e-6-scale-log,49.01926748828328,28.60738255033557,63.15055164740666,6.495468277945619,36.11203457446808,39.285714285714285
Jimmy19991222_llama-3-8b-instruct-gapo-v2-bleu-beta0.1-no-length-scale-gamma0.4,49.66151709772609,29.278523489932883,62.84580468711907,1.6616314199395772,35.44714095744681,40.07936507936508
Jimmy19991222_llama-3-8b-instruct-gapo-v2-rouge2-beta10-1minus-gamma0.3-rerun,49.31435514667592,30.620805369127517,66.77504576745258,6.117824773413897,36.57746010638298,39.81481481481482
Jimmy19991222_llama-3-8b-instruct-gapo-v2-rouge2-beta10-gamma0.3-lr1.0e-6-scale-log,49.071341780940806,30.369127516778523,66.05063453857986,6.570996978851963,36.643949468085104,39.94708994708995
Jimmy19991222_llama-3-8b-instruct-gapo-v2-rougeL-beta10-gamma0.3-lr1.0e-6-scale-log,49.38378753688596,30.201342281879196,64.9190813707629,4.1540785498489425,37.109375,39.55026455026455
Joseph717171_Hermes-3-Llama-3.1-8B_TIES_with_Base_Embeds_Initialized_to_Special_Instruct_Toks_dtypeF32,51.64034021871203,28.27181208053691,61.85410266980501,5.13595166163142,31.441156914893615,43.65079365079365
Joseph717171_Llama-3.1-SuperNova-8B-Lite_TIES_with_Base,51.10223919458428,30.956375838926174,80.9632885189076,18.35347432024169,38.80485372340425,41.00529100529101
Josephgflowers_Cinder-Phi-2-V1-F16-gguf,43.72504773476827,28.187919463087248,23.565694579271884,2.416918429003021,21.60904255319149,34.25925925925926
Josephgflowers_Differential-Attention-Liquid-Metal-Tinyllama,28.918590522478738,25.083892617449667,22.269245601670235,3.2477341389728096,12.142619680851062,33.46560846560847
Josephgflowers_TinyLlama-Cinder-Agent-v1,30.932129838569693,24.41275167785235,26.695612087040168,3.474320241691843,11.610704787234043,33.86243386243386
Josephgflowers_TinyLlama-v1.1-Cinders-World,29.647630619684083,24.41275167785235,24.692260978647766,3.474320241691843,11.98470744680851,33.46560846560847
Josephgflowers_TinyLlama_v1.1_math_code-world-test-1,31.209859399409822,23.406040268456376,0.7843632672420289,1.9637462235649545,11.319813829787234,34.92063492063492
Josephgflowers_Tinyllama-STEM-Cinder-Agent-v1,30.498177399756987,23.48993288590604,21.2575965105919,6.722054380664652,10.862699468085106,33.33333333333333
JungZoona_T3Q-Qwen2.5-14B-Instruct-1M-e3,75.76809581669849,41.69463087248322,73.2396707403024,28.625377643504528,58.84308510638297,58.994708994709
JungZoona_T3Q-qwen2.5-14b-v1.0-e3,75.76809581669849,41.69463087248322,73.2396707403024,28.625377643504528,58.84308510638297,58.994708994709
Junhoee_Qwen-Megumin,52.59503558409998,29.61409395973154,71.41118897857683,49.01812688821752,41.98803191489361,39.682539682539684
KSU-HW-SEC_Llama3-70b-SVA-FT-1415,66.46415552855407,37.5,61.79913739987677,20.090634441087612,52.42686170212766,45.5026455026455
KSU-HW-SEC_Llama3-70b-SVA-FT-500,66.84603367470925,38.08724832214765,61.05223030448099,21.37462235649547,52.268949468085104,44.97354497354497
KSU-HW-SEC_Llama3-70b-SVA-FT-final,66.46415552855407,37.5,61.64676391973297,20.090634441087612,52.42686170212766,45.5026455026455
KSU-HW-SEC_Llama3.1-70b-SVA-FT-1000step,68.91164728345774,39.59731543624161,72.38039512936784,29.607250755287005,52.51828457446809,45.767195767195766
Khetterman_DarkAtom-12B-v3,51.20638777989932,29.78187919463087,61.734198593066395,11.10271903323263,35.46376329787234,44.576719576719576
Khetterman_Kosmos-8B-v1,52.16108314528728,29.86577181208054,41.291107594515886,9.894259818731117,36.6938164893617,39.15343915343915
Kimargin_GPT-NEO-1.3B-wiki,29.890643985419196,24.496644295302016,19.206815693471103,1.4350453172205437,10.987367021276597,38.75661375661375
KingNish_Qwen2.5-0.5b-Test-ft,32.112480472140255,26.34228187919463,26.708134416681073,1.1329305135951662,16.888297872340424,34.12698412698413
KingNish_Reasoning-Llama-3b-v0.1,43.32581149106058,25.922818791946305,62.24628430342602,10.876132930513595,30.294215425531917,31.613756613756617
KingNish_qwen-1b-continued,29.543482034369035,26.76174496644295,12.547263483113694,0.906344410876133,12.608045212765958,38.492063492063494
KingNish_qwen-1b-continued-v2.1,30.06422496094428,26.76174496644295,11.268323603594018,0.906344410876133,12.782579787234042,41.4021164021164
KingNish_qwen-1b-continued-v2.2,30.133657351154312,25.671140939597315,14.125963554479892,1.5105740181268883,12.62466755319149,35.05291005291005
Kquant03_CognitiveFusion2-4x7B-BF16,40.87831973615692,28.60738255033557,35.665700341759866,5.740181268882175,27.925531914893615,41.4021164021164
Kquant03_L3-Pneuma-8B,49.401145634438464,30.70469798657718,23.74056392593873,5.0604229607250755,31.840093085106385,41.66666666666667
Krystalan_DRT-o1-14B,63.565353237285194,35.23489932885906,40.67662690549963,48.26283987915408,51.78690159574468,47.883597883597886
Krystalan_DRT-o1-7B,54.55650060753341,32.13087248322148,39.28276971768242,44.78851963746224,41.51429521276596,50.79365079365079
Kukedlc_NeuralExperiment-7b-MagicCoder-v7.5,39.697969102586356,29.61409395973154,45.52509563513699,6.646525679758309,28.241356382978722,42.72486772486773
Kukedlc_NeuralLLaMa-3-8b-DT-v0.1,49.71359139038361,30.285234899328863,43.71412297149342,7.250755287009064,37.9155585106383,40.60846560846561
Kukedlc_NeuralLLaMa-3-8b-ORPO-v0.3,45.35670890470405,23.909395973154364,52.75912356990563,4.833836858006042,30.56848404255319,36.904761904761905
Kukedlc_NeuralSynthesis-7B-v0.1,51.20638777989932,28.104026845637588,41.84563624516283,6.3444108761329305,30.4936835106383,43.25396825396825
Kukedlc_NeuralSynthesis-7B-v0.3,51.136955389689284,28.02013422818792,40.78400865259733,7.779456193353475,30.501994680851062,43.386243386243386
Kukedlc_NeuralSynthesis-7b-v0.4-slerp,51.20638777989932,27.768456375838923,39.472599369672466,6.268882175226587,30.42719414893617,43.25396825396825
Kukedlc_Qwen-2.5-7b-Spanish-o1-CoT,55.91043221662906,32.04697986577181,42.10295349672203,24.622356495468278,43.63364361702128,47.75132275132275
Kumar955_Hemanth-llm,51.952785974657175,28.27181208053691,50.451025501225644,7.02416918429003,31.125332446808514,44.84126984126984
LEESM_llama-2-7b-hf-lora-oki100p,34.71619510501649,26.929530201342285,25.129434345314877,1.2084592145015105,18.558843085106382,36.77248677248677
LEESM_llama-2-7b-hf-lora-oki10p,35.09807325117168,25.419463087248324,22.701432199896278,1.283987915407855,16.788563829787233,34.65608465608466
LEESM_llama-3-8b-bnb-4b-kowiki231101,41.17340739454956,27.097315436241608,16.848739123303943,1.3595166163141994,24.251994680851062,35.44973544973545
LEESM_llama-3-Korean-Bllossom-8B-trexlab-oki10p,43.13487241798299,27.516778523489933,21.372513818889434,4.682779456193353,31.765292553191486,38.62433862433862
LGAI-EXAONE_EXAONE-3.0-7.8B-Instruct,41.43377885783718,26.593959731543627,71.92826145737754,30.438066465256796,35.77127659574468,36.507936507936506
LGAI-EXAONE_EXAONE-3.5-2.4B-Instruct,40.722096858184344,26.593959731543627,79.50449252428002,36.78247734138973,32.804188829787236,36.507936507936506
LGAI-EXAONE_EXAONE-3.5-32B-Instruct,57.35115431348724,28.7751677852349,83.91833668000905,51.283987915407856,46.36801861702128,37.96296296296296
LGAI-EXAONE_EXAONE-3.5-7.8B-Instruct,47.300815830584966,25.75503355704698,81.3604569209697,47.507552870090635,41.331449468085104,37.698412698412696
LLM360_K2,49.59208470751605,27.684563758389263,22.52157608478836,2.719033232628399,30.044880319148938,39.682539682539684
LLM360_K2-Chat,53.37614997396285,30.620805369127517,51.517639862232215,10.347432024169184,33.71010638297872,45.63492063492063
LLM4Binary_llm4decompile-1.3b-v2,32.424926228085404,23.573825503355707,22.67893633337323,1.283987915407855,12.092752659574469,40.60846560846561
Lambent_qwen2.5-reinstruct-alternate-lumen-14B,64.38118382225309,37.667785234899334,47.93813747523238,19.788519637462233,53.881316489361694,47.61904761904761
Langboat_Mengzi3-8B-Chat,46.571775733379624,27.432885906040266,51.3977357854936,9.06344410876133,31.416223404255316,40.74074074074074
LenguajeNaturalAI_leniachat-gemma-2b-v0,30.428745009546954,26.593959731543627,21.497404664069116,0.3021148036253776,11.702127659574469,36.507936507936506
LenguajeNaturalAI_leniachat-qwen2-1.5B-v0,36.66030203089741,26.174496644295303,22.211842356059698,1.0574018126888218,18.799867021276594,37.43386243386244
LeroyDyer_CheckPoint_A,47.266099635479954,28.355704697986578,45.12792723307491,5.8912386706948645,28.798204787234045,42.195767195767196
LeroyDyer_CheckPoint_B,47.578545391425095,29.026845637583893,44.39852923576111,7.175226586102719,29.072473404255316,38.88888888888889
LeroyDyer_CheckPoint_C,45.56500607533414,27.097315436241608,34.76896855897906,5.5135951661631415,30.211103723404253,43.386243386243386
LeroyDyer_LCARS_AI_001,42.35375802812012,26.34228187919463,31.094495937445977,2.3413897280966767,26.70378989361702,43.783068783068785
LeroyDyer_LCARS_AI_1x4_003_SuperAI,48.93247700052074,28.27181208053691,41.111251479407976,5.740181268882175,29.720744680851062,44.97354497354497
LeroyDyer_LCARS_AI_StarTrek_Computer,44.15900017358098,26.76174496644295,35.8256093831035,4.078549848942599,24.5844414893617,39.41798941798942
LeroyDyer_LCARS_TOP_SCORE,51.050164901926756,28.60738255033557,43.70658741029357,6.722054380664652,30.310837765957448,42.857142857142854
LeroyDyer_Mixtral_AI_SwahiliTron_7b,30.15101544870682,26.51006711409396,15.33996462718919,1.3595166163141994,12.076130319148938,34.12698412698413
LeroyDyer_SpydazWebAI_Human_AGI,33.37962159347336,28.27181208053691,33.88221031308041,1.4350453172205437,14.785571808510639,39.55026455026455
LeroyDyer_SpydazWebAI_Human_AGI_001,34.1086616906787,29.86577181208054,31.181930610779396,1.9637462235649545,14.261968085106384,39.81481481481482
LeroyDyer_SpydazWeb_AI_CyberTron_Ultra_7b,47.85627495226523,29.278523489932883,15.557276914143362,1.3595166163141994,28.65691489361702,41.269841269841265
LeroyDyer_SpydazWeb_AI_HumanAGI_001_M2,48.68946363478563,28.942953020134226,39.39513823322118,3.8519637462235647,30.0531914893617,44.97354497354497
LeroyDyer_SpydazWeb_AI_HumanAGI_002,50.21697621940635,28.691275167785236,40.87643009437183,6.646525679758309,30.585106382978722,48.544973544973544
LeroyDyer_SpydazWeb_AI_HumanAI_001,33.2581149106058,28.859060402684566,22.516589316347293,1.6616314199395772,12.70777925531915,38.492063492063494
LeroyDyer_SpydazWeb_AI_HumanAI_006,32.66793959382051,28.02013422818792,14.300832901146734,1.0574018126888218,11.353058510638297,35.58201058201058
LeroyDyer_SpydazWeb_AI_HumanAI_007,33.95243881270613,28.859060402684566,33.51751131442351,2.2658610271903323,13.522273936170212,40.87301587301587
LeroyDyer_SpydazWeb_AI_HumanAI_009_CHAT,32.89359486200312,28.104026845637588,29.73310815303395,1.6616314199395772,14.32845744680851,41.269841269841265
LeroyDyer_SpydazWeb_AI_HumanAI_010_CHAT,33.153966325290746,25.922818791946305,25.069482306945567,1.812688821752266,14.303523936170212,41.269841269841265
LeroyDyer_SpydazWeb_AI_HumanAI_011_INSTRUCT,35.13278944627668,27.936241610738254,31.48667757106699,1.4350453172205437,15.949135638297873,38.22751322751323
LeroyDyer_SpydazWeb_AI_HumanAI_011_INSTRUCT_ML,39.697969102586356,29.278523489932883,37.524213531208304,2.56797583081571,20.18783244680851,42.32804232804233
LeroyDyer_SpydazWeb_AI_HumanAI_011_INSTRUCT_ML_r1,48.359659781287974,29.278523489932883,40.496770790391714,5.5135951661631415,29.562832446808514,39.15343915343915
LeroyDyer_SpydazWeb_AI_HumanAI_012_INSTRUCT_IA,45.39142509980906,29.949664429530205,30.664858131978708,4.45619335347432,23.179853723404257,42.46031746031746
LeroyDyer_SpydazWeb_AI_HumanAI_012_INSTRUCT_MX,31.24457559451484,29.110738255033556,30.65987136353764,1.5105740181268883,11.070478723404255,34.39153439153439
LeroyDyer_SpydazWeb_AI_HumanAI_012_INSTRUCT_XA,44.471445929526126,31.29194630872483,37.97634720319862,4.003021148036254,23.88630319148936,41.4021164021164
LeroyDyer_SpydazWeb_AI_HumanAI_RP,33.119250130185726,27.516778523489933,25.411685439079417,1.283987915407855,13.23969414893617,38.75661375661375
LeroyDyer_SpydazWeb_AI_HumanAI_TextVision,33.188682520395766,29.194630872483224,30.62740196013245,1.4350453172205437,13.871343085106384,39.285714285714285
LeroyDyer_SpydazWeb_HumanAI_M1,35.41051900711682,26.76174496644295,35.820622614662426,2.492447129909366,16.63065159574468,36.64021164021164
LeroyDyer_SpydazWeb_HumanAI_M2,39.12515188335359,27.936241610738254,37.50171766468526,2.8700906344410875,20.10472074468085,37.43386243386244
LeroyDyer_SpydazWeb_HumanAI_M3,30.914771741017184,27.097315436241608,15.78711153073844,0.906344410876133,11.486037234042554,39.021164021164026
LeroyDyer__Spydaz_Web_AI_12,31.279291789619855,26.845637583892618,27.64985793250797,1.3595166163141994,11.36968085106383,35.714285714285715
LeroyDyer__Spydaz_Web_AI_14,29.682346814789103,26.593959731543627,18.11770546594148,1.2084592145015105,11.394614361702128,33.86243386243386
LeroyDyer__Spydaz_Web_AI_BIBLE_002,32.58114910605798,28.439597315436245,21.949538336059433,1.7371601208459215,13.680186170212766,33.99470899470899
LeroyDyer__Spydaz_Web_AI_ChatML_002,30.75854886304461,25.75503355704698,24.12277202267761,1.1329305135951662,10.945811170212766,36.11111111111111
LeroyDyer__Spydaz_Web_AI_ChatQA,31.990973789272697,26.593959731543627,14.14591062824417,0.9818731117824773,14.752327127659576,34.39153439153439
LeroyDyer__Spydaz_Web_AI_ChatQA_003,31.34872417982989,27.097315436241608,22.091938279321088,1.0574018126888218,11.328125,38.095238095238095
LightningRodLabs_Flashlight-v1.0,68.52976913730255,34.22818791946309,67.4544652632792,49.69788519637463,54.02260638297872,40.87301587301587
LightningRodLabs_Flashlight-v1.1,68.8074986981427,33.9765100671141,67.20967034136092,53.24773413897282,54.15558510638297,40.34391534391534
LightningRodLabs_Flashlight-v1.2,32.25134525256032,23.573825503355707,43.599205663195875,15.55891238670695,24.850398936170212,45.370370370370374
Lil-R_2_PRYMMAL-ECE-2B-SLERP-V1,42.77035236938032,30.620805369127517,58.23459531820016,9.138972809667674,26.778590425531917,43.65079365079365
Lil-R_2_PRYMMAL-ECE-2B-SLERP-V2,43.5861829543482,29.78187919463087,55.42693386880144,9.441087613293051,27.44348404255319,44.70899470899471
Lil-R_2_PRYMMAL-ECE-7B-SLERP,,,55.77412376937636,36.329305135951664,45.071476063829785,
Lil-R_2_PRYMMAL-ECE-7B-SLERP-V1,30.237805936469364,25.083892617449667,10.733742026711349,0.0755287009063444,11.236702127659575,39.021164021164026
Lil-R_2_PRYMMAL-ECE-7B-SLERP-V2,30.237805936469364,25.083892617449667,10.733742026711349,0.0755287009063444,11.236702127659575,39.021164021164026
Lil-R_2_PRYMMAL-ECE-7B-SLERP-V3,35.42787710466933,25.671140939597315,22.346706738121515,0.6042296072507553,18.168218085106382,41.00529100529101
Lil-R_PRYMMAL-ECE-1B-SLERP-V1,41.485853150494705,27.600671140939596,28.74395492847866,10.347432024169184,29.25531914893617,39.682539682539684
Lil-R_PRYMMAL-ECE-7B-SLERP-V8,29.352542961291444,25.0,12.58471965495995,0.9818731117824773,11.278257978723403,36.24338624338625
LilRg_10PRYMMAL-3B-slerp,52.99427182780767,32.13087248322148,19.45903535951276,14.954682779456194,38.81316489361702,45.23809523809524
LilRg_ECE-1B-merge-PRYMMAL,41.9024474917549,28.104026845637588,27.122811916825135,10.120845921450151,29.064162234042552,37.96296296296296
LilRg_ECE_Finetunning,47.09251865995487,28.27181208053691,4.453849120334047,4.531722054380665,31.914893617021278,38.35978835978836
LilRg_PRYMMAL-6B-slerp,28.501996181218537,24.580536912751676,11.533065599276586,0.0,11.07878989361702,36.904761904761905
LilRg_PRYMMAL-ECE-7B-SLERP-V3,29.38725915639646,25.671140939597315,12.432346174816153,0.9818731117824773,11.269946808510637,36.64021164021164
LilRg_PRYMMAL-ECE-7B-SLERP-V4,29.38725915639646,25.671140939597315,12.492298213185459,0.9818731117824773,11.269946808510637,36.64021164021164
LilRg_PRYMMAL-ECE-7B-SLERP-V5,29.38725915639646,25.671140939597315,12.492298213185459,0.9818731117824773,11.269946808510637,36.64021164021164
LilRg_PRYMMAL-ECE-7B-SLERP-V6,29.38725915639646,25.671140939597315,12.432346174816153,0.9818731117824773,11.269946808510637,36.64021164021164
LilRg_PRYMMAL-ECE-7B-SLERP-V7,29.38725915639646,25.671140939597315,12.492298213185459,0.9818731117824773,11.269946808510637,36.64021164021164
LilRg_PRYMMAL-slerp-Merge,53.480298559277905,32.04697986577181,30.440010283824698,16.1631419939577,38.630319148936174,46.2962962962963
LimYeri_CodeMind-Llama3-8B-unsloth_v2-merged,48.359659781287974,26.51006711409396,69.46280314011268,6.646525679758309,35.05651595744681,33.06878306878307
LimYeri_CodeMind-Llama3-8B-unsloth_v3-merged,48.93247700052074,25.838926174496645,67.62933460994606,6.797583081570997,34.95678191489361,33.46560846560847
LimYeri_CodeMind-Llama3-8B-unsloth_v4-one-DPO-merged,48.272869293525424,26.845637583892618,64.92406813920397,6.495468277945619,33.53557180851064,35.978835978835974
LimYeri_CodeMind-Llama3-8B-unsloth_v4-one-merged,47.12723485505988,30.956375838926174,32.10869382128308,5.5135951661631415,33.527260638297875,40.60846560846561
LimYeri_CodeMind-Llama3.1-8B-unsloth-merged,46.86686339177226,26.426174496644293,64.90157227268092,10.876132930513595,33.40259308510639,37.43386243386244
Locutusque_CollectiveLM-Falcon-3-7B,50.7203610484291,32.5503355704698,39.182812714708085,21.827794561933533,35.9873670212766,38.75661375661375
Locutusque_Hercules-6.0-Llama-3.1-8B,47.977781635132786,26.426174496644293,66.30041622893921,13.36858006042296,36.14527925531915,36.11111111111111
Locutusque_Hercules-6.1-Llama-3.1-8B,46.32876236764451,26.090604026845636,60.06806384836678,17.598187311178247,36.68550531914894,35.44973544973545
Locutusque_Llama-3-NeuralHercules-5.0-8B,38.88213851761847,26.845637583892618,44.89310584803876,3.625377643504532,29.330119680851062,38.75661375661375
Locutusque_Llama-3-Yggdrasil-2.0-8B,47.318173928137476,26.25838926174497,53.70583385417359,6.873111782477341,31.6655585106383,39.682539682539684
Locutusque_TinyMistral-248M-v2.5,30.08158305849679,25.083892617449667,13.36409615376091,0.0,11.353058510638297,37.698412698412696
Luni_StarDust-12b-v1,53.34143377885784,27.600671140939596,54.59259210007226,7.628398791540786,34.11735372340425,43.12169312169312
Luni_StarDust-12b-v2,53.844818607880576,29.36241610738255,56.286209479735994,6.873111782477341,34.391622340425535,43.25396825396825
Lunzima_NQLSG-Qwen2.5-14B-MegaFusion-v3,64.67627148064572,38.171140939597315,70.33460108068813,41.616314199395774,53.93949468085106,48.01587301587302
Lunzima_NQLSG-Qwen2.5-14B-MegaFusion-v5,64.46797431001562,36.241610738255034,74.85084021507377,43.58006042296073,51.404587765957444,44.576719576719576
Lunzima_NQLSG-Qwen2.5-14B-MegaFusion-v6,64.46797431001562,37.75167785234899,70.4320092909037,39.577039274924466,53.922872340425535,47.61904761904761
Lunzima_NQLSG-Qwen2.5-14B-MegaFusion-v7-rebase,64.03402187120292,37.5,69.3054428915278,34.06344410876133,52.76761968085106,48.80952380952381
Lunzima_NQLSG-Qwen2.5-14B-MegaFusion-v8,64.50269050512064,38.6744966442953,73.83919112399543,41.69184290030212,53.64860372340425,49.60317460317461
Lunzima_NQLSG-Qwen2.5-14B-MegaFusion-v8.5,64.29439333449054,38.00335570469799,59.286249373883514,36.5558912386707,52.90059840425532,47.61904761904761
Lunzima_NQLSG-Qwen2.5-14B-MegaFusion-v8.6,64.39854191980558,38.422818791946305,59.19382793210903,40.70996978851964,53.99767287234043,49.47089947089947
Lunzima_NQLSG-Qwen2.5-14B-MegaFusion-v8.7,64.84985245617081,38.00335570469799,72.71262472461957,42.37160120845921,53.981050531914896,48.94179894179894
Lunzima_NQLSG-Qwen2.5-14B-MegaFusion-v8.9,64.72834577330325,37.919463087248324,72.71761149306064,41.46525679758308,53.8563829787234,49.074074074074076
Lunzima_NQLSG-Qwen2.5-14B-MegaFusion-v9-stock,65.54417635827113,38.422818791946305,65.13639365771708,41.842900302114806,54.12234042553191,48.148148148148145
Lyte_Llama-3.1-8B-Instruct-Reasoner-1o1_v0.3,49.401145634438464,27.01342281879195,70.98155117310957,19.033232628398792,36.178523936170215,34.523809523809526
Lyte_Llama-3.2-1B-Instruct-COT-RL-Expriement1-EP04,34.88977608054157,26.006711409395972,57.73503193748144,6.646525679758309,18.425864361702125,32.27513227513227
Lyte_Llama-3.2-3B-Overthinker,43.20430480819302,25.922818791946305,64.07975283359264,2.643504531722054,29.853723404255316,34.12698412698413
M4-ai_TinyMistral-248M-v3,28.48463808366603,24.07718120805369,16.386631914431486,0.0,11.319813829787234,37.83068783068783
MEscriva_ECE-PRYMMAL-0.5B-FT-V5-MUSR-Mathis,30.324596424231903,25.16778523489933,8.662903318749807,1.0574018126888216,11.544215425531915,40.07936507936508
MLP-KTLim_llama-3-Korean-Bllossom-8B,48.8456865127582,26.25838926174497,51.12800702136997,10.196374622356496,35.9375,36.64021164021164
MTSAIR_Cotype-Nano,38.36139559104323,27.01342281879195,37.47922179816221,9.743202416918429,24.767287234042552,32.804232804232804
MTSAIR_MultiVerse_70B,61.29144245790661,35.40268456375839,52.49183278146429,19.259818731117825,48.60372340425532,47.354497354497354
Magpie-Align_Llama-3-8B-Magpie-Align-SFT-v0.1,45.8948099288318,26.25838926174497,43.61416596851908,4.984894259818732,28.631981382978722,32.67195767195767
Magpie-Align_Llama-3-8B-Magpie-Align-SFT-v0.3,45.53028988022913,26.593959731543627,50.63586838477463,6.268882175226587,29.022606382978722,34.12698412698413
Magpie-Align_Llama-3-8B-Magpie-Align-v0.1,47.71741017184517,27.684563758389263,40.27192294223771,4.607250755287009,30.011635638297875,30.82010582010582
Magpie-Align_Llama-3-8B-Magpie-Align-v0.3,45.53028988022913,26.51006711409396,44.97056698449005,5.664652567975831,31.341422872340424,33.99470899470899
Magpie-Align_Llama-3.1-8B-Magpie-Align-SFT-v0.1,47.42232251345253,26.090604026845636,47.82067137417608,8.987915407854985,29.429853723404253,33.86243386243386
Magpie-Align_Llama-3.1-8B-Magpie-Align-v0.1,45.92952612393682,26.34228187919463,44.578385350869034,0.0,32.62134308510639,31.349206349206348
Magpie-Align_MagpieLM-8B-Chat-v0.1,41.4684950529422,26.174496644295303,37.00714105240761,6.117824773413897,31.94813829787234,34.92063492063492
Magpie-Align_MagpieLM-8B-SFT-v0.1,45.30463461204652,26.76174496644295,47.20619068515982,7.552870090634441,29.895279255319153,36.37566137566138
ManoloPueblo_ContentCuisine_1-7B-slerp,51.50147543829197,30.285234899328863,39.070444199169316,7.326283987915408,30.535239361702125,46.69312169312169
ManoloPueblo_LLM_MERGE_CC2,51.72713070647457,30.453020134228186,38.53087585384557,6.419939577039275,30.319148936170215,45.8994708994709
ManoloPueblo_LLM_MERGE_CC3,52.2131574379448,30.956375838926174,39.58751667797001,7.930513595166164,31.55751329787234,46.69312169312169
MarinaraSpaghetti_NemoReRemix-12B,55.11195972921368,31.79530201342282,33.42508987264902,9.06344410876133,35.979055851063826,44.97354497354497
MarinaraSpaghetti_Nemomix-v4.0-12B,52.40409651102239,29.194630872483224,55.74664113441224,10.80060422960725,36.12865691489361,42.32804232804233
Marsouuu_MiniMathExpert-2_61B-ECE-PRYMMAL-Martial,39.1598680784586,27.516778523489933,25.484159807089636,7.401812688821751,22.73936170212766,40.74074074074074
Marsouuu_MiniQwenMathExpert-ECE-PRYMMAL-Martial,41.885089394202396,28.187919463087248,27.94961812435449,11.404833836858005,29.222074468085108,38.62433862433862
Marsouuu_MistralBase-4x7B-MoE-ECE-PRYMMAL-Martial,34.42110744662385,25.922818791946305,16.97362996848362,0.3021148036253776,13.788231382978724,39.81481481481482
Marsouuu_general3B-ECE-PRYMMAL-Martial,53.77538621767054,31.963087248322147,27.222658102722995,15.483383685800604,38.763297872340424,46.95767195767196
Marsouuu_general3Bv2-ECE-PRYMMAL-Martial,56.08401319215414,31.04026845637584,56.92817280371636,36.70694864048338,44.98005319148936,43.91534391534391
Marsouuu_lareneg1_78B-ECE-PRYMMAL-Martial,41.885089394202396,28.187919463087248,27.94961812435449,11.404833836858005,29.222074468085108,38.62433862433862
Marsouuu_lareneg3B-ECE-PRYMMAL-Martial,54.38291963200833,32.466442953020135,33.032908239028,15.181268882175228,37.66622340425532,47.22222222222222
Marsouuu_lareneg3Bv2-ECE-PRYMMAL-Martial,55.979864606839094,31.963087248322147,57.532679955850476,36.5558912386707,45.11303191489361,43.65079365079365
MaziyarPanahi_Calme-4x7B-MoE-v0.1,50.78979343863913,28.187919463087248,43.15205875964663,8.006042296072508,30.56848404255319,41.93121693121693
MaziyarPanahi_Calme-4x7B-MoE-v0.2,50.876583926401665,27.936241610738254,42.9447200095746,7.401812688821751,30.576795212765955,43.12169312169312
MaziyarPanahi_Llama-3-70B-Instruct-v0.1,53.20256899843777,28.439597315436245,47.14380067110822,14.954682779456194,46.17686170212766,44.17989417989418
MaziyarPanahi_Llama-3-8B-Instruct-v0.10,49.00190939073077,30.87248322147651,76.67433520835827,4.909365558912387,38.6220079787234,42.06349206349206
MaziyarPanahi_Llama-3-8B-Instruct-v0.8,49.453219927095994,30.536912751677853,75.12311777195619,7.099697885196375,38.51396276595745,41.93121693121693
MaziyarPanahi_Llama-3-8B-Instruct-v0.9,49.17549036625586,30.788590604026844,76.3046494412603,7.326283987915408,38.45578457446808,41.4021164021164
MaziyarPanahi_Qwen1.5-MoE-A2.7B-Wikihow,38.916854712723485,27.516778523489933,29.543278501043897,8.23262839879154,23.8031914893617,34.92063492063492
MaziyarPanahi_Qwen2-7B-Instruct-v0.1,50.84186773129665,28.523489932885905,33.52249808286458,20.39274924471299,38.57214095744681,44.31216931216932
MaziyarPanahi_Qwen2-7B-Instruct-v0.8,46.12046519701441,29.36241610738255,27.747266142723525,17.673716012084594,35.66323138297872,42.857142857142854
MaziyarPanahi_calme-2.1-llama3.1-70b,64.31175143204305,32.802013422818796,84.34298771703524,41.012084592145015,52.82579787234043,43.65079365079365
MaziyarPanahi_calme-2.1-phi3-4b,55.650060753341435,32.969798657718115,55.2520645221346,4.305135951661631,37.458444148936174,40.07936507936508
MaziyarPanahi_calme-2.1-phi3.5-4b,54.67800729040098,34.395973154362416,56.59095644002359,14.425981873111782,39.35339095744681,39.81481481481482
MaziyarPanahi_calme-2.1-qwen2-72b,69.55389689290054,38.08724832214765,81.62774770941104,36.027190332326285,54.147273936170215,47.22222222222222
MaziyarPanahi_calme-2.1-qwen2-7b,50.06075334143378,28.942953020134226,38.16119008674761,23.11178247734139,36.92652925531915,44.31216931216932
MaziyarPanahi_calme-2.1-qwen2.5-72b,72.4526991841694,36.3255033557047,86.62360315075112,2.2658610271903323,56.19182180851063,42.857142857142854
MaziyarPanahi_calme-2.1-rys-78b,70.85575420933866,39.42953020134228,81.35547015252862,39.42598187311178,54.43816489361703,46.82539682539682
MaziyarPanahi_calme-2.2-llama3-70b,63.981947578545395,34.144295302013425,82.08486814984242,22.9607250755287,52.06948138297872,44.31216931216932
MaziyarPanahi_calme-2.2-llama3.1-70b,67.80072904009721,32.466442953020135,85.92667455684251,43.65558912386707,54.147273936170215,45.23809523809524
MaziyarPanahi_calme-2.2-phi3-4b,55.05988543655616,32.13087248322148,50.69083365470286,2.3413897280966767,38.13996010638298,39.682539682539684
MaziyarPanahi_calme-2.2-qwen2-72b,69.31088352716543,37.41610738255034,80.08151704145003,45.31722054380665,54.3467420212766,44.97354497354497
MaziyarPanahi_calme-2.2-qwen2-7b,51.83127929178962,29.110738255033556,35.97299609480623,21.45015105740181,38.987699468085104,43.51851851851852
MaziyarPanahi_calme-2.2-qwen2.5-72b,72.60892206214199,35.90604026845637,84.76763875406145,58.91238670694864,56.175199468085104,41.93121693121693
MaziyarPanahi_calme-2.2-rys-78b,70.71688942891859,40.68791946308725,79.86420475449584,40.70996978851964,53.8563829787234,45.23809523809524
MaziyarPanahi_calme-2.3-llama3-70b,63.66950182260024,33.808724832214764,80.10401290797307,23.26283987915408,52.04454787234043,42.46031746031746
MaziyarPanahi_calme-2.3-llama3.1-70b,68.6165596250651,34.395973154362416,86.04657863358112,39.274924471299094,53.63198138297872,45.5026455026455
MaziyarPanahi_calme-2.3-phi3-4b,55.07724353410867,31.79530201342282,49.26450706348046,14.72809667673716,38.28125,39.81481481481482
MaziyarPanahi_calme-2.3-qwen2-72b,65.6830411386912,37.164429530201346,38.49840645044039,14.72809667673716,54.18882978723404,41.00529100529101
MaziyarPanahi_calme-2.3-qwen2-7b,50.37319909737893,29.697986577181208,38.24862476008103,20.694864048338367,36.11203457446808,44.17989417989418
MaziyarPanahi_calme-2.3-rys-78b,70.97726089220622,40.43624161073826,80.65854155862002,39.803625377643506,54.753989361702125,45.370370370370374
MaziyarPanahi_calme-2.4-llama3-70b,63.89515709078285,33.9765100671141,50.27371817887649,22.658610271903324,52.03623670212766,42.72486772486773
MaziyarPanahi_calme-2.4-qwen2-7b,50.68564485332408,28.355704697986578,32.995452067181745,20.31722054380665,39.768949468085104,44.44444444444444
MaziyarPanahi_calme-2.4-rys-78b,72.59156396458948,40.26845637583892,80.10899967641414,40.70996978851964,70.0216090425532,57.53968253968254
MaziyarPanahi_calme-2.5-qwen2-7b,48.65474743968061,31.04026845637584,31.449221399220733,22.58308157099698,36.81848404255319,45.63492063492063
MaziyarPanahi_calme-2.6-qwen2-7b,48.93247700052074,28.43959731543625,34.42676542684522,12.16012084592145,37.31715425531915,45.767195767195766
MaziyarPanahi_calme-2.7-qwen2-7b,48.51588265926055,29.110738255033556,35.92301759331906,12.084592145015106,37.05119680851064,48.148148148148145
MaziyarPanahi_calme-3.1-baguette-3b,46.537059538274605,28.60738255033557,62.34369251364158,25.604229607250755,33.992686170212764,39.94708994708995
MaziyarPanahi_calme-3.1-instruct-3b,47.82155875716022,28.60738255033557,43.359397509718654,17.749244712990937,35.5718085106383,39.41798941798942
MaziyarPanahi_calme-3.1-instruct-78b,72.8345773303246,39.59731543624161,81.35547015252862,39.274924471299094,71.8500664893617,58.730158730158735
MaziyarPanahi_calme-3.1-llamaloi-3b,45.66915466064919,28.104026845637588,73.75175645066203,16.76737160120846,32.047872340425535,35.05291005291005
MaziyarPanahi_calme-3.2-baguette-3b,46.81478909911474,29.446308724832214,63.38282423968404,28.247734138972806,33.37765957446808,40.07936507936508
MaziyarPanahi_calme-3.2-instruct-3b,48.307585488630444,28.355704697986578,55.33196363426819,21.676737160120847,36.52759308510639,40.34391534391534
MaziyarPanahi_calme-3.2-instruct-78b,72.97344211074466,40.26845637583892,80.62607215521483,40.33232628398791,73.03025265957447,60.05291005291006
MaziyarPanahi_calme-3.3-baguette-3b,46.39819475785454,28.02013422818792,63.59514975819713,38.066465256797585,33.41921542553192,39.15343915343915
MaziyarPanahi_calme-3.3-instruct-3b,46.58913383093213,28.27181208053691,64.23212631373644,37.38670694864049,33.053523936170215,40.60846560846561
Minami-su_Amara-o1-7B-Qwen,51.675056413817046,29.36241610738255,73.89914316236474,51.81268882175226,40.83277925531915,39.94708994708995
Minami-su_Amara-o2-7B-Qwen,51.34525256031939,26.34228187919463,71.46615424850509,40.86102719033233,41.647273936170215,37.698412698412696
Minami-su_test-7B-00,44.26314875889602,30.285234899328863,66.90492338107332,45.16616314199396,35.87932180851064,41.13756613756614
Minami-su_test-7B-01,43.7944801249783,30.70469798657718,67.36204382150473,45.54380664652568,35.35571808510639,41.4021164021164
Minami-su_test-v2-7B-00,43.81183822253082,29.194630872483224,67.47197436136119,44.18429003021148,34.724069148936174,41.4021164021164
ModelCloud_Llama-3.2-1B-Instruct-gptqmodel-4bit-vortex-v1,32.18191286235029,25.335570469798657,52.68919799465418,4.380664652567976,17.644614361702125,32.407407407407405
ModelSpace_GemmaX2-28-9B-v0.1,36.59086964068738,27.684563758389263,0.39218163362101444,2.719033232628399,22.30718085106383,35.317460317460316
NAPS-ai_naps-gemma-2-27b-v0.1.0,28.762367644506163,26.006711409395972,0.0,0.0,11.67719414893617,35.714285714285715
NAPS-ai_naps-llama-3_1-instruct-v0.5.0,41.31227217496962,26.845637583892618,50.20124381086628,2.56797583081571,26.138630319148938,37.03703703703704
NCSOFT_Llama-VARCO-8B-Instruct,49.99132095122374,29.697986577181208,44.703276196048705,9.969788519637463,31.898271276595747,38.35978835978836
Naveenpoliasetty_llama3-8B-V2,51.72713070647457,29.026845637583893,41.22616878770551,7.099697885196375,37.375332446808514,40.74074074074074
NbAiLab_nb-llama-3.1-8B-Instruct,32.23398715500781,27.348993288590606,36.2502604201297,1.7371601208459215,11.96808510638298,32.01058201058201
Nekochu_Llama-3.1-8B-German-ORPO,49.66151709772609,31.62751677852349,46.10710692074806,0.0,33.9345079787234,46.42857142857143
Nexesenex_Llama_3.1_8b_DeepDive_3_R1_Prev_v1.0,51.08488109703176,30.033557046979865,71.00903380807368,19.259818731117825,34.40824468085106,37.56613756613756
Nexesenex_Llama_3.1_8b_DobHerWild_R1_v1.1R,52.40409651102239,29.949664429530205,75.99990248097271,23.187311178247736,36.88497340425532,38.492063492063494
Nexesenex_Llama_3.1_8b_DoberWild_v2.02,52.97691373025516,29.446308724832214,77.46368524404137,19.939577039274926,37.64128989361702,39.41798941798942
Nexesenex_Llama_3.1_8b_DodoWild_v2.01,52.421454608574905,30.369127516778523,79.77677008116243,19.86404833836858,37.38364361702128,40.87301587301587
Nexesenex_Llama_3.1_8b_DodoWild_v2.02,52.49088699878494,30.453020134228186,80.16895171478345,22.734138972809667,37.60804521276596,39.682539682539684
Nexesenex_Llama_3.1_8b_DodoWild_v2.03,52.92483943759764,30.788590604026844,79.41207108250552,22.20543806646526,37.85738031914894,39.55026455026455
Nexesenex_Llama_3.1_8b_Dolermed_R1_V1.01,53.063704218017705,30.536912751677853,75.33544329046929,20.166163141993955,37.32546542553192,37.43386243386244
Nexesenex_Llama_3.1_8b_Dolermed_V1.01,51.74448880402708,29.446308724832214,50.8657030013697,13.444108761329304,35.70478723404255,39.41798941798942
Nexesenex_Llama_3.1_8b_Dolerstormed_V1.04,51.83127929178962,32.21476510067114,78.89001183526376,19.259818731117825,38.88796542553192,40.21164021164021
Nexesenex_Llama_3.1_8b_Hermedive_R1_V1.01,51.536191633396975,28.27181208053691,50.01141415887622,17.749244712990937,34.26695478723404,40.07936507936508
Nexesenex_Llama_3.1_8b_Mediver_V1.01,43.81183822253082,27.768456375838923,18.847103463255273,0.1510574018126888,29.93683510638298,38.88888888888889
Nexesenex_Llama_3.1_8b_Smarteaz_0.2_R1,50.9460163166117,30.033557046979865,63.45529860769425,26.057401812688823,36.452792553191486,41.7989417989418
Nexesenex_Llama_3.1_8b_Smarteaz_V1.01,52.28258982815483,30.956375838926174,81.51283040111349,23.413897280966765,37.35871010638298,37.83068783068783
Nexesenex_Llama_3.2_1b_AquaSyn_0.1,32.65058149626801,24.832214765100673,27.41004977903075,2.190332326283988,13.779920212765958,34.523809523809526
Nexesenex_Llama_3.2_1b_Odyssea_V1,29.751779204999135,25.838926174496645,25.52660274737696,1.4350453172205437,11.527593085106384,33.86243386243386
Nexesenex_Llama_3.2_1b_Odyssea_V1.01,30.116299253601802,25.587248322147648,24.95456499864803,1.7371601208459215,11.519281914893616,34.12698412698413
Nexesenex_Llama_3.2_1b_SunOrca_V1,34.02187120291616,27.432885906040266,54.295380700984495,6.722054380664652,18.841422872340424,32.53968253968254
Nexesenex_Llama_3.2_1b_Sydonia_0.1,30.9494879361222,22.818791946308725,21.967047434141413,2.0392749244712993,12.242353723404255,33.730158730158735
Nexesenex_Llama_3.2_3b_Kermes_v2,44.384655441763584,26.51006711409396,57.53766672429155,5.438066465256798,27.34375,37.698412698412696
NikolaSigmoid_AceMath-1.5B-Instruct-dolphin-r1-200,27.703523693803163,25.587248322147648,18.08024929409522,0.0,11.427859042553191,37.43386243386244
NikolaSigmoid_DeepSeek-R1-Distill-Qwen-1.5B-500,25.742058670369726,24.580536912751676,17.485715678843246,0.0,11.24501329787234,33.730158730158735
NikolaSigmoid_phi-4-14b,66.79395938205172,40.35234899328859,5.607898154674043,29.38066465256798,52.7842420212766,50.39682539682539
NotASI_FineTome-Llama3.2-3B-1002,43.15223051553549,25.083892617449667,54.74496558021605,5.287009063444108,24.368351063829788,36.77248677248677
NotASI_FineTome-v1.5-Llama3.2-1B-1007,32.12983856969276,25.0,39.237777984636324,1.3595166163141994,14.27027925531915,34.65608465608466
NotASI_FineTome-v1.5-Llama3.2-3B-1007,43.06544002777296,26.174496644295303,55.077195175467764,5.13595166163142,24.48470744680851,36.37566137566138
NousResearch_DeepHermes-3-Mistral-24B-Preview,64.97135913903837,36.99664429530201,45.357761849669984,25.755287009063444,45.90259308510639,44.97354497354497
NousResearch_Hermes-2-Pro-Llama-3-8B,50.28640860961639,29.278523489932883,53.61839918084017,5.740181268882175,30.518617021276594,42.592592592592595
NousResearch_Hermes-2-Pro-Mistral-7B,49.6788751952786,27.348993288590606,56.683377881798066,4.833836858006042,29.463098404255316,43.65079365079365
NousResearch_Hermes-3-Llama-3.1-70B,67.384134698837,36.15771812080537,76.61438316998897,13.746223564954683,47.265625,49.338624338624335
NousResearch_Nous-Hermes-2-Mistral-7B-DPO,48.272869293525424,29.278523489932883,57.62510139762497,4.229607250755287,30.152925531914892,39.94708994708995
NousResearch_Yarn-Llama-2-13b-128k,38.1183822253081,25.838926174496645,16.546430138698653,1.1329305135951662,23.204787234042552,34.523809523809526
Open-Orca_Mistral-7B-OpenOrca,47.665335879187644,27.181208053691275,49.77659277384008,2.9456193353474323,26.529255319148938,38.492063492063494
OpenBuddy_openbuddy-llama3-70b-v21.2-32k,64.97135913903837,34.22818791946309,70.10476646409305,18.051359516616312,48.32114361702128,45.63492063492063
OpenBuddy_openbuddy-llama3-8b-v21.1-8k,47.59590348897761,27.097315436241608,55.69666263292509,2.719033232628399,29.54621010638298,39.81481481481482
OpenBuddy_openbuddy-llama3.1-70b-v22.1-131k,66.98489845512931,37.5,73.32710541363582,3.3987915407854987,53.04188829787234,46.164021164021165
OpenBuddy_openbuddy-llama3.1-8b-v22.3-131k,50.39055719493144,27.936241610738254,59.97065563815123,9.743202416918429,32.770944148936174,40.07936507936508
OpenBuddy_openbuddy-yi1.5-34b-v21.3-32k,61.34351675056414,34.899328859060404,54.20041046645123,12.764350453172204,45.99401595744681,44.31216931216932
OpenLeecher_llama3-8b-lima,42.63148758896025,23.825503355704697,43.70658741029357,2.9456193353474323,26.263297872340424,37.03703703703704
OpenScholar_Llama-3.1_OpenScholar-8B,51.86599548689463,28.187919463087248,60.64010159709571,14.274924471299094,37.0844414893617,42.72486772486773
Orenguteng_Llama-3.1-8B-Lexi-Uncensored-V2,50.7203610484291,28.27181208053691,77.91581891603168,16.91842900302115,37.80751329787234,38.35978835978836
Orion-zhen_phi-4-abliterated,66.81131747960424,40.43624161073826,5.760271634817839,28.54984894259819,52.91722074468085,50.0
PJMixers-Dev_LLaMa-3.1-Instruct-Interleaved-Zeroed-13B,50.61621246311404,29.194630872483224,78.71015572015585,19.410876132930515,37.67453457446808,38.62433862433862
PJMixers-Dev_LLaMa-3.1-RomboTiesTest-8B,50.61621246311404,29.194630872483224,78.25303527972447,19.410876132930515,37.67453457446808,38.62433862433862
PJMixers-Dev_LLaMa-3.1-RomboTiesTest2-8B,50.61621246311404,29.194630872483224,78.25303527972447,19.410876132930515,37.67453457446808,38.62433862433862
PJMixers-Dev_LLaMa-3.2-Instruct-JankMix-v0.2-SFT-3B,45.808019441069256,27.265100671140942,62.91573026237051,11.329305135951662,31.15026595744681,36.507936507936506
PJMixers-Dev_LLaMa-3.2-Instruct-JankMixBread-v0.1-3B,44.714459295261236,28.27181208053691,50.40858256093831,10.725075528700906,30.8344414893617,35.05291005291005
PJMixers_LLaMa-3-CursedStock-v2.0-8B,52.57767748654747,27.432885906040266,63.30791189599152,8.610271903323262,35.563497340425535,38.492063492063494
Quazim0t0_Lo-Phi-14b,68.28675577156743,32.802013422818796,49.41189377518318,51.963746223564954,53.69015957446809,42.195767195767196
Quazim0t0_Phi4.Turn.R1Distill.16bit,65.40531157785107,29.446308724832214,31.264378515671755,3.474320241691843,52.56815159574468,38.88888888888889
Quazim0t0_Phi4Basis-14B-sce,68.89428918590522,32.88590604026846,64.86411610083466,45.392749244712995,53.89793882978723,43.25396825396825
Quazim0t0_graphite-14b-sce,66.0996354799514,28.942953020134226,32.168645859652386,15.407854984894259,52.800864361702125,39.682539682539684
Qwen_QwQ-32B-Preview,66.63773650407914,28.18791946308725,40.35437084713006,22.885196374622357,56.78191489361703,41.00529100529101
Qwen_Qwen1.5-0.5B,31.314007984724874,25.419463087248324,17.056077873375976,0.4531722054380665,13.07347074468085,36.11111111111111
Qwen_Qwen1.5-1.8B,34.49053983683388,30.536912751677853,21.54239639711521,2.2658610271903323,18.816489361702125,35.978835978835974
Qwen_Qwen1.5-110B,60.70126714112133,35.23489932885906,34.21942667677318,23.036253776435046,53.60704787234043,44.047619047619044
Qwen_Qwen1.5-14B-Chat,51.84863738934212,27.01342281879195,47.68082022367319,0.0,36.178523936170215,43.91534391534391
Qwen_Qwen1.5-32B,56.865127582017,32.969798657718115,32.9729562006587,26.661631419939575,44.996675531914896,42.72486772486773
Qwen_Qwen1.5-32B-Chat,60.37146328762367,30.620805369127517,55.321990097386056,6.646525679758309,44.572805851063826,41.53439153439153
Qwen_Qwen1.5-4B-Chat,39.732685297691376,26.677852348993287,31.566576683200577,0.9818731117824773,23.961103723404257,39.682539682539684
Qwen_Qwen1.5-MoE-A2.7B,40.791529248394376,25.922818791946305,26.5982038768246,0.1510574018126888,27.77593085106383,40.07936507936508
Qwen_Qwen2-0.5B-Instruct,31.69588613088006,24.664429530201343,22.46661081486013,1.6616314199395772,15.309175531914892,33.46560846560847
Qwen_Qwen2-1.5B-Instruct,38.239888908175665,26.174496644295303,33.71232773485463,5.81570996978852,25.008311170212767,42.857142857142854
Qwen_Qwen2-57B-A14B,55.893074119076545,30.620805369127517,31.126965340851164,18.65558912386707,49.16057180851064,41.66666666666667
Qwen_Qwen2-7B,52.87276514494012,30.453020134228186,31.48667757106699,18.806646525679756,41.83011968085106,44.31216931216932
Qwen_Qwen2-7B-Instruct,55.07724353410867,29.78187919463087,56.79075962889577,8.610271903323262,38.47240691489361,39.15343915343915
Qwen_Qwen2-Math-72B-Instruct,63.20083318868252,36.828859060402685,56.93814634059851,35.95166163141994,42.727726063829785,45.10582010582011
Qwen_Qwen2-VL-72B-Instruct,69.15466064919285,38.758389261744966,59.82326892644849,23.338368580060422,57.17253989361703,44.84126984126984
Qwen_Qwen2-VL-7B-Instruct,54.36556153445582,31.963087248322147,45.99218961245052,5.664652567975831,40.949135638297875,43.65079365079365
Qwen_Qwen2.5-1.5B-Instruct,42.47526471098767,25.587248322147648,44.75569267321817,1.283987915407855,27.992021276595747,36.507936507936506
Qwen_Qwen2.5-14B-Instruct,63.73893421281027,32.21476510067114,81.57776920792385,0.0,49.04421542553192,40.87301587301587
Qwen_Qwen2.5-32B-Instruct,68.73806630793266,33.808724832214764,83.46121623957765,0.0,56.665558510638306,42.46031746031746
Qwen_Qwen2.5-3B-Instruct,46.554417635827114,27.265100671140942,64.74919879253713,0.0,32.546542553191486,39.55026455026455
Qwen_Qwen2.5-72B,67.81808713764971,40.52013422818792,41.371006706649474,36.102719033232624,59.68251329787234,47.61904761904761
Qwen_Qwen2.5-7B-Instruct,53.68859572990801,30.033557046979865,75.85251576926998,0.0,42.893949468085104,40.21164021164021
Qwen_Qwen2.5-Math-72B-Instruct,64.36382572470058,33.13758389261745,40.03466358151926,18.50453172205438,48.121675531914896,44.576719576719576
Qwen_Qwen2.5-Math-7B,44.315223051553545,29.36241610738255,24.599839536873276,28.323262839879153,27.177526595744684,37.698412698412696
RESMPDEV_Qwen2-Wukong-0.5B,30.60232598507204,23.657718120805367,18.54235650296768,0.0,13.272938829787234,35.18518518518518
RLHFlow_ArmoRM-Llama3-8B-v0.1,28.345773303245963,24.916107382550333,18.967007539993883,0.0,10.779587765957446,39.41798941798942
Replete-AI_Llama3-8B-Instruct-Replete-Adapted,48.411734073945496,28.104026845637588,69.15306941138401,4.833836858006042,33.909574468085104,36.24338624338625
Rombo-Org_Rombo-LLM-V2.5-Qwen-7b,53.74067002256553,30.11744966442953,74.8183708116686,0.0,42.82746010638298,39.682539682539684
SaisExperiments_Gemma-2-2B-Stheno-Filtered,41.32963027252213,27.01342281879195,41.96554032190144,3.7009063444108756,26.296542553191486,39.94708994708995
SaisExperiments_RightSheep-Llama3.2-3B,42.37111612567263,28.691275167785236,41.56338515139829,8.23262839879154,25.398936170212767,37.56613756613756
Sakalti_Llama3.2-3B-Uranus-1,44.26314875889602,29.697986577181208,53.35365718515761,14.72809667673716,30.94248670212766,36.64021164021164
Sakalti_Phi3.5-Comets-3.8B,33.01510154487068,24.916107382550333,20.94287601342216,0.0,11.527593085106384,37.56613756613756
Sakalti_Qwen2.5-1B-Instruct,30.08158305849679,25.587248322147648,17.513198313807365,0.0,12.134308510638297,33.5978835978836
SentientAGI_Dobby-Mini-Leashed-Llama-3.1-8B,51.10223919458428,30.201342281879196,78.47034756667864,18.202416918429005,36.94315159574468,42.46031746031746
SentientAGI_Dobby-Mini-Unhinged-Llama-3.1-8B,51.17167158479431,30.620805369127517,74.56858912130923,11.253776435045317,35.846077127659576,40.07936507936508
Sicarius-Prototyping_Brainy_LLAMA,50.9460163166117,31.3758389261745,52.04224790223274,13.36858006042296,38.48902925531915,41.4021164021164
SicariusSicariiStuff_LLAMA-3_8B_Unaligned_BETA,46.9536538795348,30.536912751677853,37.13203189758729,7.854984894259818,34.64926861702128,41.13756613756614
SicariusSicariiStuff_Phi-Line_14B,61.29144245790661,35.31879194630873,64.95653754260917,38.59516616314199,54.537898936170215,44.70899470899471
SicariusSicariiStuff_Qwen2.5-14B_Uncensored,62.818955042527335,38.171140939597315,31.73147249298528,29.38066465256798,52.659574468085104,45.10582010582011
SicariusSicariiStuff_Qwen2.5-14B_Uncensored_Instruct,59.225828849158134,32.969798657718115,37.89389929830627,27.870090634441087,51.27160904255319,36.904761904761905
SkyOrbis_SKY-Ko-Llama3.2-1B-lora-epoch5,33.900364520048605,25.922818791946305,43.599205663195875,4.758308157099698,19.456449468085108,34.65608465608466
SkyOrbis_SKY-Ko-Llama3.2-1B-lora-v2-epoch3,33.900364520048605,25.922818791946305,43.599205663195875,4.758308157099698,19.456449468085108,34.65608465608466
SkyOrbis_SKY-Ko-Llama3.2-3B-lora-epoch1,43.89862871029335,29.194630872483224,53.31121424487028,13.821752265861026,30.044880319148938,35.18518518518518
SkyOrbis_SKY-Ko-Qwen2.5-3B-Instruct,42.596771393855235,27.936241610738254,35.34100630770799,4.758308157099698,28.116688829787233,40.21164021164021
SkyOrbis_SKY-Ko-Qwen2.5-7B-Instruct-SFT-step-15000,50.42527339003645,32.718120805369125,38.188672721711725,18.27794561933535,39.137300531914896,44.31216931216932
SkyOrbis_SKY-Ko-Qwen2.5-7B-Instruct-SFT-step-5000,53.42822426662038,30.285234899328863,38.12373391490135,20.090634441087612,42.37865691489361,42.32804232804233
Sorawiz_Gemma-9B-Base,59.191112654053114,33.9765100671141,16.673758959560633,9.818731117824774,42.35372340425532,40.34391534391534
Sorawiz_Gemma-Creative-9B-Base,54.40027772956084,32.969798657718115,15.15002415812267,7.779456193353475,40.07646276595745,40.07936507936508
Sourjayon_DeepSeek-R1-ForumNXT,32.99774344731817,27.432885906040266,26.028714920854444,14.501510574018129,16.481050531914892,33.86243386243386
Supichi_BBAI_135_Gemma,35.49730949487936,26.76174496644295,6.562144000141846,0.0,16.722074468085108,37.96296296296296
Syed-Hasan-8503_Phi-3-mini-4K-instruct-cpo-simpo,56.465891338309326,33.053691275167786,57.14049832222946,7.628398791540786,38.605385638297875,39.55026455026455
T145_Meta-Llama-3.1-8B-Instruct-TIES,50.58149626800903,29.446308724832214,54.23542866261519,20.01510574018127,37.799202127659576,38.35978835978836
T145_qwen-2.5-3B-merge-test,48.029855927790315,28.523489932885905,57.510184089327424,3.096676737160121,32.89561170212766,39.94708994708995
TIGER-Lab_AceCoder-Qwen2.5-Coder-7B-Base-Rule,48.724179829890645,27.181208053691275,44.07627317739154,20.166163141993955,37.4501329787234,34.39153439153439
TIGER-Lab_Qwen2.5-Math-7B-CFT,46.155181392119424,28.60738255033557,27.76976200924658,55.740181268882175,29.446476063829785,38.75661375661375
TTTXXX01_Mistral-7B-Base-SimPO2-5e-7,43.013365735115435,29.78187919463087,43.91891292880668,2.190332326283988,27.659574468085108,35.978835978835974
Tarek07_Thalassic-Alpha-LLaMa-70B,69.2761673320604,44.37919463087248,70.03484088884161,31.570996978851962,54.3467420212766,47.883597883597886
Telugu-LLM-Labs_Indic-gemma-2b-finetuned-sft-Navarasa-2.0,32.18191286235029,24.328859060402685,21.030310686755588,1.2084592145015105,12.790890957446807,38.88888888888889
Telugu-LLM-Labs_Indic-gemma-7b-finetuned-sft-Navarasa-2.0,40.027772956084014,27.01342281879195,32.36844904852458,2.1148036253776437,23.503989361702125,40.74074074074074
TheDrummer_Gemmasutra-9B-v1,58.7398021176879,31.04026845637584,24.155130609006324,7.326283987915408,40.45046542553192,48.41269841269841
TheDrummer_Tiger-Gemma-9B-v2,56.13608748481167,33.9765100671141,69.85997154217476,0.0755287009063444,41.12367021276596,40.74074074074074
TheTsar1209_qwen-carpmuscle-r-v0.3,61.88161777469189,35.06711409395973,44.550902715904904,27.19033232628399,51.03058510638297,42.72486772486773
TheTsar1209_qwen-carpmuscle-v0.1,64.06873806630793,34.395973154362416,56.21628390448454,21.148036253776432,52.0029920212766,41.53439153439153
TinyLlama_TinyLlama-1.1B-Chat-v0.1,30.55025169241451,22.90268456375839,14.78543597654224,0.0,10.97905585106383,35.84656084656085
TinyLlama_TinyLlama-1.1B-Chat-v1.0,30.60232598507204,25.0,5.957636848007731,0.8308157099697886,11.012300531914894,35.05291005291005
TinyLlama_TinyLlama-1.1B-intermediate-step-1431k-3T,30.289880229126886,25.25167785234899,22.76637100670665,0.8308157099697886,11.20345744680851,33.730158730158735
Triangle104_DS-Distilled-Hermes-Llama-3.1,51.10223919458428,31.879194630872483,32.29353670483207,20.619335347432024,31.100398936170215,40.34391534391534
Triangle104_DSR1-Distill-Llama-Lit-8B,42.75299427182781,30.285234899328863,18.852090231696344,35.196374622356494,27.975398936170215,35.317460317460316
Triangle104_DSR1-Distill-Qwen-7B-RP,42.909217149800384,31.963087248322147,36.092900171544834,48.036253776435046,30.277593085106385,40.34391534391534
Triangle104_Dolphin3-Llama3.2-Smart,39.45495573685125,26.929530201342285,41.366019938208396,2.1148036253776437,21.949800531914892,39.15343915343915
Triangle104_Llama3.1-Allades-Lit-8b,41.64207602846728,28.439597315436245,24.61236186651418,0.22658610271903326,27.24401595744681,37.03703703703704
Triangle104_Mistral-Small-24b-Harmony,64.22496094428051,38.422818791946305,16.871234989826995,19.108761329305135,54.30518617021277,42.72486772486773
Triangle104_Phi-4-AbliteratedRP,66.98489845512931,39.51342281879195,49.22705089163419,30.28700906344411,53.0751329787234,50.92592592592593
Triangle104_Phi4-RP-o1,66.37736504079153,37.332214765100666,2.2007163215822905,36.027190332326285,51.105385638297875,47.48677248677249
Triangle104_Phi4-RP-o1-Ablit,66.1169935775039,36.3255033557047,2.385559205131274,38.82175226586103,51.04720744680851,47.48677248677249
Triangle104_Porpoise-R1-Llama3.2-3b,37.927443152230516,26.677852348993287,43.52174452674459,4.229607250755287,21.168550531914892,35.714285714285715
Triangle104_RomboHermes3-R1-Llama3.2-3b,42.66620378406527,28.355704697986578,30.072873309485498,8.157099697885197,29.571143617021278,36.507936507936506
UCLA-AGI_Gemma-2-9B-It-SPPO-Iter2,59.76392987328589,33.47315436241611,31.00196367859502,0.0,38.6968085106383,41.269841269841265
UCLA-AGI_Gemma-2-9B-It-SPPO-Iter3,59.920152751258456,33.89261744966443,31.671409637539504,0.0,38.2563164893617,41.53439153439153
UCLA-AGI_Llama-3-Instruct-8B-SPPO-Iter3,50.633570560666556,26.51006711409396,68.28127147080856,7.326283987915408,36.44448138297872,36.507936507936506
UCLA-AGI_Mistral7B-PairRM-SPPO,44.12428397847596,28.104026845637588,43.549227161708714,2.416918429003021,26.205119680851062,39.55026455026455
UCLA-AGI_Mistral7B-PairRM-SPPO-Iter2,44.55823641728867,28.859060402684566,44.45848127413041,1.5105740181268883,26.770279255319153,40.74074074074074
UCLA-AGI_Mistral7B-PairRM-SPPO-Iter3,43.82919632008332,27.516778523489933,43.50678422142138,1.5861027190332326,26.57912234042553,40.60846560846561
UKzExecution_LlamaExecutor-8B-3.0.5,49.92188856101371,25.587248322147648,74.0290207759855,8.534743202416918,36.253324468085104,37.43386243386244
VAGOsolutions_Llama-3-SauerkrautLM-70b-Instruct,66.39472313834403,32.802013422818796,80.4462160401069,21.676737160120847,53.922872340425535,43.25396825396825
VAGOsolutions_Llama-3-SauerkrautLM-8b-Instruct,49.2622808540184,30.87248322147651,74.4536718130117,5.740181268882175,38.57214095744681,42.32804232804233
VAGOsolutions_Llama-3.1-SauerkrautLM-8b-Instruct,50.80715153619163,29.026845637583893,80.17393848322452,11.178247734138973,38.90458776595745,41.4021164021164
VAGOsolutions_SauerkrautLM-Gemma-2b,33.98715500781114,25.671140939597315,24.752213017017073,1.9637462235649545,14.685837765957446,36.64021164021164
VAGOsolutions_SauerkrautLM-gemma-2-9b-it,60.71862523867384,32.718120805369125,30.240096277876038,0.5287009063444109,40.90757978723404,43.12169312169312
VIRNECT_llama-3-Korean-8B-r-v-0.1,47.87363304981774,24.24496644295302,49.15712531638275,7.175226586102719,32.59640957446808,36.64021164021164
ValiantLabs_Llama3.1-70B-ShiningValiant2,67.29734421107446,39.261744966442954,53.5534603740298,27.19033232628399,51.72872340425532,46.69312169312169
ValiantLabs_Llama3.1-8B-Fireplace2,45.825377538621765,28.859060402684566,54.83240025354947,5.81570996978852,24.069148936170212,34.25925925925926
ValiantLabs_Llama3.2-3B-Esper2,38.1183822253081,27.01342281879195,27.497484452364173,2.190332326283988,22.57313829787234,35.44973544973545
Weyaxi_Einstein-v6.1-Llama3-8B,49.800381878146155,28.187919463087248,45.682455883721865,5.740181268882175,31.30817819148936,42.06349206349206
Weyaxi_Einstein-v6.1-developed-by-Weyaxi-Llama3-8B,50.18226002430134,27.348993288590606,39.270247388041504,5.589123867069486,30.925864361702125,43.25396825396825
Weyaxi_Einstein-v7-Qwen2-7B,51.136955389689284,29.949664429530205,40.99633417111043,15.181268882175228,40.95744680851064,43.91534391534391
Xiaojian9992024_Llama3.2-1B-THREADRIPPER,35.236938031591734,26.090604026845636,55.75916346405316,5.438066465256798,17.627992021276594,31.216931216931215
Xiaojian9992024_Llama3.2-1B-THREADRIPPER-v0.2,34.959208470751605,26.593959731543627,53.17878783849076,3.096676737160121,17.45345744680851,33.06878306878307
Xiaojian9992024_Qwen2.5-THREADRIPPER-Medium-Censored,64.12081235896547,33.47315436241611,81.12064876749247,53.398791540785496,49.285239361702125,41.269841269841265
Xiaojian9992024_Qwen2.5-Ultra-1.5B-25.02-Exp,40.32286061447665,25.838926174496645,40.73403015111017,8.308157099697885,26.412898936170215,33.730158730158735
YOYO-AI_Qwen2.5-14B-YOYO-0505,65.12758201701094,37.332214765100666,58.82912893345213,22.885196374622357,53.70678191489362,47.48677248677249
YOYO-AI_Qwen2.5-14B-YOYO-0805,65.12758201701094,37.332214765100666,58.82912893345213,22.885196374622357,53.70678191489362,47.48677248677249
YOYO-AI_Qwen2.5-14B-YOYO-1010,65.16229821211596,38.33892617449665,58.98648918203699,22.129909365558913,53.756648936170215,47.354497354497354
YOYO-AI_Qwen2.5-14B-YOYO-SCE,64.67627148064572,37.41610738255034,58.43694729983111,23.187311178247736,53.80651595744681,46.95767195767196
YOYO-AI_Qwen2.5-14B-YOYO-V4,64.74570387085575,32.21476510067114,83.97828871837835,53.47432024169184,51.69547872340425,41.00529100529101
YOYO-AI_Qwen2.5-14B-YOYO-V4-p2,63.28762367644506,32.718120805369125,80.4786854435121,51.66163141993958,49.675864361702125,44.17989417989418
YOYO-AI_Qwen2.5-14B-YOYO-latest,66.42943933344905,38.25503355704698,59.106393258775604,32.02416918429003,53.70678191489362,46.82539682539682
YOYO-AI_Qwen2.5-14B-YOYO-latest-V2,62.71480645721229,35.40268456375839,77.80588837617522,51.586102719033235,52.23570478723404,42.857142857142854
YOYO-AI_Qwen2.5-7B-it-restore,53.810102412775564,30.11744966442953,75.30796065550517,50.0,42.877327127659576,39.94708994708995
YOYO-AI_ZYH-LLM-Qwen2.5-14B,66.25585835792397,38.59060402684564,59.4111402190632,29.68277945619335,53.50731382978723,47.48677248677249
YOYO-AI_ZYH-LLM-Qwen2.5-14B-V2,64.29439333449054,37.919463087248324,50.70834275278483,35.422960725075534,53.71509308510638,46.82539682539682
Youlln_ECE-Qwen0.5B-FT-V2,32.70265578892553,26.677852348993287,25.259311958935626,1.2084592145015105,16.65558510638298,30.555555555555557
Yuma42_Llama3.1-IgneousIguana-8B,51.692414511369556,31.04026845637584,81.33297428600558,21.978851963746223,39.73570478723404,41.93121693121693
ZeroXClem_Llama-3.1-8B-AthenaSky-MegaMix,51.570907828502,27.768456375838923,63.008151704145,27.945619335347434,35.03989361702128,35.317460317460316
ZeroXClem_Llama-3.1-8B-SuperNova-EtherealHermes,52.29994792570734,29.278523489932883,73.38705745200512,17.447129909365557,37.4501329787234,40.60846560846561
ZeroXClem_Qwen-2.5-Aether-SlerpFusion-7B,54.33084533935081,29.86577181208054,62.615970070523986,24.169184290030213,43.267952127659576,41.66666666666667
ZeroXClem_Qwen2.5-7B-HomerAnvita-NerdMix,55.1640340218712,31.963087248322147,77.07649037886142,29.531722054380666,44.31515957446808,43.783068783068785
abacusai_Liberated-Qwen1.5-14B,49.2622808540184,28.355704697986578,36.370164496868306,11.178247734138973,35.07313829787234,41.66666666666667
abacusai_bigyi-15b,43.32581149106058,30.956375838926174,20.940327220663395,2.3413897280966767,30.028257978723406,35.317460317460316
abideen_MedPhi-4-14B-v1,68.77278250303766,34.395973154362416,62.76834355066778,24.546827794561935,53.38264627659575,41.4021164021164
agentlans_Llama3.1-8B-drill,50.06075334143378,26.76174496644295,76.51697495977339,16.540785498489427,37.75764627659575,36.64021164021164
agentlans_Llama3.1-Daredevilish,49.90453046346121,30.11744966442953,62.91573026237051,12.764350453172204,36.96808510638298,40.87301587301587
agentlans_Qwen2.5-0.5B-Instruct-CrashCourse-dropout,32.92831105710814,26.34228187919463,29.488313231115658,0.0755287009063444,16.082114361702125,33.33333333333333
akhadangi_Llama3.2.1B.0.01-First,31.609095643117513,24.832214765100673,8.135857303066974,1.812688821752266,11.96808510638298,31.878306878306876
akhadangi_Llama3.2.1B.0.1-First,30.9494879361222,24.496644295302016,10.009330797838622,2.1148036253776437,11.693816489361703,32.93650793650794
akhadangi_Llama3.2.1B.BaseFiT,31.55702135045999,25.335570469798657,8.827799128534512,2.416918429003021,11.71875,32.142857142857146
allenai_Llama-3.1-Tulu-3-70B,61.29144245790661,37.332214765100666,82.91167435737177,38.21752265861027,46.45113031914894,49.338624338624335
allenai_Llama-3.1-Tulu-3-8B-DPO,40.47908349244923,29.36241610738255,80.29384255996312,18.580060422960727,28.981050531914892,41.53439153439153
allenai_Llama-3.1-Tulu-3-8B-RM,29.2657524735289,25.671140939597315,16.701352411601217,0.0,10.821143617021276,37.56613756613756
allenai_Llama-3.1-Tulu-3-8B-SFT,38.34403749349071,27.768456375838923,74.03400754442657,11.404833836858005,28.116688829787233,42.592592592592595
allknowingroger_Gemma2Slerp1-2.6B,43.221662905745525,28.355704697986578,53.54348683714766,10.196374622356496,26.886635638297875,45.5026455026455
allknowingroger_Gemma2Slerp1-27B,63.70421801770526,36.40939597315436,71.86332265056717,24.924471299093657,44.56449468085106,47.61904761904761
allknowingroger_Gemma2Slerp2-27B,65.2838048949835,36.99664429530201,75.45534736720789,24.3202416918429,46.22672872340425,46.164021164021165
allknowingroger_Gemma2Slerp4-27B,65.00607533414338,36.66107382550335,74.96575752337131,22.885196374622357,46.492686170212764,44.97354497354497
allknowingroger_GemmaSlerp5-10B,60.49296997049124,35.23489932885906,73.53444416370785,19.788519637462233,43.284574468085104,46.03174603174603
allknowingroger_GemmaStock1-27B,65.37059538274606,36.40939597315436,75.090648368551,25.90634441087613,47.29886968085106,45.23809523809524
allknowingroger_Llama3.1-60B,32.112480472140255,29.446308724832214,18.145188100905596,0.0,33.10339095744681,35.84656084656085
allknowingroger_MistralPhi3-11B,62.176705433084535,33.22147651006711,19.42911474886634,0.0,46.875,42.592592592592595
allknowingroger_Mistralmash2-7B-s,52.87276514494012,29.78187919463087,41.01883003763348,7.099697885196375,33.45246010638298,43.65079365079365
allknowingroger_Phi3mash1-17B-pass,61.10050338482902,31.963087248322147,18.842116694814205,0.0,45.89428191489361,44.44444444444444
allknowingroger_Qwen2.5-42B-AGI,29.057455302898806,26.006711409395972,19.129354557019816,0.0,11.67719414893617,36.11111111111111
allknowingroger_Qwen2.5-7B-task3,53.61916333969797,31.711409395973156,51.290354038395904,20.996978851963746,45.013297872340424,43.51851851851852
allknowingroger_Qwen2.5-7B-task4,55.52855407047388,32.04697986577181,50.053857099163544,26.73716012084592,45.611702127659576,43.91534391534391
allknowingroger_QwenSlerp12-7B,55.33761499739629,31.543624161073826,50.75577246151324,26.73716012084592,44.606050531914896,45.8994708994709
allknowingroger_QwenSlerp4-14B,64.6415552855407,37.24832214765101,63.27544249258634,30.966767371601208,54.35505319148937,46.42857142857143
allknowingroger_QwenSlerp6-14B,63.721576115257776,37.332214765100666,68.66846633598851,34.13897280966767,54.055851063829785,46.82539682539682
allknowingroger_QwenStock1-14B,65.11022391945843,37.667785234899334,56.341174749664226,29.38066465256798,54.18051861702128,47.22222222222222
allknowingroger_QwenStock2-14B,65.4747439680611,37.919463087248324,55.63427261887348,29.909365558912388,54.055851063829785,47.48677248677249
allknowingroger_Qwenslerp3-14B,64.98871723659086,37.5,50.52349986923584,27.416918429003022,53.94780585106383,46.69312169312169
allknowingroger_Qwenslerp3-7B,55.51119597292137,32.466442953020135,50.1837347127843,28.247734138972806,45.42054521276596,45.10582010582011
allknowingroger_ROGERphi-7B-slerp,51.5882659260545,28.859060402684566,38.61332375873793,6.646525679758309,30.52692819148936,46.82539682539682
allknowingroger_Rombos-LLM-V2.5-Qwen-42b,29.283110571081412,26.25838926174497,18.79213819332704,0.0,11.67719414893617,36.24338624338625
allknowingroger_Yi-1.5-34B,27.981253254643292,25.838926174496645,16.391618682872554,0.0,10.954122340425531,38.492063492063494
allknowingroger_Yislerp-34B,61.360874848116644,35.822147651006716,36.91970637907419,19.561933534743204,47.51496010638298,45.63492063492063
allknowingroger_Yislerp2-34B,62.28085401839958,36.40939597315436,39.93470657854493,20.996978851963746,47.2406914893617,45.23809523809524
allura-org_Mistral-Small-24b-Sertraline-0304,65.12758201701094,35.151006711409394,67.99902037704402,22.280966767371602,51.05551861702128,43.91534391534391
amazon_MegaBeam-Mistral-7B-300k,42.12810275993751,27.348993288590606,52.03471234103289,2.1148036253776437,25.49035904255319,39.682539682539684
anakin87_gemma-2b-orpo,33.95243881270613,26.174496644295303,24.779695651981186,1.2084592145015105,13.05684840425532,37.16931216931217
arcee-ai_Llama-3.1-SuperNova-Lite,51.136955389689284,30.620805369127517,80.17393848322452,15.483383685800604,38.77160904255319,41.53439153439153
asharsha30_LLAMA_Harsha_8_B_ORDP_10k,46.67592431869467,27.348993288590606,34.63909094535831,5.211480362537765,28.1000664893617,36.904761904761905
awnr_Mistral-7B-v0.1-signtensors-1-over-4,28.762367644506163,25.922818791946305,0.0,0.0,11.660571808510637,35.714285714285715
axolotl-ai-co_romulus-mistral-nemo-12b-simpo,53.60180524214546,27.85234899328859,60.64010159709571,0.8308157099697886,34.59109042553192,42.195767195767196
bedio_DistMerge_Llama-3.1-8B-Instruct,51.1543134872418,30.453020134228186,54.295380700984495,14.501510574018129,39.58610372340425,44.70899470899471
bigscience_bloom-1b1,30.81062315570213,25.922818791946305,13.733781920858878,0.1510574018126888,11.07878989361702,36.904761904761905
bosonai_Higgs-Llama-3-70B,62.28085401839958,36.66107382550335,55.60678998390935,15.785498489425981,49.01928191489361,44.576719576719576
braindao_DeepSeek-R1-Distill-Qwen-1.5B-Blunt,27.443152230515533,24.748322147651006,26.113600801429097,13.821752265861026,11.835106382978724,35.84656084656085
braindao_DeepSeek-R1-Distill-Qwen-14B-Blunt,32.35549383787537,30.285234899328863,56.11632690151021,16.389728096676738,14.469747340425531,45.370370370370374
braindao_DeepSeek-R1-Distill-Qwen-14B-Blunt-Uncensored,31.418156570039923,28.27181208053691,54.21791956453321,16.314199395770395,14.311835106382977,44.70899470899471
braindao_DeepSeek-R1-Distill-Qwen-14B-Blunt-Uncensored-Blunt,31.3660822773824,27.85234899328859,52.21456845614081,25.075528700906347,14.835438829787234,45.10582010582011
braindao_DeepSeek-R1-Distill-Qwen-7B-Reflective,28.710293351848637,25.419463087248324,39.217830910872046,20.241691842900302,11.55252659574468,38.88888888888889
braindao_Qwen2.5-14B,58.3058496788752,37.332214765100666,54.085493158153696,29.229607250755286,48.836436170212764,41.13756613756614
bunnycore_FuseCyberMix-Qwen-2.5-7B-Instruct,54.88630446103107,29.697986577181208,70.19220113742648,0.0755287009063444,43.367686170212764,40.07936507936508
bunnycore_Gemma2-9B-TitanFusion,57.056066655094604,33.22147651006711,16.184169115724057,7.7039274924471295,39.602726063829785,41.269841269841265
bunnycore_HyperLlama-3.1-8B,50.893942023954175,28.691275167785236,78.83005979689446,16.012084592145015,37.83244680851064,38.22751322751323
bunnycore_Llama-3.1-8B-TitanFusion-v3,52.45617080367991,30.87248322147651,48.095497723817246,12.990936555891238,38.05684840425532,42.98941798941799
bunnycore_Llama-3.2-3B-Deep-Test,29.040097205346292,25.16778523489933,17.75300646728458,0.0,10.488696808510637,36.37566137566138
bunnycore_Llama-3.2-3B-Della,36.53879534802986,27.600671140939596,35.608297096149336,2.643504531722054,21.284906914893618,38.88888888888889
bunnycore_Llama-3.2-3B-Long-Think,45.96424231904183,26.090604026845636,54.73499204333391,13.972809667673717,30.477061170212767,33.86243386243386
bunnycore_Llama-3.2-3B-Mix-Skill,45.66915466064919,26.174496644295303,64.04229666174639,12.688821752265861,31.20844414893617,33.86243386243386
bunnycore_Llama-3.2-3B-ProdigyPlus,43.86391251518834,26.845637583892618,40.152018865499095,9.894259818731117,28.174867021276594,35.714285714285715
bunnycore_Llama-3.2-3B-ToxicKod,45.078979343863914,26.593959731543627,63.19299458769399,16.993957703927492,28.798204787234045,34.65608465608466
bunnycore_Phi-3.5-mini-TitanFusion-0.1,53.480298559277905,33.13758389261745,52.279507262951185,6.193353474320242,38.06515957446808,44.44444444444444
bunnycore_Phi-4-Model-Stock-v4,69.01579586877278,36.91275167785235,71.10145524984817,37.160120845921455,53.93949468085106,46.03174603174603
bunnycore_Phi-4-RP-v0,68.32147196667245,35.23489932885906,68.27129793392643,27.794561933534744,53.64029255319149,41.269841269841265
bunnycore_Phi-4-RR-Shoup,69.25880923450791,33.7248322147651,65.86579165503088,47.9607250755287,54.28856382978723,44.31216931216932
bunnycore_Phi-4-ReasoningRP,68.99843777122028,34.395973154362416,67.36204382150473,44.33534743202417,54.20545212765957,44.84126984126984
bunnycore_Phi-4-Sce-exp-v0.1,69.22409303940287,33.557046979865774,65.9532263283643,48.11178247734139,54.230385638297875,44.31216931216932
bunnycore_Phi-4-Stock-Ex,68.408262454435,35.06711409395973,65.74588757829227,39.12386706948641,53.748337765957444,46.164021164021165
bunnycore_Phi-4-Stock-RP,68.39090435688249,35.822147651006716,63.992318160259224,32.25075528700906,53.16655585106383,47.08994708994709
bunnycore_Phi-4-Trim-Exp1,28.311057108140947,25.503355704697988,12.192538021338937,0.5287009063444109,11.46941489361702,41.66666666666667
bunnycore_Qwen-2.5-7B-Deep-Stock-v1,53.41086616906787,27.768456375838923,56.95066867023941,25.528700906344408,40.65824468085106,41.00529100529101
bunnycore_Qwen-2.5-7B-Deep-Stock-v5,46.45026905051207,27.01342281879195,45.090471061228655,14.72809667673716,28.316156914893615,36.37566137566138
bunnycore_Qwen-2.5-7B-Exp-Sce,54.71272348550599,29.86577181208054,76.51697495977339,32.55287009063444,42.586436170212764,44.17989417989418
bunnycore_Qwen-2.5-7b-S1k,55.35497309494879,28.439597315436245,71.62351449708994,47.809667673716014,43.824800531914896,40.60846560846561
bunnycore_Qwen2.5-1.5B-Model-Stock,28.415205693456,25.922818791946305,18.292574812608326,0.0,11.003989361702128,36.64021164021164
bunnycore_Qwen2.5-3B-Model-Stock-v2,46.39819475785454,28.691275167785236,64.90157227268092,0.0,32.69614361702128,39.021164021164026
bunnycore_Qwen2.5-3B-Model-Stock-v3.2,46.884221489324766,28.355704697986578,63.530210951386756,37.53776435045317,32.937167553191486,39.15343915343915
bunnycore_Qwen2.5-3B-Model-Stock-v4.1,47.83891685471272,27.936241610738254,63.80747527671025,37.68882175226586,33.86801861702128,39.285714285714285
bunnycore_Qwen2.5-3B-RP-Mix,48.68946363478563,27.348993288590606,57.20543712903984,7.401812688821751,37.27559840425532,42.72486772486773
bunnycore_Qwen2.5-7B-Instruct-Fusion,54.608574900190945,30.453020134228186,69.62016338869755,19.939577039274926,44.67253989361702,42.857142857142854
bunnycore_Qwen2.5-7B-MixStock-Sce-V0.3,34.664120812358966,25.75503355704698,21.197644472222592,25.755287009063444,17.794215425531913,37.03703703703704
bunnycore_Qwen2.5-7B-MixStock-V0.1,54.45235202221836,30.033557046979865,76.73428724672758,28.851963746223564,42.561502659574465,44.047619047619044
bunnycore_Qwen2.5-7B-R1-Bespoke-Stock,48.029855927790315,27.85234899328859,37.264458303966805,17.29607250755287,34.7157579787234,39.15343915343915
bunnycore_Qwen2.5-7B-R1-Bespoke-Task,41.225481687207086,25.335570469798657,37.86641666334215,3.1722054380664653,26.878324468085108,35.58201058201058
bunnycore_Qwen2.5-7B-Sky-R1-Mini,34.75091130012151,28.942953020134226,23.048622100471196,2.9456193353474323,12.533244680851062,34.39153439153439
bunnycore_Smol-Llama-3.2-3B,45.28727651449401,27.684563758389263,66.78501930433471,13.51963746223565,32.28058510638298,34.523809523809526
byroneverson_Mistral-Small-Instruct-2409-abliterated,51.709772608922066,33.30536912751678,69.70759806203097,14.123867069486403,39.22872340425532,36.904761904761905
byroneverson_Yi-1.5-9B-Chat-abliterated,53.705953827460505,29.194630872483224,57.23291976400395,9.818731117824774,37.150930851063826,43.783068783068785
carsenk_phi3.5_mini_exp_825_uncensored,29.283110571081412,24.916107382550333,13.641360479084385,0.0,11.751994680851062,36.37566137566138
cat-searcher_gemma-2-9b-it-sppo-iter-1,59.590348897760805,34.47986577181208,30.147674836101544,0.0,38.53889627659575,39.15343915343915
cckm_tinymistral_950m,29.474049644159,26.006711409395972,23.952889444451834,0.3021148036253776,10.962433510638297,35.44973544973545
chujiezheng_Mistral7B-PairRM-SPPO-ExPO,38.621767054330846,27.684563758389263,36.734863495525204,0.906344410876133,25.515292553191486,40.476190476190474
cloudyu_Llama-3-70Bx2-MOE,66.20378406526645,39.34563758389262,54.82486469234964,19.86404833836858,51.42121010638297,48.01587301587302
cognitivecomputations_Dolphin3.0-Qwen2.5-0.5B,31.07099461898976,23.48993288590604,46.97136930012367,5.13595166163142,14.128989361702127,35.44973544973545
cognitivecomputations_Dolphin3.0-R1-Mistral-24B,53.445582364172886,29.446308724832214,40.681613673940696,20.694864048338367,30.0531914893617,39.41798941798942
cognitivecomputations_dolphin-2.9-llama3-8b,49.401145634438464,28.691275167785236,38.503393218881456,5.0604229607250755,27.7094414893617,43.65079365079365
cognitivecomputations_dolphin-2.9.1-llama-3-70b,51.74448880402708,30.87248322147651,37.60167466765959,5.438066465256798,41.29820478723404,49.60317460317461
cognitivecomputations_dolphin-2.9.1-yi-1.5-9b,54.66064919284847,33.808724832214764,44.653297694561545,10.42296072507553,39.66921542553192,43.386243386243386
cognitivecomputations_dolphin-2.9.3-mistral-7B-32k,47.83891685471272,28.523489932885905,41.26362495955177,4.833836858006042,28.20811170212766,46.2962962962963
cognitivecomputations_dolphin-2.9.4-gemma2-2b,40.49644159000174,28.439597315436245,8.955127949396491,4.1540785498489425,21.05219414893617,41.66666666666667
cognitivecomputations_dolphin-2.9.4-llama3.1-8b,34.959208470751605,25.335570469798657,33.15779908420768,0.22658610271903326,12.342087765957446,32.27513227513227
cstr_llama3.1-8b-spaetzle-v90,52.90748134004512,28.27181208053691,73.56192679867198,13.36858006042296,37.30884308510639,41.269841269841265
deepseek-ai_DeepSeek-R1-Distill-Llama-8B,32.112480472140255,25.503355704697988,37.82397372305483,0.0,20.894281914893618,32.407407407407405
deepseek-ai_DeepSeek-R1-Distill-Qwen-1.5B,32.12983856969276,25.587248322147648,34.63410417691725,0.0,11.868351063829788,36.24338624338625
deepseek-ai_DeepSeek-R1-Distill-Qwen-7B,34.1086616906787,27.936241610738254,40.3768667136531,0.0,23.21309840425532,36.507936507936506
deepseek-ai_deepseek-llm-7b-base,34.88977608054157,27.348993288590606,21.7871913190335,1.2084592145015105,18.060172872340424,37.301587301587304
deepseek-ai_deepseek-moe-16b-base,34.02187120291616,25.419463087248324,24.497444558216642,1.812688821752266,15.05152925531915,36.507936507936506
dnhkng_RYS-Llama-3-8B-Instruct,47.87363304981774,25.75503355704698,69.57772044841022,6.193353474320242,35.5718085106383,33.730158730158735
dnhkng_RYS-Llama-3-Large-Instruct,65.0581496268009,28.942953020134226,80.50616807847621,21.827794561933533,51.37134308510638,41.66666666666667
dnhkng_RYS-Llama-3.1-8B-Instruct,51.50147543829197,26.76174496644295,76.84920455502511,11.329305135951662,36.394614361702125,36.77248677248677
duyhv1411_Llama-3.2-3B-en-vi,32.35549383787537,27.516778523489933,48.520148760843455,2.2658610271903323,13.588763297872342,32.01058201058201
dwikitheduck_gemma-2-2b-id-inst,39.333449053983685,29.949664429530205,38.785644312646006,0.5287009063444109,21.73371010638298,41.4021164021164
ehristoforu_Gemma2-9B-it-psy10k-mental_health,55.42440548515882,33.7248322147651,58.866585105298384,12.16012084592145,38.289561170212764,40.74074074074074
ehristoforu_Gemma2-9b-it-train6,58.91338309321298,32.88590604026846,70.25215317579578,8.38368580060423,39.41988031914894,40.74074074074074
ehristoforu_QwenQwen2.5-7B-IT,53.75802812011804,30.369127516778523,75.18306981032549,0.0,42.893949468085104,40.21164021164021
ehristoforu_coolqwen-3b-it,48.16872070821038,28.27181208053691,64.72670292601408,0.0,36.012300531914896,41.13756613756614
ehristoforu_qwen2.5-test-32b-it,70.43915986807846,36.40939597315436,78.89499860370483,7.930513595166164,57.654587765957444,45.63492063492063
ehristoforu_rufalcon3-3b-it,41.24283978475959,27.265100671140942,59.421113755945335,17.371601208459214,23.47905585106383,38.88888888888889
ehristoforu_ruphi-4b,28.814441937163686,23.993288590604024,17.518185082248433,0.0,11.261635638297872,35.05291005291005
ell44ot_gemma-2b-def,31.331366082277384,27.348993288590606,26.930433472076317,1.7371601208459215,15.724734042553193,36.64021164021164
ewre324_Thinker-Qwen2.5-0.5B-Instruct-Reasoning,32.789446276688075,28.523489932885905,24.76473534665798,0.4531722054380665,16.472739361702125,33.730158730158735
facebook_opt-1.3b,30.75854886304461,24.24496644295302,23.83298536771322,0.7552870090634441,11.070478723404255,34.12698412698413
facebook_opt-30b,30.480819302204477,26.929530201342285,24.52991396162183,0.6042296072507553,11.63563829787234,35.978835978835974
failspy_Meta-Llama-3-70B-Instruct-abliterated-v3.5,57.2470057281722,29.697986577181208,77.46867201248244,11.858006042296072,44.522938829787236,39.682539682539684
failspy_Phi-3-medium-4k-instruct-abliterated-v3,62.836313140079845,31.711409395973156,63.19299458769399,14.123867069486403,43.99933510638298,45.8994708994709
fhai50032_Unaligned-Thinker-PHI-4,66.15170977260892,38.08724832214765,5.625407252756021,33.00604229607251,51.47107712765957,46.69312169312169
flammenai_Mahou-1.2a-mistral-7B,50.92865821905919,27.181208053691275,45.36773538655212,5.81570996978852,31.632313829787233,38.88888888888889
flammenai_Mahou-1.5-mistral-nemo-12B,54.81687207082104,27.600671140939596,67.5144173016485,5.0604229607250755,36.02061170212766,45.10582010582011
fluently-lm_Llama-TI-8B,51.86599548689463,29.61409395973154,28.803906966847965,19.71299093655589,34.3999335106383,41.00529100529101
fluently-lm_Llama-TI-8B-Instruct,52.49088699878494,29.53020134228188,77.16392505219486,22.9607250755287,37.258976063829785,38.095238095238095
fluently-sets_FalconThink3-10B-IT,61.74275299427183,33.47315436241611,73.26216660682545,23.716012084592144,44.34840425531915,44.70899470899471
freewheelin_free-evo-qwen72b-v0.8-re,60.8401319215414,35.65436241610738,53.308665452111505,16.238670694864048,48.703457446808514,48.67724867724868
fulim_FineLlama-3.1-8B,45.51293178267662,29.278523489932883,14.388267574480157,4.531722054380665,31.673869680851062,38.62433862433862
gaverfraxz_Meta-Llama-3.1-8B-Instruct-HalfAbliterated-DELLA,39.90626627321646,28.439597315436245,40.094615619888565,0.8308157099697886,16.539228723404257,36.37566137566138
gaverfraxz_Meta-Llama-3.1-8B-Instruct-HalfAbliterated-TIES,50.32112480472141,26.677852348993287,45.505148561372714,11.63141993957704,36.785239361702125,37.301587301587304
gbueno86_Brinebreath-Llama-3.1-70B,68.59920152751259,34.64765100671141,55.32952565858589,29.984894259818727,51.96143617021277,45.23809523809524
gmonsoon_gemma2-9b-sahabatai-v1-instruct-BaseTIES,60.753341433778864,32.04697986577181,73.77923908562613,19.335347432024168,43.46742021276596,47.75132275132275
godlikehhd_ifd_new_correct_all_sample_2500_qwen,39.7847595903489,29.026845637583893,33.75731946790073,8.761329305135952,28.88962765957447,35.58201058201058
godlikehhd_ifd_new_qwen_2500,41.24283978475959,30.033557046979865,32.3959316834887,10.120845921450151,29.105718085106385,35.84656084656085
godlikehhd_qwen-2.5-1.5b-cherry,39.993056760978995,30.033557046979865,28.933784580468714,9.667673716012084,29.230385638297875,34.523809523809526
google_codegemma-1.1-2b,33.188682520395766,26.51006711409396,22.936253584932427,0.6042296072507553,12.782579787234042,38.62433862433862
google_gemma-1.1-2b-it,31.55702135045999,26.929530201342285,30.674831668860847,0.1510574018126888,14.835438829787234,33.86243386243386
google_gemma-2-27b-it,64.22496094428051,37.5,79.77677008116243,0.6797583081570997,44.514627659574465,40.21164021164021
google_gemma-2-2b,36.2089914945322,26.25838926174497,19.931226922343825,2.8700906344410875,21.800199468085108,42.195767195767196
google_gemma-2-2b-it,41.62471793091477,27.432885906040266,56.683377881798066,0.0755287009063444,25.498670212765955,39.15343915343915
google_gemma-2-2b-jpn-it,42.214893247700054,28.523489932885905,50.77826832803628,3.474320241691843,25.78125,39.55026455026455
google_gemma-7b-it,36.2089914945322,,,,,
google_recurrentgemma-9b,38.83006422496094,28.523489932885905,30.762266342194266,4.833836858006042,26.08876329787234,38.35978835978836
google_recurrentgemma-9b-it,42.70091997917028,27.600671140939596,49.804075408804195,0.7552870090634441,25.772938829787233,43.783068783068785
grimjim_DeepSauerHuatuoSkywork-R1-o1-Llama-3.1-8B,52.45617080367991,33.808724832214764,47.97060687863757,21.978851963746223,39.56948138297872,44.047619047619044
grimjim_Gigantes-v2-gemma2-9b-it,59.78128797083839,35.151006711409394,73.50696152874374,4.758308157099698,42.594747340425535,45.8994708994709
grimjim_Gigantes-v3-gemma2-9b-it,59.74657177573338,35.65436241610738,69.7625633319592,5.966767371601208,42.262300531914896,46.03174603174603
grimjim_HuatuoSkywork-o1-Llama-3.1-8B,48.828328415205696,29.278523489932883,39.61499931293413,33.987915407854985,30.950797872340424,38.35978835978836
grimjim_Llama-3-Instruct-8B-SPPO-Iter3-SimPO-merge,49.418503731990974,29.026845637583893,42.71244741729722,9.365558912386707,36.253324468085104,40.34391534391534
grimjim_Llama-3.1-Bonsaikraft-8B-Instruct,52.61239368165249,30.369127516778523,42.500121898784116,12.83987915407855,37.64128989361702,42.32804232804233
grimjim_Llama-Nephilim-Metamorphosis-v2-8B,49.99132095122374,32.29865771812081,45.44519652300341,13.746223564954683,38.09009308510639,40.87301587301587
grimjim_Magot-v2-Gemma2-8k-9B,58.896024995660476,35.40268456375839,73.47449212533854,0.0,42.229055851063826,43.386243386243386
grimjim_llama-3-Nephilim-v2-8B,50.33848290227391,29.949664429530205,39.22281767931312,9.516616314199396,36.41123670212766,38.88888888888889
grimjim_llama-3-Nephilim-v2.1-8B,50.82450963374414,29.949664429530205,38.9505401224307,8.987915407854985,36.44448138297872,39.285714285714285
grimjim_llama-3-Nephilim-v3-8B,49.95660475611873,29.53020134228188,41.73825449806513,9.138972809667674,36.12034574468085,39.81481481481482
gz987_qwen2.5-7b-cabs-v0.4,54.9557368512411,30.788590604026844,75.82503313430587,48.48942598187311,43.95777925531915,44.17989417989418
hotmailuser_FalconSlerp2-7B,54.921020656136086,31.963087248322147,61.604320979445646,26.661631419939575,41.40625,44.70899470899471
hotmailuser_FalconSlerp3-7B,54.868946363478564,31.879194630872483,60.96235765546527,27.416918429003022,41.27327127659575,44.97354497354497
hotmailuser_Gemma2Crono-27B,64.81513626106579,37.080536912751676,70.86164709637096,23.716012084592144,46.32646276595745,45.63492063492063
hotmailuser_Gemma2atlas-27B,65.21437250477348,35.57046979865772,72.13560020744957,21.22356495468278,47.49833776595745,44.44444444444444
hotmailuser_Llama-Hermes-slerp-8B,52.95955563270266,29.36241610738255,33.90470617960345,7.552870090634441,33.31117021276596,40.74074074074074
hotmailuser_LlamaStock-8B,53.13313660822774,32.718120805369125,42.495135130343044,17.14501510574018,38.06515957446808,41.269841269841265
hotmailuser_Qwen2.5-HomerSlerp-7B,56.11872938725916,31.3758389261745,44.87814554271555,32.62839879154079,45.48703457446808,43.783068783068785
hotmailuser_QwenSlerp-14B,64.79777816351327,38.758389261744966,70.24716640735471,35.49848942598187,53.99767287234043,46.2962962962963
hotmailuser_QwenSlerp-7B,56.15344558236417,31.79530201342282,46.72912317096415,30.664652567975832,45.08809840425532,44.047619047619044
hotmailuser_QwenSlerp2-14B,64.76306196840827,38.08724832214765,70.36707048409332,35.725075528700906,53.78989361702128,48.01587301587302
hotmailuser_QwenSparse-7B,28.554070473876063,26.006711409395972,10.858632871891025,0.0,11.220079787234043,35.58201058201058
hotmailuser_QwenStock-1.7B,41.60735983336226,28.7751677852349,32.14116322468827,8.006042296072508,29.54621010638298,44.047619047619044
hotmailuser_QwenStock1-14B,64.90192674882833,38.59060402684564,66.93240601603745,32.779456193353475,54.16389627659575,47.75132275132275
huihui-ai_DeepSeek-R1-Distill-Qwen-14B-abliterated-v2,34.629404617253954,27.600671140939596,42.11292703360417,0.0,19.148936170212767,46.82539682539682
iFaz_llama31_8B_en_emo_v4,49.03662558583579,29.697986577181208,30.42504997850149,8.836858006042297,30.48537234042553,36.37566137566138
iFaz_llama32_1B_en_emo_v1,33.466412081235895,25.0,44.08380873859139,1.812688821752266,17.611369680851062,34.78835978835979
iFaz_llama32_3B_en_emo_2000_stp,45.061621246311404,28.355704697986578,73.68681764385165,15.332326283987916,30.975731382978722,35.18518518518518
iFaz_llama32_3B_en_emo_300_stp,44.801249783023785,27.432885906040266,72.5552644760347,16.012084592145015,31.482712765957448,36.11111111111111
iFaz_llama32_3B_en_emo_5000_stp,45.460857490019094,27.936241610738254,71.00404703963262,12.915407854984895,30.668218085106385,34.39153439153439
iFaz_llama32_3B_en_emo_v3,42.83978475959035,26.76174496644295,57.59263199421978,6.797583081570997,27.102726063829785,35.44973544973545
ifable_gemma-2-Ifable-9B,58.63565353237286,34.144295302013425,29.842927875813952,8.91238670694864,42.262300531914896,40.476190476190474
jayasuryajsk_Qwen2.5-3B-reasoner,46.25932997743447,30.201342281879196,41.59585455480348,20.84592145015106,34.82380319148936,41.13756613756614
jebish7_Llama-3-Nanda-10B-Chat,49.38378753688596,30.11744966442953,29.528318195720686,5.589123867069486,31.565824468085108,43.51851851851852
jebish7_Llama-3.1-8B-Instruct,50.84186773129665,32.13087248322148,50.583451907605145,15.256797583081571,37.77426861702128,39.94708994708995
jebish7_gemma-2-9b-it,59.32997743447318,34.73154362416108,15.514723156779567,4.833836858006042,41.4311835106383,45.5026455026455
jeffmeloy_Qwen2.5-7B-minperplexity-2,54.938378753688596,31.1241610738255,50.9730847484674,0.0755287009063444,43.45910904255319,46.164021164021165
jeffmeloy_Qwen2.5-7B-nerd-uncensored-v0.9,54.55650060753341,32.29865771812081,60.482741348510835,25.075528700906347,43.63364361702128,48.148148148148145
jeffmeloy_Qwen2.5-7B-nerd-uncensored-v1.0,53.93160909564312,29.026845637583893,76.95159953368173,0.1510574018126888,42.536569148936174,45.370370370370374
jeffmeloy_Qwen2.5-7B-nerd-uncensored-v1.1,48.394375976392986,28.691275167785236,66.26296005709295,7.401812688821751,38.49734042553192,38.35978835978836
jeffmeloy_Qwen2.5-7B-nerd-uncensored-v1.2,49.123416073598335,30.369127516778523,49.64671516021934,10.574018126888216,39.68583776595745,41.66666666666667
jeffmeloy_Qwen2.5-7B-nerd-uncensored-v1.3,49.97396285367124,31.29194630872483,49.951462120506925,11.178247734138973,40.159574468085104,41.7989417989418
jeffmeloy_Qwen2.5-7B-nerd-uncensored-v1.5,54.99045304634612,32.718120805369125,56.503521766690156,22.280966767371602,44.4813829787234,49.735449735449734
jeffmeloy_Qwen2.5-7B-olm-v1.2,55.09460163166116,31.711409395973156,42.025492360270746,27.719033232628398,43.874667553191486,46.82539682539682
jeffmeloy_Qwen2.5-7B-olm-v1.3,55.05988543655616,32.13087248322148,42.18540140161438,29.38066465256798,44.69747340425532,46.95767195767196
jeffmeloy_Qwen2.5-7B-olm-v1.5,55.250824509633745,33.9765100671141,45.46514359676769,28.172205438066467,43.991023936170215,45.370370370370374
jiangxinyang-shanda_Homer-LLama3-8B,51.44940114563445,29.697986577181208,39.91719748046295,2.492447129909366,31.39128989361702,40.476190476190474
jlzhou_Qwen2.5-3B-Infinity-Instruct-0625,47.630619684082625,26.929530201342285,35.57582769274414,2.039274924471299,31.98969414893617,39.682539682539684
johnsutor_Llama-3-8B-Instruct_breadcrumbs-density-0.1-gamma-0.01,50.13018573164382,32.21476510067114,42.71244741729722,3.7009063444108756,37.39195478723404,46.2962962962963
johnsutor_Llama-3-8B-Instruct_breadcrumbs-density-0.1-gamma-0.1,49.99132095122374,30.11744966442953,42.5325913021893,8.534743202416918,37.24235372340425,41.4021164021164
johnsutor_Llama-3-8B-Instruct_breadcrumbs-density-0.5-gamma-0.01,48.58531504947058,30.201342281879196,32.03621945327287,0.0,33.444148936170215,50.92592592592593
johnsutor_Llama-3-8B-Instruct_breadcrumbs-density-0.5-gamma-0.1,51.189029682346806,30.70469798657718,43.96390466185277,6.873111782477341,36.959773936170215,43.91534391534391
johnsutor_Llama-3-8B-Instruct_breadcrumbs-density-0.7-gamma-0.01,48.307585488630444,29.026845637583893,28.14443454478561,0.0,32.95378989361702,51.587301587301596
johnsutor_Llama-3-8B-Instruct_breadcrumbs-density-0.7-gamma-0.1,51.32789446276688,30.788590604026844,43.02218114602588,6.042296072507553,36.627327127659576,43.25396825396825
johnsutor_Llama-3-8B-Instruct_breadcrumbs_ties-density-0.1-gamma-0.01,50.18226002430134,31.04026845637584,43.58923212631374,4.305135951661631,37.624667553191486,45.23809523809524
johnsutor_Llama-3-8B-Instruct_breadcrumbs_ties-density-0.5-gamma-0.01,49.54001041485853,29.697986577181208,34.54168273514276,1.0574018126888218,35.31416223404255,49.074074074074076
johnsutor_Llama-3-8B-Instruct_breadcrumbs_ties-density-0.5-gamma-0.1,51.1543134872418,29.53020134228188,40.916435058976845,6.873111782477341,36.6938164893617,43.51851851851852
johnsutor_Llama-3-8B-Instruct_breadcrumbs_ties-density-0.7-gamma-0.01,49.366429439333444,29.949664429530205,29.038728351884114,0.5287009063444109,34.89860372340425,49.86772486772487
johnsutor_Llama-3-8B-Instruct_breadcrumbs_ties-density-0.9-gamma-0.01,48.88040270786322,30.033557046979865,29.131149793658608,0.0,34.54122340425532,49.735449735449734
johnsutor_Llama-3-8B-Instruct_breadcrumbs_ties-density-0.9-gamma-0.1,51.20638777989932,29.697986577181208,41.6233371897676,6.948640483383686,36.24501329787234,43.12169312169312
johnsutor_Llama-3-8B-Instruct_linear,50.19961812185384,29.53020134228188,43.08213318439518,9.06344410876133,37.117686170212764,40.87301587301587
johnsutor_Llama-3-8B-Instruct_ties-density-0.1,49.99132095122374,28.859060402684566,41.161229980895136,7.099697885196375,36.003989361702125,41.66666666666667
johnsutor_Llama-3-8B-Instruct_ties-density-0.7,47.09251865995487,30.956375838926174,36.81232463197649,5.740181268882175,31.524268617021278,38.75661375661375
kayfour_T3Q-Qwen2.5-7B-it-KOR-Safe,55.268182607186255,32.13087248322148,60.814970943762546,37.61329305135951,44.63929521276596,42.72486772486773
keeeeenw_MicroLlama,29.838569692761673,26.090604026845636,19.853765785892545,0.0,11.377992021276597,36.904761904761905
kevin009_llamaRAGdrama,39.80211768790141,26.426174496644293,25.98372318780835,3.3987915407854987,27.235704787234045,43.12169312169312
khoantap_llama-3-8b-stock-merge,51.55354973094949,31.79530201342282,48.1179935903403,16.012084592145015,37.99867021276596,39.41798941798942
khoantap_llama-linear-0.5-0.5-1-merge,56.41381704565179,30.70469798657718,48.12298035878136,20.166163141993955,38.3311170212766,41.4021164021164
khoantap_llama-linear-0.5-1-0.5-merge,59.52091650755077,29.36241610738255,50.316161119163816,14.72809667673716,36.90159574468085,41.66666666666667
khoantap_llama-slerp-merge,57.680958166984894,30.285234899328863,49.799088640363124,8.157099697885197,36.77692819148936,40.476190476190474
khulaifi95_Llama-3.1-8B-Reason-Blend-888k,47.94306544002777,27.936241610738254,58.317043223092504,11.178247734138973,31.00066489361702,33.730158730158735
kms7530_chemeng_llama-3-8b-Instruct-bnb-4bit_24_1_100_1,42.80506856448533,27.01342281879195,54.55014915978494,3.096676737160121,27.98371010638298,38.095238095238095
kms7530_chemeng_qwen-math-7b_24_1_100_1_nonmath,38.534976566568304,29.026845637583893,25.836336476105625,28.625377643504528,24.517952127659576,40.74074074074074
langgptai_Qwen-las-v0.1,38.67384134698837,24.664429530201343,33.01041237250495,1.9637462235649545,23.25465425531915,36.904761904761905
langgptai_qwen1.5-7b-chat-sa-v0.1,42.961291442457906,31.20805369127517,42.67742922113326,3.0211480362537766,29.928523936170215,35.44973544973545
lars1234_Mistral-Small-24B-Instruct-2501-writer,67.14112133310189,38.92617449664429,65.65346613651776,35.57401812688822,54.47972074468085,46.42857142857143
lemon07r_Gemma-2-Ataraxy-9B,59.24318694671064,33.47315436241611,30.08772279773224,0.8308157099697886,42.262300531914896,44.17989417989418
lemon07r_Gemma-2-Ataraxy-Advanced-9B,58.84395070300295,33.557046979865774,55.15964308036011,0.1510574018126888,42.43683510638298,37.56613756613756
lemon07r_Gemma-2-Ataraxy-v3j-9B,56.34438465544176,32.802013422818796,41.69326276501904,0.0755287009063444,41.339760638297875,31.746031746031743
lemon07r_Gemma-2-Ataraxy-v4-Advanced-9B,60.18052421454608,33.89261744966443,70.15474496558022,6.117824773413897,43.66688829787234,45.767195767195766
lemon07r_Gemma-2-Ataraxy-v4b-9B,60.31938899496615,34.060402684563755,68.78338364428605,8.836858006042297,43.56715425531915,45.5026455026455
lemon07r_Gemma-2-Ataraxy-v4c-9B,60.78805762888388,33.38926174496644,69.45282960323054,17.97583081570997,43.94946808510639,45.23809523809524
lemon07r_Llama-3-RedMagic4-8B,42.110744662385,29.026845637583893,48.64005283758206,8.308157099697885,36.760305851063826,37.56613756613756
lemon07r_llama-3-NeuralMahou-8b,41.34698837007464,28.859060402684566,49.009738604680024,9.516616314199396,36.90159574468085,38.62433862433862
lightblue_suzume-llama-3-8B-multilingual,49.27963895157091,28.355704697986578,66.78003253589365,7.854984894259818,33.834773936170215,39.682539682539684
lightblue_suzume-llama-3-8B-multilingual-orpo-borda-half,46.83214719666724,24.496644295302016,62.491079225344315,7.7039274924471295,36.13696808510639,35.05291005291005
lightblue_suzume-llama-3-8B-multilingual-orpo-borda-top25,48.429092171498006,27.265100671140942,66.36535503574959,8.534743202416918,36.843417553191486,35.58201058201058
lkoenig_BBAI_200_Gemma,34.178094080888734,26.677852348993287,7.051733843978422,0.0,16.788563829787233,36.24338624338625
lkoenig_BBAI_456_QwenKoen,55.30289880229127,31.29194630872483,45.29282304285962,36.85800604229607,44.68916223404255,43.91534391534391
lkoenig_BBAI_7B_KoenQwenDyan,55.07724353410867,31.79530201342282,58.07224830117421,37.38670694864049,44.597739361702125,43.65079365079365
lkoenig_BBAI_7B_Qwen2.5koen,55.18139211942371,31.29194630872483,45.99972517365036,36.5558912386707,44.847074468085104,43.65079365079365
lkoenig_BBAI_7B_QwenDyanKoenLo,55.3723311925013,31.879194630872483,46.631714960748596,36.40483383685801,44.64760638297872,43.386243386243386
llmat_Mistral-v0.3-7B-ORPO,39.697969102586356,26.677852348993287,37.70406964631622,0.5287009063444109,22.78091755319149,35.44973544973545
magnifi_Phi3_intent_v56_3_w_unknown_5_lr_0.002,32.407568130532894,26.426174496644293,20.181008612703184,0.0,14.71908244680851,41.13756613756614
maldv_badger-lambda-llama-3-8b,49.470578024648496,28.187919463087248,48.607583434176874,8.308157099697885,37.66622340425532,37.43386243386244
marcuscedricridia_Hush-Qwen2.5-7B-MST,54.209338656483254,30.369127516778523,74.88330961847898,42.44712990936556,41.63065159574468,39.021164021164026
marcuscedricridia_Hush-Qwen2.5-7B-MST-v1.3,54.851588265926054,31.45973154362416,70.4320092909037,47.583081570996974,44.39827127659575,42.98941798941799
marcuscedricridia_Hush-Qwen2.5-7B-Preview,54.01839958340566,31.1241610738255,79.62439660101863,37.53776435045317,43.64195478723404,42.857142857142854
marcuscedricridia_Hush-Qwen2.5-7B-RP-v1.4-1M,52.838048949835105,29.86577181208054,77.27884236049238,33.68580060422961,41.34807180851064,44.17989417989418
marcuscedricridia_Hush-Qwen2.5-7B-v1.1,53.56708904704044,31.62751677852349,78.89499860370483,43.80664652567976,42.27061170212766,41.66666666666667
marcuscedricridia_Hush-Qwen2.5-7B-v1.3,52.97691373025516,31.20805369127517,78.56276900845313,33.23262839879154,43.450797872340424,42.32804232804233
marcuscedricridia_Qwen2.5-7B-Preview,53.41086616906787,32.38255033557047,76.79423928509688,34.44108761329305,42.578125,41.269841269841265
marcuscedricridia_Yell-Qwen2.5-7B-Preview-v1.1,53.34143377885784,28.60738255033557,57.57013612769673,18.957703927492446,38.31449468085106,40.476190476190474
mattshumer_Reflection-Llama-3.1-70B,64.43325811491061,36.3255033557047,0.452133671990319,12.084592145015106,49.55119680851064,45.63492063492063
meditsolutions_Llama-3.2-SUN-1B-chat,35.08071515361916,26.090604026845636,54.26789806602038,4.758308157099698,18.99933510638298,32.93650793650794
meditsolutions_Llama-3.2-SUN-2.4B-checkpoint-34800,31.34872417982989,28.60738255033557,25.009530268576263,0.1510574018126888,13.572140957446807,40.21164021164021
meditsolutions_Llama-3.2-SUN-2.5B-chat,35.49730949487936,25.922818791946305,56.0414145578177,1.283987915407855,18.13497340425532,31.48148148148148
meta-llama_Llama-2-13b-hf,41.13869119944454,28.104026845637588,24.824687385027282,1.0574018126888218,23.778257978723406,35.317460317460316
meta-llama_Llama-2-70b-chat-hf,30.220447838916854,26.426174496644293,49.57922756065018,0.906344410876133,24.32679521276596,36.77248677248677
meta-llama_Llama-2-70b-hf,54.608574900190945,30.285234899328863,24.06780675274937,2.492447129909366,37.175864361702125,41.13756613756614
meta-llama_Llama-2-7b-chat-hf,30.845339350807148,25.419463087248324,39.65245548478038,0.6797583081570997,16.7719414893617,36.77248677248677
meta-llama_Llama-3.1-70B,62.71480645721229,38.758389261744966,16.843752354862875,16.691842900302113,46.54255319148936,45.63492063492063
meta-llama_Llama-3.1-70B-Instruct,67.9916681131748,31.62751677852349,84.28303567866594,2.719033232628399,53.37433510638297,45.370370370370374
meta-llama_Llama-3.1-8B-Instruct,50.77243534108662,31.543624161073826,49.21707735475206,15.407854984894257,37.982047872340424,39.682539682539684
meta-llama_Llama-3.2-1B,30.897413643464677,22.818791946308725,14.777900415342401,0.22658610271903326,12.034574468085106,34.39153439153439
meta-llama_Llama-3.2-3B-Instruct,45.460857490019094,26.34228187919463,74.14393808428304,13.51963746223565,31.549202127659576,35.714285714285715
meta-llama_Meta-Llama-3-70B,64.6589133830932,39.76510067114094,16.03190645265673,16.540785498489427,47.09109042553192,45.10582010582011
meta-llama_Meta-Llama-3-70B-Instruct,65.24908869987848,28.691275167785236,80.99077115387172,23.338368580060422,52.06948138297872,41.4021164021164
meta-llama_Meta-Llama-3-8B-Instruct,49.71359139038361,25.922818791946305,74.08398604591373,8.685800604229607,36.643949468085104,35.58201058201058
microsoft_Phi-3-medium-128k-instruct,63.61742752994272,33.64093959731543,60.400293443618494,16.1631419939577,47.116023936170215,41.13756613756614
microsoft_Phi-3-medium-4k-instruct,63.8083666030203,33.64093959731543,64.22713954529537,16.993957703927492,46.75864361702128,42.46031746031746
microsoft_Phi-3-mini-128k-instruct,55.59798646068391,31.79530201342282,59.76331688807919,8.91238670694864,37.34208776595745,39.285714285714285
microsoft_Phi-4-mini-instruct,56.674188508939416,30.956375838926174,73.77923908562613,16.993957703927492,39.32014627659575,38.62433862433862
microsoft_phi-1,31.123068911647284,26.51006711409396,20.680571993421896,0.6797583081570997,11.619015957446809,35.18518518518518
microsoft_phi-1_5,33.31018920326333,26.76174496644295,20.32839532440591,1.1329305135951662,16.913231382978726,33.99470899470899
microsoft_phi-4,66.86339177226176,40.100671140939596,4.878500157360248,27.870090634441087,52.95046542553191,50.264550264550266
migtissera_Tess-3-Mistral-Nemo-12B,48.8456865127582,25.083892617449667,33.549980717828696,4.682779456193353,25.648271276595747,44.44444444444444
minghaowu_Qwen1.5-1.8B-OpenHermes-2.5,33.53584447144593,28.355704697986578,27.779735546128713,0.22658610271903326,17.918882978723406,35.18518518518518
mistral-community_Mixtral-8x22B-v0.1,38.0,33.0,31.66564417177914,15.428571428571427,36.0,35.333333333333336
mistralai_Codestral-22B-v0.1,50.876583926401665,29.86577181208054,57.71752283939946,8.761329305135952,31.55751329787234,41.7989417989418
mistralai_Mistral-7B-Instruct-v0.1,37.63235549383788,24.161073825503358,45.02298346165951,1.5105740181268883,23.8031914893617,38.095238095238095
mistralai_Mistral-7B-Instruct-v0.3,47.00572817219233,27.936241610738254,54.65254413844156,3.1722054380664653,30.751329787234045,37.301587301587304
mistralai_Mistral-7B-v0.3,45.113695538968926,,,,,
mistralai_Mistral-Large-Instruct-2411,67.00225655268183,43.70805369127517,84.00577135334247,1.1329305135951662,55.618351063829785,45.23809523809524
mistralai_Mistral-Nemo-Instruct-2407,48.758896024995664,31.543624161073826,62.61098330208292,0.3021148036253776,33.73503989361702,39.021164021164026
mistralai_Mistral-Small-Instruct-2409,51.570907828502,32.38255033557047,66.6975846310013,14.350453172205437,39.602726063829785,36.24338624338625
mistralai_Mixtral-8x22B-Instruct-v0.1,61.10050338482902,37.332214765100666,71.83584001560305,18.731117824773413,44.830452127659576,42.98941798941799
mistralai_Mixtral-8x22B-v0.1,62.33292831105711,37.58389261744966,25.826362939223486,16.842900302114806,46.392952127659576,40.34391534391534
mistralai_Mixtral-8x7B-v0.1,50.32112480472141,31.963087248322147,23.500755772461513,8.836858006042297,38.347739361702125,43.12169312169312
mkurman_llama-3.2-MEDIT-3B-o1,44.020135393160906,26.593959731543627,43.81651795015004,11.933534743202417,27.410239361702125,35.58201058201058
mkurman_phi-4-MedIT-11B-exp-1,53.879534802985596,30.11744966442953,59.476079025873574,7.250755287009064,38.24800531914894,38.35978835978836
mkxu_llama-3-8b-po1,49.435861829543484,29.697986577181208,40.81149128756145,7.02416918429003,35.621675531914896,37.96296296296296
mlabonne_BigQwen2.5-52B-Instruct,70.89047040444368,30.201342281879196,79.13480675718205,17.82477341389728,55.19448138297872,41.00529100529101
mlabonne_ChimeraLlama-3-8B-v2,50.35584099982642,28.523489932885905,44.68831589072549,8.308157099697885,35.68816489361702,37.83068783068783
mlabonne_OrpoLlama-3-8B,43.968061100503384,27.936241610738254,36.52752474545318,3.8519637462235647,27.05285904255319,35.714285714285715
mlabonne_phixtral-2x2_8,48.77625412254817,26.51006711409396,34.31184811854767,2.56797583081571,25.506981382978722,36.37566137566138
mlx-community_Josiefied-Qwen2.5-0.5B-Instruct-abliterated-v1-float32,32.82416247179309,25.75503355704698,33.68983186833158,1.0574018126888218,16.3813164893617,32.407407407407405
mlx-community_Mistral-Small-24B-Instruct-2501-bf16,66.9501822600243,39.51342281879195,62.82829558903708,29.531722054380666,53.94780585106383,46.164021164021165
mmnga_Llama-3-70B-japanese-suzume-vector-v0.1,65.19701440722096,28.60738255033557,46.48931501748693,24.244712990936556,52.24401595744681,41.269841269841265
mobiuslabsgmbh_DeepSeek-R1-ReDistill-Llama3-8B-v1.1,34.3169588613088,27.097315436241608,37.0396104558128,32.85498489425982,21.98304521276596,33.86243386243386
mobiuslabsgmbh_DeepSeek-R1-ReDistill-Qwen-7B-v1.1,36.69501822600243,26.51006711409396,34.73151238713281,34.96978851963746,23.262965425531913,39.94708994708995
monsterapi_Llama-3_1-8B-Instruct-orca-ORPO,28.328415205693457,24.916107382550333,22.72891483486039,0.0,11.67719414893617,34.39153439153439
monsterapi_gemma-2-2b-LoRA-MonsterInstruct,36.2263495920847,27.01342281879195,39.02545246612322,0.9818731117824773,19.872007978723406,36.37566137566138
mukaj_Llama-3.1-Hawkish-8B,48.6373893421281,29.026845637583893,67.20468357291985,4.45619335347432,33.31117021276596,39.55026455026455
natong19_Mistral-Nemo-Instruct-2407-abliterated,50.164901926748826,28.691275167785236,63.922392585007785,5.664652567975831,35.1811835106383,40.21164021164021
natong19_Qwen2-7B-Instruct-abliterated,55.1466759243187,30.11744966442953,58.36945970026197,10.27190332326284,38.42253989361702,40.21164021164021
nazimali_Mistral-Nemo-Kurdish-Instruct,46.74535670890471,28.27181208053691,49.63917959901949,0.4531722054380665,30.626662234042552,39.682539682539684
nbeerbower_Dumpling-Qwen2.5-1.5B,41.19076549210207,26.845637583892618,36.98963195432563,6.117824773413897,27.71775265957447,37.16931216931217
nbeerbower_Dumpling-Qwen2.5-14B,64.25967713938552,30.11744966442953,60.64010159709571,30.966767371601208,51.70378989361703,43.386243386243386
nbeerbower_Gemma2-Gutenberg-Doppel-9B,58.58357923971532,32.969798657718115,71.71094917042336,3.474320241691843,41.27327127659575,46.03174603174603
nbeerbower_Gutensuppe-mistral-nemo-12B,54.59121680263843,33.7248322147651,29.161070404305022,11.027190332326283,36.80186170212766,42.857142857142854
nbeerbower_Hermes2-Gutenberg2-Mistral-7B,49.487936122201006,28.942953020134226,37.214479802479644,5.664652567975831,29.928523936170215,46.164021164021165
nbeerbower_Llama-3.1-Nemotron-lorablated-70B,63.721576115257776,25.671140939597315,71.46615424850509,23.338368580060422,49.11070478723404,44.17989417989418
nbeerbower_Mahou-1.5-mistral-nemo-12B-lorablated,54.59121680263843,27.936241610738254,68.24880206740337,5.287009063444108,35.73803191489361,45.10582010582011
nbeerbower_Mistral-Gutenberg-Doppel-7B-FFT,40.704738760631834,28.355704697986578,57.16798095719358,2.492447129909366,27.28557180851064,40.476190476190474
nbeerbower_Mistral-Nemo-Moderne-12B-FFT-experimental,51.97014407220969,28.104026845637588,33.52249808286458,2.0392749244712993,34.54953457446808,37.03703703703704
nbeerbower_Mistral-Nemo-Prism-12B,54.41763582711335,30.788590604026844,68.58103166265509,5.211480362537765,35.812832446808514,46.164021164021165
nbeerbower_Mistral-Nemo-Prism-12B-v2,54.539142509980906,30.536912751677853,69.74006746543616,5.740181268882175,35.671542553191486,45.8994708994709
nbeerbower_Mistral-Small-Drummer-22B,57.75039055719493,34.31208053691275,63.312898664432595,16.691842900302113,40.949135638297875,40.60846560846561
nbeerbower_Mistral-Small-Gutenberg-Doppel-22B,58.35792397153272,34.64765100671141,48.93227746822875,19.486404833836858,41.24002659574468,39.682539682539684
nbeerbower_Qwen2.5-Gutenberg-Doppel-14B,63.652143725047736,33.30536912751678,80.90832324897937,0.0,49.210438829787236,40.87301587301587
nbeerbower_Stella-mistral-nemo-12B-v2,54.59121680263843,33.22147651006711,32.743121584063616,10.42296072507553,36.843417553191486,42.98941798941799
nbeerbower_gemma2-gutenberg-27B,37.840652664467974,27.265100671140942,29.470804133033685,0.0,19.822140957446805,37.16931216931217
nbeerbower_gemma2-gutenberg-9B,59.3820517271307,33.808724832214764,27.95948084416016,1.4350453172205437,41.921542553191486,45.8994708994709
nbeerbower_mistral-nemo-cc-12B,53.844818607880576,31.543624161073826,14.353249378316201,1.812688821752266,35.979055851063826,44.17989417989418
nbeerbower_mistral-nemo-gutenberg-12B-v3,54.29612914424579,31.45973154362416,21.827085466562057,4.607250755287009,36.44448138297872,44.44444444444444
nbeerbower_mistral-nemo-gutenberg2-12B-test,52.334664120812356,31.711409395973156,33.847192116916446,10.196374622356496,35.546875,41.53439153439153
nbeerbower_mistral-nemo-kartoffel-12B,54.46971011977087,30.453020134228186,70.31709198260616,5.438066465256798,35.846077127659576,46.42857142857143
nbeerbower_mistral-nemo-wissenschaft-12B,50.09546953653879,29.278523489932883,65.20133246452745,6.570996978851963,35.32247340425532,41.66666666666667
necva_IE-cont-Llama3.1-8B,28.762367644506163,26.006711409395972,20.490742341431844,0.0,11.668882978723403,35.714285714285715
neopolita_jessi-v0.1-bf16-falcon3-7b-instruct,54.78215587571602,30.285234899328863,75.27050448365891,34.44108761329305,39.23703457446808,48.148148148148145
neopolita_jessi-v0.1-qwen2.5-7b-instruct,53.98368338830064,32.969798657718115,62.81333528371389,25.528700906344408,43.118351063829785,42.857142857142854
neopolita_jessi-v0.2-falcon3-10b-instruct,61.812185384481865,32.88590604026846,77.68099753099553,20.241691842900302,43.54222074468085,42.72486772486773
neopolita_jessi-v0.2-falcon3-7b-instruct,53.098420413122724,31.711409395973156,57.707549302517315,18.65558912386707,39.045877659574465,44.70899470899471
netcat420_DeepSeek-R1-MFANN-TIES-unretrained-7b,30.60232598507204,25.503355704697988,25.86880587951081,0.7552870090634441,11.45279255319149,35.18518518518518
netcat420_MFANN-Llama3.1-Abliterated-SLERP-TIES-V3,49.0539836833883,29.697986577181208,42.38021782204551,7.552870090634441,34.89860372340425,37.301587301587304
netcat420_MFANN-Llama3.1-Abliterated-Slerp-TIES,49.62680090262107,29.194630872483224,42.93474647269245,5.966767371601208,35.31416223404255,36.77248677248677
netcat420_MFANN-Llama3.1-Abliterated-Slerp-V3.2,49.6962332928311,28.7751677852349,41.28113405763374,6.193353474320242,35.27260638297872,37.43386243386244
netcat420_MFANN-llama3.1-abliterated-v2,49.34907134178094,29.278523489932883,44.29114748866341,6.570996978851963,34.90691489361702,38.35978835978836
netcat420_MFANN-phigments-slerp-V3.3,48.58531504947058,27.516778523489933,36.90973284219206,2.56797583081571,28.02526595744681,38.88888888888889
netcat420_Qwen2.5-Coder-Scholar-7B-Abliterated-MFANN,50.251692414511375,29.278523489932883,57.42274941599401,6.495468277945619,31.565824468085108,40.476190476190474
netcat420_Qwen2.5-DeepSeek-R1-MFANN-Slerp-7b,37.59763929873286,23.23825503355705,26.75556412540947,0.22658610271903326,16.7719414893617,35.18518518518518
netcat420_qwen2.5-MFANN-7b-SLERPv1.1,50.32112480472141,29.026845637583893,65.88075196035408,15.93655589123867,34.48304521276596,41.13756613756614
newsbang_Homer-v1.0-Qwen2.5-72B,72.92136781808713,41.61073825503356,76.27716680629618,48.338368580060425,61.45279255319149,46.69312169312169
newsbang_Homer-v1.0-Qwen2.5-7B,56.292310362784235,32.21476510067114,63.927379353448856,30.362537764350456,45.34574468085106,42.72486772486773
nhyha_N3N_gemma-2-9b-it_20241110_2026,58.58357923971532,33.64093959731543,62.82829558903708,13.821752265861026,40.20113031914894,40.60846560846561
nhyha_merge_Qwen2.5-7B-Instruct_20241023_0314,55.3723311925013,32.13087248322148,56.94568190179834,21.978851963746223,45.42054521276596,42.46031746031746
nisten_franqwenstein-35b,66.1169935775039,40.35234899328859,37.986320740080764,30.28700906344411,57.30551861702128,49.338624338624335
nisten_tqwendo-36b,64.17288665162299,33.13758389261745,67.77672132164878,39.35045317220544,43.80817819148936,44.17989417989418
nlpguy_Mistral-NeMo-Minitron-Upscale-v3,30.220447838916854,25.922818791946305,14.120976786038822,0.0,11.710438829787234,40.87301587301587
noname0202_gemma-2-2b-it-ties,41.67679222357229,27.01342281879195,12.657083205893697,0.1510574018126888,25.606715425531917,39.15343915343915
noname0202_gemma-2-9b-sft-jp-en-zh-v1,45.13105363652144,30.70469798657718,29.880494864736672,2.643504531722054,31.25,40.74074074074074
noname0202_gemma-2-9b-sft-jp-en-zh-v2,44.87068217323381,28.7751677852349,39.93470657854493,2.56797583081571,36.75199468085106,36.11111111111111
noname0202_llama-math-1b-r16-0to512tokens-test,34.629404617253954,26.677852348993287,54.697535871487645,6.646525679758309,17.278922872340424,31.349206349206348
noname0202_llama-math-1b-r32-0to512tokens-test,34.664120812358966,26.51006711409396,56.82577782505973,6.722054380664652,17.6030585106383,32.01058201058201
noname0202_llama-math-1b-r32-test,34.64676271480646,26.174496644295303,58.19215237791282,6.268882175226587,17.810837765957448,31.48148148148148
notbdq_Qwen2.5-14B-Instruct-1M-GRPO-Reasoning,61.777469189376845,34.31208053691275,84.13564896696322,0.6797583081570997,48.49567819148936,41.66666666666667
nvidia_Mistral-NeMo-Minitron-8B-Base,52.59503558409998,31.45973154362416,19.456597383830456,4.305135951661631,37.824135638297875,41.4021164021164
oopere_Llama-FinSent-S,31.314007984724874,25.671140939597315,21.187670935340453,1.812688821752266,11.303191489361703,38.22751322751323
oopere_pruned20-llama-1b,30.029508765839264,25.0,19.936213690784896,0.3021148036253776,11.228390957446809,36.24338624338625
oopere_pruned20-llama-3.2-3b,32.35549383787537,26.593959731543627,17.887870849346402,0.5287009063444109,12.799202127659576,34.12698412698413
oopere_pruned40-llama-1b,29.31782676618643,24.328859060402685,22.843832143157933,0.0755287009063444,10.821143617021276,42.72486772486773
oopere_pruned40-llama-3.2-1B,29.45669154660649,25.419463087248324,22.66397602805002,0.8308157099697886,11.14527925531915,43.386243386243386
oopere_pruned60-llama-1b,29.66498871723659,24.916107382550333,18.285039251408485,0.0,11.727061170212766,40.74074074074074
orai-nlp_Llama-eus-8B,44.106925880923455,28.942953020134226,21.612321972366654,4.305135951661631,30.576795212765955,39.15343915343915
pankajmathur_orca_mini_phi-4,68.46033674709253,37.41610738255034,77.80588837617522,26.435045317220546,52.55152925531915,46.95767195767196
princeton-nlp_Llama-3-8B-ProLong-64k-Base,46.918937684429785,28.60738255033557,12.492298213185459,5.81570996978852,32.8623670212766,39.15343915343915
princeton-nlp_Llama-3-8B-ProLong-64k-Instruct,49.71359139038361,27.181208053691275,39.86478100329348,5.5135951661631415,32.13098404255319,41.53439153439153
princeton-nlp_Llama-3-Base-8B-SFT-DPO,46.554417635827114,31.04026845637584,41.111251479407976,2.56797583081571,30.784574468085108,38.62433862433862
princeton-nlp_Llama-3-Base-8B-SFT-IPO,46.78007290400972,29.78187919463087,44.86562321307464,1.2084592145015105,31.15026595744681,39.15343915343915
princeton-nlp_Llama-3-Base-8B-SFT-KTO,46.71064051379969,30.536912751677853,45.22533544329047,1.1329305135951662,30.543550531914892,38.35978835978836
princeton-nlp_Llama-3-Base-8B-SFT-ORPO,47.266099635479954,31.3758389261745,45.165383404921165,3.927492447129909,30.826130319148938,37.03703703703704
princeton-nlp_Llama-3-Base-8B-SFT-RDPO,46.43291095295955,30.620805369127517,44.80068440626427,3.7009063444108756,30.144614361702125,40.21164021164021
princeton-nlp_Llama-3-Base-8B-SFT-RRHF,44.99218885610137,30.536912751677853,33.57247658435174,2.8700906344410875,28.88962765957447,37.16931216931217
princeton-nlp_Llama-3-Base-8B-SFT-SLiC-HF,46.936295781982295,28.691275167785236,48.90479483326463,4.45619335347432,30.634973404255316,40.87301587301587
princeton-nlp_Llama-3-Instruct-8B-CPO-v0.2,50.164901926748826,26.090604026845636,75.05817896514581,9.894259818731117,37.0595079787234,36.11111111111111
princeton-nlp_Llama-3-Instruct-8B-DPO,49.78302378059365,27.181208053691275,67.57436934001781,3.3232628398791544,36.652260638297875,37.301587301587304
princeton-nlp_Llama-3-Instruct-8B-RDPO,50.234334316958865,28.27181208053691,66.60017642078574,2.1148036253776437,36.07047872340425,37.43386243386244
princeton-nlp_Llama-3-Instruct-8B-RRHF-v0.2,49.8871723659087,26.006711409395972,71.24884196155091,7.930513595166164,34.82380319148936,37.301587301587304
princeton-nlp_Llama-3-Instruct-8B-SimPO,48.25551119597292,29.36241610738255,65.03898544750152,2.2658610271903323,34.890292553191486,39.41798941798942
princeton-nlp_Mistral-7B-Base-SFT-CPO,43.63825724700573,29.194630872483224,46.549267055856234,2.416918429003021,26.512632978723406,40.60846560846561
princeton-nlp_Mistral-7B-Base-SFT-DPO,43.11751432043048,27.265100671140942,44.03383023710422,1.5861027190332326,26.454454787234045,41.13756613756614
princeton-nlp_Mistral-7B-Base-SFT-RDPO,43.93334490539837,27.768456375838923,46.064663980460736,1.9637462235649545,27.767619680851062,35.714285714285715
princeton-nlp_Mistral-7B-Base-SFT-SLiC-HF,44.002777295608404,29.194630872483224,51.272844940313924,2.9456193353474323,27.809175531914892,42.592592592592595
princeton-nlp_Mistral-7B-Base-SFT-SimPO,43.7944801249783,28.355704697986578,47.00638749628763,0.6042296072507553,27.019614361702125,39.682539682539684
princeton-nlp_Mistral-7B-Instruct-DPO,40.53115778510675,26.845637583892618,51.7624347841505,2.9456193353474323,27.48503989361702,38.22751322751323
princeton-nlp_Mistral-7B-Instruct-IPO,43.15223051553549,27.348993288590606,49.291989698444574,1.812688821752266,27.077792553191486,43.12169312169312
princeton-nlp_Mistral-7B-Instruct-KTO,41.38170456517965,27.348993288590606,49.07966417993147,2.3413897280966767,28.125,39.41798941798942
princeton-nlp_Mistral-7B-Instruct-SLiC-HF,40.37493490713418,27.265100671140942,51.15294086357531,1.5105740181268883,27.152593085106385,39.021164021164026
princeton-nlp_Sheared-LLaMA-1.3B,31.817392813747613,23.993288590604024,21.97702097102355,0.8308157099697886,11.710438829787234,37.03703703703704
princeton-nlp_gemma-2-9b-it-DPO,59.32997743447318,33.557046979865774,27.687203287277757,0.0,37.234042553191486,38.095238095238095
princeton-nlp_gemma-2-9b-it-SimPO,58.3232077764277,33.557046979865774,32.06857803960159,0.0,39.752327127659576,41.13756613756614
prithivMLmods_Galactic-Qwen-14B-Exp2,71.93195625759417,39.93288590604027,66.20300801872365,34.74320241691843,56.90658244680851,53.43915343915344
prithivMLmods_Llama-3.1-8B-Open-SFT,49.470578024648496,30.956375838926174,41.22616878770551,11.555891238670695,35.222739361702125,39.021164021164026
prithivMLmods_Llama-3.2-6B-AlgoCode,37.33726783544524,28.69127516778524,21.357553513566227,1.0574018126888218,17.977061170212767,40.07936507936508
prithivMLmods_Llama-Express.1-Math,33.36226349592085,26.34228187919463,50.843207134846644,5.0604229607250755,16.09873670212766,31.349206349206348
prithivMLmods_Magellanic-Qwen-25B-R999,25.70734247526471,25.083892617449667,18.727199386516663,0.5287009063444109,12.998670212765958,38.22751322751323
prithivMLmods_Phi-4-Empathetic,67.05433084533935,38.00335570469799,4.96593483069367,25.90634441087613,50.65658244680851,49.86772486772487
prithivMLmods_Phi-4-Math-IO,66.4988717236591,39.848993288590606,5.897684809638426,9.667673716012084,52.05285904255319,48.67724867724868
prithivMLmods_Phi-4-o1,66.67245269918418,38.25503355704698,2.8976449154908974,39.42598187311178,51.73703457446809,49.735449735449734
prithivMLmods_Phi4-Super,67.01961465023433,39.42953020134228,4.813561350549874,34.21450151057402,52.659574468085104,50.39682539682539
prithivMLmods_Primal-Opus-14B-Optimus-v1,64.06873806630793,37.24832214765101,50.13131823561483,33.23262839879154,52.59308510638297,48.41269841269841
prithivMLmods_Primal-Opus-14B-Optimus-v2,65.266446797431,39.177852348993284,64.03730989330532,42.06948640483384,54.222074468085104,48.94179894179894
prithivMLmods_Qwen2.5-14B-DeepSeek-R1-1M,61.360874848116644,39.51342281879195,35.57582769274414,40.78549848942598,49.1938164893617,52.64550264550265
qingy2019_LLaMa_3.2_3B_Catalysts,44.54087831973615,28.859060402684566,49.9239794855428,11.10271903323263,30.078125,37.83068783068783
qingy2019_OpenMath2-Llama3.1-8B,40.722096858184344,26.51006711409396,23.305939352030393,4.1540785498489425,15.533577127659576,34.25925925925926
qingy2019_Qwen2.5-Ultimate-14B-Instruct,58.166984898455134,35.65436241610738,39.380177927897975,28.02114803625378,49.293550531914896,41.269841269841265
qingy2024_QwEnlarge-16B-Instruct,59.191112654053114,33.30536912751678,78.01821389468832,45.996978851963746,44.75565159574468,40.87301587301587
qingy2024_Qwen2.5-4B,42.45790661343517,29.110738255033556,21.584839337402535,3.3232628398791544,25.24933510638298,46.03174603174603
qingy2024_Qwen2.5-Coder-Draft-1.5B-Instruct,38.1010241277556,26.006711409395972,41.25110262991086,0.5287009063444109,22.440159574468087,35.714285714285715
qingy2024_Qwen2.5-Math-14B-Instruct-Preview,62.76688074986981,34.060402684563755,78.25802204816554,0.0,49.933510638297875,41.00529100529101
qingy2024_Qwen2.6-14B-Instruct,63.75629231036278,37.919463087248324,58.10970447302047,26.73716012084592,52.85073138297872,45.63492063492063
qq8933_OpenLongCoT-Base-Gemma2-2B,30.775906960597116,26.25838926174497,19.65141380426158,0.0,13.15658244680851,32.142857142857146
rasyosef_Phi-1_5-Instruct-v0.1,30.932129838569693,26.006711409395972,24.022815019703277,0.0,15.616688829787234,34.12698412698413
rasyosef_phi-2-instruct-apo,44.08956778337094,27.01342281879195,31.459194936102875,0.0,21.550864361702125,33.33333333333333
recoilme_Gemma-2-Ataraxy-Gemmasutra-9B-slerp,59.72921367818087,33.053691275167786,76.48949232480928,1.7371601208459215,42.07114361702128,42.32804232804233
rhysjones_phi-2-orange-v2,47.50911300121506,26.174496644295303,36.69740732367895,0.0,25.324135638297875,36.24338624338625
riaz_FineLlama-3.1-8B,45.54764797778164,27.516778523489933,43.734070045257695,4.833836858006042,29.637632978723406,37.56613756613756
rombodawg_Rombos-Coder-V2.5-Qwen-14b,61.53445582364173,30.285234899328863,70.47445223119102,27.794561933534744,39.39494680851064,39.021164021164026
rombodawg_Rombos-LLM-V2.5-Qwen-0.5b,32.806804374240585,26.677852348993287,28.466690603155186,2.492447129909366,18.658577127659576,32.27513227513227
rombodawg_Rombos-LLM-V2.5-Qwen-14b,64.6241971879882,37.164429530201346,58.40447789642593,15.634441087613293,53.756648936170215,47.08994708994709
rombodawg_Rombos-LLM-V2.5-Qwen-32b,70.14407220968582,39.68120805369127,68.26631116548536,39.12386706948641,59.15890957446809,50.264550264550266
rombodawg_Rombos-LLM-V2.5.1-Qwen-3b,38.3093212983857,27.432885906040266,25.95125378440316,8.308157099697885,27.194148936170215,39.81481481481482
rombodawg_rombos_Replete-Coder-Llama3-8B,32.75473008158306,26.677852348993287,47.14125187834945,2.643504531722054,13.347739361702127,39.55026455026455
rsh345_mistral-ft-optimized-1218-NeuralHermes-2.5-Mistral-7B,51.50147543829197,30.285234899328863,38.91807071902552,7.250755287009064,30.535239361702125,46.69312169312169
sabersaleh_Llama2-7B-SimPO,34.577330324596424,27.097315436241608,16.58643510330368,0.7552870090634441,16.414561170212767,39.94708994708995
sabersaleh_Llama3,47.70005207429266,31.04026845637584,33.20777758569484,5.5135951661631415,31.6156914893617,39.285714285714285
sabersalehk_Llama3-001-300,47.318173928137476,29.949664429530205,31.78643776291351,4.682779456193353,31.58244680851064,40.60846560846561
sabersalehk_Llama3_01_300,46.78007290400972,30.788590604026844,29.588270234089993,4.45619335347432,31.241688829787233,40.60846560846561
sequelbox_Llama3.1-70B-PlumChat,67.47092518659954,39.177852348993284,55.67172879071973,29.45619335347432,51.66223404255319,47.75132275132275
sequelbox_Llama3.1-8B-MOTH,48.18607880576289,26.929530201342285,52.084690842520075,11.858006042296072,32.92885638297872,35.714285714285715
sequelbox_Llama3.1-8B-PlumCode,33.43169588613088,27.600671140939596,20.448299401144517,2.416918429003021,23.35438829787234,37.698412698412696
sequelbox_Llama3.1-8B-PlumMath,39.94098246832147,31.79530201342282,22.424167874572802,3.927492447129909,29.753989361702125,39.15343915343915
sethuiyer_Llama-3.1-8B-Experimental-1208-Instruct,49.57472660996355,29.61409395973154,60.999813827311534,8.38368580060423,35.1063829787234,37.83068783068783
sethuiyer_Llamaverse-3.1-8B-Instruct,54.07047387606318,29.110738255033556,61.85410266980501,18.429003021148034,35.231050531914896,37.56613756613756
sethuiyer_Qwen2.5-7B-Anvita,54.33084533935081,32.718120805369125,64.80416406246536,15.861027190332328,41.65558510638298,43.25396825396825
shastraai_Shastra-LLAMA2-Math-Commonsense-SFT,38.1010241277556,25.922818791946305,30.415076441619348,1.812688821752266,19.971742021276594,35.978835978835974
shivank21_mistral_dpo_self,31.90418330151015,24.07718120805369,34.0345837932242,1.9637462235649545,22.14095744680851,32.407407407407405
siqi00_Mistral-7B-DFT,46.45026905051207,30.453020134228186,55.68668909604294,3.7764350453172204,29.62932180851064,41.7989417989418
skymizer_Llama2-7b-sft-chat-custom-template-dpo,36.67766012844992,23.909395973154364,23.52823840742563,0.9818731117824773,19.464760638297875,44.17989417989418
someon98_qwen-CoMa-0.5b,29.248394375976396,23.993288590604024,22.76637100670665,0.0,10.987367021276597,40.34391534391534
sometimesanotion_Qwen2.5-14B-Vimarckoso-v2,65.31852109008852,38.25503355704698,45.05301488938239,35.04531722054381,53.79820478723404,48.148148148148145
sometimesanotion_Qwen2.5-14B-Vimarckoso-v3,64.01666377365041,38.00335570469799,72.56523801291684,34.44108761329305,53.43251329787234,48.01587301587302
sometimesanotion_Qwen2.5-14B-Vimarckoso-v3-IF-Variant,54.97309494879361,34.73154362416108,64.12973133507981,21.299093655589125,45.88597074468085,53.042328042328045
sometimesanotion_Qwen2.5-7B-Gordion-v0.1-Prose,55.667418850893945,32.04697986577181,53.47101246913745,28.92749244712991,45.25432180851064,44.97354497354497
sometimesanotion_Qwentessential-14B-v1,65.35323728519354,38.758389261744966,62.79083941719084,40.70996978851964,53.81482712765957,48.67724867724868
sometimesanotion_Qwentinuum-14B-v1,65.4747439680611,38.25503355704698,50.316161119163816,32.40181268882175,54.09740691489362,47.75132275132275
sometimesanotion_Qwentinuum-14B-v2,65.33587918764103,38.84228187919463,53.783294990624874,32.93051359516616,54.08909574468085,47.08994708994709
sometimesanotion_Qwentinuum-14B-v6,65.266446797431,38.6744966442953,63.04062110755019,33.8368580060423,53.99767287234043,48.94179894179894
sometimesanotion_Qwentinuum-14B-v7,65.2838048949835,39.09395973154363,61.092235269086025,33.383685800604226,54.09740691489362,48.148148148148145
sometimesanotion_Qwentinuum-14B-v8,65.17965630966846,38.33892617449665,54.115524585876585,34.13897280966767,54.12234042553191,48.67724867724868
sometimesanotion_Qwenvergence-14B-v0.6-004-model_stock,62.35028640860961,38.33892617449665,68.59854076073705,31.344410876132933,51.928191489361694,50.264550264550266
sometimesanotion_Qwenvergence-14B-v3,65.266446797431,38.422818791946305,50.4410519643435,34.818731117824775,53.86469414893617,48.80952380952381
sometimesanotion_Qwenvergence-14B-v3-Prose,64.93664294393334,39.51342281879195,49.17707239014704,35.57401812688822,53.69847074468085,49.338624338624335
sometimesanotion_Qwenvergence-14B-v3-Reason,65.40531157785107,38.6744966442953,53.66837768232734,32.40181268882175,53.94780585106383,47.354497354497354
sometimesanotion_Qwenvergence-14B-v8,65.14494011456344,38.08724832214765,59.13387589373973,35.57401812688822,54.3467420212766,47.61904761904761
sometimesanotion_Qwenvergence-14B-v9,61.447665335879186,36.828859060402685,65.98070896332841,39.50151057401813,51.105385638297875,51.32275132275132
spmurrayzzz_Mistral-Syndicate-7B,42.40583232077764,27.600671140939596,24.9595517670891,2.416918429003021,26.31316489361702,43.783068783068785
ssmits_Qwen2.5-95B-Instruct,70.05728172192327,36.40939597315436,84.31051831363006,6.042296072507553,52.16921542553191,42.72486772486773
suayptalha_DeepSeek-R1-Distill-Llama-3B,44.367297344211075,26.090604026845636,70.92658590318133,20.921450151057403,29.778922872340424,33.86243386243386
suayptalha_Komodo-Llama-3.2-3B-v2-fp16,43.39524388127061,27.768456375838923,63.405320106207085,6.268882175226587,28.523936170212767,33.99470899470899
sumink_Qwenftmodel,37.927443152230516,25.671140939597315,17.290899258412125,7.7039274924471295,23.387632978723406,36.11111111111111
sumink_bbhqwen,33.65735115431349,25.75503355704698,18.085236062536293,1.0574018126888218,16.165226063829788,43.386243386243386
sumink_bbhqwen2,30.185731643811835,26.25838926174497,15.329991090307052,0.6042296072507553,11.49434840425532,44.17989417989418
sumink_bbhqwen4,31.90418330151015,24.41275167785235,14.485675784695717,0.6042296072507553,15.093085106382977,40.21164021164021
sumink_bbhqwen5,28.6235028640861,26.006711409395972,15.215073782009512,0.22658610271903326,11.311502659574469,40.07936507936508
sumink_bbhqwen6,27.304287450095472,25.838926174496645,18.929551368147628,0.0755287009063444,11.527593085106384,35.714285714285715
synergetic_FrankenQwen2.5-14B,60.249956604756115,27.01342281879195,18.69472998311148,0.0,43.816489361702125,38.35978835978836
tangledgroup_tangled-llama-pints-1.5b-v0.1-instruct,31.07099461898976,23.993288590604024,15.090182936829835,0.0755287009063444,11.087101063829788,37.56613756613756
tanliboy_lambda-qwen2.5-14b-dpo-test,63.70421801770526,36.241610738255034,82.31215397367873,0.0,48.479055851063826,42.46031746031746
tanliboy_lambda-qwen2.5-32b-dpo-test,67.19319562575942,35.65436241610738,80.83839767372794,0.0,56.565824468085104,42.592592592592595
tensopolis_falcon3-10b-tensopolis-v1,60.249956604756115,32.88590604026846,58.53435551004667,20.01510574018127,43.08510638297872,39.021164021164026
tensopolis_mistral-small-2501-tensopolis-v1,64.43325811491061,35.738255033557046,77.62104549262622,44.41087613293052,44.64760638297872,42.72486772486773
tensopolis_phi-4-tensopolis-v1,68.65127582017011,35.151006711409394,68.52107962428579,45.31722054380665,53.24966755319149,40.87301587301587
tensopolis_qwen2.5-14b-tensopolis-v1,63.30498177399757,31.963087248322147,82.18227636005798,2.56797583081571,47.672872340425535,40.476190476190474
tensopolis_qwen2.5-7b-tensopolis-v1,52.47352890123243,29.446308724832214,74.14892485272411,38.14199395770393,40.6748670212766,41.00529100529101
theo77186_Qwen2.5-Coder-7B-Instruct-20241106,49.800381878146155,29.194630872483224,61.01477413263474,3.3987915407854987,33.527260638297875,40.60846560846561
theprint_CleverBoi-Llama-3.1-8B-Instruct,45.49557368512411,30.033557046979865,16.816269719898756,2.416918429003021,30.751329787234045,40.07936507936508
theprint_CleverBoi-Llama-3.1-8B-v2,46.43291095295955,28.60738255033557,19.613957632415325,4.45619335347432,31.881648936170215,37.301587301587304
theprint_ReWiz-Llama-3.1-8B-v2,46.08574900190939,30.285234899328863,23.73059038905659,4.531722054380665,33.10339095744681,38.095238095238095
thomas-yanxin_XinYuan-Qwen2-1_5B,36.17427529942718,27.01342281879195,29.85556102253133,6.117824773413897,23.570478723404257,36.24338624338625
tianyil1_MistralForCausalLM_Cal_DPO,43.46467627148065,27.600671140939596,53.06387053019323,2.8700906344410875,27.63464095744681,39.682539682539684
tiiuae_Falcon3-10B-Base,59.26054504426315,34.56375838926174,36.47754624396601,24.773413897280967,42.40359042553192,43.91534391534391
tiiuae_Falcon3-1B-Instruct,37.18104495747266,26.677852348993287,55.566785019304334,1.283987915407855,18.3843085106383,41.7989417989418
tiiuae_Falcon3-3B-Base,43.91598680784586,29.697986577181208,27.64985793250797,11.858006042296072,28.789893617021278,37.43386243386244
tiiuae_Falcon3-7B-Instruct,55.979864606839094,31.04026845637584,76.12479332615239,31.87311178247734,40.87433510638298,48.148148148148145
tiiuae_Falcon3-Mamba-7B-Instruct,46.537059538274605,30.369127516778523,71.65099713205406,27.26586102719033,33.69348404255319,38.62433862433862
tiiuae_falcon-11B,43.620899149453216,27.097315436241608,32.613243970442866,2.3413897280966767,23.894614361702125,39.81481481481482
tiiuae_falcon-40b,40.09720534629405,27.348993288590606,24.964538535530174,1.3595166163141994,25.049867021276594,36.24338624338625
tiiuae_falcon-mamba-7b,42.80506856448533,31.04026845637584,33.35760227307987,3.625377643504532,23.0219414893617,42.06349206349206
tinycompany_ShawtyIsBad-bgem3,38.239888908175665,30.536912751677853,26.08113139802391,4.833836858006042,25.831117021276594,36.904761904761905
tinycompany_ShawtyIsBad-e5-large,38.44818607880576,30.201342281879196,24.682287441765627,4.531722054380665,25.689827127659576,37.16931216931217
tinycompany_ShawtyIsBad-nomic1.5,38.41346988370075,31.1241610738255,25.43916807404354,4.305135951661631,25.673204787234045,36.24338624338625
tugstugi_Qwen2.5-7B-Instruct-QwQ-v0.1,50.859225828849155,26.845637583892618,60.17300761978217,14.577039274924472,40.80784574468085,37.83068783068783
unsloth_Llama-3.2-1B-Instruct-no-system-message,35.13278944627668,27.265100671140942,56.498534998249085,3.474320241691843,16.68882978723404,33.33333333333333
unsloth_phi-4-unsloth-bnb-4bit,67.69658045478215,33.64093959731543,67.93906833867472,20.01510574018127,52.85904255319149,40.21164021164021
uukuguy_speechless-code-mistral-7b-v1.0,45.40878319736157,28.439597315436245,36.652415590632856,4.607250755287009,31.457779255319153,44.97354497354497
uukuguy_speechless-instruct-mistral-7b-v0.2,45.98160041659434,28.187919463087248,32.613243970442866,4.380664652567976,29.022606382978722,48.94179894179894
uukuguy_speechless-llama2-hermes-orca-platypus-wizardlm-13b,48.18607880576289,27.01342281879195,45.61751707691148,1.4350453172205437,25.590093085106385,46.42857142857143
v000000_Qwen2.5-14B-Gutenberg-1e-Delta,63.82572470057282,32.88590604026846,80.45120280854799,0.0,49.30186170212766,40.60846560846561
v000000_Qwen2.5-Lumen-14B,63.721576115257776,32.802013422818796,80.63604569209697,0.0,49.02759308510639,41.00529100529101
vhab10_Llama-3.1-8B-Base-Instruct-SLERP,50.39055719493144,29.61409395973154,29.0711977552893,10.498489425981873,36.21176861702128,40.07936507936508
vhab10_Llama-3.2-Instruct-3B-TIES,43.32581149106058,26.929530201342285,47.27367828472896,9.592145015105741,29.15558510638298,34.92063492063492
vhab10_llama-3-8b-merged-linear,49.19284846380837,29.949664429530205,59.16634529714491,7.175226586102719,37.042885638297875,41.7989417989418
vicgalle_Configurable-Hermes-2-Pro-Llama-3-8B,50.147543829196316,29.697986577181208,57.62510139762497,5.966767371601208,30.975731382978722,41.7989417989418
vicgalle_Humanish-RP-Llama-3.1-8B,50.84186773129665,28.691275167785236,66.69259786256023,13.670694864048338,34.765625,39.41798941798942
vicgalle_Roleplay-Llama-3-8B,49.95660475611873,26.090604026845636,73.20221456845614,8.685800604229607,37.0844414893617,35.18518518518518
vonjack_Qwen2.5-Coder-0.5B-Merged,30.411386911994448,25.335570469798657,30.997087727230415,0.0,12.017952127659575,32.93650793650794
wave-on-discord_qwent-7b,42.26696754035758,26.51006711409396,20.148539209297997,0.0,16.03224734042553,38.095238095238095
weathermanj_Menda-3b-Optim-100,47.10987675750738,28.942953020134226,63.98234462337709,37.160120845921455,34.60771276595745,39.81481481481482
win10_EVA-Norns-Qwen2.5-v0.1,50.26905051206387,28.523489932885905,62.19630580193885,15.483383685800604,34.250332446808514,40.34391534391534
win10_Norns-Qwen2.5-12B,45.77330324596424,28.355704697986578,48.969733640075,0.4531722054380665,26.60405585106383,35.44973544973545
win10_Norns-Qwen2.5-7B,50.28640860961639,28.439597315436245,61.22211288270678,15.55891238670695,34.133976063829785,40.74074074074074
win10_Qwen2.5-2B-Instruct,36.66030203089741,26.76174496644295,22.72891483486039,0.1510574018126888,19.340093085106382,43.65079365079365
wzhouad_gemma-2-9b-it-WPO-HB,56.2228779725742,34.98322147651007,54.37029304467702,0.0,33.602061170212764,36.64021164021164
x0000001_Deepseek-Lumen-R1-Qwen2.5-14B,45.58236417288665,28.523489932885905,44.36107306391486,0.1510574018126888,43.791555851063826,47.22222222222222
xinchen9_Llama3.1_8B_Instruct_CoT,44.90539836833883,30.369127516778523,30.03286834488047,4.607250755287009,29.837101063829785,40.476190476190474
xinchen9_Llama3.1_CoT_V1,43.7771220274258,27.936241610738254,24.52991396162183,1.2084592145015105,28.050199468085108,45.63492063492063
xinchen9_Mistral-7B-CoT,38.500260371463284,24.916107382550333,27.98707429620075,1.812688821752266,22.83909574468085,39.81481481481482
xkp24_Llama-3-8B-Instruct-SPPO-Iter2_gp_2b-table,49.366429439333444,25.922818791946305,65.68593553992297,5.966767371601208,37.017952127659576,35.84656084656085
xkp24_Llama-3-8B-Instruct-SPPO-Iter2_gp_8b-table,49.92188856101371,25.922818791946305,66.20799478716472,6.948640483383686,35.99567819148936,37.96296296296296
xkp24_Llama-3-8B-Instruct-SPPO-score-Iter2_gp_8b-table-0.002,49.38378753688596,26.006711409395972,64.53188650558297,6.419939577039275,35.29753989361702,39.285714285714285
xukp20_Llama-3-8B-Instruct-SPPO-Iter3_bt_2b-table,48.8456865127582,25.922818791946305,57.5601625908146,7.552870090634441,36.58577127659575,36.507936507936506
xukp20_Llama-3-8B-Instruct-SPPO-Iter3_bt_8b-table,50.77243534108662,25.922818791946305,70.34457461757026,7.7039274924471295,36.92652925531915,37.301587301587304
xukp20_Llama-3-8B-Instruct-SPPO-Iter3_gp_2b-table,49.487936122201006,25.922818791946305,60.23794642659255,8.006042296072508,36.57746010638298,36.64021164021164
yam-peleg_Hebrew-Mistral-7B,43.291095295955564,27.936241610738254,23.343395523876648,4.531722054380665,27.800864361702125,39.682539682539684
yfzp_Llama-3-8B-Instruct-SPPO-Iter1_bt_2b-table,49.6788751952786,25.922818791946305,67.08976626462231,6.873111782477341,37.1592420212766,37.16931216931217
yfzp_Llama-3-8B-Instruct-SPPO-Iter1_bt_8b-table,50.68564485332408,26.006711409395972,73.32710541363582,9.06344410876133,37.483377659574465,37.96296296296296
yfzp_Llama-3-8B-Instruct-SPPO-Iter1_gp_2b-table,49.22756465891338,25.922818791946305,67.84664689690022,8.836858006042297,37.175864361702125,36.37566137566138
yfzp_Llama-3-8B-Instruct-SPPO-Iter1_gp_8b-table,50.1128276340913,25.922818791946305,71.31876753680235,8.610271903323262,36.82679521276596,37.03703703703704
yfzp_Llama-3-8B-Instruct-SPPO-score-Iter1_bt_2b-table-0.001,49.66151709772609,25.922818791946305,64.95653754260917,4.531722054380665,37.200797872340424,37.698412698412696
yfzp_Llama-3-8B-Instruct-SPPO-score-Iter1_gp_2b-table-0.001,49.401145634438464,25.922818791946305,65.04397221594257,6.722054380664652,37.02626329787234,36.507936507936506
yfzp_Llama-3-8B-Instruct-SPPO-score-Iter1_gp_8b-table-0.002,49.74830758548863,25.922818791946305,70.15973173402128,6.570996978851963,36.6938164893617,37.698412698412696
yifAI_Llama-3-8B-Instruct-SPPO-score-Iter3_gp_8b-table-0.002,49.00190939073077,26.174496644295303,64.89658550423987,6.193353474320242,35.197805851063826,38.88888888888889
ymcki_gemma-2-2b-ORPO-jpn-it-abliterated-18,41.2601978823121,27.181208053691275,46.85401401614383,0.0,24.42652925531915,36.507936507936506
ymcki_gemma-2-2b-ORPO-jpn-it-abliterated-18-merge,38.15309842041312,28.187919463087248,47.256169186646986,2.492447129909366,24.509640957446805,33.06878306878307
ymcki_gemma-2-2b-jpn-it-abliterated-17,29.126887693108834,25.922818791946305,0.0,0.0,11.67719414893617,33.730158730158735
ymcki_gemma-2-2b-jpn-it-abliterated-17-18-24,37.823294566915465,28.104026845637588,50.5484337114412,0.0,22.82247340425532,34.92063492063492
ymcki_gemma-2-2b-jpn-it-abliterated-17-ORPO-alpaca,40.56587398021177,26.929530201342285,30.647349033896727,0.0755287009063444,22.49002659574468,39.55026455026455
yuvraj17_Llama3-8B-SuperNova-Spectrum-Hermes-DPO,43.707689637215765,30.201342281879196,46.90897928607206,5.13595166163142,26.346409574468083,40.07936507936508
yuvraj17_Llama3-8B-SuperNova-Spectrum-dare_ties,45.77330324596424,27.516778523489933,40.12708502329375,7.401812688821751,35.73803191489361,42.06349206349206
yuvraj17_Llama3-8B-abliterated-Spectrum-slerp,49.487936122201006,30.11744966442953,28.84878788281759,5.287009063444108,32.571476063829785,39.94708994708995
zake7749_gemma-2-2b-it-chinese-kyara-dpo,42.35375802812012,26.677852348993287,53.82075116247114,6.117824773413897,25.731382978723406,45.63492063492063
zelk12_MT-Gen1-gemma-2-9B,60.89220621419892,34.64765100671141,78.86252920029965,12.084592145015106,43.80817819148936,42.06349206349206
zelk12_MT-Gen2-GI-gemma-2-9B,60.8401319215414,35.06711409395973,79.13979352562312,13.36858006042296,43.55884308510639,42.72486772486773
zelk12_MT-Gen2-gemma-2-9B,60.89220621419892,34.64765100671141,79.07485471881274,14.879154078549849,43.874667553191486,43.12169312169312
zelk12_MT-Gen3-gemma-2-9B,60.85749001909391,34.899328859060404,80.20142111818863,11.404833836858005,43.55884308510639,42.06349206349206
zelk12_MT-Gen6-gemma-2-9B,58.42735636174275,33.30536912751678,16.15668648075994,0.0,41.65558510638298,40.60846560846561
zelk12_MT-Gen7-gemma-2-9B,59.26054504426315,33.557046979865774,16.64128955615545,8.91238670694864,41.22340425531915,40.87301587301587
zelk12_MT-Merge-gemma-2-9B,61.08314528727652,34.81543624161073,80.35379459833243,11.933534743202417,43.61702127659575,42.46031746031746
zelk12_MT-Merge2-MU-gemma-2-MTg2MT1g2-9B,60.71862523867384,35.06711409395973,79.55945779420826,13.821752265861026,43.7250664893617,43.12169312169312
zelk12_MT-Merge4-gemma-2-9B,61.08314528727652,35.23489932885906,78.07317916461656,18.806646525679756,43.899601063829785,42.857142857142854
zelk12_MT-Merge6-gemma-2-9B,59.3820517271307,32.88590604026846,16.946036516443037,8.006042296072508,41.14860372340425,40.87301587301587
zelk12_MT1-Gen2-gemma-2-9B,60.85749001909391,35.23489932885906,79.83672211953173,11.329305135951662,43.55053191489361,42.72486772486773
zelk12_MT1-Gen5-gemma-2-9B,60.11109182433605,34.64765100671141,77.94828831943687,3.2477341389728096,42.22074468085106,41.7989417989418
zelk12_MT1-gemma-2-9B,60.99635479951397,34.56375838926174,79.46703635243378,13.36858006042296,43.57546542553192,43.12169312169312
zelk12_MT2-Gen1-gemma-2-9B,60.87484811664642,34.31208053691275,78.55778224001206,10.120845921450151,43.766622340425535,42.32804232804233
zelk12_MT2-Gen2-gemma-2-9B,60.78805762888388,34.64765100671141,78.89001183526376,14.803625377643503,43.88297872340425,42.592592592592595
zelk12_MT2-Gen3-gemma-2-9B,60.94428050685645,34.64765100671141,78.10066179958066,13.293051359516618,43.741688829787236,42.195767195767196
zelk12_MT2-Gen4-gemma-2-9B,60.85749001909391,34.56375838926174,78.95993741051521,8.308157099697885,43.209773936170215,41.13756613756614
zelk12_MT2-Gen5-gemma-2-9B,60.56240236070126,35.151006711409394,77.49116787900549,6.3444108761329305,43.0186170212766,42.32804232804233
zelk12_MT2-Gen6-gemma-2-9B,59.52091650755077,33.808724832214764,16.64128955615545,0.0,42.096077127659576,41.269841269841265
zelk12_MT2-Max-Merge_02012025163610-gemma-2-9B,60.961638604408954,35.151006711409394,79.01490268044344,16.993957703927492,43.90791223404255,42.195767195767196
zelk12_MT3-Gen1-gemma-2-9B,60.961638604408954,34.64765100671141,78.37792612490415,3.2477341389728096,43.267952127659576,41.4021164021164
zelk12_MT3-Gen2-gemma-2-9B,60.80541572643639,35.738255033557046,78.43289139483238,2.0392749244712993,43.32613031914894,41.00529100529101
zelk12_MT3-Gen3-gemma-2-9B,60.77069953133136,35.151006711409394,78.56276900845313,9.06344410876133,43.02692819148936,42.46031746031746
zelk12_MT3-Gen4-gemma-2-9B,60.92692240930394,34.73154362416108,77.37126380226687,20.468277945619334,43.874667553191486,44.70899470899471
zelk12_MT3-Gen5-gemma-2-9B,60.90956431175143,35.31879194630873,79.90166092634212,7.250755287009064,43.16821808510639,41.7989417989418
zelk12_MT3-Gen5-gemma-2-9B_v1,61.031070994618986,34.899328859060404,79.96161296471142,10.95166163141994,43.59208776595745,41.93121693121693
zelk12_MT3-Gen6-gemma-2-9B,60.09373372678355,34.31208053691275,17.615482475387527,8.836858006042297,41.023936170212764,41.13756613756614
zelk12_MT3-Max-Merge_02012025163610-gemma-2-9B,61.11786148238153,35.06711409395973,17.615482475387527,7.7039274924471295,43.89128989361702,42.46031746031746
zelk12_MT3-gemma-2-9B,61.20465197014408,34.47986577181208,77.86085364610345,9.441087613293051,43.267952127659576,42.32804232804233
zelk12_MT4-Gen2-gemma-2-9B,60.961638604408954,34.56375838926174,80.50616807847621,15.709969788519636,43.675199468085104,42.46031746031746
zelk12_MT4-Gen3-gemma-2-9B,60.753341433778864,34.395973154362416,78.40540875986825,15.105740181268882,43.80817819148936,42.32804232804233
zelk12_MT4-Gen5-gemma-2-9B,60.961638604408954,35.65436241610738,77.88833628106757,14.879154078549849,43.841422872340424,42.592592592592595
zelk12_MT4-gemma-2-9B,60.631834750911295,33.808724832214764,77.61605872418517,15.634441087613293,43.658577127659576,42.98941798941799
zelk12_MT5-Gen1-gemma-2-9B,61.01371289706648,34.73154362416108,78.31298731809378,6.873111782477341,43.683510638297875,41.93121693121693
zelk12_MT5-Gen2-gemma-2-9B,60.961638604408954,35.151006711409394,79.62439660101863,10.347432024169184,43.791555851063826,41.53439153439153
zelk12_MT5-Gen3-gemma-2-9B,60.78805762888388,35.151006711409394,78.25303527972447,11.555891238670695,43.75,42.195767195767196
zelk12_MT5-gemma-2-9B,61.01371289706648,34.31208053691275,80.4786854435121,8.610271903323262,43.66688829787234,41.93121693121693
zelk12_MTM-Merge-gemma-2-9B,61.22201006769657,35.48657718120805,77.98075772284206,16.61631419939577,43.88297872340425,42.592592592592595
zelk12_Rv0.4DMv1t0.25-gemma-2-9B,60.54504426314876,34.56375838926174,74.96575752337131,19.410876132930515,44.00764627659575,42.98941798941799
zelk12_Test01012025155054t0.5_gemma-2,27.87710466932824,24.161073825503358,15.55229014570229,0.0,10.904255319148938,36.64021164021164
zelk12_gemma-2-S2MTM-9B,60.56240236070126,34.56375838926174,78.22555264476034,4.003021148036254,42.96875,42.06349206349206
zelk12_recoilme-gemma-2-Gutenberg-Doppel-9B-v0.1,60.87484811664642,34.144295302013425,76.3046494412603,6.3444108761329305,43.15159574468085,42.98941798941799
zelk12_recoilme-gemma-2-Ifable-9B-v0.1,60.57976045825377,35.151006711409394,79.37960167910035,7.930513595166164,43.234707446808514,41.93121693121693
zelk12_recoilme-gemma-2-psy10k-mental_healt-9B-v0.1,59.74657177573338,34.395973154362416,74.4536718130117,16.46525679758308,41.805186170212764,42.857142857142854
zetasepic_Qwen2.5-32B-Instruct-abliterated-v2,69.0505120638778,36.74496644295302,83.34131216283905,0.0,56.21675531914894,43.386243386243386
zetasepic_Qwen2.5-72B-Instruct-abliterated,71.35913903836139,40.68791946308725,71.5261062868744,46.14803625377644,58.71841755319149,47.08994708994709
