model_dir,bbh_from_subtasks,BBH,abs_diff
0-hero_Matter-0.2-7B-DPO,35.96254301656297,10.055525080241036,25.90701793632193
01-ai_Yi-1.5-34B,59.76391706360017,42.74936268839652,17.014554375203645
01-ai_Yi-1.5-34B-32K,60.156857765424164,43.38184666762572,16.77501109779844
01-ai_Yi-1.5-34B-Chat,60.837483102718195,44.262825981005655,16.57465712171254
01-ai_Yi-1.5-34B-Chat-16K,61.00218256499572,44.53615654671034,16.466026018285383
01-ai_Yi-1.5-6B,44.88346218753918,22.027904536694773,22.855557650844407
01-ai_Yi-1.5-6B-Chat,45.54861043778055,23.67872313235784,21.86988730542271
01-ai_Yi-1.5-9B,51.4294179104191,30.50071699492122,20.928700915497878
01-ai_Yi-1.5-9B-32K,49.6332115988265,28.937011582169664,20.696200016656835
01-ai_Yi-1.5-9B-Chat,55.59064302816849,36.95293138417893,18.63771164398956
01-ai_Yi-1.5-9B-Chat-16K,51.53383364651778,31.49760894701832,20.036224699499456
01-ai_Yi-34B,54.570999517945616,35.542431259008794,19.028568258936822
01-ai_Yi-34B-200K,54.418179252895285,36.02211028900003,18.396068963895253
01-ai_Yi-34B-Chat,55.608729107661645,37.623987597243485,17.98474151041816
01-ai_Yi-6B,43.092305910008655,19.408504737915056,23.6838011720936
01-ai_Yi-6B-200K,42.89294810960331,20.148020103768047,22.744928005835263
01-ai_Yi-6B-Chat,41.32601920754869,17.00016656742376,24.32585264012493
01-ai_Yi-9B,49.39607512530807,27.62695611207793,21.769119013230142
01-ai_Yi-9B-200K,47.933026020236404,26.49249509714754,21.440530923088865
01-ai_Yi-Coder-9B-Chat,48.142000339111675,25.94315294491389,22.198847394197784
1-800-LLMs_Qwen-2.5-14B-Hindi,65.239015319562,49.32988995210337,15.909125367458628
1-800-LLMs_Qwen-2.5-14B-Hindi-Custom-Instruct,62.843227149675826,46.54015554088327,16.303071608792557
1024m_PHI-4-Hindi,67.10015642760666,52.46181381023763,14.638342617369034
1024m_QWEN-14B-B100,65.3271132679638,49.77664782103219,15.550465446931604
152334H_miqu-1-70b-sf,61.02361685099691,43.807147003691966,17.216469847304943
1TuanPham_T-VisStar-7B-v0.1,50.52203113352468,30.24383447882599,20.27819665469869
1TuanPham_T-VisStar-v0.1,50.52203113352468,30.24383447882599,20.27819665469869
3rd-Degree-Burn_L-3.1-Science-Writer-8B,50.41306326216103,29.19930078641656,21.21376247574447
3rd-Degree-Burn_Llama-3.1-8B-Squareroot,34.609423326328866,8.618063681935197,25.99135964439367
3rd-Degree-Burn_Llama-3.1-8B-Squareroot-v1,33.42770311925125,6.515144725982737,26.91255839326851
3rd-Degree-Burn_Llama-Squared-8B,44.31025683868353,21.277103190106818,23.03315364857671
4season_final_model_test_v2,63.42049783295018,47.410670136906425,16.009827696043757
AALF_FuseChat-Llama-3.1-8B-Instruct-preview,51.19887898349903,30.84806521622957,20.350813767269457
AALF_FuseChat-Llama-3.1-8B-SFT-preview,52.40303130445233,32.53678156315301,19.866249741299313
AALF_gemma-2-27b-it-SimPO-37K,39.113439179525336,15.307880971954305,23.805558207571032
AALF_gemma-2-27b-it-SimPO-37K-100steps,39.308230769885014,15.261078322847055,24.04715244703796
AELLM_gemma-2-aeria-infinity-9b,59.83336669577649,42.0902142313775,17.74315246439899
AELLM_gemma-2-lyco-infinity-9b,58.39534871023703,39.78753882674737,18.607809883489658
AGI-0_Art-v0-3B,33.98105601735286,8.029776912286984,25.95127910506588
AGI-0_Artificium-llama3.1-8B-001,42.56215022592355,19.34889807323965,23.213252152683904
AGI-0_smartllama3.1-8B-001,46.70178751086817,24.8577369132814,21.844050597586772
AI-MO_NuminaMath-7B-CoT,43.14193495860012,19.152364282090307,23.98957067650981
AI-MO_NuminaMath-7B-TIR,41.43691337589788,16.87354725795866,24.56336611793922
AI-Sweden-Models_Llama-3-8B-instruct,41.73460154515302,18.388095615027524,23.346505930125495
AI-Sweden-Models_gpt-sw3-40b,32.67744702957652,6.894934050796576,25.782512978779945
AI4free_Dhanishtha,34.03944494332637,7.93648440557281,26.102960537753564
AI4free_t2,29.10111436321769,2.133152068631521,26.96796229458617
AIDC-AI_Marco-o1,53.64362696398749,34.84254498655976,18.801081977427728
Aashraf995_Creative-7B-nerd,56.06785565640195,37.0801538173552,18.98770183904675
Aashraf995_Gemma-Evo-10B,60.443528975528814,43.42455936867185,17.018969606856963
Aashraf995_Qwen-Evo-7B,57.09361538590277,38.585326990506125,18.508288395396647
Aashraf995_QwenStock-14B,65.50130348108011,50.43389870716874,15.067404773911377
AbacusResearch_Jallabi-34B,60.233806031962644,43.61576498719506,16.618041044767587
Ahdoot_StructuredThinker-v0.3-MoreStructure,48.37690649489399,27.258541777802407,21.11836471709158
Ahdoot_Test_StealthThinker,46.46639813466629,25.366571749083093,21.0998263855832
AicoresSecurity_Cybernet-Sec-3B-R1-V0,44.97434194912941,22.32210586978715,22.65223607934226
AicoresSecurity_Cybernet-Sec-3B-R1-V0-Coder,44.77501104993748,22.65149321038919,22.123517839548292
AicoresSecurity_Cybernet-Sec-3B-R1-V1,42.82342020189216,19.125071594281845,23.698348607610317
AicoresSecurity_Cybernet-Sec-3B-R1-V1.1,43.91775517124728,20.43056853928926,23.487186631958018
Alepach_notHumpback-M0,29.001114363217688,1.2773603683897798,27.72375399482791
Alepach_notHumpback-M1,29.498007801214708,1.922946094565394,27.575061706649315
Alepach_notHumpback-M1-v2,27.756403984068335,1.2676708259061196,26.488733158162216
Alibaba-NLP_gte-Qwen2-7B-instruct,44.95144990818469,21.92548248566236,23.02596742252233
Alsebay_Qwen2.5-7B-test-novelist,51.512151844660515,30.417500036352997,21.094651808307518
Amaorynho_BBAI2006,27.04366990167133,1.6776683167876156,25.366001584883712
Amaorynho_BBAI270V4,30.712046736502824,3.006785000149223,27.705261736353602
Amaorynho_BBAIIFEV1,52.924620385605095,32.97465792285014,19.949962462754954
Amaorynho_BBAI_375,27.04366990167133,1.6776683167876156,25.366001584883712
Amu_t1-1.5B,40.07606984109216,15.17286027788074,24.903209563211423
Amu_t1-3B,39.989750143834385,15.248848632790676,24.74090151104371
ArliAI_ArliAI-RPMax-12B-v1.1,47.5181760840119,24.80906331793277,22.709112766079127
ArliAI_Llama-3.1-8B-ArliAI-RPMax-v1.1,50.15613456039082,28.787014099442825,21.369120460947993
Arthur-LAGACHERIE_Precis-1B-Instruct,32.23614510687368,6.06909792285563,26.16704718401805
Artples_L-MChat-7b,46.00330167467941,24.20155738881327,21.801744285866143
Artples_L-MChat-Small,48.22562766525727,26.856515500031357,21.369112165225914
Aryanne_QwentileSwap,70.08370136278447,57.67565555333628,12.40804580944819
Aryanne_SHBA,52.33174837035713,32.47770265291174,19.854045717445395
Aryanne_SuperHeart,52.15375046264326,31.893554212659296,20.260196249983963
AtAndDev_Qwen2.5-1.5B-continuous-learnt,42.57747085793333,19.53766599736009,23.039804860573238
AtAndDev_Qwen2.5-1.5B-continuous-learnt,42.57747085793333,19.76640880407865,22.811062053854677
Ateron_Glowing-Forest-12B,54.9176294722067,35.52548240518279,19.392147067023906
Ateron_Lotus-Magpic,52.53514950133299,32.65772737584173,19.877422125491258
Ateron_Way_of_MagPicaro,54.273868619467045,34.315941121704846,19.9579274977622
AuraIndustries_Aura-4B,44.90409465001946,22.64085672774061,22.26323792227885
AuraIndustries_Aura-8B,51.312314198490625,30.98134841070972,20.330965787780904
AuraIndustries_Aura-MoE-2x4B,43.38506704177467,20.61384808360901,22.771218958165658
AuraIndustries_Aura-MoE-2x4B-v2,43.152444292813605,20.801181076748463,22.351263216065142
Aurel9_testmerge-7b,51.895909191051295,32.79279332763635,19.103115863414942
Ayush-Singh_Llama1B-sft-2,28.342820421436798,1.2375708061002186,27.10524961533658
Azure99_Blossom-V6-14B,50.68726694646123,30.3528011952772,20.33446575118403
Azure99_Blossom-V6-7B,49.73668324088699,29.447521285247884,20.289161955639106
Azure99_blossom-v5-32b,59.54545257004672,42.883055884713976,16.662396685332745
Azure99_blossom-v5-llama3-8b,41.84909197087261,18.306535405618444,23.542556565254163
Azure99_blossom-v5.1-34b,61.07443429944494,44.14770458838461,16.926729711060325
Azure99_blossom-v5.1-9b,53.43292377916368,34.20124449031171,19.23167928885197
BAAI_Gemma2-9B-IT-Simpo-Infinity-Preference,59.794596642300554,42.19084405906616,17.603752583234396
BAAI_Infinity-Instruct-3M-0613-Llama3-70B,66.41614484348597,51.32716098252212,15.088983860963843
BAAI_Infinity-Instruct-3M-0613-Mistral-7B,49.582333763258895,28.992936470320583,20.589397292938312
BAAI_Infinity-Instruct-3M-0625-Llama3-70B,66.70337872930246,52.02816164280523,14.675217086497227
BAAI_Infinity-Instruct-3M-0625-Llama3-8B,49.54985723563076,28.9882222457564,20.56163498987436
BAAI_Infinity-Instruct-3M-0625-Mistral-7B,49.39670574681802,28.82328942958971,20.57341631722831
BAAI_Infinity-Instruct-3M-0625-Qwen2-7B,53.45911997776569,34.65682860864863,18.802291369117057
BAAI_Infinity-Instruct-3M-0625-Yi-1.5-9B,55.091151462473974,35.37870748220464,19.712443980269335
BAAI_Infinity-Instruct-7M-0729-Llama3_1-8B,50.77335431381055,30.88880460756557,19.88454970624498
BAAI_Infinity-Instruct-7M-0729-mistral-7B,49.63813586525743,28.697915491520025,20.940220373737407
BAAI_Infinity-Instruct-7M-Gen-Llama3_1-70B,66.9520046136747,52.49894685232329,14.45305776135141
BAAI_Infinity-Instruct-7M-Gen-Llama3_1-8B,50.77335431381055,30.88880460756557,19.88454970624498
BAAI_Infinity-Instruct-7M-Gen-mistral-7B,49.63813586525743,28.697915491520025,20.940220373737407
BAAI_OPI-Llama-3.1-8B-Instruct,35.51224419497604,9.76871171424153,25.743532480734512
BEE-spoke-data_Meta-Llama-3-8Bee,46.26364190575274,24.19903269979749,22.064609205955254
BEE-spoke-data_smol_llama-101M-GQA,30.17560771912554,3.1980040943527936,26.977603624772748
BEE-spoke-data_smol_llama-220M-GQA,30.316731388708956,3.03784275772053,27.278888630988426
BEE-spoke-data_smol_llama-220M-GQA-fineweb_edu,29.290517164510593,2.314902449149024,26.97561471536157
BEE-spoke-data_smol_llama-220M-openhermes,30.27519140192772,3.107692077087363,27.167499324840357
BEE-spoke-data_tFINE-900m-e16-d32-flan,30.280434847620608,4.411893932611097,25.86854091500951
BEE-spoke-data_tFINE-900m-e16-d32-flan-infinity-instruct-7m-T2T_en-1024,31.377863044975925,4.737018282627999,26.640844762347925
BEE-spoke-data_tFINE-900m-e16-d32-instruct_2e,31.345674638809022,5.013070335904381,26.33260430290464
BEE-spoke-data_tFINE-900m-instruct-orpo,30.220933767045093,3.267300577931774,26.95363318911332
BSC-LT_salamandra-7b,35.16612209885983,10.157421990520298,25.008700108339532
BSC-LT_salamandra-7b-instruct,38.51324290080956,14.688128545731288,23.82511435507827
Ba2han_Llama-Phi-3_DoRA,55.14558259029191,37.24916418079274,17.89641840949917
Baptiste-HUVELLE-10_LeTriomphant2.2_ECE_iLAB,72.5631995241462,61.61232489960707,10.950874624539132
BenevolenceMessiah_Qwen2.5-72B-2x-Instruct-TIES-v1.0,72.7311411382245,61.91149453060484,10.81964660761966
BenevolenceMessiah_Yi-Coder-9B-Chat-Instruct-TIES-MoE-v1.0,49.08666248538678,26.877991478721707,22.208671006665075
BlackBeenie_Bloslain-8B-v0.2,51.10879462535431,30.662901797340652,20.445892828013655
BlackBeenie_Llama-3.1-8B-OpenO1-SFT-v0.1,47.874483616049865,26.034289552808826,21.84019406324104
BlackBeenie_Llama-3.1-8B-pythonic-passthrough-merge,34.53848032699584,9.359904687487282,25.17857563950856
BlackBeenie_Neos-Gemma-2-9b,55.029751260488524,35.638851313766615,19.39089994672191
BlackBeenie_Neos-Llama-3.1-8B,44.24998411442879,21.080122945815933,23.169861168612858
BlackBeenie_Neos-Llama-3.1-base,29.303397468240515,2.2214471263806472,27.08195034185987
BlackBeenie_Neos-Phi-3-14B-v0.1,62.11931530444465,46.63138689861978,15.487928405824867
BlackBeenie_llama-3-luminous-merged,51.53924501559338,30.64368722878725,20.89555778680613
BlackBeenie_llama-3.1-8B-Galore-openassistant-guanaco,52.13365363748029,31.444704759068383,20.68894887841191
Bllossom_llama-3.2-Korean-Bllossom-AICA-5B,42.93074504152061,18.65022251208589,24.28052252943472
BoltMonkey_DreadMix,54.35097438362475,34.84501521605123,19.505959167573522
BoltMonkey_NeuralDaredevil-SuperNova-Lite-7B-DARETIES-abliterated,51.61677567076756,30.75990006920939,20.85687560155817
BoltMonkey_NeuralDaredevil-SuperNova-Lite-7B-DARETIES-abliterated,51.61677567076756,30.793784752659278,20.82299091810828
BoltMonkey_SuperNeuralDreadDevil-8b,52.86196012035721,32.61215762394777,20.249802496409437
BrainWave-ML_llama3.2-3B-maths-orpo,29.117781029884355,2.3470409575204094,26.770740072363946
BramVanroy_GEITje-7B-ultra,37.76161299730549,12.879913010035898,24.88169998726959
BramVanroy_fietje-2,40.35669517838619,15.603676192567876,24.753018985818315
BramVanroy_fietje-2-chat,41.49753717401998,17.718965848323496,23.778571325696486
BramVanroy_fietje-2-instruct,41.36071417302982,17.57247980884759,23.78823436418223
CYFRAGOVPL_Llama-PLLuM-8B-base,43.20448045814098,20.21873797779148,22.985742480349497
CYFRAGOVPL_Llama-PLLuM-8B-chat,40.77072253558958,16.279056764258215,24.491665771331363
CYFRAGOVPL_PLLuM-12B-base,43.90596143784448,21.240801542833136,22.665159895011346
CYFRAGOVPL_PLLuM-12B-chat,44.4580003330757,21.319737721095155,23.138262611980547
CYFRAGOVPL_PLLuM-12B-nc-base,42.767589675970015,19.387664951963902,23.379924724006113
CYFRAGOVPL_PLLuM-12B-nc-chat,45.76432831881546,23.008553823293614,22.755774495521845
CarrotAI_Llama-3.2-Rabbit-Ko-3B-Instruct,44.26719080820793,21.49731033280348,22.76988047540445
CarrotAI_Llama-3.2-Rabbit-Ko-3B-Instruct-2412,43.57724649824669,20.17567961421505,23.401566884031638
Casual-Autopsy_L3-Umbral-Mind-RP-v2.0-8B,52.62406145493724,32.48627762381486,20.137783831122384
CausalLM_14B,47.00462397700625,24.780942674518663,22.223681302487584
CausalLM_34b-beta,55.90996102136266,36.677226262739055,19.232734758623607
CausalLM_preview-1-hf,36.14567463880903,10.100940706274752,26.044733932534275
Changgil_K2S3-14b-v0.2,46.13311786298187,24.283946726650168,21.8491711363317
Changgil_K2S3-v0.1,46.55492067228615,24.559557672503782,21.99536299978237
ClaudioItaly_Albacus,51.13043406568835,31.63886474402479,19.491569321663558
ClaudioItaly_Book-Gut12B,54.17370194443233,34.63219258973313,19.5415093546992
ClaudioItaly_Evolutionstory-7B-v2.2,51.08043406568835,31.62386474402479,19.45656932166356
ClaudioItaly_intelligence-cod-rag-7b-v3,53.66339718839107,34.776158539494425,18.88723864889665
CohereForAI_aya-23-35B,53.99551450731271,34.85836046775463,19.137154039558084
CohereForAI_aya-23-8B,42.96161519220307,20.20376064673937,22.7578545454637
CohereForAI_aya-expanse-32b,56.48670099212114,38.70961143301418,17.77708955910696
CohereForAI_aya-expanse-8b,49.77203055736406,28.52348250428851,21.248548053075552
CohereForAI_c4ai-command-r-plus,58.154235740779306,39.91995423143177,18.23428150934754
CohereForAI_c4ai-command-r-plus-08-2024,59.95999913027183,42.83686540770696,17.123133722564873
CohereForAI_c4ai-command-r-v01,54.06415512767856,34.556659257058264,19.507495870620296
CohereForAI_c4ai-command-r7b-12-2024,55.026421518556354,36.0245641700103,19.001857348546054
Columbia-NLP_LION-Gemma-2b-dpo-v1.0,39.19956361320747,14.585976093815775,24.613587519391693
Columbia-NLP_LION-Gemma-2b-dpo-v1.0,39.19956361320747,14.243045647726928,24.956517965480536
Columbia-NLP_LION-Gemma-2b-odpo-v1.0,38.95836210706875,14.02392166541634,24.934440441652413
Columbia-NLP_LION-Gemma-2b-sft-v1.0,38.7877927616119,14.11717086360044,24.670621898011454
Columbia-NLP_LION-LLaMA-3-8b-dpo-v1.0,50.28481044452986,30.356398875749075,19.928411568780785
Columbia-NLP_LION-LLaMA-3-8b-odpo-v1.0,50.23929881802022,30.457173008350704,19.782125809669513
Columbia-NLP_LION-LLaMA-3-8b-sft-v1.0,50.87766443418147,30.88426036029,19.99340407389147
CombinHorizon_Josiefied-abliteratedV4-Qwen2.5-14B-Inst-BaseMerge-TIES,63.70093752306357,48.19594986631396,15.504987656749613
CombinHorizon_Rombos-Qwen2.5-7B-Inst-BaseMerge-TIES,54.02085849577634,34.954070231174235,19.066788264602103
CombinHorizon_YiSM-blossom5.1-34B-SLERP,62.075480936354275,46.39761279639615,15.677868139958122
CombinHorizon_huihui-ai-abliterated-Qwen2.5-32B-Inst-BaseMerge-TIES,69.29247082912529,56.04478184089901,13.24768898822628
CombinHorizon_huihui-ai-abliteratedV2-Qwen2.5-14B-Inst-BaseMerge-TIES,63.35891556421077,47.767346005909815,15.591569558300954
CombinHorizon_zetasepic-abliteratedV2-Qwen2.5-32B-Inst-BaseMerge-TIES,69.55174427138591,56.82740697772572,12.724337293660192
ContactDoctor_Bio-Medical-3B-CoT-012025,43.8315337642466,22.263528103895357,21.568005660351243
ContactDoctor_Bio-Medical-Llama-3-8B,48.6311802622738,26.195811296028182,22.43536896624562
CoolSpring_Qwen2-0.5B-Abyme,28.61834296481826,2.2764835705971893,26.34185939422107
CoolSpring_Qwen2-0.5B-Abyme-merge2,29.94272300913873,3.709041394335512,26.23368161480322
CoolSpring_Qwen2-0.5B-Abyme-merge3,30.031404525933674,4.301149162861492,25.73025536307218
Corianas_Neural-Mistral-7B,44.28023404192858,22.431162626805257,21.849071415123323
Corianas_Quokka_2.7b,30.55474937424842,3.1652676176883503,27.38948175656007
Corianas_llama-3-reactor,44.57148560545015,21.88855981925079,22.68292578619936
CortexLM_btlm-7b-base-v0.2,40.06411985841814,16.19327709708517,23.87084276133297
Cran-May_SCE-2-24B,62.64692798019763,46.32574571477496,16.32118226542267
Cran-May_SCE-3-24B,59.7283045074691,42.278564800296486,17.44973970717261
Cran-May_T.E-8.1,55.81754708123893,37.02437662584371,18.79317045539522
Cran-May_merge_model_20250308_2,65.8531107597446,50.99569841983836,14.857412339906233
Cran-May_merge_model_20250308_3,62.71459892225042,46.56854499584235,16.146053926408065
Cran-May_merge_model_20250308_4,66.6435217186487,52.02370667184541,14.61981504680329
Cran-May_tempmotacilla-cinerea-0308,65.88401264041515,50.59894860885105,15.285064031564097
CreitinGameplays_Llama-3.1-8B-R1-v0.1,30.574858655455127,3.2159805820764724,27.358878073378655
CultriX_Qwen2.5-14B-Broca,65.27145981540362,50.034411781701095,15.237048033702521
CultriX_Qwen2.5-14B-BrocaV9,63.913835852389845,48.05322494738571,15.860610905004137
CultriX_Qwen2.5-14B-Brocav3,64.52353476182755,49.04911178348141,15.47442297834614
CultriX_Qwen2.5-14B-Brocav6,63.88835266626555,47.81922480607394,16.069127860191607
CultriX_Qwen2.5-14B-Brocav7,64.44026981327184,48.90536078331687,15.534909029954967
CultriX_Qwen2.5-14B-Emerged,62.60033680703311,45.932419368684656,16.667917438348454
CultriX_Qwen2.5-14B-Emergedv3,61.90728411056029,44.731608242608615,17.175675867951675
CultriX_Qwen2.5-14B-FinalMerge,57.14945310011449,38.16247948342354,18.986973616690953
CultriX_Qwen2.5-14B-Hyper,65.07453346766107,49.75987937749839,15.314654090162676
CultriX_Qwen2.5-14B-HyperMarck-dl,60.96480033153928,43.78585928068085,17.178941050858427
CultriX_Qwen2.5-14B-Hyperionv3,65.22165609411941,49.95005488379496,15.271601210324448
CultriX_Qwen2.5-14B-Hyperionv4,64.71791978856551,49.07652018118392,15.641399607381587
CultriX_Qwen2.5-14B-Hyperionv5,64.4265785086055,48.948279827370094,15.478298681235408
CultriX_Qwen2.5-14B-MegaMerge-pt2,65.77703330510147,50.9079030473653,14.869130257736167
CultriX_Qwen2.5-14B-MergeStock,65.79336391923107,51.00939101332111,14.783972905909962
CultriX_Qwen2.5-14B-ReasoningMerge,65.78226399295218,50.867897804151305,14.914366188800877
CultriX_Qwen2.5-14B-Ultimav2,65.55027486976712,50.44105269414074,15.109222175626385
CultriX_Qwen2.5-14B-Unity,60.19955540977777,42.25861689291335,17.94093851686442
CultriX_Qwen2.5-14B-Wernicke,65.68359662501574,50.64287609242263,15.040720532593106
CultriX_Qwen2.5-14B-Wernicke-SFT,64.60586236565511,49.33057176327372,15.275290602381396
CultriX_Qwen2.5-14B-Wernicke-SLERP,64.40929009604598,49.372327095724025,15.036963000321954
CultriX_Qwen2.5-14B-Wernickev3,61.84146992839421,44.57627490618109,17.26519502221312
CultriX_Qwen2.5-14B-partialmergept1,61.511784062135355,44.5944042928325,16.917379769302855
CultriX_Qwenfinity-2.5-14B,56.55007271970033,37.259942422120695,19.290130297579637
CultriX_Qwestion-14B,64.5010473914054,48.75703449690036,15.744012894505033
CultriX_SeQwence-14B,65.05665291288972,50.16357763465521,14.893075278234505
CultriX_SeQwence-14B-EvolMerge,65.72183434723883,50.780351477179785,14.94148287005904
CultriX_SeQwence-14B-EvolMergev1,65.45547382762976,50.30225894842213,15.153214879207631
CultriX_SeQwence-14B-v5,65.17093605796944,49.99573116031767,15.175204897651774
CultriX_SeQwence-14Bv1,63.44673727103446,47.19089791628922,16.25583935474524
CultriX_SeQwence-14Bv2,63.04512627108577,46.52922387651957,16.515902394566197
CultriX_SeQwence-14Bv3,63.02253848409948,46.38536750450479,16.637170979594686
DRXD1000_Atlas-7B,33.021766977601345,7.540207541436388,25.481559436164957
DRXD1000_Phoenix-7B,39.31566034728218,15.620179664331877,23.695480682950304
DUAL-GPO_zephyr-7b-ipo-0k-15k-i1,44.727124475659544,22.65864266009636,22.068481815563185
DZgas_GIGABATEMAN-7B,50.32184342862755,29.827516654013998,20.494326774613555
Daemontatox_AetherDrake-SFT,48.72007550722026,27.13925232163005,21.58082318559021
Daemontatox_AetherSett,54.516244354654845,34.7441456018993,19.772098752755547
Daemontatox_AetherTOT,50.66056342472064,29.43639149563461,21.224171929086033
Daemontatox_AetherTOT,50.66056342472064,29.03185731417456,21.628706110546084
Daemontatox_AetherUncensored,44.63128280514495,21.678618361970496,22.952664443174452
Daemontatox_Cogito-MIS,50.59981143086196,29.075970117521223,21.52384131334074
Daemontatox_CogitoDistil,36.76766046141686,11.94875947902338,24.81890098239348
Daemontatox_CogitoZ,67.34487392645502,53.889571248021504,13.455302678433519
Daemontatox_CogitoZ14,62.97514788808327,46.47935186892328,16.49579601915999
Daemontatox_DocumentCogito,51.115637191112754,29.79360859597188,21.322028595140875
Daemontatox_DocumentCogito,51.115637191112754,31.184823044232704,19.93081414688005
Daemontatox_Llama3.3-70B-CogniLink,66.68327758293489,52.12466257626164,14.55861500667325
Daemontatox_Llama_cot,48.38374335391873,26.866582717626454,21.517160636292278
Daemontatox_MawaredT1,52.1481543929366,31.900788297617016,20.24736609531958
Daemontatox_Mini_QwQ,55.4898906584336,36.21028479375264,19.27960586468096
Daemontatox_NemoR,51.94067688446361,31.605520137148783,20.33515674731483
Daemontatox_PathFinderAI2.0,66.89757304687726,52.95651298557802,13.941060061299233
Daemontatox_PathFinderAi3.0,68.84221416328997,55.53835541644173,13.303858746848235
Daemontatox_PathfinderAI,66.67854331232542,52.64654733435329,14.031995977972123
Daemontatox_PathfinderAI,66.67854331232542,52.32216296509384,14.356380347231578
Daemontatox_Phi-4-COT,61.72933868833469,45.34299043065811,16.38634825767658
Daemontatox_PixelParse_AI,50.343076305339885,29.03185731417456,21.311218991165326
Daemontatox_RA2.0,48.88687006782508,28.471838145021334,20.415031922803745
Daemontatox_RA_Reasoner,60.536924172050334,43.07300777347365,17.463916398576686
Daemontatox_RA_Reasoner2.0,60.62469551969275,43.07006895743249,17.55462656226026
Daemontatox_ReasonTest,54.352639762160905,35.37503681384339,18.977602948317518
Daemontatox_Research_PathfinderAI,28.7225755504323,1.4263456550462994,27.296229895386
Daemontatox_SphinX,54.40583486084487,34.71245082713039,19.69338403371448
Daemontatox_Sphinx2.0,64.72839766715312,49.39675153748764,15.33164612966548
Daemontatox_TinySphinx,33.09840424087135,6.54657571552213,26.551828525349222
Daemontatox_TinySphinx2.0,31.68407073661037,5.004028710418718,26.68004202619165
Daemontatox_Zirel-7B-Math,54.47698777469486,34.93944104913604,19.53754672555882
Daemontatox_Zirel_1.5,39.84669254999634,15.082126333167832,24.76456621682851
Daemontatox_mini-Cogito-R1,32.80491875175077,6.038995128638223,26.765923623112545
Daemontatox_mini_Pathfinder,39.55691191080375,16.03002789836758,23.526884012436167
Dampfinchen_Llama-3.1-8B-Ultra-Instruct,52.575324522465735,32.49458680420566,20.080737718260075
Danielbrdz_Barcenas-10b,61.20828494270083,43.769694605609374,17.438590337091455
Danielbrdz_Barcenas-14b-Phi-3-medium-ORPO,64.45272589817267,51.029418403280296,13.423307494892377
Danielbrdz_Barcenas-14b-phi-4,67.69303819643072,53.25769202541582,14.4353461710149
Danielbrdz_Barcenas-14b-phi-4-v2,65.73002324945257,50.20692953827006,15.523093711182511
Danielbrdz_Barcenas-3b-GRPO,44.1435151751103,21.13661740394343,23.006897771166873
Danielbrdz_Barcenas-Llama3-8b-ORPO,49.865578559911235,28.600623499981847,21.264955059929388
Danielbrdz_Barcenas-R1-Qwen-1.5b,35.87201118739294,10.491260075913582,25.380751111479363
Dans-DiscountModels_12b-mn-dans-reasoning-test-2,48.0703331470414,26.108938446170427,21.961394700870976
Dans-DiscountModels_12b-mn-dans-reasoning-test-3,48.3887532899457,25.84864126816548,22.540112021780217
Dans-DiscountModels_Dans-Instruct-CoreCurriculum-12b-ChatML,52.44140792253768,26.046417064819565,26.394990857718113
Dans-DiscountModels_Dans-Instruct-Mix-8b-ChatML,47.38171816307924,26.33639354405325,21.04532461902599
Dans-DiscountModels_Dans-Instruct-Mix-8b-ChatML-V0.1.0,47.747656219777284,26.737651950701505,21.01000426907578
Dans-DiscountModels_Dans-Instruct-Mix-8b-ChatML-V0.1.1,47.486533137328976,26.412550636134668,21.07398250119431
Dans-DiscountModels_Dans-Instruct-Mix-8b-ChatML-V0.2.0,46.242635515034095,24.734770612245036,21.50786490278906
Dans-DiscountModels_Mistral-7b-v0.3-Test-E0.7,47.50220653053363,26.820762256757718,20.68144427377591
Dans-DiscountModels_mistral-7b-test-merged,48.76783601206864,28.94100499482477,19.826831017243872
Darkknight535_OpenCrystal-12B-L3,52.22598504945516,31.84449091545611,20.381494133999052
DavidAU_DeepHermes-3-Llama-3-8B-Preview-16.5B-Brainstorm,47.622319831146534,24.9087539518445,22.713565879302035
DavidAU_DeepSeek-BlackRoot-R1-Distill-Llama-3.1-8B,48.869386254508804,27.61664414777965,21.252742106729155
DavidAU_DeepSeek-Grand-Horror-SMB-R1-Distill-Llama-3.1-16B,44.87806269834672,22.777139438535443,22.100923259811275
DavidAU_DeepSeek-MOE-4X8B-R1-Distill-Llama-3.1-Deep-Thinker-Uncensored-24B,48.86033167097278,27.77355005218521,21.086781618787573
DavidAU_DeepSeek-MOE-4X8B-R1-Distill-Llama-3.1-Mad-Scientist-24B,47.693843531787735,25.61443384964336,22.079409682144377
DavidAU_DeepSeek-R1-Distill-Qwen-25.5B-Brainstorm,58.068959237185304,38.54849081746308,19.52046841972222
DavidAU_DeepSeek-V2-Grand-Horror-SMB-R1-Distill-Llama-3.1-Uncensored-16.5B,44.62383254083812,22.878424102179437,21.745408438658686
DavidAU_DeepThought-MOE-8X3B-R1-Llama-3.2-Reasoning-18B,42.32300476265338,18.810857392916517,23.512147369736866
DavidAU_Gemma-The-Writer-9B,59.05439384199537,41.272318662592205,17.782075179403165
DavidAU_Gemma-The-Writer-DEADLINE-10B,58.960879325354334,41.01919903629973,17.941680289054602
DavidAU_Gemma-The-Writer-J.GutenBerg-10B,59.094212658687674,41.15599097529756,17.93822168339011
DavidAU_Gemma-The-Writer-Mighty-Sword-9B,59.11959785635329,41.392610073884825,17.726987782468463
DavidAU_Gemma-The-Writer-N-Restless-Quill-10B-Uncensored,59.22294775018882,40.85009081777402,18.372856932414805
DavidAU_L3-DARKEST-PLANET-16.5B,52.30436906708896,31.776241491685315,20.528127575403648
DavidAU_L3-Dark-Planet-8B,50.84081453197788,29.78962694499553,21.051187586982348
DavidAU_L3-Jamet-12.2B-MK.V-Blackroot-Instruct,47.65717717789398,25.869793144697734,21.787384033196243
DavidAU_L3-Lumimaid-12.2B-v0.1-OAS-Instruct,46.930207579694674,24.504815583181397,22.425391996513277
DavidAU_L3-SMB-Instruct-12.2B-F32,47.86412360346212,26.130957088441544,21.733166515020574
DavidAU_L3-Stheno-Maid-Blackroot-Grand-HORROR-16B,47.36328900737678,26.692021341537863,20.671267665838915
DavidAU_L3-Stheno-v3.2-12.2B-Instruct,48.45980190500648,27.36962320894452,21.090178696061958
DavidAU_L3.1-Dark-Planet-SpinFire-Uncensored-8B,52.609101650370924,32.46178300050608,20.147318649864843
DavidAU_L3.1-MOE-2X8B-Deepseek-DeepHermes-e32-uncensored-abliterated-13.7B,44.20822344441436,21.197829273123396,23.01039417129096
DavidAU_Qwen2.5-MOE-2X1.5B-DeepSeek-Uncensored-Censored-4B,30.326053640004424,3.023581212338263,27.30247242766616
DavidAU_Qwen2.5-MOE-2X7B-DeepSeek-Abliterated-Censored-19B,35.92271876749917,10.870199077362608,25.052519690136563
DavidAU_Qwen2.5-MOE-6x1.5B-DeepSeek-Reasoning-e32,32.86177664063793,6.218964782807416,26.642811857830512
Davidsv_SUONG-1,28.17133908231881,1.8272424825748756,26.344096599743935
DavieLion_Llama-3.2-1B-SPIN-iter0,29.300816789978757,2.1008283750749497,27.199988414903807
DavieLion_Llama-3.2-1B-SPIN-iter0,29.300816789978757,2.330668557723352,26.970148232255404
DavieLion_Llama-3.2-1B-SPIN-iter1,29.402546232087918,2.433772217660189,26.96877401442773
DavieLion_Llama-3.2-1B-SPIN-iter2,29.803403037793117,3.1573429783229785,26.646060059470138
DavieLion_Llama-3.2-1B-SPIN-iter3,29.75227643802144,3.1395015434855087,26.61277489453593
DavieLion_Llama-3.2-1B-SPIN-iter3,29.75227643802144,3.02851385306557,26.72376258495587
DavieLion_Lllma-3.2-1B,29.646922685007233,2.4381228956228957,27.208799789384337
DebateLabKIT_Llama-3.1-Argunaut-1-8B-SFT,48.238301936695315,27.187826826803345,21.05047510989197
Deci_DeciLM-7B,44.228566674266496,21.252729791067395,22.9758368831991
Deci_DeciLM-7B-instruct,45.89748654047652,23.8871490441846,22.01033749629192
DeepAutoAI_Explore_Llama-3.1-8B-Inst,51.1742159482904,30.393262902042363,20.78095304624804
DeepAutoAI_Explore_Llama-3.2-1B-Inst,34.86457405131726,8.292273657131942,26.57230039418532
DeepAutoAI_Explore_Llama-3.2-1B-Inst_v0,33.650903200352715,7.042771972349901,26.608131228002815
DeepAutoAI_Explore_Llama-3.2-1B-Inst_v1,31.414752304436682,4.257780193079653,27.156972111357028
DeepAutoAI_Explore_Llama-3.2-1B-Inst_v1.1,31.287961837315837,8.818154144791238,22.469807692524597
DeepAutoAI_causal_gpt2,30.257073962835445,2.6333438399574587,27.623730122877987
DeepAutoAI_d2nwg_Llama-3.1-8B-Instruct-v0.0,50.80411642065981,30.51007603826353,20.29404038239628
DeepAutoAI_d2nwg_causal_gpt2,30.268984588252305,2.850573557678692,27.418411030573612
DeepAutoAI_d2nwg_causal_gpt2_v1,29.9189845882523,2.3872783507070148,27.531706237545286
DeepAutoAI_ldm_soup_Llama-3.1-8B-Inst,51.2116784464076,31.101628224178786,20.110050222228818
DeepAutoAI_ldm_soup_Llama-3.1-8B-Instruct-v0.0,51.25175335277464,31.162649496607862,20.08910385616678
DeepAutoAI_ldm_soup_Llama-3.1-8B-Instruct-v0.1,51.25175335277464,31.162649496607862,20.08910385616678
DeepMount00_Lexora-Lite-3B,48.73392373334519,28.43627869001684,20.29764504332835
DeepMount00_Lexora-Lite-3B_v2,48.11765475468315,27.16845176322372,20.94920299145943
DeepMount00_Lexora-Medium-7B,51.44844494250328,32.6953311808552,18.75311376164808
DeepMount00_Llama-3-8b-Ita,49.357650576146895,28.077745566893725,21.27990500925317
DeepMount00_Llama-3.1-8b-ITA,51.69995464792883,30.933181176860177,20.76677347106865
DeepMount00_Llama-3.1-Distilled,51.00875314179011,30.84142128641545,20.16733185537466
DeepMount00_Qwen2-1.5B-Ita,39.805765159128704,15.42299613137108,24.382769027757625
DeepMount00_Qwen2-1.5B-Ita_v2,39.53827803974795,15.106125348603843,24.432152691144108
DeepMount00_Qwen2-1.5B-Ita_v3,39.4847883720911,15.22652186012814,24.258266511962965
DeepMount00_Qwen2-1.5B-Ita_v5,40.32044328974542,16.487037607634196,23.833405682111223
DeepMount00_Qwen2-1.5B-Ita_v6,42.486081646897496,19.093803548070223,23.392278098827273
DeepMount00_Qwen2.5-7B-Instruct-MathCoder,29.98444769655102,2.636670587150039,27.34777710940098
DeepMount00_mergekit-ties-okvgjfz,29.98444769655102,2.636670587150039,27.34777710940098
Delta-Vector_Baldur-8B,53.05842954529679,32.54183409581636,20.516595449480427
Delta-Vector_Control-8B,50.41458754993735,29.15507782169402,21.25950972824333
Delta-Vector_Control-8B-V1.1,49.92840674854184,28.725850265520112,21.202556483021727
Delta-Vector_Darkens-8B,52.50590567372792,32.88379503743108,19.622110636296846
Delta-Vector_Henbane-7b-attempt2,50.61177974093075,30.865849451121655,19.745930289809095
Delta-Vector_Odin-9B,54.40253444823156,34.83242280758616,19.5701116406454
Delta-Vector_Tor-8B,52.09108776928992,31.73822449849867,20.35286327079125
DevQuasar_DevQuasar-R1-Uncensored-Llama-8B,51.17943836412089,30.22023823479265,20.95920012932824
Dongwei_DeepSeek-R1-Distill-Qwen-7B-GRPO,34.42567698186218,7.882702983365756,26.542973998496425
DoppelReflEx_L3-8B-R1-WolfCore,53.179465265334315,33.760104762918594,19.41936050241572
DoppelReflEx_L3-8B-R1-WolfCore-V1.5-test,53.14954163679548,33.45949833611522,19.690043300680266
DoppelReflEx_L3-8B-WolfCore,51.81980783946079,31.290072076092343,20.52973576336845
DoppelReflEx_MN-12B-FoxFrame-test,54.56376527271466,34.55981394889724,20.003951323817425
DoppelReflEx_MN-12B-FoxFrame2-test,54.84795753806021,34.99669953906846,19.85125799899175
DoppelReflEx_MN-12B-FoxFrame3-test,53.94764281718396,34.041185744792614,19.906457072391348
DoppelReflEx_MN-12B-Kakigori,54.15529337961274,34.3313471973429,19.823946182269843
DoppelReflEx_MN-12B-LilithFrame,49.44264226434413,27.49206445527077,21.95057780907336
DoppelReflEx_MN-12B-LilithFrame,49.44264226434413,27.65349780577308,21.78914445857105
DoppelReflEx_MN-12B-LilithFrame-Experiment-2,49.82672766561394,28.11118297022868,21.715544695385258
DoppelReflEx_MN-12B-LilithFrame-Experiment-3,54.68080647121653,34.998286324114495,19.682520147102032
DoppelReflEx_MN-12B-LilithFrame-Experiment-4,55.34370722864824,35.77765007970374,19.566057148944502
DoppelReflEx_MN-12B-Mimicore-GreenSnake,54.80509710089697,35.390600609410264,19.41449649148671
DoppelReflEx_MN-12B-Mimicore-Nocturne,57.033297734838264,38.39866772323549,18.634630011602773
DoppelReflEx_MN-12B-Mimicore-Orochi,54.97739464011499,35.28322975535459,19.694164884760397
DoppelReflEx_MN-12B-Mimicore-Orochi-v2-Experiment,53.22525988273211,32.77471060618407,20.45054927654804
DoppelReflEx_MN-12B-Mimicore-Orochi-v3-Experiment,54.37817873983797,34.569479663100296,19.808699076737675
DoppelReflEx_MN-12B-Mimicore-Orochi-v4-Experiment,54.62502212045214,35.29906847464648,19.325953645805654
DoppelReflEx_MN-12B-Mimicore-WhiteSnake,56.04605871844869,36.89971047715762,19.146348241291072
DoppelReflEx_MN-12B-Mimicore-WhiteSnake-v2-Experiment-1,48.65639520447804,27.07796440244996,21.578430802028077
DoppelReflEx_MN-12B-Mimicore-WhiteSnake-v2-Experiment-2,51.847487144073355,30.66571959351228,21.181767550561077
DoppelReflEx_MN-12B-Mimicore-WhiteSnake-v2-Experiment-3,48.117988104752584,26.321395450260827,21.796592654491757
DoppelReflEx_MN-12B-Mimicore-WhiteSnake-v2-Experiment-4,51.847487144073355,31.42294702518673,20.424540118886625
DoppelReflEx_MN-12B-Unleashed-Twilight,55.20627163174447,35.97610662338389,19.23016500836058
DoppelReflEx_MN-12B-WolFrame,51.1681287565329,29.991929835267143,21.176198921265758
DoppelReflEx_MiniusLight-24B,62.564610500335135,46.002968874248914,16.56164162608622
DoppelReflEx_MiniusLight-24B-test,63.33927323374534,46.95696642451458,16.382306809230755
DoppelReflEx_MiniusLight-24B-v1b-test,66.17145681113757,50.63814760323434,15.533309207903237
DoppelReflEx_MiniusLight-24B-v1c-test,67.5268165726839,52.84065809537824,14.68615847730566
DoppelReflEx_MiniusLight-24B-v1d-test,67.12025325276963,52.35844104160633,14.761812211163296
DreadPoor_Again-8B-Model_Stock,53.09801059970912,33.2594612268752,19.838549372833917
DreadPoor_Alita99-8B-LINEAR,54.417670955770895,35.00891825379863,19.40875270197226
DreadPoor_AnotherTest,46.834113564549334,25.197137506034824,21.63697605851451
DreadPoor_Aspire-8B-model_stock,52.78251846388996,32.534270073092834,20.248248390797123
DreadPoor_Aspire_1.3-8B_model-stock,53.016446065742116,32.66185070730422,20.354595358437898
DreadPoor_Aspire_V2-8B-Model_Stock,53.29650089428358,33.327406017534244,19.969094876749338
DreadPoor_Aspire_V2.1-8B-Model_Stock,52.363958108184846,32.18794456865431,20.176013539530537
DreadPoor_Aspire_V2_ALT-8B-Model_Stock,52.65819478728287,32.44516856104618,20.213026226236693
DreadPoor_Aspire_V2_ALT_ROW-8B-Model_Stock,52.65819478728287,32.44516856104618,20.213026226236693
DreadPoor_Aspire_V3-8B-Model_Stock,52.679587589719866,32.68368177507647,19.995905814643393
DreadPoor_Aspire_V4-8B-Model_Stock,53.140371615365055,33.20598944793845,19.934382167426605
DreadPoor_Aspire_V4_ALT-8B-Model_Stock,52.682325189440235,32.63543581177509,20.046889377665146
DreadPoor_Asymmetric_Linearity-8B-Model_Stock,54.6535755155883,35.4412470409656,19.2123284746227
DreadPoor_Aurora_faustus-8B-LINEAR,55.15538279425277,36.26348248348271,18.891900310770062
DreadPoor_Aurora_faustus-8B-LORABLATED,53.915961665565106,34.19993531370101,19.716026351864095
DreadPoor_Aurora_faustus-8B-LORABLATED_ALT,53.87670721191215,34.21152011815682,19.66518709375533
DreadPoor_Autumn_Dawn-8B-LINEAR,54.59436958014627,35.845555124121006,18.748814456025265
DreadPoor_BaeZel-8B-LINEAR,54.63800554321383,35.53537606986396,19.10262947334987
DreadPoor_BaeZel-8B-Model_Stock,54.07680550216924,34.643632940053415,19.43317256211583
DreadPoor_BaeZel_V2-8B-Model_Stock,53.73871612758611,34.4487493680143,19.28996675957181
DreadPoor_BaeZel_V2_ALT-8B-Model_Stock,53.73871612758611,34.4487493680143,19.28996675957181
DreadPoor_BaeZel_V3-8B-Model_Stock,53.92310767591349,34.408658796480346,19.514448879433147
DreadPoor_Blunt_Edge-8B-SLERP,53.894708636949396,34.14138253488904,19.753326102060356
DreadPoor_BulkUp,28.69860294769257,1.6612873090290492,27.03731563866352
DreadPoor_Cadence-8B-LINEAR,54.333585554501084,34.914380348862515,19.41920520563857
DreadPoor_Caelid-8B-Model_Stock,54.59605196913865,35.23706805025389,19.35898391888476
DreadPoor_Casuar-9B-Model_Stock,61.06681877306871,43.92726768312374,17.139551089944973
DreadPoor_Condensed_Milk-8B-Model_Stock,54.34864122121906,35.12062025244797,19.22802096877109
DreadPoor_CoolerCoder-8B-LINEAR,47.615048354965424,26.365382993394,21.249665361571424
DreadPoor_Damasteel-8B-LINEAR,53.88142176959776,34.10613777622061,19.775283993377144
DreadPoor_Dearly_Beloved-8B-TIES,40.49833102731906,16.671812993247975,23.826518034071086
DreadPoor_Decayed-8B-LINEAR,54.17014088773181,34.490500759556504,19.679640128175308
DreadPoor_Derivative-8B-Model_Stock,53.95493987763995,34.248821021284016,19.706118856355936
DreadPoor_Derivative_V2-8B-Model_Stock,53.92643954415269,34.49028104908971,19.436158495062983
DreadPoor_Derivative_V2_ALT-8B-Model_Stock,53.65351570462934,34.09335381950132,19.560161885128025
DreadPoor_Derivative_V3-8B-Model_Stock,52.4319745545524,32.42070195179438,20.01127260275802
DreadPoor_Elusive_Dragon_Heart-8B-LINEAR,54.56414280881591,35.31017141761393,19.25397139120198
DreadPoor_Emu_Eggs-9B-Model_Stock,60.516572135171664,42.783674159620205,17.73289797555146
DreadPoor_Eunoia_Vespera-8B-LINEAR,53.99310621081936,34.21610348917685,19.77700272164251
DreadPoor_Fu_sion_HA-8B-SLERP,53.728041970282725,34.05290214273217,19.675139827550552
DreadPoor_HOT_STINKING_GARBAGE,48.84000866161456,27.851418136508787,20.988590525105774
DreadPoor_H_the_eighth-8B-LINEAR,53.8375211430368,34.15424498998624,19.683276153050564
DreadPoor_Happy_New_Year-8B-Model_Stock,53.679138664574936,34.00006494069371,19.679073723881224
DreadPoor_Heart_Stolen-8B-Model_Stock,53.954437451866575,34.44482164620488,19.509615805661696
DreadPoor_Heart_Stolen-ALT-8B-Model_Stock,52.6338467747489,32.354424456472486,20.279422318276417
DreadPoor_Here_We_Go_Again-8B-SLERP,54.601824741818305,35.53148620432186,19.070338537496447
DreadPoor_Howdy-8B-LINEAR,53.83981582614435,34.22706196535763,19.612753860786725
DreadPoor_Incidental-8B-Model_Stock,54.520706128730204,35.15766080254052,19.363045326189685
DreadPoor_Irina-8B-model_stock,52.36638956084764,32.08833034979686,20.278059211050774
DreadPoor_Kindling-8B-Model_Stock,54.92054832931256,35.77883534009465,19.141712989217908
DreadPoor_L3.1-BaeZel-8B-Della,54.48449542185519,35.15745504522053,19.327040376634663
DreadPoor_Laughing_Stock-8B-Model_Stock,54.49429262155,34.93824337423678,19.556049247313226
DreadPoor_Lava_Lamp-8B-SLERP,53.67586873360172,33.802734199229576,19.87313453437214
DreadPoor_LemonP-8B-Model_Stock,54.39348074265457,35.371476735853804,19.022004006800763
DreadPoor_Lydia_of_Whiterun-8B-LINEAR,53.79527944750039,33.86908733681889,19.926192110681498
DreadPoor_Matryoshka-8B-LINEAR,54.44280006376177,35.110911704209016,19.331888359552757
DreadPoor_Mercury_In_Retrograde-8b-Model-Stock,53.90507664719518,34.38486477258895,19.520211874606233
DreadPoor_Minthy-8B-Model_Stock,53.529513196410136,34.17002969063864,19.359483505771493
DreadPoor_Minthy_ALT-8B-Model_Stock,53.748002025890464,34.16825686462601,19.579745161264455
DreadPoor_Minthy_V2-8B-Model_Stock,54.91095928821667,35.82274773153525,19.088211556681415
DreadPoor_Minus_Penus-8B-Model_Stock,53.43781571200969,33.57084078325773,19.866974928751958
DreadPoor_Morphing-8B-Model_Stock,53.969421729540876,34.452420920507734,19.517000809033142
DreadPoor_Not_Even_My_Final_Form-8B-Model_Stock,53.508497930074405,33.71901446820086,19.789483461873544
DreadPoor_Nother_One-8B-Model_Stock,52.0452760042548,31.92112823138842,20.124147772866383
DreadPoor_Noxis-8B-LINEAR,54.20956502068554,34.8222565522494,19.38730846843614
DreadPoor_Nullsworn-12B-LINEAR,54.830450266776076,35.51240857664764,19.31804169012844
DreadPoor_Nwah-8B-Model_Stock,53.84269019541996,34.11306781436337,19.729622381056593
DreadPoor_ONeil-model_stock-8B,55.48337982400763,36.4126125295027,19.070767294504925
DreadPoor_Oh_Boy-8B-LINEAR,53.75114406292552,34.14329045372282,19.6078536092027
DreadPoor_OrangeJ-8B-Model_Stock,54.13478053905039,35.15080738484264,18.983973154207746
DreadPoor_Promissum_Mane-8B-LINEAR,54.576843981467384,35.253190231117536,19.32365375034985
DreadPoor_Promissum_Mane-8B-LINEAR-lorablated,54.35183631990302,34.60910725048443,19.742729069418594
DreadPoor_RPMash-8B-Model_Stock,51.690882916755484,31.11259163110552,20.578291285649964
DreadPoor_RPMash_V3-8B-Model_Stock,52.17453397523113,31.99104716376097,20.183486811470157
DreadPoor_Rusted_Gold-8B-LINEAR,53.86646439313688,34.12086145705898,19.7456029360779
DreadPoor_Rusted_Platinum-8B-LINEAR,54.27868416987739,34.78573450204923,19.492949667828157
DreadPoor_Rusted_Platinum-8B-Model_Stock,52.428401480787656,32.36931288487491,20.059088595912748
DreadPoor_Sellen-8B-model_stock,52.31680557624704,31.3609793143707,20.955826261876343
DreadPoor_Something-8B-Model_Stock,53.950293704731955,34.539896807500135,19.41039689723182
DreadPoor_Spring_Dusk-8B-SCE,56.35271357931002,37.76481840522523,18.587895174084792
DreadPoor_Summer_Dawn-8B-SCE,53.911137541336096,34.62851818112923,19.282619360206866
DreadPoor_Summer_Dusk-8B-TIES,53.59662578395569,33.83081371910365,19.765812064852035
DreadPoor_Summer_Rain-8B-SCE,58.45948417986418,40.61854240395792,17.84094177590626
DreadPoor_Summer_Rain-8B-TIES,58.45948417986418,40.61854240395792,17.84094177590626
DreadPoor_Sun-8B-Model_Stock,52.635110144075824,32.954595045665,19.680515098410822
DreadPoor_Sweetened_Condensed_Milk-8B-Model_Stock,54.062876435222954,34.670888066076664,19.39198836914629
DreadPoor_TEST02-Ignore,56.01644306147606,37.13218783602701,18.884255225449053
DreadPoor_TEST03-ignore,53.83414134372179,34.38735467240193,19.446786671319856
DreadPoor_TEST06-ignore,55.09060880148441,35.92411184894727,19.166496952537138
DreadPoor_TEST07-ignore,55.61275711510344,36.88142926288663,18.731327852216815
DreadPoor_TEST08-ignore,54.53519655444978,35.35061865878467,19.184577895665115
DreadPoor_Trinas_Nectar-8B-model_stock,52.56123853406084,31.97509368554489,20.58614484851595
DreadPoor_UNTESTED-VENN_1.2-8B-Model_Stock,54.75027267486955,35.427098756489926,19.323173918379624
DreadPoor_VENN_1.2-8B-Model_Stock,54.588124863333334,35.12536864211717,19.462756221216168
DreadPoor_WIP-Acacia-8B-Model_Stock,51.94665568943516,31.162352922428383,20.78430276700678
DreadPoor_WIP_Damascus-8B-TIES,54.106729130708075,34.52230581565854,19.584423315049534
DreadPoor_Wannabe-8B-Model_Stock,53.89637944785704,34.278852846231906,19.617526601625137
DreadPoor_What_A_Thrill-8B-Model_Stock,53.1144904394377,32.94877726470522,20.16571317473248
DreadPoor_Winter-8B-SCE,52.617334903233825,32.53825480363242,20.079080099601406
DreadPoor_Winter_Dawn-8B-TIES,53.09416142154736,33.71410059102799,19.38006083051937
DreadPoor_Winter_Dusk-8B-TIES,49.51882158967103,28.22781538216536,21.291006207505667
DreadPoor_Winter_Night-8B-Model_Stock,51.84968441488284,31.604274148057367,20.24541026682547
DreadPoor_Yafune-8B-Model_Stock,54.66719512941253,35.2912300982616,19.375965031150926
DreadPoor_Yearn_V3-8B-Model_Stock,53.22019394938072,33.41239643429133,19.80779751508939
DreadPoor_ZEUS-8B-V17-Abliterated_ALT,52.31075970343642,32.2576119397764,20.053147763660014
DreadPoor_Zelus-8B-Model_Stock,53.070113986518386,33.05816146454601,20.011952521972376
DreadPoor_Zelus_V2-8B-Model_Stock,53.44816839912676,33.66407644966964,19.784091949457114
DreadPoor_felix_dies-mistral-7B-model_stock,49.00918073527423,28.890798050964488,20.11838268430974
DreadPoor_hakuchido-8B-MODEL_STOCK,53.98373390214104,34.575610505807134,19.408123396333906
DreadPoor_ichor-8B-Model_Stock,50.84222037759372,29.92236880007357,20.91985157752015
DreadPoor_ichor_1.1-8B-Model_Stock,52.80677706178389,32.6207492618971,20.186027799886787
DreadPoor_inexpertus-8B-Model_Stock,52.801904704680645,32.4633736795138,20.338531025166844
DreadPoor_inexpertus_1.1-8B-LINEAR,55.246388021675706,36.1991911954092,19.047196826266507
DreadPoor_inexpertus_1.2-8B-LINEAR,55.23440600721518,36.05652346278443,19.177882544430744
DreadPoor_mergekit-nuslerp-nqzkedi,53.61918366546249,34.09522783768477,19.52395582777772
DreadPoor_remember_to_breathe-8b-Model-Stock,54.11654435599922,34.67899076231628,19.437553593682935
DreadPoor_test,53.71873804638203,34.28751436834826,19.431223678033767
DreadPoor_test_ALT,53.70433315307738,33.986912493518574,19.717420659558805
DreadPoor_tests_pending-do_not_use_yet,54.07897873885027,34.6745089445582,19.40446979429207
EVA-UNIT-01_EVA-Qwen2.5-14B-v0.2,60.90237540046593,43.60784925797068,17.29452614249525
EVA-UNIT-01_EVA-Qwen2.5-72B-v0.2,70.88012228048761,59.0667326828602,11.813389597627413
Edgerunners_meta-llama-3-8b-instruct-hf-ortho-baukit-34fail-3000total-bf16,49.79908369885237,28.25639185977421,21.54269183907816
EleutherAI_gpt-j-6b,31.91044431037278,4.912818068323685,26.997626242049098
EleutherAI_gpt-neo-1.3B,30.392315869356405,3.024569180930987,27.36774668842542
EleutherAI_gpt-neo-125m,31.15156885791523,3.436738951426704,27.714829906488525
EleutherAI_gpt-neo-2.7B,31.39516033315253,4.178602667081014,27.216557666071516
EleutherAI_gpt-neox-20b,31.650380320877563,4.929114201526899,26.721266119350663
EleutherAI_pythia-1.4b,31.5042649740714,3.878989478987103,27.625275495084296
EleutherAI_pythia-12b,31.796539579353368,4.987531038290507,26.80900854106286
EleutherAI_pythia-160m,29.704374842413213,2.198832279508135,27.505542562905077
EleutherAI_pythia-1b,30.040930175643936,2.2939863995762866,27.74694377606765
EleutherAI_pythia-2.8b,32.24085936276087,5.077786161905462,27.16307320085541
EleutherAI_pythia-410m,30.2813387064426,2.7154281203357478,27.565910586106853
EleutherAI_pythia-6.9b,32.32287869322383,5.88163197981621,26.44124671340762
Enno-Ai_EnnoAi-Pro-French-Llama-3-8B-v0.4,40.749548893675595,16.875928374989595,23.873620518686
Enno-Ai_EnnoAi-Pro-Llama-3-8B,41.51575806137866,17.507545086854382,24.00821297452428
Enno-Ai_EnnoAi-Pro-Llama-3-8B-v0.3,41.00577461090639,16.668385554519382,24.33738905638701
Enno-Ai_EnnoAi-Pro-Llama-3.1-8B-v0.9,41.60272083619013,17.49829637438283,24.1044244618073
EnnoAi_EnnoAi-Pro-Llama-3.1-8B-v1.0,41.60272083619013,17.49829637438283,24.1044244618073
Epiculous_Azure_Dusk-v0.2,41.19721873553597,17.396414392379338,23.80080434315663
Epiculous_Crimson_Dawn-v0.2,44.82379648964543,21.68824851395527,23.135547975690162
Epiculous_NovaSpark,50.639586637683045,29.52691068844395,21.112675949239094
Epiculous_Violet_Twilight-v0.2,46.145524768458884,23.94053725590186,22.204987512557025
EpistemeAI2_Athene-codegemma-2-7b-it-alpaca-v1.2,41.75415446097843,18.971369774912947,22.78278468606548
EpistemeAI2_Fireball-12B-v1.2,50.18583230653281,29.776014226579218,20.40981807995359
EpistemeAI2_Fireball-Alpaca-Llama3.1-8B-Philos,49.775811926908816,29.259226071264724,20.51658585564409
EpistemeAI2_Fireball-Alpaca-Llama3.1.01-8B-Philos,49.56109231272791,28.628475325906475,20.932616986821433
EpistemeAI2_Fireball-Alpaca-Llama3.1.03-8B-Philos,49.50869933936327,27.99254879661235,21.516150542750918
EpistemeAI2_Fireball-Alpaca-Llama3.1.04-8B-Philos,49.300097124217764,27.963797525362725,21.33629959885504
EpistemeAI2_Fireball-Alpaca-Llama3.1.06-8B-Philos-dpo,48.80773053900923,27.207176615070413,21.600553923938815
EpistemeAI2_Fireball-Alpaca-Llama3.1.07-8B-Philos-Math,48.47020640542447,26.901201452028392,21.569004953396078
EpistemeAI2_Fireball-Alpaca-Llama3.1.08-8B-C-R1-KTO-Reflection,49.55305233431473,27.571611204577167,21.98144112973756
EpistemeAI2_Fireball-Alpaca-Llama3.1.08-8B-Philos-C-R1,48.27931104634334,26.76368521382555,21.515625832517788
EpistemeAI2_Fireball-Llama-3.1-8B-Philos-Reflection,48.97693552241443,27.76979570236311,21.20713982005132
EpistemeAI2_Fireball-MathMistral-Nemo-Base-2407-v2dpo,43.276373285682105,21.145528378150857,22.130844907531248
EpistemeAI2_Fireball-Meta-Llama-3.1-8B-Instruct-Agent-0.003-128K-code-math,48.075580310342055,26.74376716558517,21.331813144756886
EpistemeAI2_Fireball-Meta-Llama-3.1-8B-Instruct-Agent-0.005-128K-code-COT,47.908342833124415,26.400991557555106,21.50735127556931
EpistemeAI2_Fireball-Phi-3-medium-4k-inst-Philos,61.77842639287514,46.20887281141656,15.569553581458578
EpistemeAI_Alpaca-Llama3.1-8B,47.55260853974288,25.93522655511771,21.61738198462517
EpistemeAI_Athena-gemma-2-2b-it,42.642293591146,19.417817674461517,23.224475916684483
EpistemeAI_Athena-gemma-2-2b-it-Philos,37.94776879058674,13.212088152695856,24.735680637890887
EpistemeAI_Athene-codegemma-2-7b-it-alpaca-v1.3,43.31916189482215,20.87379456667128,22.445367328150873
EpistemeAI_DeepPhi-3.5-mini-instruct,28.822860667627488,1.667358455856632,27.155502211770855
EpistemeAI_DeepThinkers-Phi4,67.90415739665393,53.786668719353166,14.117488677300763
EpistemeAI_FineLlama3.1-8B-Instruct,45.573635384163325,23.506618815003453,22.067016569159872
EpistemeAI_Fireball-12B,51.10893652548262,30.666711502632054,20.442225022850565
EpistemeAI_Fireball-12B-v1.13a-philosophers,51.02697700597862,30.33623264030357,20.69074436567505
EpistemeAI_Fireball-Alpaca-Llama-3.1-8B-Philos-DPO-200,48.38398624677179,26.377774027551386,22.006212219220405
EpistemeAI_Fireball-Alpaca-Llama3.1.07-8B-Philos-Math-KTO-beta,48.648902139668465,26.897964171299805,21.75093796836866
EpistemeAI_Fireball-Alpaca-Llama3.1.08-8B-Philos-C-R2,49.32027479020209,28.24700927539328,21.07326551480881
EpistemeAI_Fireball-Meta-Llama-3.1-8B-Instruct-0.001-128K-auto,48.23644760491405,26.832966985874886,21.40348061903916
EpistemeAI_Fireball-Meta-Llama-3.1-8B-Instruct-Agent-0.003-128K,48.97319921686055,28.02516078188715,20.9480384349734
EpistemeAI_Fireball-Meta-Llama-3.1-8B-Instruct-Agent-0.003-128K-code,49.04191122627007,28.17188778217276,20.870023444097306
EpistemeAI_Fireball-Meta-Llama-3.1-8B-Instruct-Agent-0.003-128K-code-ds,46.68070143164938,24.46265416899608,22.2180472626533
EpistemeAI_Fireball-Meta-Llama-3.1-8B-Instruct-Agent-0.003-128K-code-ds-auto,46.344345381400494,24.58673708035273,21.757608301047764
EpistemeAI_Fireball-Meta-Llama-3.1-8B-Instruct-Agent-0.003-128K-code-ds-auto,46.344345381400494,23.544253406580115,22.80009197482038
EpistemeAI_Fireball-Meta-Llama-3.1-8B-Instruct-Agent-0.004-128K-code-COT,47.60520079608935,25.82086537586569,21.78433542022366
EpistemeAI_Fireball-Meta-Llama-3.1-8B-Instruct-Agent-0.004-128K-code-ds-auto,48.17795525811035,26.45205960447092,21.72589565363943
EpistemeAI_Fireball-Meta-Llama-3.1-8B-Instruct-Math,49.829504320793056,28.95934409387967,20.870160226913388
EpistemeAI_Fireball-Meta-Llama-3.2-8B-Instruct-agent-003-128k-code-DPO,48.01014153797023,26.31787775764873,21.692263780321497
EpistemeAI_Fireball-Mistral-Nemo-Base-2407-v1-DPO2,49.6776875903509,28.56782489270228,21.10986269764862
EpistemeAI_Fireball-R1-Llama-3.1-8B,36.434977901496836,10.273656027098816,26.16132187439802
EpistemeAI_Llama-3.2-3B-Agent007-Coder,43.03758760727905,19.02580948500905,24.01177812227
EpistemeAI_Mistral-Nemo-Instruct-12B-Philosophy-Math,53.64928342081372,33.835810999564586,19.81347242124913
EpistemeAI_OpenReasoner-Llama-3.2-3B-rs1.0,45.185934849403964,22.80780815942809,22.378126689975872
EpistemeAI_Polypsyche-Llama-3.1-8B-Instruct-Agent-0.003-128K-code-ds-auto-Empathy,46.27987453142366,24.419414132832703,21.860460398590956
EpistemeAI_Polypsyche-Llama-3.1-8B-Instruct-Agent-0.003-128K-code-ds-auto-Logic,45.659361690861296,23.576450573055748,22.082911117805548
EpistemeAI_Polypsyche-Llama-3.1-8B-Instruct-Agent-0.003-128K-code-ds-auto-divergent,45.24732961901791,22.89036811976203,22.35696149925588
EpistemeAI_Reasoning-Llama-3.1-CoT-RE1-NMT,47.35756386397452,25.54405444475448,21.81350941922004
EpistemeAI_Reasoning-Llama-3.1-CoT-RE1-NMT-V2-ORPO,48.042190472114235,25.89560083857891,22.146589633535324
EpistemeAI_Reasoning-Llama-3.2-1B-Instruct-v1.2,33.24495305251265,6.5772148357059725,26.667738216806676
EpistemeAI_Reasoning-Llama-3.2-1B-Instruct-v1.3,32.62818751942827,6.111150533529301,26.517036985898972
EpistemeAI_Reasoning-Llama-3.2-3B-Math-Instruct-RE1,43.810846923178865,20.728881523559497,23.081965399619367
EpistemeAI_Reasoning-Llama-3.2-3B-Math-Instruct-RE1-ORPO,45.181862491313005,23.004650311661734,22.17721217965127
EpistemeAI_ReasoningCore-3B-T1_1,45.2394245170608,23.094998793873295,22.144425723187503
Eric111_CatunaMayo,52.436355186007965,33.299425909067885,19.13692927694008
Eric111_CatunaMayo-DPO,52.239913238442426,33.08995159999345,19.14996163844898
Etherll_Chocolatine-3B-Instruct-DPO-Revised-Ties,54.106496636182285,35.58334267696659,18.523153959215698
Etherll_Chocolatine-3B-Instruct-DPO-Revised-Ties-v2,54.106496636182285,35.58334267696659,18.523153959215698
Etherll_Herplete-LLM-Llama-3.1-8b,53.47253355929804,28.952590926070883,24.51994263322716
Etherll_Herplete-LLM-Llama-3.1-8b,53.47253355929804,33.206608363709044,20.265925195589
Etherll_Herplete-LLM-Llama-3.1-8b-Ties,53.379759532508764,33.07089034564546,20.308869186863305
Etherll_Qwen2.5-7B-della-test,54.47331985391859,35.54689390845198,18.92642594546661
Etherll_Qwen2.5-Coder-7B-Instruct-Ties,48.95144464043051,28.008294264156472,20.943150376274037
Etherll_Replete-LLM-V3-Llama-3.1-8b,45.43377420594779,22.902455222412783,22.53131898353501
Etherll_SuperHermes,52.895317926798526,32.84031674117277,20.055001185625756
Eurdem_Defne-llama3.1-8B,53.09183126340774,32.822381370434904,20.269449892972837
FINGU-AI_L3-8B,49.855851871301084,28.805821240438444,21.05003063086264
FINGU-AI_Phi-4-RRStock,64.43442865581454,48.68220452265962,15.752224133154925
FINGU-AI_Q-Small-3B,43.18531455763075,21.386476977673595,21.79883757995715
FINGU-AI_QwQ-Buddy-32B-Alpha,64.2442234274039,48.730953196766194,15.513270230637701
FINGU-AI_RomboUltima-32B,69.38448333620042,56.67376969863417,12.71071363756625
FallenMerick_Chewy-Lemon-Cookie-11B,52.51122307375103,33.01430008846961,19.496922985281422
Felladrin_Llama-160M-Chat-v1,30.36081114634836,3.166755569392556,27.194055576955805
Felladrin_Minueza-32M-UltraChat,29.41478734048925,2.4372895622895623,26.97749777819969
FlofloB_100k_fineweb_continued_pretraining_Qwen2.5-0.5B-Instruct_Unsloth_merged_16bit,33.23387445789459,7.347825006715015,25.88604945117958
FlofloB_10k_continued_pretraining_Phi-3-mini-4k-instruct_Unsloth_merged_16bit,52.149897841235926,32.60779983085876,19.542098010377167
FlofloB_10k_continued_pretraining_Qwen2.5-0.5B-Instruct_Unsloth_merged_16bit,33.05518729746926,7.530228683558659,25.524958613910602
FlofloB_40k_continued_pretraining_Qwen2.5-0.5B-Instruct_Unsloth_merged_16bit,33.246082656550385,7.532089563374818,25.713993093175567
FlofloB_83k_continued_pretraining_Qwen2.5-0.5B-Instruct_Unsloth_merged_16bit,33.4653407016045,8.132273330945772,25.333067370658725
FlofloB_smollm2-135M_pretrained_1000k_fineweb,29.17939408206228,2.708743994249611,26.47065008781267
FlofloB_smollm2-135M_pretrained_1000k_fineweb_uncovai_human_removed,30.664261456748036,3.2742669103063946,27.389994546441642
FlofloB_smollm2-135M_pretrained_1000k_fineweb_uncovai_selected,29.317781029884355,2.113413506540018,27.204367523344338
FlofloB_smollm2-135M_pretrained_1200k_fineweb,29.409841468035296,2.2372961213751537,27.172545346660144
FlofloB_smollm2-135M_pretrained_1200k_fineweb_uncovai_human_removed,29.496212100634956,2.849419191919192,26.646792908715764
FlofloB_smollm2-135M_pretrained_1200k_fineweb_uncovai_selected,29.604672415652146,2.206545314818884,27.398127100833264
FlofloB_smollm2-135M_pretrained_1400k_fineweb,29.21781950918249,2.1601002436397274,27.05771926554276
FlofloB_smollm2-135M_pretrained_1400k_fineweb_uncovai_human_removed,29.92388897714206,2.630029274903698,27.29385970223836
FlofloB_smollm2-135M_pretrained_1400k_fineweb_uncovai_selected,29.167295751748306,2.631616005839404,26.5356797459089
FlofloB_smollm2-135M_pretrained_200k_fineweb_uncovai_human_removed,30.287372123209476,2.8225402293478967,27.46483189386158
FlofloB_smollm2-135M_pretrained_200k_fineweb_uncovai_selected,29.271864966060022,2.3223515642593,26.949513401800722
FlofloB_smollm2-135M_pretrained_400k_fineweb,29.723404576965045,1.889766073379756,27.833638503585288
FlofloB_smollm2-135M_pretrained_400k_fineweb_uncovai_human_removed,30.488044228283613,3.575492461700485,26.912551766583128
FlofloB_smollm2-135M_pretrained_400k_fineweb_uncovai_selected,29.251717205555178,2.073466032877798,27.178251172677378
FlofloB_smollm2-135M_pretrained_600k_fineweb,30.13718229200533,3.4240529327139213,26.71312935929141
FlofloB_smollm2-135M_pretrained_600k_fineweb_uncovai_human_removed,30.001678726257037,2.418749257278669,27.582929468978367
FlofloB_smollm2-135M_pretrained_600k_fineweb_uncovai_selected,29.83444769655102,2.165156425929996,27.669291270621024
FlofloB_smollm2-135M_pretrained_800k_fineweb,29.594449748780256,2.348388410325006,27.24606133845525
FlofloB_smollm2-135M_pretrained_800k_fineweb_uncovai_human_removed,30.38096660271284,3.210703163941808,27.17026343877103
FlofloB_smollm2-135M_pretrained_800k_fineweb_uncovai_selected,29.428080655352517,1.9228579509844617,27.505222704368055
FlofloB_smollm2_pretrained_200k_fineweb,29.9468427221449,2.872523000621309,27.07431972152359
FlofloB_test_continued_pretraining_Phi-3-mini-4k-instruct_Unsloth_merged_16bit,52.40829189778252,32.882433170322564,19.525858727459955
FuJhen_ft-openhermes-25-mistral-7b-irca-dpo-pairs,47.73032389554812,26.59686097043189,21.133462925116227
FuJhen_mistral-instruct-7B-DPO,46.239050561386215,24.92582719493644,21.313223366449776
FuJhen_mistral_7b_v0.1_structedData_e2e,41.13914854984489,18.06242392393546,23.07672462590943
FuJhen_mistral_7b_v0.1_structedData_viggo,45.238634545986805,23.960171694414896,21.27846285157191
FuseAI_FuseChat-7B-v2.0,49.54212795868764,29.341638180782923,20.200489777904714
FuseAI_FuseChat-Llama-3.1-8B-Instruct,51.19887898349903,30.84806521622957,20.350813767269457
FuseAI_FuseChat-Llama-3.2-3B-Instruct,46.58367922175517,24.2199004496583,22.363778772096868
FuseAI_FuseChat-Qwen-2.5-7B-Instruct,55.2599883615556,36.25134763068275,19.008640730872848
GalrionSoftworks_MN-LooseCannon-12B-v1,51.281838086795574,29.97606209295129,21.305775993844282
GalrionSoftworks_MagnusIntellectus-12B-v1,53.23010476246133,33.26225439614359,19.96785036631774
GenVRadmin_AryaBhatta-GemmaOrca-2-Merged,38.87493166323577,13.66159169666284,25.21333996657293
GenVRadmin_AryaBhatta-GemmaOrca-Merged,41.30633897394574,17.68358820544961,23.622750768496132
GenVRadmin_AryaBhatta-GemmaUltra-Merged,41.41445378464817,17.96825031857262,23.44620346607555
GenVRadmin_llama38bGenZ_Vikas-Merged,45.35981003984562,23.13191042200777,22.22789961783785
GoToCompany_gemma2-9b-cpt-sahabatai-v1-instruct,59.54551751157877,41.86650373118869,17.67901378039008
GoToCompany_llama3-8b-cpt-sahabatai-v1-instruct,49.51292004509417,28.53952939391592,20.97339065117825
Goekdeniz-Guelmez_Josiefied-Qwen2.5-0.5B-Instruct-abliterated-v1,32.683063456958195,6.845785955173547,25.837277501784648
Goekdeniz-Guelmez_Josiefied-Qwen2.5-0.5B-Instruct-abliterated-v1,32.683063456958195,7.2211690840719855,25.46189437288621
Goekdeniz-Guelmez_Josiefied-Qwen2.5-1.5B-Instruct-abliterated-v1,41.8600731531926,18.30601328940368,23.554059863788922
Goekdeniz-Guelmez_Josiefied-Qwen2.5-1.5B-Instruct-abliterated-v2,40.41892170443674,16.499503211302823,23.919418493133918
Goekdeniz-Guelmez_Josiefied-Qwen2.5-1.5B-Instruct-abliterated-v3,40.534461771331735,16.439711885397813,24.094749885933922
Goekdeniz-Guelmez_Josiefied-Qwen2.5-14B-Instruct-abliterated-v4,63.55637424320618,48.05226992969286,15.504104313513317
Goekdeniz-Guelmez_Josiefied-Qwen2.5-7B-Instruct-abliterated-v2,53.09672164610733,33.33398601463088,19.762735631476453
Goekdeniz-Guelmez_j.o.s.i.e.v4o-1.5b-dpo-stage1-v1,41.242101633634825,17.748016873381815,23.49408476025301
Goekdeniz-Guelmez_josie-3b-v6.0,44.96147842264783,22.87108835512943,22.0903900675184
Goekdeniz-Guelmez_josie-7b-v6.0,51.04855208094124,30.44475330982171,20.603798771119532
Goekdeniz-Guelmez_josie-7b-v6.0-step2000,51.0712680636641,30.081094189593973,20.990173874070127
Goekdeniz-Guelmez_josie-7b-v6.0-step2000,51.0712680636641,30.39581290531489,20.67545515834921
GreenNode_GreenNode-small-9B-it,59.9383874005197,41.899925635193455,18.038461765326247
GritLM_GritLM-7B-KTO,48.5293719684692,27.904317623033844,20.625054345435355
GritLM_GritLM-8x7B-KTO,58.203043623314976,40.8261615594601,17.37688206385488
Groq_Llama-3-Groq-8B-Tool-Use,48.63384977901497,27.254234386573227,21.379615392441746
Gryphe_Pantheon-RP-1.0-8b-Llama-3,45.39075127777335,23.631914688111305,21.758836589662042
Gryphe_Pantheon-RP-1.5-12b-Nemo,51.958221688496295,31.750144021634004,20.20807766686229
Gryphe_Pantheon-RP-1.6-12b-Nemo,52.04007434392454,31.68734382617837,20.352730517746167
Gryphe_Pantheon-RP-1.6-12b-Nemo-KTO,52.76980814125922,33.032200369425645,19.737607771833574
Gryphe_Pantheon-RP-Pure-1.6.2-22b-Small,53.045372305385975,31.68316320987065,21.362209095515325
Gunulhona_Gemma-Ko-Merge,58.13027258981727,38.78719707326869,19.343075516548573
Gunulhona_Gemma-Ko-Merge-PEFT,48.62989687822461,30.18627333134207,18.443623546882545
Gunulhona_Gemma-Ko-Merge-PEFT,48.62989687822461,26.015069295888747,22.614827582335867
HPAI-BSC_Llama3-Aloe-8B-Alpha,48.30853296612697,27.145977577581775,21.162555388545194
HPAI-BSC_Llama3.1-Aloe-Beta-8B,51.703367356989396,30.36962478134476,21.333742575644635
HPAI-BSC_Qwen2.5-Aloe-Beta-7B,50.48995904321122,30.33160459968833,20.158354443522892
Hastagaras_Llama-3.1-Jamet-8B-MK.I,50.48666433733161,29.503904748319474,20.982759589012137
Hastagaras_Zabuza-8B-Llama-3.1,45.38915742546197,23.220320849670458,22.16883657579151
HelpingAI_Cipher-20B,60.324327435369185,43.43973598811683,16.884591447252355
HelpingAI_Priya-10B,44.414573104767676,19.96679684299346,24.447776261774216
HelpingAI_Priya-3B,39.61184863327843,14.335273409626751,25.276575223651676
HeraiHench_Double-Down-Qwen-Math-7B,28.44613514203868,1.9548697694104624,26.49126537262822
HeraiHench_Marge-Qwen-Math-7B,30.688460243683018,3.363509103932151,27.324951139750866
HeraiHench_Phi-4-slerp-ReasoningRP-14B,41.95719145844634,18.8853764817121,23.071814976734238
HiroseKoichi_Llama-Salad-4x8B-V3,52.44649789001753,31.92884881074505,20.517649079272484
HoangHa_Pensez-Llama3.1-8B,46.691313514505666,24.84515798598393,21.846155528521734
HuggingFaceH4_zephyr-7b-alpha,45.82863505904412,23.890291427068444,21.938343631975673
HuggingFaceH4_zephyr-7b-beta,43.1582191918003,21.487542182806735,21.670677008993565
HuggingFaceH4_zephyr-7b-gemma-v0.1,46.30757486589862,23.751162749201274,22.55641211669735
HuggingFaceH4_zephyr-orpo-141b-A35b-v0.1,62.90439728524093,47.5037962865412,15.40060099869973
HuggingFaceTB_SmolLM-1.7B,31.805165389647822,4.4111278515492005,27.394037538098623
HuggingFaceTB_SmolLM-1.7B-Instruct,28.851114363217683,2.0803742908537424,26.77074007236394
HuggingFaceTB_SmolLM-135M,30.460542600629882,3.2853998220852616,27.175142778544622
HuggingFaceTB_SmolLM-135M-Instruct,30.15081678997876,2.69295800470458,27.45785878527418
HuggingFaceTB_SmolLM-360M,30.64516033315253,3.284915303246592,27.360245029905936
HuggingFaceTB_SmolLM-360M-Instruct,28.851114363217683,2.0803742908537424,26.77074007236394
HuggingFaceTB_SmolLM2-1.7B,34.52594377166261,9.301788459551682,25.22415531211093
HuggingFaceTB_SmolLM2-1.7B-Instruct,35.98617531415157,10.917989226208066,25.06818608794351
HuggingFaceTB_SmolLM2-135M,30.442342468771404,3.70807758683998,26.734264881931423
HuggingFaceTB_SmolLM2-135M-Instruct,31.347502947335904,4.720807660805284,26.62669528653062
HuggingFaceTB_SmolLM2-135M-Instruct,31.347502947335904,4.796275744662444,26.55122720267346
HuggingFaceTB_SmolLM2-360M,32.33478044302361,5.543603155369513,26.791177287654097
HuggingFaceTB_SmolLM2-360M-Instruct,31.43505053888851,3.2990473293233173,28.136003209565192
HuggingFaceTB_SmolLM2-360M-Instruct,31.43505053888851,4.173863636363637,27.261186902524873
HumanLLMs_Humanish-LLama3-8B-Instruct,49.677096627896546,28.012476599572,21.664620028324546
HumanLLMs_Humanish-Mistral-Nemo-Instruct-2407,52.617807725326124,32.70961342122556,19.90819430410056
HumanLLMs_Humanish-Qwen2.5-7B-Instruct,53.63681457807073,34.47899758661866,19.157816991452066
IDEA-CCNL_Ziya-LLaMA-13B-v1,28.770292445409467,1.4636170460989155,27.306675399310553
INSAIT-Institute_BgGPT-Gemma-2-27B-IT-v1.0,29.117781029884355,2.3470409575204094,26.770740072363946
IlyaGusev_gemma-2-2b-it-abliterated,41.18601326211988,16.796334504661765,24.389678757458114
IlyaGusev_gemma-2-9b-it-abliterated,59.063299776093004,40.82468502686295,18.238614749230052
Infinirc_Infinirc-Llama3-8B-2G-Release-v1.0,43.50743566823794,20.83116494676627,22.67627072147167
Intel_neural-chat-7b-v3,50.483162213631026,30.205692320538088,20.27746989309294
Intel_neural-chat-7b-v3-1,50.515654640548476,29.7397523676162,20.775902272932274
Intel_neural-chat-7b-v3-2,50.322268319644024,30.237457969159426,20.0848103504846
IntervitensInc_internlm2_5-20b-llamafied,74.78466526577328,63.47057952429436,11.314085741478927
Invalid-Null_PeiYangMe-0.5,27.90774819421661,1.4745771439889088,26.4331710502277
Invalid-Null_PeiYangMe-0.7,30.275310145886607,3.600797717385781,26.674512428500826
Isaak-Carter_JOSIEv4o-8b-stage1-v4,47.249731166201215,25.7872756997585,21.462455466442716
Isaak-Carter_JOSIEv4o-8b-stage1-v4,47.249731166201215,25.91957835941345,21.330152806787765
Isaak-Carter_Josiefied-Qwen2.5-7B-Instruct-abliterated,53.96376284460921,34.904315688323074,19.059447156286133
Isaak-Carter_Josiefied-Qwen2.5-7B-Instruct-abliterated-v2,53.10923599182071,33.2945398202129,19.814696171607814
J-LAB_Thynk_orpo,44.631138778709605,22.062783944144368,22.568354834565238
JackFram_llama-160m,28.880217539042423,2.033606152852728,26.846611386189696
JackFram_llama-68m,29.36298650933641,2.5910478068354776,26.771938702500933
Jacoby746_Casual-Magnum-34B,60.32046880542974,43.05156762846773,17.26890117696201
Jacoby746_Inf-Silent-Kunoichi-v0.1-2x7B,51.85462097274019,32.38700420411291,19.46761676862728
Jacoby746_Inf-Silent-Kunoichi-v0.2-2x7B,52.09417299963208,32.259183510828905,19.834989488803174
Jacoby746_Proto-Athena-4x7B,51.06547638742905,30.870822876627887,20.194653510801164
Jacoby746_Proto-Athena-v0.2-4x7B,50.67731005424964,30.34084433030367,20.336465723945967
Jacoby746_Proto-Harpy-Blazing-Light-v0.1-2x7B,51.868490530525946,32.63252990159268,19.235960628933263
Jacoby746_Proto-Harpy-Spark-v0.1-7B,47.35771808296548,26.913110159424864,20.444607923540612
JayHyeon_Qwen-0.5B-DPO-1epoch,31.907502434278594,5.543694750350672,26.363807683927924
JayHyeon_Qwen-0.5B-DPO-5epoch,31.121095448687825,5.056692258334079,26.064403190353744
JayHyeon_Qwen-0.5B-IRPO-1epoch,31.638216610052027,5.324351851851852,26.313864758200175
JayHyeon_Qwen-0.5B-IRPO-5epoch,31.891656220326013,5.711334497269228,26.180321723056785
JayHyeon_Qwen-0.5B-eDPO-1epoch,31.806375834506916,5.918400632703615,25.8879752018033
JayHyeon_Qwen-0.5B-eDPO-5epoch,30.964918238693468,5.197837690631808,25.76708054806166
JayHyeon_Qwen2.5-0.5B-Instruct-SFT,32.53697801563151,5.93241994210165,26.604558073529862
JayHyeon_Qwen2.5-0.5B-Instruct-SFT-DPO-1epoch_v1,32.60313037664168,6.12607291013818,26.4770574665035
JayHyeon_Qwen2.5-0.5B-Instruct-SFT-IRPO-1epoch_v1,33.08028437367363,6.622365326648162,26.457919047025467
JayHyeon_Qwen2.5-0.5B-Instruct-SFT-MDPO-1epoch_v1,32.61949089625076,6.129987166860655,26.489503729390105
JayHyeon_Qwen2.5-0.5B-SFT,31.207478976310743,4.4344753335124,26.773003642798344
JayHyeon_Qwen2.5-0.5B-SFT-1e-4,30.17092819749249,4.331493365022777,25.839434832469713
JayHyeon_Qwen2.5-0.5B-SFT-1e-4-2ep,31.722277977193365,5.650884333531393,26.07139364366197
JayHyeon_Qwen2.5-0.5B-SFT-1e-4-3ep,30.64261556890236,4.797235096058625,25.845380472843736
JayHyeon_Qwen2.5-0.5B-SFT-1e-4-5ep,31.044747322019184,4.784241393250257,26.26050592876893
JayHyeon_Qwen2.5-0.5B-SFT-1e-5,31.398602947692574,4.213683823190269,27.184919124502304
JayHyeon_Qwen2.5-0.5B-SFT-1e-5-2ep,32.24699194774388,5.619297426317974,26.627694521425905
JayHyeon_Qwen2.5-0.5B-SFT-1e-5-3ep,32.46811708242142,6.246296486215907,26.221820596205514
JayHyeon_Qwen2.5-0.5B-SFT-1e-5-5ep,32.59343389530942,6.5376144197820265,26.05581947552739
JayHyeon_Qwen2.5-0.5B-SFT-2e-4,29.355495872632286,3.114588111846371,26.240907760785916
JayHyeon_Qwen2.5-0.5B-SFT-2e-4-2ep,29.839616748934173,3.1994992498175416,26.64011749911663
JayHyeon_Qwen2.5-0.5B-SFT-2e-4-3ep,31.098751295332523,4.420916097586122,26.6778351977464
JayHyeon_Qwen2.5-0.5B-SFT-2e-4-5ep,29.364184498151758,3.069330255279086,26.29485424287267
JayHyeon_Qwen2.5-0.5B-SFT-2e-5,32.039686011670824,4.981848012762598,27.057837998908226
JayHyeon_Qwen2.5-0.5B-SFT-2e-5-2ep,32.171972708094806,5.7648020969838045,26.407170611111003
JayHyeon_Qwen2.5-0.5B-SFT-2e-5-2ep-DPOP_3e-7-3ep_0alp_5lam,31.671815484837783,6.702479854955681,24.969335629882103
JayHyeon_Qwen2.5-0.5B-SFT-2e-5-2ep-DPOP_5e-6-1ep_0alp_5lam,32.60038632940968,6.892109783030413,25.708276546379267
JayHyeon_Qwen2.5-0.5B-SFT-2e-5-2ep-DPOP_5e-6-2ep_0alp_5lam,32.61540051256346,7.351407019428777,25.263993493134684
JayHyeon_Qwen2.5-0.5B-SFT-2e-5-2ep-DPOP_5e-6-3ep_0alp_5lam,31.993315151350536,6.453776300474527,25.53953885087601
JayHyeon_Qwen2.5-0.5B-SFT-2e-5-2ep-DPOP_5e-7-1ep_0alp_5lam,31.816042712158115,6.676263541946459,25.139779170211657
JayHyeon_Qwen2.5-0.5B-SFT-2e-5-2ep-DPOP_5e-7-2ep_0alp_5lam,31.540803735825417,6.449024830632406,25.09177890519301
JayHyeon_Qwen2.5-0.5B-SFT-2e-5-2ep-DPOP_5e-7-3ep_0alp_5lam,31.89717077702392,6.900838556122601,24.99633222090132
JayHyeon_Qwen2.5-0.5B-SFT-2e-5-2ep-DPO_1e-6-1ep_0alp_0lam,31.671883869615403,6.330228534336109,25.341655335279295
JayHyeon_Qwen2.5-0.5B-SFT-2e-5-2ep-DPO_1e-6-2ep_0alp_0lam,31.59533058861392,6.636386948995733,24.958943639618187
JayHyeon_Qwen2.5-0.5B-SFT-2e-5-2ep-DPO_1e-6-3ep_0alp_0lam,31.419826948787826,6.317309144357895,25.10251780442993
JayHyeon_Qwen2.5-0.5B-SFT-2e-5-2ep-DPO_1e-7-2ep_0alp_0lam,31.669680727454903,6.435274271047841,25.23440645640706
JayHyeon_Qwen2.5-0.5B-SFT-2e-5-2ep-DPO_1e-7-3ep_0alp_0lam,31.73203727375064,6.3853505237711525,25.34668674997949
JayHyeon_Qwen2.5-0.5B-SFT-2e-5-2ep-DPO_2e-6-1ep_0alp_0lam,31.976190985720272,6.402744874205392,25.57344611151488
JayHyeon_Qwen2.5-0.5B-SFT-2e-5-2ep-DPO_2e-6-2ep_0alp_0lam,32.262707839652855,6.901808055033277,25.360899784619576
JayHyeon_Qwen2.5-0.5B-SFT-2e-5-2ep-DPO_2e-6-3ep_0alp_0lam,32.291208173140106,7.002679365505716,25.28852880763439
JayHyeon_Qwen2.5-0.5B-SFT-2e-5-2ep-DPO_3e-6-1ep_0alp_0lam,32.45368316159632,6.620615393798311,25.833067767798006
JayHyeon_Qwen2.5-0.5B-SFT-2e-5-2ep-DPO_3e-6-2ep_0alp_0lam,32.242937615249275,6.780448413764288,25.462489201484985
JayHyeon_Qwen2.5-0.5B-SFT-2e-5-2ep-DPO_3e-6-3ep_0alp_0lam,32.477052921998556,7.007125824454593,25.469927097543962
JayHyeon_Qwen2.5-0.5B-SFT-2e-5-2ep-DPO_3e-7-3ep_0alp_0lam,31.806007750183348,6.671898931566538,25.13410881861681
JayHyeon_Qwen2.5-0.5B-SFT-2e-5-2ep-DPO_5e-6-1ep_0alp_0lam,32.421844512358234,6.428288118900529,25.993556393457705
JayHyeon_Qwen2.5-0.5B-SFT-2e-5-2ep-DPO_5e-6-2ep_0alp_0lam,32.24798177796032,6.992686975855793,25.255294802104526
JayHyeon_Qwen2.5-0.5B-SFT-2e-5-2ep-DPO_5e-6-3ep_0alp_0lam,32.65200377687,7.221132822992211,25.430870953877793
JayHyeon_Qwen2.5-0.5B-SFT-2e-5-2ep-DPO_5e-7_1ep_0alp_0lam,31.769116364415552,6.537585206076343,25.23153115833921
JayHyeon_Qwen2.5-0.5B-SFT-2e-5-2ep-DPO_5e-7_2ep_0alp_0lam,31.6045450978746,6.56672292356821,25.03782217430639
JayHyeon_Qwen2.5-0.5B-SFT-2e-5-2ep-DPO_5e-7_3ep_0alp_0lam,31.93544697854515,6.932125973677143,25.00332100486801
JayHyeon_Qwen2.5-0.5B-SFT-2e-5-2ep-DPO_7e-7_1ep_0alp_0lam,31.784656431310545,6.4262889097800455,25.3583675215305
JayHyeon_Qwen2.5-0.5B-SFT-2e-5-2ep-DPO_7e-7_2ep_0alp_0lam,31.728999974484314,6.4779954188677,25.251004555616614
JayHyeon_Qwen2.5-0.5B-SFT-2e-5-2ep-DPO_7e-7_3ep_0alp_0lam,31.495666641150983,6.25191698749515,25.243749653655833
JayHyeon_Qwen2.5-0.5B-SFT-2e-5-2ep-IRPO_1e-7-1ep_1alp_0lam,32.11026993947844,6.714916509982989,25.395353429495454
JayHyeon_Qwen2.5-0.5B-SFT-2e-5-2ep-IRPO_1e-7-2ep_1alp_0lam,31.977736605157407,6.875548169039305,25.1021884361181
JayHyeon_Qwen2.5-0.5B-SFT-2e-5-2ep-IRPO_1e-7-3ep_1alp_0lam,32.2469830721268,7.08976945115946,25.157213620967344
JayHyeon_Qwen2.5-0.5B-SFT-2e-5-2ep-IRPO_3e-7-3ep_1alp_0lam,31.851323097977208,6.706365162503357,25.14495793547385
JayHyeon_Qwen2.5-0.5B-SFT-2e-5-2ep-IRPO_5e-6-1ep_1alp_0lam,31.79474145066817,6.3889454442355325,25.405796006432638
JayHyeon_Qwen2.5-0.5B-SFT-2e-5-2ep-IRPO_5e-6-2ep_1alp_0lam,32.59705145690442,7.489152117467992,25.107899339436425
JayHyeon_Qwen2.5-0.5B-SFT-2e-5-2ep-IRPO_5e-6-3ep_1alp_0lam,33.204616486918276,8.34016877070463,24.864447716213647
JayHyeon_Qwen2.5-0.5B-SFT-2e-5-2ep-IRPO_5e-7-1ep_1alp_0lam,31.785446978545153,6.5670715074462045,25.21837547109895
JayHyeon_Qwen2.5-0.5B-SFT-2e-5-2ep-IRPO_5e-7-2ep_1alp_0lam,31.67822100533442,6.6590467663473305,25.01917423898709
JayHyeon_Qwen2.5-0.5B-SFT-2e-5-2ep-IRPO_5e-7-3ep_1alp_0lam,31.906759818119813,6.800973005640612,25.105786812479202
JayHyeon_Qwen2.5-0.5B-SFT-2e-5-2ep-MDPO_0.5_1e-7-1ep_0alp_0lam,31.779941873624935,6.560842435908914,25.21909943771602
JayHyeon_Qwen2.5-0.5B-SFT-2e-5-2ep-MDPO_0.5_1e-7-2ep_0alp_0lam,31.78391594145879,6.524571656668756,25.259344284790036
JayHyeon_Qwen2.5-0.5B-SFT-2e-5-2ep-MDPO_0.5_1e-7-3ep_0alp_0lam,31.904280434381207,6.739192109111529,25.16508832526968
JayHyeon_Qwen2.5-0.5B-SFT-2e-5-2ep-MDPO_1e-6-3ep_0alp_0lam,31.647277641099674,6.42055719700361,25.226720444096063
JayHyeon_Qwen2.5-0.5B-SFT-2e-5-2ep-MDPO_1e-6_1ep_0alp_0lam,32.04166266783764,6.6874635150864,25.354199152751242
JayHyeon_Qwen2.5-0.5B-SFT-2e-5-2ep-MDPO_1e-6_2ep_0alp_0lam,31.857092866390822,6.553899558301251,25.303193308089572
JayHyeon_Qwen2.5-0.5B-SFT-2e-5-2ep-MDPO_2e-6-3ep_0alp_0lam,32.036868147289695,6.583344002745696,25.453524144543998
JayHyeon_Qwen2.5-0.5B-SFT-2e-5-2ep-MDPO_2e-6_1ep_0alp_0lam,32.128474090743104,6.560212045244278,25.568262045498827
JayHyeon_Qwen2.5-0.5B-SFT-2e-5-2ep-MDPO_2e-6_2ep_0alp_0lam,31.867127828365593,6.83074782881189,25.036379999553702
JayHyeon_Qwen2.5-0.5B-SFT-2e-5-2ep-MDPO_3e-6-1ep_0alp_0lam,32.13274785812292,6.204970976213926,25.927776881908994
JayHyeon_Qwen2.5-0.5B-SFT-2e-5-2ep-MDPO_3e-6-2ep_0alp_0lam,32.33765869452431,7.019682155967409,25.3179765385569
JayHyeon_Qwen2.5-0.5B-SFT-2e-5-2ep-MDPO_3e-6-3ep_0alp_0lam,32.55638228201855,7.0604011102157775,25.495981171802768
JayHyeon_Qwen2.5-0.5B-SFT-2e-5-2ep-MDPO_5e-6-1ep_0alp_0lam,32.520985580346014,6.715595621810369,25.805389958535645
JayHyeon_Qwen2.5-0.5B-SFT-2e-5-2ep-MDPO_5e-6-2ep_0alp_0lam,32.24479825736107,6.98474035276211,25.26005790459896
JayHyeon_Qwen2.5-0.5B-SFT-2e-5-2ep-MDPO_5e-6-3ep_0alp_0lam,32.78027492189594,7.363649162861492,25.416625759034446
JayHyeon_Qwen2.5-0.5B-SFT-2e-5-2ep-MDPO_5e-7-3ep_0alp_0lam,31.752113645211814,6.726276300474528,25.025837344737287
JayHyeon_Qwen2.5-0.5B-SFT-2e-5-2ep-MDPO_5e-7_1ep_0alp_0lam,31.89091360416723,6.708541946458948,25.182371657708284
JayHyeon_Qwen2.5-0.5B-SFT-2e-5-2ep-MDPO_5e-7_2ep_0alp_0lam,31.58776856286612,6.253469424299401,25.33429913856672
JayHyeon_Qwen2.5-0.5B-SFT-2e-5-2ep-MDPO_7e-7-3ep_0alp_0lam,31.561997255280577,6.443718103679828,25.11827915160075
JayHyeon_Qwen2.5-0.5B-SFT-2e-5-2ep-MDPO_7e-7_1ep_0alp_0lam,31.774285416798705,6.39987465305757,25.374410763741135
JayHyeon_Qwen2.5-0.5B-SFT-2e-5-2ep-MDPO_7e-7_2ep_0alp_0lam,31.723385001222287,6.482712194466828,25.24067280675546
JayHyeon_Qwen2.5-0.5B-SFT-2e-5-3ep,32.39538094779518,6.085450245131953,26.30993070266323
JayHyeon_Qwen2.5-0.5B-SFT-2e-5-5ep,33.07605664427048,7.179764119844701,25.89629252442578
JayHyeon_Qwen2.5-0.5B-SFT-2e-5-5ep-MDPO_5e-7_3ep_0alp_0lam,32.3809171214906,6.757650565553466,25.623266555937132
JayHyeon_Qwen2.5-0.5B-SFT-2e-5-5ep-MDPO_5e-7_3ep_0alp_0lam_1ep,31.748404240871352,5.959990748201868,25.788413492669484
JayHyeon_Qwen2.5-0.5B-SFT-2e-5-5ep-MDPO_5e-7_3ep_0alp_0lam_2ep,31.99073234678174,6.1123436893783385,25.878388657403402
JayHyeon_Qwen2.5-0.5B-SFT-2e-5-5ep-MDPO_7e-7_3ep_0alp_0lam,32.19316379944453,6.240268525979645,25.952895273464883
JayHyeon_Qwen2.5-0.5B-SFT-2e-5-5ep-MDPO_7e-7_3ep_0alp_0lam_1ep,31.90945593427599,6.292637807025397,25.616818127250593
JayHyeon_Qwen2.5-0.5B-SFT-2e-5-5ep-MDPO_7e-7_3ep_0alp_0lam_2ep,32.18405915852565,6.357407183573582,25.826651974952068
JayHyeon_Qwen2.5-0.5B-SFT-5e-5,31.093810553451657,4.746972667855022,26.346837885596635
JayHyeon_Qwen2.5-0.5B-SFT-5e-5-2ep,31.79879277889672,5.832625611473314,25.966167167423404
JayHyeon_Qwen2.5-0.5B-SFT-5e-5-3ep,32.974820176156996,7.669544389639071,25.305275786517925
JayHyeon_Qwen2.5-0.5B-SFT-5e-5-5ep,32.75980298873716,7.191287458251598,25.56851553048556
JayHyeon_Qwen2.5-0.5B-SFT-7e-5,31.58179005969298,6.35784176033773,25.22394829935525
JayHyeon_Qwen2.5-0.5B-SFT-7e-5-2ep,31.00411318318588,5.463607645078233,25.540505538107645
JayHyeon_Qwen2.5-0.5B-SFT-7e-5-3ep,31.993136322070487,5.984021663044627,26.00911465902586
JayHyeon_Qwen2.5-0.5B-SFT-7e-5-5ep,32.002953673668664,5.343662111309169,26.659291562359495
JayHyeon_Qwen2.5-0.5B-SFT-DPO-1epoch_v1,32.681431427147096,6.136573850240249,26.544857576906846
JayHyeon_Qwen2.5-0.5B-SFT-MDPO-1epoch_v1,32.92581645388506,6.524721998388398,26.401094455496665
JayHyeon_Qwen_0.5-DPOP_1e-6-3ep_0alp_5lam,31.40431891367934,6.140998671919301,25.263320241760038
JayHyeon_Qwen_0.5-DPOP_1e-7-3ep_0alp_5lam,31.88575312560274,6.642106052466649,25.243647073136092
JayHyeon_Qwen_0.5-DPOP_3e-6-1ep_0alp_5lam,32.608064671010915,6.943810696272422,25.664253974738493
JayHyeon_Qwen_0.5-DPOP_3e-6-2ep_0alp_5lam,32.18465643131054,7.149861894529503,25.03479453678104
JayHyeon_Qwen_0.5-DPOP_3e-6-3ep_0alp_5lam,32.24432330896174,6.96901565344555,25.27530765551619
JayHyeon_Qwen_0.5-DPOP_3e-7-1ep_0alp_5lam,31.814291938388127,6.629315516160802,25.184976422227326
JayHyeon_Qwen_0.5-DPOP_3e-7-2ep_0alp_5lam,31.94064593640778,6.682421807383531,25.25822412902425
JayHyeon_Qwen_0.5-DPOP_3e-7-3ep_0alp_5lam,31.530652457997206,6.35458053541051,25.176071922586697
JayHyeon_Qwen_0.5-DPOP_5e-7-1ep_0alp_5lam,31.68335157841944,6.505902199540394,25.177449378879047
JayHyeon_Qwen_0.5-DPOP_5e-7-2ep_0alp_5lam,32.10570160312575,6.769462425761781,25.33623917736397
JayHyeon_Qwen_0.5-DPOP_5e-7-3ep_0alp_5lam,32.03095860505479,6.7976270630017614,25.23333154205303
JayHyeon_Qwen_0.5-DPO_1e-6-3ep_0alp_0lam,32.58499805340021,6.865286941551371,25.71971111184884
JayHyeon_Qwen_0.5-DPO_1e-7-3ep_0alp_0lam,32.25125170893353,7.100430208613126,25.150821500320404
JayHyeon_Qwen_0.5-DPO_3e-6-1ep_0alp_0lam,31.322299007055772,5.926862745098039,25.395436261957734
JayHyeon_Qwen_0.5-DPO_3e-6-2ep_0alp_0lam,32.76001729304927,7.35619576137537,25.403821531673902
JayHyeon_Qwen_0.5-DPO_3e-6-3ep_0alp_0lam,32.674094707635525,7.139829635632065,25.53426507200346
JayHyeon_Qwen_0.5-DPO_3e-7-1ep_0alp_0lam,32.292563083414066,6.931145581520281,25.361417501893786
JayHyeon_Qwen_0.5-DPO_3e-7-2ep_0alp_0lam,32.55735108237259,7.127311158862328,25.430039923510265
JayHyeon_Qwen_0.5-DPO_3e-7-3ep_0alp_0lam,32.58394284267221,7.222719655594354,25.361223187077854
JayHyeon_Qwen_0.5-DPO_5e-7-1ep_0alp_0lam,32.182747858122916,6.663952457695408,25.518795400427507
JayHyeon_Qwen_0.5-DPO_5e-7-2ep_0alp_0lam,32.99192088381941,7.732770540484078,25.25915034333533
JayHyeon_Qwen_0.5-DPO_5e-7-3ep_0alp_0lam,32.712145602920536,7.20213873220521,25.510006870715326
JayHyeon_Qwen_0.5-IPO_5e-7-1ep_0alp_0lam,32.79091360416723,7.733923210075507,25.056990394091724
JayHyeon_Qwen_0.5-IPO_5e-7-3ep_0alp_0lam,32.63844279424728,6.747260572417705,25.891182221829578
JayHyeon_Qwen_0.5-IRPO_1e-6-3ep_1alp_0lam,32.423533348862236,7.213578356761274,25.20995499210096
JayHyeon_Qwen_0.5-IRPO_1e-7-3ep_1alp_0lam,31.980542589655393,6.900346643984839,25.080195945670553
JayHyeon_Qwen_0.5-IRPO_3e-6-1ep_1alp_0lam,32.54731912466387,7.306987942817919,25.240331181845953
JayHyeon_Qwen_0.5-IRPO_3e-6-2ep_1alp_0lam,33.14225693635648,7.390762452621842,25.75149448373464
JayHyeon_Qwen_0.5-IRPO_3e-6-3ep_1alp_0lam,33.615180775879836,8.111779105858478,25.503401670021358
JayHyeon_Qwen_0.5-IRPO_3e-7-1ep_1alp_0lam,32.31121828613069,7.0010276210941,25.31019066503659
JayHyeon_Qwen_0.5-IRPO_3e-7-3ep_1alp_0lam,32.57435380157632,7.133620064464142,25.44073373711218
JayHyeon_Qwen_0.5-IRPO_5e-7-1ep_1alp_0lam,32.13578303108222,7.061898931566539,25.07388409951568
JayHyeon_Qwen_0.5-IRPO_5e-7-2ep_1alp_0lam,32.660534602971836,7.42829155101919,25.232243051952647
JayHyeon_Qwen_0.5-IRPO_5e-7-3ep_1alp_0lam,32.458923603023145,7.086835437371295,25.37208816565185
JayHyeon_Qwen_0.5-MDPO_0.1_3e-6-3ep_0alp_0lam,32.61453857628517,6.819112125824454,25.795426450460717
JayHyeon_Qwen_0.5-MDPO_0.1_5e-7-3ep_0alp_0lam,31.79765517720094,6.6221693974393405,25.1754857797616
JayHyeon_Qwen_0.5-MDPO_0.3_3e-6-3ep_0alp_0lam,32.15761875013204,6.566535873101143,25.591082877030892
JayHyeon_Qwen_0.5-MDPO_0.3_5e-7-3ep_0alp_0lam,31.77585793744926,6.633772569910765,25.142085367538495
JayHyeon_Qwen_0.5-MDPO_0.5_1e-5-3ep_0alp_0lam,32.33548545784329,7.674537111648312,24.660948346194978
JayHyeon_Qwen_0.5-MDPO_0.5_3e-7-1ep_0alp_0lam,31.754991018753483,6.547597964604411,25.207393054149072
JayHyeon_Qwen_0.5-MDPO_0.5_3e-7-2ep_0alp_0lam,31.96623899087389,6.797543498373474,25.168695492500415
JayHyeon_Qwen_0.5-MDPO_0.5_3e-7-3ep_0alp_0lam,31.97552188491219,6.479625973677142,25.49589591123505
JayHyeon_Qwen_0.5-MDPO_0.5_4e-6-3ep_0alp_0lam,32.48229336342538,7.112517981317336,25.369775382108042
JayHyeon_Qwen_0.5-MDPO_0.5_6e-6-3ep_0alp_0lam,32.654545097874596,7.373346017250125,25.28119908062447
JayHyeon_Qwen_0.5-MDPO_0.5_7e-6-3ep_0alp_0lam,32.727391100842645,7.574128764138837,25.153262336703808
JayHyeon_Qwen_0.5-MDPO_0.5_7e-7-3ep_0alp_0lam,31.296903109264466,6.263411227504701,25.033491881759765
JayHyeon_Qwen_0.5-MDPO_0.7_3e-6-3ep_0alp_0lam,32.209565802617796,6.770439236577431,25.439126566040365
JayHyeon_Qwen_0.5-MDPO_0.7_5e-7-3ep_0alp_0lam,31.80087717709833,6.636595785955174,25.164281391143156
JayHyeon_Qwen_0.5-MDPO_0.9_5e-7-3ep_0alp_0lam,31.946567056727403,6.534335437371297,25.412231619356106
JayHyeon_Qwen_0.5-VDPO_5e-7-1ep_0alp_0lam,32.18020653711832,6.86099852269675,25.319208014421573
JayHyeon_Qwen_0.5-VDPO_5e-7-1ep_10vpo_const,32.34331515135053,7.109440788491956,25.233874362858575
JayHyeon_Qwen_0.5-VDPO_5e-7-1ep_3vpo_const,32.269945390948294,6.852004431909751,25.417940959038543
JayHyeon_Qwen_0.5-VDPO_5e-7-3ep_0alp_0lam,32.5505796038594,7.2279757961023074,25.32260380775709
JayHyeon_Qwen_0.5-VIPO_5e-7-1ep_0alp_0lam,33.13735254746672,7.834260900707316,25.303091646759402
JayHyeon_Qwen_0.5-VIPO_5e-7-1ep_30vpo_const,32.819936817129644,7.655186826633241,25.164749990496404
JayHyeon_Qwen_0.5-VIPO_5e-7-1ep_3vpo_const,32.98023644259781,7.67033388545677,25.309902557141037
JayHyeon_Qwen_0.5-VIPO_5e-7-3ep_0alp_0lam,32.19547893625386,6.099203002357716,26.09627593389615
JayHyeon_Qwen_0.5-cDPO_5e-7-3ep_0vpo_const_0.1,32.44192088381941,7.201174679917629,25.24074620390178
JayHyeon_Qwen_0.5-cDPO_5e-7-3ep_0vpo_const_0.3,32.0906160309283,6.9860820873250375,25.104533943603265
JayHyeon_Qwen_0.5-rDPO_3e-6-1ep_0vpo_const_0.1,32.77967977541808,6.90518932317681,25.87449045224127
JayHyeon_Qwen_0.5-rDPO_5e-7-3ep_0vpo_const_0.3,32.45102552473828,6.775212492911929,25.675813031826348
Jimmy19991222_Llama-3-Instruct-8B-SimPO-v0.2,49.837110258210494,29.1238227637126,20.713287494497894
Jimmy19991222_llama-3-8b-instruct-gapo-v2-bert-f1-beta10-gamma0.3-lr1.0e-6-1minus-rerun,48.79796567289935,27.755228582197063,21.04273709070229
Jimmy19991222_llama-3-8b-instruct-gapo-v2-bert_f1-beta10-gamma0.3-lr1.0e-6-scale-log,49.345840367294166,28.613596677525617,20.73224368976855
Jimmy19991222_llama-3-8b-instruct-gapo-v2-bert_p-beta10-gamma0.3-lr1.0e-6-scale-log,49.16414793938901,27.666183558964235,21.497964380424776
Jimmy19991222_llama-3-8b-instruct-gapo-v2-bleu-beta0.1-no-length-scale-gamma0.4,49.86088445592742,29.3297318748178,20.53115258110962
Jimmy19991222_llama-3-8b-instruct-gapo-v2-rouge2-beta10-1minus-gamma0.3-rerun,49.40463886115545,28.390676236054286,21.01396262510116
Jimmy19991222_llama-3-8b-instruct-gapo-v2-rouge2-beta10-gamma0.3-lr1.0e-6-scale-log,49.160075581298045,28.07503551511944,21.085040066178607
Jimmy19991222_llama-3-8b-instruct-gapo-v2-rougeL-beta10-gamma0.3-lr1.0e-6-scale-log,49.52489348573605,28.56256683836558,20.96232664737047
Joseph717171_Hermes-3-Llama-3.1-8B_TIES_with_Base_Embeds_Initialized_to_Special_Instruct_Toks_dtypeF32,51.774525401412475,30.724096614147957,21.05042878726452
Joseph717171_Llama-3.1-SuperNova-8B-Lite_TIES_with_Base,51.474231271419114,31.46581339489899,20.008417876520124
Josephgflowers_Cinder-Phi-2-V1-F16-gguf,43.96616219689493,22.45340222827221,21.512759968622717
Josephgflowers_Differential-Attention-Liquid-Metal-Tinyllama,29.255611310526703,2.5522242028124382,26.703387107714263
Josephgflowers_TinyLlama-Cinder-Agent-v1,31.160367351776507,3.804167155031377,27.35620019674513
Josephgflowers_TinyLlama-v1.1-Cinders-World,29.979653176003072,3.107714473502144,26.871938702500927
Josephgflowers_TinyLlama_v1.1_math_code-world-test-1,31.463497508928434,4.164017098724634,27.2994804102038
Josephgflowers_Tinyllama-STEM-Cinder-Agent-v1,30.84380842714463,3.731312676862636,27.112495750281994
JungZoona_T3Q-Qwen2.5-14B-Instruct-1M-e3,75.85971930826706,65.46659667305961,10.393122635207448
JungZoona_T3Q-qwen2.5-14b-v1.0-e3,75.85971930826706,65.46659667305961,10.393122635207448
Junhoee_Qwen-Megumin,52.852681245725094,33.64214368642437,19.210537559300725
KSU-HW-SEC_Llama3-70b-SVA-FT-1415,66.50146340680479,51.328741195678994,15.172722211125794
KSU-HW-SEC_Llama3-70b-SVA-FT-500,66.92236023098005,51.8870262488106,15.035333982169448
KSU-HW-SEC_Llama3-70b-SVA-FT-final,66.50146340680479,51.328741195678994,15.172722211125794
KSU-HW-SEC_Llama3.1-70b-SVA-FT-1000step,69.03120365165111,55.48536459580824,13.545839055842869
Khetterman_DarkAtom-12B-v3,51.53709655381875,31.6595419899606,19.877554563858148
Khetterman_Kosmos-8B-v1,52.33522858623629,31.75895920189927,20.57626938433702
Kimargin_GPT-NEO-1.3B-wiki,30.263399520469754,3.423611572649296,26.839787947820458
KingNish_Qwen2.5-0.5b-Test-ft,32.31533857529747,6.058845092070314,26.256493483227153
KingNish_Reasoning-Llama-3b-v0.1,43.43359250958279,19.86245115758441,23.571141351998378
KingNish_qwen-1b-continued,29.909543894796364,4.387464099020609,25.522079795775756
KingNish_qwen-1b-continued-v2.1,30.416583041069007,4.197658352409889,26.21892468865912
KingNish_qwen-1b-continued-v2.2,30.586579449667845,4.956068589848116,25.63051085981973
Kquant03_CognitiveFusion2-4x7B-BF16,41.078286111483784,17.689002759870313,23.38928335161347
Kquant03_L3-Pneuma-8B,49.55043317675483,28.82020171626968,20.73023146048515
Krystalan_DRT-o1-14B,63.792753751422914,48.14182185507073,15.650931896352184
Krystalan_DRT-o1-7B,54.67693339610741,35.73893662836844,18.937996767738966
Kukedlc_NeuralExperiment-7b-MagicCoder-v7.5,39.884465447785175,16.386034485864904,23.49843096192027
Kukedlc_NeuralLLaMa-3-8b-DT-v0.1,49.86771544360115,28.008307823364888,21.85940762023626
Kukedlc_NeuralLLaMa-3-8b-ORPO-v0.3,45.57141539616392,22.39171190823084,23.179703487933082
Kukedlc_NeuralSynthesis-7B-v0.1,51.44745481048844,31.83439540006779,19.613059410420647
Kukedlc_NeuralSynthesis-7B-v0.3,51.38078814382177,31.811748341244265,19.569039802577503
Kukedlc_NeuralSynthesis-7b-v0.4-slerp,51.42932549151301,31.99718681136041,19.4321386801526
Kukedlc_Qwen-2.5-7b-Spanish-o1-CoT,56.01947823443537,36.86336502529178,19.15611320914359
Kumar955_Hemanth-llm,52.2494907014536,33.044262388969805,19.205228312483797
LEESM_llama-2-7b-hf-lora-oki100p,34.91675272036978,10.265743141867237,24.651009578502542
LEESM_llama-2-7b-hf-lora-oki10p,35.30929513059229,9.438287176618806,25.871007953973482
LEESM_llama-3-8b-bnb-4b-kowiki231101,41.308056536171776,16.93486814930169,24.373188386870087
LEESM_llama-3-Korean-Bllossom-8B-trexlab-oki10p,43.43012116932071,19.797435760911394,23.632685408409312
LGAI-EXAONE_EXAONE-3.0-7.8B-Instruct,41.74432647784512,17.97733539518049,23.76699108266463
LGAI-EXAONE_EXAONE-3.5-2.4B-Instruct,40.923471137234046,15.94743717105687,24.976033966177177
LGAI-EXAONE_EXAONE-3.5-32B-Instruct,57.60913742720142,39.82420331711213,17.78493411008929
LGAI-EXAONE_EXAONE-3.5-7.8B-Instruct,47.275923043598624,25.65374942082902,21.622173622769605
LLM360_K2,49.71835676523677,28.220402834201128,21.497953931035642
LLM360_K2-Chat,53.58099630242067,33.79382923599304,19.787167066427635
LLM4Binary_llm4decompile-1.3b-v2,32.71808417267588,5.915475430438469,26.80260874223741
Lambent_qwen2.5-reinstruct-alternate-lumen-14B,64.58988582965894,48.989609006737815,15.600276822921124
Langboat_Mengzi3-8B-Chat,46.83725003203178,25.188298449475575,21.648951582556208
LenguajeNaturalAI_leniachat-gemma-2b-v0,30.740211895412035,4.138296963728068,26.601914931683964
LenguajeNaturalAI_leniachat-qwen2-1.5B-v0,36.83559019561201,12.771666354808303,24.06392384080371
LeroyDyer_CheckPoint_A,47.47699745968041,25.80938677777848,21.66761068190193
LeroyDyer_CheckPoint_B,47.7994753783249,26.27124893315022,21.52822644517468
LeroyDyer_CheckPoint_C,45.86421544620759,24.18304052622304,21.68117491998455
LeroyDyer_LCARS_AI_001,42.578875825590146,19.460966800253622,23.117909025336523
LeroyDyer_LCARS_AI_1x4_003_SuperAI,49.19850357370479,28.423430655930204,20.775072917774587
LeroyDyer_LCARS_AI_StarTrek_Computer,44.46191188748296,21.78100309570489,22.680908791778073
LeroyDyer_LCARS_TOP_SCORE,51.27371051825098,31.69912679947687,19.57458371877411
LeroyDyer_Mixtral_AI_SwahiliTron_7b,30.55092453201354,3.211683047233007,27.339241484780533
LeroyDyer_SpydazWebAI_Human_AGI,33.74862127508734,7.445695539873622,26.302925735213716
LeroyDyer_SpydazWebAI_Human_AGI_001,34.334219386048744,8.661200013836998,25.673019372211748
LeroyDyer_SpydazWeb_AI_CyberTron_Ultra_7b,48.107736108561824,27.74553183153259,20.362204277029235
LeroyDyer_SpydazWeb_AI_HumanAGI_001_M2,48.88172059118469,27.92150509438776,20.960215496796927
LeroyDyer_SpydazWeb_AI_HumanAGI_002,50.438718253893136,29.62691236357759,20.811805890315547
LeroyDyer_SpydazWeb_AI_HumanAI_001,33.440360243051984,8.06526235359233,25.375097889459653
LeroyDyer_SpydazWeb_AI_HumanAI_006,33.01800420981355,6.725319981390316,26.29268422842323
LeroyDyer_SpydazWeb_AI_HumanAI_007,34.156657947436045,8.46281905839016,25.693838889045885
LeroyDyer_SpydazWeb_AI_HumanAI_009_CHAT,33.06728717792964,7.033815600268059,26.033471577661583
LeroyDyer_SpydazWeb_AI_HumanAI_010_CHAT,33.36316476245584,7.351959868629893,26.011204893825944
LeroyDyer_SpydazWeb_AI_HumanAI_011_INSTRUCT,35.22609512356862,9.415285279602362,25.810809843966258
LeroyDyer_SpydazWeb_AI_HumanAI_011_INSTRUCT_ML,39.84018786128357,15.599125312205128,24.24106254907844
LeroyDyer_SpydazWeb_AI_HumanAI_011_INSTRUCT_ML_r1,48.58334104291107,27.188612130290466,21.394728912620607
LeroyDyer_SpydazWeb_AI_HumanAI_012_INSTRUCT_IA,45.768864760562735,23.116920348203426,22.65194441235931
LeroyDyer_SpydazWeb_AI_HumanAI_012_INSTRUCT_IA,45.768864760562735,23.177267229663997,22.59159753089874
LeroyDyer_SpydazWeb_AI_HumanAI_012_INSTRUCT_MX,31.584219386048733,5.885758837366411,25.698460548682323
LeroyDyer_SpydazWeb_AI_HumanAI_012_INSTRUCT_XA,44.827466097749216,22.464434124386614,22.363031973362602
LeroyDyer_SpydazWeb_AI_HumanAI_012_INSTRUCT_XA,44.827466097749216,22.728636272258512,22.098829825490704
LeroyDyer_SpydazWeb_AI_HumanAI_RP,33.23017905974429,7.176494579151711,26.053684480592576
LeroyDyer_SpydazWeb_AI_HumanAI_TextVision,33.53661792896598,7.525593201173674,26.011024727792307
LeroyDyer_SpydazWeb_HumanAI_M1,35.632705798398106,10.02754339015283,25.605162408245278
LeroyDyer_SpydazWeb_HumanAI_M2,39.308772552915556,15.397194202296944,23.911578350618612
LeroyDyer_SpydazWeb_HumanAI_M3,31.272572546166238,4.765388996591294,26.507183549574943
LeroyDyer__Spydaz_Web_AI_12,31.633960292107943,4.495993524198578,27.137966767909365
LeroyDyer__Spydaz_Web_AI_14,29.88848127354542,2.162400468558809,27.726080804986612
LeroyDyer__Spydaz_Web_AI_BIBLE_002,32.89070186514165,6.349580156104774,26.541121709036876
LeroyDyer__Spydaz_Web_AI_ChatML_002,31.063835989570943,4.191974214495695,26.87186177507525
LeroyDyer__Spydaz_Web_AI_ChatQA,32.35949383741351,5.599561733978841,26.759932103434668
LeroyDyer__Spydaz_Web_AI_ChatQA_003,31.718114078155363,4.293436202390652,27.42467787576471
LightningRodLabs_Flashlight-v1.0,68.76833310149728,55.15022389243257,13.618109209064706
LightningRodLabs_Flashlight-v1.1,69.01141327534415,55.432811255376855,13.578602019967299
LightningRodLabs_Flashlight-v1.2,32.64526807518731,6.159209487289303,26.486058587898007
Lil-R_2_PRYMMAL-ECE-2B-SLERP-V1,42.87069505821554,19.53491130754225,23.33578375067329
Lil-R_2_PRYMMAL-ECE-2B-SLERP-V2,43.764741906109414,20.19737664058305,23.567365265526362
Lil-R_2_PRYMMAL-ECE-7B-SLERP,55.56642048146725,36.48257004939404,19.083850432073206
Lil-R_2_PRYMMAL-ECE-7B-SLERP-V1,30.525797550329685,2.784018230925968,27.74177931940372
Lil-R_2_PRYMMAL-ECE-7B-SLERP-V2,30.525797550329685,2.784018230925968,27.74177931940372
Lil-R_2_PRYMMAL-ECE-7B-SLERP-V3,35.7839880712804,10.612229209084203,25.171758862196192
Lil-R_PRYMMAL-ECE-1B-SLERP-V1,41.904526564708185,17.999676133564762,23.904850431143423
Lil-R_PRYMMAL-ECE-7B-SLERP-V8,29.55092966258663,2.270601109130521,27.28032855345611
LilRg_10PRYMMAL-3B-slerp,53.203770916345036,34.877917500461,18.325853415884033
LilRg_ECE-1B-merge-PRYMMAL,42.34560017690875,19.141465000010825,23.20413517689792
LilRg_ECE_Finetunning,47.32159679073051,26.530834895216355,20.790761895514155
LilRg_PRYMMAL-6B-slerp,28.676215692036116,2.2124311744899985,26.463784517546117
LilRg_PRYMMAL-ECE-7B-SLERP-V3,29.572390849801238,2.290323331352744,27.282067518448493
LilRg_PRYMMAL-ECE-7B-SLERP-V4,29.572390849801238,2.290323331352744,27.282067518448493
LilRg_PRYMMAL-ECE-7B-SLERP-V5,29.572390849801238,2.290323331352744,27.282067518448493
LilRg_PRYMMAL-ECE-7B-SLERP-V6,29.572390849801238,2.290323331352744,27.282067518448493
LilRg_PRYMMAL-ECE-7B-SLERP-V7,29.572390849801238,2.290323331352744,27.282067518448493
LilRg_PRYMMAL-slerp-Merge,53.64156271768926,35.553775523419816,18.087787194269445
LimYeri_CodeMind-Llama3-8B-unsloth_v2-merged,48.60092088299632,26.655629407381003,21.945291475615317
LimYeri_CodeMind-Llama3-8B-unsloth_v3-merged,49.08161460506796,27.02521610839599,22.05639849667197
LimYeri_CodeMind-Llama3-8B-unsloth_v4-one-DPO-merged,48.526582322240046,26.37017668673992,22.156405635500125
LimYeri_CodeMind-Llama3-8B-unsloth_v4-one-merged,47.38758608456885,24.57473532012109,22.812850764447763
LimYeri_CodeMind-Llama3.1-8B-unsloth-merged,46.94777854416285,24.185738827978955,22.762039716183896
Locutusque_CollectiveLM-Falcon-3-7B,51.05131374222629,30.78734455849681,20.263969183729483
Locutusque_Hercules-6.0-Llama-3.1-8B,48.13303790011954,26.63965184405082,21.49338605606872
Locutusque_Hercules-6.1-Llama-3.1-8B,46.56242376503402,24.151873375413786,22.410550389620234
Locutusque_Llama-3-NeuralHercules-5.0-8B,39.40474241916672,16.34207153663529,23.06267088253143
Locutusque_Llama-3-Yggdrasil-2.0-8B,47.72455142466686,26.922800957191782,20.80175046747508
Locutusque_TinyMistral-248M-v2.5,30.385761123260785,3.181881126755549,27.203879996505236
Luni_StarDust-12b-v1,53.661393631010824,34.44627563758498,19.215117993425842
Luni_StarDust-12b-v2,54.19479534912178,34.95288411454464,19.241911234577145
Lunzima_NQLSG-Qwen2.5-14B-MegaFusion-v3,64.78481476573447,49.31202888085861,15.472785884875854
Lunzima_NQLSG-Qwen2.5-14B-MegaFusion-v5,64.66679318879383,49.50507308185843,15.161720106935405
Lunzima_NQLSG-Qwen2.5-14B-MegaFusion-v6,64.57646219275207,49.104366248398456,15.472095944353619
Lunzima_NQLSG-Qwen2.5-14B-MegaFusion-v7-rebase,64.22587980411637,48.854078526667685,15.37180127744869
Lunzima_NQLSG-Qwen2.5-14B-MegaFusion-v8,64.64622296537796,49.0341381962539,15.61208476912406
Lunzima_NQLSG-Qwen2.5-14B-MegaFusion-v8.5,64.51310724242121,49.07822518409933,15.434882058321882
Lunzima_NQLSG-Qwen2.5-14B-MegaFusion-v8.6,64.57173605698173,48.98525935245095,15.586476704530781
Lunzima_NQLSG-Qwen2.5-14B-MegaFusion-v8.7,64.96383797869687,49.91009317302106,15.053744805675812
Lunzima_NQLSG-Qwen2.5-14B-MegaFusion-v8.9,64.88391435015805,49.94686965422407,14.937044695933977
Lunzima_NQLSG-Qwen2.5-14B-MegaFusion-v9-stock,65.70671029574325,50.620019436503945,15.086690859239305
Lyte_Llama-3.1-8B-Instruct-Reasoner-1o1_v0.3,49.495216193295846,27.83521213410715,21.660004059188697
Lyte_Llama-3.2-1B-Instruct-COT-RL-Expriement1-EP04,35.15036874279285,8.894408584162113,26.255960158630735
Lyte_Llama-3.2-3B-Overthinker,43.20093097952517,20.095582226457157,23.10534875306801
M4-ai_TinyMistral-248M-v3,28.84549938995566,1.7775539303863237,27.067945459569337
MEscriva_ECE-PRYMMAL-0.5B-FT-V5-MUSR-Mathis,30.572861243788097,3.237774271047842,27.335086972740257
MLP-KTLim_llama-3-Korean-Bllossom-8B,49.004556470187666,26.927527973055067,22.0770284971326
MTSAIR_Cotype-Nano,38.649409696014914,14.446870023241225,24.20253967277369
MTSAIR_MultiVerse_70B,61.831342849311774,46.135898982415,15.695443866896774
Magpie-Align_Llama-3-8B-Magpie-Align-SFT-v0.1,46.151027445273655,23.990124398411343,22.160903046862312
Magpie-Align_Llama-3-8B-Magpie-Align-SFT-v0.3,45.71580899672055,23.698815892387582,22.016993104332965
Magpie-Align_Llama-3-8B-Magpie-Align-v0.1,47.89408101970552,26.69176089392447,21.202320125781046
Magpie-Align_Llama-3-8B-Magpie-Align-v0.1,47.89408101970552,26.289712088654472,21.604368931051045
Magpie-Align_Llama-3-8B-Magpie-Align-v0.3,45.6960506522001,24.311446807587014,21.384603844613085
Magpie-Align_Llama-3.1-8B-Magpie-Align-SFT-v0.1,47.64157817799906,26.13667696363235,21.504901214366708
Magpie-Align_Llama-3.1-8B-Magpie-Align-v0.1,46.22396316468014,24.04053735093787,22.18342581374227
Magpie-Align_MagpieLM-8B-Chat-v0.1,41.72338260055306,18.25580502860485,23.46757757194821
Magpie-Align_MagpieLM-8B-SFT-v0.1,45.52850159555336,23.61231335017796,21.9161882453754
ManoloPueblo_ContentCuisine_1-7B-slerp,51.88437309746964,32.78974404613455,19.09462905133509
ManoloPueblo_LLM_MERGE_CC2,52.093674017104284,33.241073524404655,18.85260049269963
ManoloPueblo_LLM_MERGE_CC3,52.4629054627434,33.23001780763082,19.232887655112577
MarinaraSpaghetti_NemoReRemix-12B,55.36511805668158,36.12470152357596,19.240416533105623
MarinaraSpaghetti_Nemomix-v4.0-12B,52.74986611124783,32.879942700903165,19.86992341034467
Marsouuu_MiniMathExpert-2_61B-ECE-PRYMMAL-Martial,39.527303304939586,15.297499289020854,24.22980401591873
Marsouuu_MiniQwenMathExpert-ECE-PRYMMAL-Martial,42.30134304410893,19.019948525917457,23.281394518191476
Marsouuu_MistralBase-4x7B-MoE-ECE-PRYMMAL-Martial,34.64368053320647,8.870227428732667,25.773453104473802
Marsouuu_general3B-ECE-PRYMMAL-Martial,53.94350977017503,35.70087336193955,18.242636408235477
Marsouuu_general3Bv2-ECE-PRYMMAL-Martial,56.36569831901025,37.66776306891555,18.6979352500947
Marsouuu_lareneg1_78B-ECE-PRYMMAL-Martial,42.30134304410893,19.019948525917457,23.281394518191476
Marsouuu_lareneg3B-ECE-PRYMMAL-Martial,54.533258075782676,36.35072191454026,18.182536161242417
Marsouuu_lareneg3Bv2-ECE-PRYMMAL-Martial,56.233601453790406,37.47164011473157,18.761961339058836
MaziyarPanahi_Calme-4x7B-MoE-v0.1,51.02819889174134,31.26187805626151,19.76632083547983
MaziyarPanahi_Calme-4x7B-MoE-v0.2,51.10766802558263,31.396819621762447,19.710848403820187
MaziyarPanahi_Llama-3-70B-Instruct-v0.1,53.662576159516384,32.71291726367119,20.949658895845197
MaziyarPanahi_Llama-3-8B-Instruct-v0.10,49.243118666863104,27.924674302120888,21.318444364742216
MaziyarPanahi_Llama-3-8B-Instruct-v0.8,49.627836815949884,28.270418759783485,21.3574180561664
MaziyarPanahi_Llama-3-8B-Instruct-v0.9,49.36132794870085,27.903013285410186,21.45831466329066
MaziyarPanahi_Qwen1.5-MoE-A2.7B-Wikihow,39.20071454890602,15.47343942401254,23.72727512489348
MaziyarPanahi_Qwen2-7B-Instruct-v0.1,51.23061019250075,31.92360727430821,19.307002918192538
MaziyarPanahi_Qwen2-7B-Instruct-v0.8,46.37108491317946,25.532524528361478,20.83856038481798
MaziyarPanahi_calme-2.1-llama3.1-70b,64.4755327496552,48.55364600487639,15.92188674477881
MaziyarPanahi_calme-2.1-phi3-4b,55.95320442699867,38.1242795228128,17.828924904185868
MaziyarPanahi_calme-2.1-phi3.5-4b,54.83695590203843,36.11009692957303,18.7268589724654
MaziyarPanahi_calme-2.1-qwen2-72b,69.65560971922596,57.3258823447103,12.329727374515663
MaziyarPanahi_calme-2.1-qwen2-7b,50.45925887362795,31.00709744702013,19.452161426607823
MaziyarPanahi_calme-2.1-qwen2.5-72b,72.61624327092416,61.65570318314716,10.960540087776998
MaziyarPanahi_calme-2.1-rys-78b,70.97861139530463,59.4700307859535,11.508580609351128
MaziyarPanahi_calme-2.2-llama3-70b,64.35431762417701,48.57170594999846,15.782611674178554
MaziyarPanahi_calme-2.2-llama3.1-70b,67.92920009427085,54.20646208605566,13.722738008215195
MaziyarPanahi_calme-2.2-phi3-4b,55.29604896487258,37.733734155011526,17.562314809861057
MaziyarPanahi_calme-2.2-qwen2-72b,69.39595229335245,56.79594225047665,12.600010042875802
MaziyarPanahi_calme-2.2-qwen2-7b,52.14913750127922,33.10936559556884,19.03977190571038
MaziyarPanahi_calme-2.2-qwen2.5-72b,72.76399007138082,61.80360419146786,10.960385879912955
MaziyarPanahi_calme-2.2-rys-78b,70.81014602379213,59.268645675184494,11.541500348607634
MaziyarPanahi_calme-2.3-llama3-70b,63.99173489368602,48.0085850617923,15.98314983189372
MaziyarPanahi_calme-2.3-llama3.1-70b,68.71653740091753,55.58549511699308,13.131042283924451
MaziyarPanahi_calme-2.3-phi3-4b,55.37867816134528,37.65889241962552,17.719785741719754
MaziyarPanahi_calme-2.3-qwen2-72b,65.76306700720502,51.22830430718469,14.53476270002033
MaziyarPanahi_calme-2.3-qwen2-7b,50.64049035932394,30.95608211537095,19.68440824395299
MaziyarPanahi_calme-2.3-rys-78b,71.07763314317289,59.57454695904105,11.503086184131838
MaziyarPanahi_calme-2.4-llama3-70b,64.18191966839487,48.39776612820646,15.784153540188406
MaziyarPanahi_calme-2.4-qwen2-7b,51.01416326251771,31.8182656422348,19.195897620282913
MaziyarPanahi_calme-2.4-rys-78b,72.79510956242797,62.15654929467119,10.63856026775678
MaziyarPanahi_calme-2.5-qwen2-7b,48.86561146965678,28.28099517875505,20.584616290901728
MaziyarPanahi_calme-2.6-qwen2-7b,49.30243946403893,29.30841923308876,19.994020230950174
MaziyarPanahi_calme-2.7-qwen2-7b,48.831709013099974,28.912244614673995,19.91946439842598
MaziyarPanahi_calme-3.1-baguette-3b,46.83334104291107,25.50768075774144,21.325660285169633
MaziyarPanahi_calme-3.1-instruct-3b,48.12730148043098,27.30989595933989,20.81740552109109
MaziyarPanahi_calme-3.1-instruct-78b,73.05154498840409,62.40968270370106,10.64186228470303
MaziyarPanahi_calme-3.1-llamaloi-3b,45.87340004998879,23.7691655758483,22.104234474140487
MaziyarPanahi_calme-3.2-baguette-3b,47.08622699027139,25.865746650731108,21.220480339540284
MaziyarPanahi_calme-3.2-instruct-3b,48.65641110376735,27.976798242393084,20.679612861374263
MaziyarPanahi_calme-3.2-instruct-78b,73.18616272092675,62.6094432829016,10.576719438025144
MaziyarPanahi_calme-3.3-baguette-3b,46.7821729595752,25.59659410609641,21.185578853478788
MaziyarPanahi_calme-3.3-instruct-3b,46.93340942768869,25.682137818579093,21.251271609109594
Minami-su_Amara-o1-7B-Qwen,51.99420077880453,32.7968298710958,19.19737090770873
Minami-su_Amara-o2-7B-Qwen,51.73432604435284,31.79812727299554,19.9361987713573
Minami-su_test-7B-00,44.6612376561018,21.48995001898129,23.171287637120507
Minami-su_test-7B-01,44.22359420239754,20.824494266256867,23.399099936140676
Minami-su_test-v2-7B-00,44.15989344595353,21.19075482398095,22.96913862197258
ModelCloud_Llama-3.2-1B-Instruct-gptqmodel-4bit-vortex-v1,32.52726665015006,5.859172283470534,26.668094366679526
ModelSpace_GemmaX2-28-9B-v0.1,36.87226427280162,11.707676917585225,25.164587355216398
NAPS-ai_naps-gemma-2-27b-v0.1.0,29.117781029884355,2.3470409575204094,26.770740072363946
NAPS-ai_naps-llama-3_1-instruct-v0.5.0,41.4758436568969,18.110133310152776,23.365710346744123
NCSOFT_Llama-VARCO-8B-Instruct,50.228793160260174,29.177056729688577,21.051736430571598
Naveenpoliasetty_llama3-8B-V2,51.886575800650625,30.873209425039573,21.013366375611053
NbAiLab_nb-llama-3.1-8B-Instruct,32.46655313558952,5.448858800501278,27.017694335088244
Nekochu_Llama-3.1-8B-German-ORPO,49.82577044334462,29.419254274936463,20.406516168408153
Nexesenex_Llama_3.1_8b_DeepDive_3_R1_Prev_v1.0,51.203649030939005,30.73278378127992,20.470865249659084
Nexesenex_Llama_3.1_8b_DobHerWild_R1_v1.1R,52.5696414662245,32.825750312399464,19.74389115382504
Nexesenex_Llama_3.1_8b_DoberWild_v2.02,53.12736986520859,33.35331271516665,19.77405715004194
Nexesenex_Llama_3.1_8b_DodoWild_v2.01,52.52760762748857,32.110872058033216,20.416735569455355
Nexesenex_Llama_3.1_8b_DodoWild_v2.02,52.61737638679802,32.31915252588661,20.298223860911413
Nexesenex_Llama_3.1_8b_DodoWild_v2.03,53.082500438293614,33.022959512096214,20.0595409261974
Nexesenex_Llama_3.1_8b_Dolermed_R1_V1.01,53.123891775636466,33.28793158004305,19.835960195593415
Nexesenex_Llama_3.1_8b_Dolermed_V1.01,51.93615033347353,31.7058028455963,20.23034748787723
Nexesenex_Llama_3.1_8b_Dolerstormed_V1.04,51.95180641442355,31.641151925155334,20.310654489268217
Nexesenex_Llama_3.1_8b_Hermedive_R1_V1.01,51.708559867340384,31.12996175276656,20.578598114573822
Nexesenex_Llama_3.1_8b_Mediver_V1.01,44.14832589674598,20.44150346627676,23.70682243046922
Nexesenex_Llama_3.1_8b_Smarteaz_0.2_R1,51.12504828088763,30.6976172290985,20.42743105178913
Nexesenex_Llama_3.1_8b_Smarteaz_V1.01,52.41273021389002,32.275457070272665,20.137273143617357
Nexesenex_Llama_3.2_1b_AquaSyn_0.1,32.84363786988483,6.212570678140739,26.63106719174409
Nexesenex_Llama_3.2_1b_Odyssea_V1,30.09715832098017,2.6467030023577163,27.450455318622453
Nexesenex_Llama_3.2_1b_Odyssea_V1.01,30.44651612138552,2.848403718897272,27.598112402488248
Nexesenex_Llama_3.2_1b_SunOrca_V1,34.306447662530104,7.852676178179103,26.453771484351
Nexesenex_Llama_3.2_1b_Sydonia_0.1,31.2109287105498,4.742438568322573,26.46849014222723
Nexesenex_Llama_3.2_3b_Kermes_v2,44.554539692939315,22.049944802060324,22.50459489087899
NikolaSigmoid_AceMath-1.5B-Instruct-dolphin-r1-200,28.148007801214707,1.586299722165597,26.56170807904911
NikolaSigmoid_DeepSeek-R1-Distill-Qwen-1.5B-500,26.015954545866087,0.3579812834224598,25.657973262443626
NikolaSigmoid_phi-4-14b,66.95000807996671,52.50069258575488,14.449315494211831
NotASI_FineTome-Llama3.2-3B-1002,43.19470614025341,19.52006065248879,23.674645487764618
NotASI_FineTome-v1.5-Llama3.2-1B-1007,32.40567112148566,5.801724673541757,26.603946447943905
NotASI_FineTome-v1.5-Llama3.2-3B-1007,43.123729353215815,19.457219278849333,23.66651007436648
NousResearch_DeepHermes-3-Mistral-24B-Preview,64.88196385442671,48.963404310757504,15.918559543669211
NousResearch_Hermes-2-Pro-Llama-3-8B,50.711262431008194,30.667993420825,20.043269010183195
NousResearch_Hermes-2-Pro-Mistral-7B,49.95435330498075,29.427578860536,20.52677444444475
NousResearch_Hermes-3-Llama-3.1-70B,67.55780641387481,53.76540869130056,13.792397722574258
NousResearch_Nous-Hermes-2-Mistral-7B-DPO,48.52653665465235,27.792545658366084,20.733990996286263
NousResearch_Yarn-Llama-2-13b-128k,38.26816443733663,13.505319085673955,24.762845351662676
Open-Orca_Mistral-7B-OpenOrca,47.68173517353546,25.840025395269805,21.841709778265653
OpenBuddy_openbuddy-llama3-70b-v21.2-32k,65.07443429944495,49.969365808428186,15.105068491016759
OpenBuddy_openbuddy-llama3-8b-v21.1-8k,47.875007373484046,26.115045337590946,21.7599620358931
OpenBuddy_openbuddy-llama3.1-70b-v22.1-131k,66.98491606025763,51.94077625159233,15.0441398086653
OpenBuddy_openbuddy-llama3.1-8b-v22.3-131k,50.65914870348772,30.3195108847562,20.339637818731525
OpenBuddy_openbuddy-yi1.5-34b-v21.3-32k,61.62574860411373,45.637092606204,15.988655997909731
OpenLeecher_llama3-8b-lima,42.95828632822992,19.573064881964964,23.385221446264953
OpenScholar_Llama-3.1_OpenScholar-8B,52.077408344506736,32.40392120448785,19.673487140018885
Orenguteng_Llama-3.1-8B-Lexi-Uncensored-V2,50.840080187839334,29.687032745631218,21.153047442208116
Orion-zhen_phi-4-abliterated,66.98239306664779,52.45712922578372,14.52526384086407
PJMixers-Dev_LLaMa-3.1-Instruct-Interleaved-Zeroed-13B,50.73267838961463,29.89275635245275,20.839922037161877
PJMixers-Dev_LLaMa-3.1-RomboTiesTest-8B,50.73267838961463,29.89275635245275,20.839922037161877
PJMixers-Dev_LLaMa-3.1-RomboTiesTest2-8B,50.73267838961463,29.89275635245275,20.839922037161877
PJMixers-Dev_LLaMa-3.2-Instruct-JankMix-v0.2-SFT-3B,45.81495219101535,23.34123990373789,22.47371228727746
PJMixers-Dev_LLaMa-3.2-Instruct-JankMixBread-v0.1-3B,44.83158594793648,22.759588390933697,22.071997557002785
PJMixers_LLaMa-3-CursedStock-v2.0-8B,52.711595040299684,32.56361170891586,20.147983331383827
Quazim0t0_Lo-Phi-14b,68.51928144814953,54.70598224151049,13.813299206639037
Quazim0t0_Phi4.Turn.R1Distill.16bit,65.63340892011863,50.4691726466956,15.164236273423029
Quazim0t0_Phi4Basis-14B-sce,69.09074263536414,55.6651943464438,13.42554828892034
Quazim0t0_graphite-14b-sce,66.31420093244736,51.50924362930217,14.804957303145194
Qwen_QwQ-32B-Preview,66.91381482252744,53.3876763517132,13.526138470814239
Qwen_Qwen1.5-0.5B,31.535386591425578,5.035475836799366,26.499910754626214
Qwen_Qwen1.5-1.8B,34.761215583663045,9.759901587727937,25.001313995935107
Qwen_Qwen1.5-110B,60.999649817809775,44.28047655387545,16.719173263934323
Qwen_Qwen1.5-14B-Chat,52.28587510703555,32.75647930053065,19.5293958065049
Qwen_Qwen1.5-32B,57.153905559593255,38.980351633108974,18.17355392648428
Qwen_Qwen1.5-32B-Chat,60.66899757930234,44.55485402391639,16.11414355538595
Qwen_Qwen1.5-4B-Chat,40.05548561148611,16.29707852890831,23.7584070825778
Qwen_Qwen1.5-MoE-A2.7B,41.13515433010766,18.837858500547185,22.297295829560476
Qwen_Qwen2-0.5B-Instruct,31.725179384863495,5.876044259408482,25.849135125455014
Qwen_Qwen2-1.5B-Instruct,38.52232408376058,13.695346827502664,24.826977256257916
Qwen_Qwen2-57B-A14B,56.18204938684165,38.87598905034189,17.306060336499755
Qwen_Qwen2-7B,53.1531595001889,34.711136202753416,18.442023297435483
Qwen_Qwen2-7B-Instruct,55.447815637931896,37.80839092310167,17.639424714830227
Qwen_Qwen2-Math-72B-Instruct,63.4337660025181,47.96019950734914,15.47356649516896
Qwen_Qwen2-VL-72B-Instruct,69.46287292338683,56.3112338791251,13.151639044261728
Qwen_Qwen2-VL-7B-Instruct,54.64507159069989,35.87710314498947,18.767968445710423
Qwen_Qwen2.5-1.5B-Instruct,42.88982740422907,19.80978649735897,23.080040906870096
Qwen_Qwen2.5-14B-Instruct,63.90453705906223,48.36070661282705,15.543830446235177
Qwen_Qwen2.5-32B-Instruct,69.12525080134338,56.48934826159387,12.635902539749516
Qwen_Qwen2.5-3B-Instruct,46.9276665604885,25.801393944088584,21.126272616399913
Qwen_Qwen2.5-72B,67.97320670694852,54.61505780163693,13.358148905311587
Qwen_Qwen2.5-7B-Instruct,53.96332637550801,34.89211675876548,19.07120961674253
Qwen_Qwen2.5-Math-72B-Instruct,64.52266637803764,48.966096029421145,15.556570348616496
Qwen_Qwen2.5-Math-7B,44.54639372840941,22.00876067958663,22.537633048822784
RESMPDEV_Qwen2-Wukong-0.5B,30.845142883716797,4.19666315993673,26.648479723780067
RLHFlow_ArmoRM-Llama3-8B-v0.1,28.764674467881377,1.7494478703137453,27.015226597567633
Replete-AI_Llama3-8B-Instruct-Replete-Adapted,48.702618293318984,26.88896431517229,21.813653978146693
Rombo-Org_Rombo-LLM-V2.5-Qwen-7b,53.99745025607595,34.90725375177349,19.09019650430246
SaisExperiments_Gemma-2-2B-Stheno-Filtered,41.492341522221835,17.47886723805338,24.013474284168456
SaisExperiments_RightSheep-Llama3.2-3B,42.40779430078383,18.643298035417292,23.764496265366535
Sakalti_Llama3.2-3B-Uranus-1,44.36825817318126,21.416406817010444,22.951851356170817
Sakalti_Phi3.5-Comets-3.8B,33.35116874180514,6.53359017300762,26.81757856879752
Sakalti_Qwen2.5-1B-Instruct,30.27152803556393,3.437039790947589,26.834488244616338
SentientAGI_Dobby-Mini-Leashed-Llama-3.1-8B,51.380538501658656,30.77304532336984,20.607493178288816
SentientAGI_Dobby-Mini-Unhinged-Llama-3.1-8B,51.42440064892148,30.369934195446422,21.054466453475055
Sicarius-Prototyping_Brainy_LLAMA,51.17131754488634,30.294986762557475,20.876330782328868
SicariusSicariiStuff_LLAMA-3_8B_Unaligned_BETA,47.17234028484832,24.998013753807424,22.174326531040894
SicariusSicariiStuff_Phi-Line_14B,61.54430096216079,43.79406899090469,17.7502319712561
SicariusSicariiStuff_Qwen2.5-14B_Uncensored,63.089419455078264,46.7202351109504,16.369184344127866
SicariusSicariiStuff_Qwen2.5-14B_Uncensored_Instruct,59.36792404117958,42.113096716972805,17.254827324206772
SkyOrbis_SKY-Ko-Llama3.2-1B-lora-epoch5,34.06015618891154,8.132119042373503,25.92803714653804
SkyOrbis_SKY-Ko-Llama3.2-1B-lora-v2-epoch3,34.06015618891154,8.132119042373503,25.92803714653804
SkyOrbis_SKY-Ko-Llama3.2-3B-lora-epoch1,43.99628268031015,20.806136629310423,23.19014605099973
SkyOrbis_SKY-Ko-Qwen2.5-3B-Instruct,42.64821228336018,19.15067903050948,23.4975332528507
SkyOrbis_SKY-Ko-Qwen2.5-7B-Instruct-SFT-step-15000,50.7796200604859,31.32761158066677,19.452008479819128
SkyOrbis_SKY-Ko-Qwen2.5-7B-Instruct-SFT-step-5000,53.898645542423665,34.9514354427427,18.947210099680966
Sorawiz_Gemma-9B-Base,59.3040577894583,41.28135020153275,18.022707587925545
Sorawiz_Gemma-Creative-9B-Base,54.586143350955616,34.6224221959871,19.963721154968518
Sourjayon_DeepSeek-R1-ForumNXT,33.10198487331463,6.957542087542088,26.14444278577254
Supichi_BBAI_135_Gemma,35.684129093449684,10.857975857833802,24.826153235615884
Syed-Hasan-8503_Phi-3-mini-4K-instruct-cpo-simpo,56.815341236610784,39.148157776889455,17.66718345972133
T145_Meta-Llama-3.1-8B-Instruct-TIES,50.70111385564763,29.7742634799406,20.926850375707026
T145_qwen-2.5-3B-merge-test,48.42488747720393,27.889341313676077,20.535546163527854
TIGER-Lab_AceCoder-Qwen2.5-Coder-7B-Base-Rule,49.023782785253694,29.405351182469055,19.61843160278464
TIGER-Lab_Qwen2.5-Math-7B-CFT,46.369414980230836,24.585137970728173,21.784277009502663
TTTXXX01_Mistral-7B-Base-SimPO2-5e-7,43.19551501488277,20.692627382557507,22.502887632325265
Tarek07_Thalassic-Alpha-LLaMa-70B,69.40408286616311,55.95412538254855,13.449957483614561
Telugu-LLM-Labs_Indic-gemma-2b-finetuned-sft-Navarasa-2.0,32.40881373468133,6.021054704987018,26.387759029694315
Telugu-LLM-Labs_Indic-gemma-7b-finetuned-sft-Navarasa-2.0,40.22994892473339,16.263180963543576,23.966767961189817
TheDrummer_Gemmasutra-9B-v1,58.86914248369671,41.20039631726062,17.668746166436094
TheDrummer_Tiger-Gemma-9B-v2,56.17191114121779,35.46954056518246,20.702370576035328
TheTsar1209_qwen-carpmuscle-r-v0.3,62.271240078720005,46.37591354449345,15.895326534226555
TheTsar1209_qwen-carpmuscle-v0.1,64.34300741299221,48.82559521217237,15.517412200819841
TinyLlama_TinyLlama-1.1B-Chat-v0.1,30.835294748680113,3.3630106739393377,27.472284074740774
TinyLlama_TinyLlama-1.1B-Chat-v1.0,31.035628674910154,4.013396848486799,27.022231826423354
TinyLlama_TinyLlama-1.1B-intermediate-step-1431k-3T,30.71188438267271,3.547093389508079,27.164790993164633
Triangle104_DS-Distilled-Hermes-Llama-3.1,51.17012556460311,30.312465517244533,20.85766004735858
Triangle104_DSR1-Distill-Llama-Lit-8B,42.840563271077805,19.22515965463957,23.615403616438236
Triangle104_DSR1-Distill-Qwen-7B-RP,43.26490703099772,19.853297811659683,23.411609219338036
Triangle104_Dolphin3-Llama3.2-Smart,39.7507554563096,15.349665999615956,24.40108945669364
Triangle104_Llama3.1-Allades-Lit-8b,41.83297778736216,17.44690701770639,24.38607076965577
Triangle104_Mistral-Small-24b-Harmony,64.33732705921861,48.42115059678503,15.916176462433576
Triangle104_Phi-4-AbliteratedRP,67.08776140201277,52.64096935250796,14.446792049504815
Triangle104_Phi4-RP-o1,66.52563961373095,51.5939185267128,14.931721087018147
Triangle104_Phi4-RP-o1-Ablit,66.29825730619672,51.22184133516779,15.07641597102893
Triangle104_Porpoise-R1-Llama3.2-3b,38.23675800458569,12.926570818614184,25.310187185971504
Triangle104_RomboHermes3-R1-Llama3.2-3b,42.6394662749872,19.092695935991667,23.546770338995533
UCLA-AGI_Gemma-2-9B-It-SPPO-Iter2,59.89880877421281,42.16983380174582,17.728974972466993
UCLA-AGI_Gemma-2-9B-It-SPPO-Iter3,60.070802292680256,42.53675224107426,17.534050051605995
UCLA-AGI_Llama-3-Instruct-8B-SPPO-Iter3,50.795799761689,29.73968358044069,21.056116181248306
UCLA-AGI_Llama-3-Instruct-8B-SPPO-Iter3,50.795799761689,29.71670075746525,21.079099004223746
UCLA-AGI_Mistral7B-PairRM-SPPO,44.38979817093698,22.08465647856181,22.305141692375166
UCLA-AGI_Mistral7B-PairRM-SPPO-Iter2,44.65719945610438,22.47992425019784,22.17727520590654
UCLA-AGI_Mistral7B-PairRM-SPPO-Iter3,43.96587862984616,21.817495985928637,22.14838264391752
UKzExecution_LlamaExecutor-8B-3.0.5,50.06000507021341,28.41381524085358,21.646189829359827
VAGOsolutions_Llama-3-SauerkrautLM-70b-Instruct,66.63247245334951,52.02957975911792,14.602892694231585
VAGOsolutions_Llama-3-SauerkrautLM-8b-Instruct,49.4337579362695,28.0492424520597,21.3845154842098
VAGOsolutions_Llama-3.1-SauerkrautLM-8b-Instruct,51.14932190011186,30.99936066535637,20.149961234755487
VAGOsolutions_SauerkrautLM-Gemma-2b,34.16315376053174,9.133870459903902,25.02928330062784
VAGOsolutions_SauerkrautLM-gemma-2-9b-it,60.72645787154746,43.249988966600455,17.476468904947005
VIRNECT_llama-3-Korean-8B-r-v-0.1,48.06156813908627,25.8849543311167,22.17661380796957
ValiantLabs_Llama3.1-70B-ShiningValiant2,67.38408402945882,52.390968518523096,14.993115510935723
ValiantLabs_Llama3.1-8B-Fireplace2,46.09817052543379,24.07027321429611,22.027897311137675
ValiantLabs_Llama3.1-8B-Fireplace2,46.09817052543379,24.08995379001348,22.008216735420305
ValiantLabs_Llama3.2-3B-Esper2,38.0826113903661,13.851732907913409,24.230878482452688
Weyaxi_Einstein-v6.1-Llama3-8B,50.08295581095018,29.38377348658535,20.69918232436483
Weyaxi_Einstein-v6.1-developed-by-Weyaxi-Llama3-8B,50.438374505496434,29.69444747698505,20.743927028511383
Weyaxi_Einstein-v7-Qwen2-7B,51.614722494983965,32.84181889691276,18.772903598071203
Xiaojian9992024_Llama3.2-1B-THREADRIPPER,35.43749789084061,9.115530357902744,26.32196753293787
Xiaojian9992024_Llama3.2-1B-THREADRIPPER-v0.2,35.27816493941946,8.329663069732538,26.948501869686922
Xiaojian9992024_Qwen2.5-THREADRIPPER-Medium-Censored,64.3145305374728,49.11232867574543,15.202201861727374
Xiaojian9992024_Qwen2.5-Ultra-1.5B-25.02-Exp,40.655813090204525,17.02637966475561,23.629433425448916
YOYO-AI_Qwen2.5-14B-YOYO-0505,65.39239511887702,50.35907329801012,15.033321820866902
YOYO-AI_Qwen2.5-14B-YOYO-0805,65.39239511887702,50.35907329801012,15.033321820866902
YOYO-AI_Qwen2.5-14B-YOYO-1010,65.39973096042957,50.26771877763532,15.132012182794249
YOYO-AI_Qwen2.5-14B-YOYO-1010,65.39973096042957,48.6902938974714,16.709437062958166
YOYO-AI_Qwen2.5-14B-YOYO-SCE,64.894868055104,49.4648829451977,15.429985109906298
YOYO-AI_Qwen2.5-14B-YOYO-V4,64.90345839036638,49.67240339546996,15.231054994896418
YOYO-AI_Qwen2.5-14B-YOYO-V4-p2,63.38919627514906,47.02692591646044,16.36227035868862
YOYO-AI_Qwen2.5-14B-YOYO-latest,66.56232526900527,52.03543238956396,14.526892879441313
YOYO-AI_Qwen2.5-14B-YOYO-latest-V2,62.990230456014665,47.29890601305299,15.691324442961673
YOYO-AI_Qwen2.5-7B-it-restore,54.06524352251431,35.084321766131644,18.980921756382664
YOYO-AI_ZYH-LLM-Qwen2.5-14B,66.44460038734455,52.042745183320136,14.401855204024415
YOYO-AI_ZYH-LLM-Qwen2.5-14B-V2,64.52083564140531,49.088647063990685,15.432188577414628
Youlln_ECE-Qwen0.5B-FT-V2,32.8970813623839,7.632147610946966,25.264933751436935
Yuma42_Llama3.1-IgneousIguana-8B,51.905126704578045,31.985926552081427,19.919200152496618
ZeroXClem_Llama-3.1-8B-AthenaSky-MegaMix,51.634232884668826,31.385283673059277,20.24894921160955
ZeroXClem_Llama-3.1-8B-SuperNova-EtherealHermes,52.444648825990434,32.07128887769491,20.373359948295523
ZeroXClem_Qwen-2.5-Aether-SlerpFusion-7B,54.62236205548866,36.01120909918873,18.611152956299925
ZeroXClem_Qwen2.5-7B-HomerAnvita-NerdMix,55.41319848156986,36.579205629985445,18.833992851584412
abacusai_Liberated-Qwen1.5-14B,49.48000917467187,28.020905999685464,21.459103174986407
abacusai_bigyi-15b,43.45298820215116,19.94022305425607,23.51276514789509
abideen_MedPhi-4-14B-v1,68.96781879584077,55.57896973123449,13.388849064606283
agentlans_Llama3.1-8B-drill,50.15680021795333,28.79168307535513,21.3651171425982
agentlans_Llama3.1-Daredevilish,50.12506630648398,29.2027295330145,20.92233677346948
agentlans_Qwen2.5-0.5B-Instruct-CrashCourse-dropout,33.11726760218689,7.227868281254662,25.88939932093223
akhadangi_Llama3.2.1B.0.01-First,31.891926453372005,4.7662306392124005,27.125695814159606
akhadangi_Llama3.2.1B.0.1-First,31.19615016336897,4.177000172360429,27.01914999100854
akhadangi_Llama3.2.1B.BaseFiT,31.745151457535453,4.548336087243887,27.196815370291567
allenai_Llama-3.1-Tulu-3-70B,61.636264961999466,45.36556861740628,16.270696344593183
allenai_Llama-3.1-Tulu-3-70B,61.636264961999466,45.25948099520497,16.3767839667945
allenai_Llama-3.1-Tulu-3-8B-DPO,40.79428557044154,17.42601622698448,23.368269343457058
allenai_Llama-3.1-Tulu-3-8B-RM,29.50041147470504,2.6496699813735507,26.85074149333149
allenai_Llama-3.1-Tulu-3-8B-SFT,38.71863270501647,13.931208168262556,24.78742453675391
allknowingroger_Gemma2Slerp1-2.6B,43.43094462630086,19.770254818005952,23.660689808294904
allknowingroger_Gemma2Slerp1-27B,63.98902146527521,48.37766577055401,15.611355694721198
allknowingroger_Gemma2Slerp2-27B,65.5727412103269,51.09023389049588,14.482507319831015
allknowingroger_Gemma2Slerp4-27B,65.29581339749019,50.77376164739926,14.522051750090931
allknowingroger_GemmaSlerp5-10B,60.5447654436423,43.53846364760333,17.00630179603897
allknowingroger_GemmaStock1-27B,65.65607454366021,50.9901358512802,14.66593869238001
allknowingroger_Llama3.1-60B,32.41755271938207,7.784282802508024,24.63326991687405
allknowingroger_MistralPhi3-11B,62.34314600705605,46.16462900339792,16.17851700365813
allknowingroger_Mistralmash2-7B-s,53.04858141026011,33.29836428588566,19.75021712437445
allknowingroger_Phi3mash1-17B-pass,61.288787955609294,45.25041934691859,16.038368608690703
allknowingroger_Qwen2.5-42B-AGI,29.421041509079878,2.2358856564144527,27.185155852665424
allknowingroger_Qwen2.5-7B-task3,53.97623813486384,34.385984193445104,19.590253941418737
allknowingroger_Qwen2.5-7B-task4,55.83446038580263,37.02526862429277,18.809191761509858
allknowingroger_QwenSlerp12-7B,55.564484430905594,36.41130337400265,19.153181056902945
allknowingroger_QwenSlerp4-14B,64.83250205703057,49.38124012444703,15.451261932583535
allknowingroger_QwenSlerp6-14B,63.844543580651646,47.588316576052456,16.25622700459919
allknowingroger_QwenStock1-14B,65.28491305599157,50.07629311887721,15.208619937114356
allknowingroger_QwenStock2-14B,65.6885010139055,50.5982763137811,15.090224700124395
allknowingroger_Qwenslerp3-14B,65.20835120117142,49.80982854016478,15.398522661006645
allknowingroger_Qwenslerp3-7B,55.801602000868634,37.15398413723134,18.647617863637294
allknowingroger_ROGERphi-7B-slerp,51.95583428468426,32.81903240379116,19.136801880893096
allknowingroger_Rombos-LLM-V2.5-Qwen-42b,29.69164076001621,2.607639713842668,27.08400104617354
allknowingroger_Yi-1.5-34B,28.27250628769565,1.3390433749257278,26.933462912769922
allknowingroger_Yislerp-34B,61.58722731484186,45.9816957285586,15.605531586283263
allknowingroger_Yislerp2-34B,62.45771970170245,47.20230580445542,15.255413897247031
allura-org_Mistral-Small-24b-Sertraline-0304,65.24908933699552,49.28145843642874,15.967630900566782
amazon_MegaBeam-Mistral-7B-300k,42.27731731112975,19.291805959592,22.98551135153775
anakin87_gemma-2b-orpo,34.26170943561775,7.94944502776896,26.312264407848794
arcee-ai_Llama-3.1-SuperNova-Lite,51.51992115104819,31.572340212980667,19.94758093806752
asharsha30_LLAMA_Harsha_8_B_ORDP_10k,46.68707690948544,25.72567833858325,20.96139857090219
awnr_Mistral-7B-v0.1-signtensors-1-over-4,29.117781029884355,9.22769372478478,19.890087305099577
axolotl-ai-co_romulus-mistral-nemo-12b-simpo,53.950576695620114,34.64240096637378,19.308175729246337
bigscience_bloom-1b1,31.07276237737039,4.042705269260129,27.03005710811026
bosonai_Higgs-Llama-3-70B,62.5765879603832,45.89740563396065,16.67918232642255
braindao_DeepSeek-R1-Distill-Qwen-1.5B-Blunt,27.743669901671332,1.1023633058943698,26.64130659577696
braindao_DeepSeek-R1-Distill-Qwen-14B-Blunt,32.828968244496224,6.126852862495489,26.702115382000734
braindao_DeepSeek-R1-Distill-Qwen-14B-Blunt-Uncensored,31.703397468240517,4.607187867121389,27.096209601119128
braindao_DeepSeek-R1-Distill-Qwen-14B-Blunt-Uncensored-Blunt,31.985817559564715,5.067571369076204,26.91824619048851
braindao_DeepSeek-R1-Distill-Qwen-7B-Reflective,29.067781029884355,2.0813002167796686,26.986480813104684
braindao_Qwen2.5-14B,58.52660409288038,41.26351364432166,17.26309044855872
bunnycore_FuseCyberMix-Qwen-2.5-7B-Instruct,55.17973725429837,36.36861871726955,18.81111853702882
bunnycore_Gemma2-9B-TitanFusion,57.12026020785132,39.05056413790993,18.069696069941386
bunnycore_HyperLlama-3.1-8B,51.03385292046213,29.80665561261375,21.22719730784838
bunnycore_Llama-3.1-8B-TitanFusion-v3,52.62113071794826,32.072941144614084,20.548189573334177
bunnycore_Llama-3.2-3B-Deep-Test,29.502574011260375,2.5723233888621087,26.930250622398265
bunnycore_Llama-3.2-3B-Deep-Test,29.502574011260375,22.914432093725296,6.588141917535079
bunnycore_Llama-3.2-3B-Della,36.834936417932646,11.46745923572203,25.367477182210614
bunnycore_Llama-3.2-3B-Long-Think,46.10394542442048,24.22680316567029,21.87714225875019
bunnycore_Llama-3.2-3B-Mix-Skill,45.818358891543795,23.784246657651128,22.034112233892667
bunnycore_Llama-3.2-3B-ProdigyPlus,43.92279045834126,20.62298869714629,23.29980176119497
bunnycore_Llama-3.2-3B-ToxicKod,45.25429005077621,22.983327840830786,22.270962209945427
bunnycore_Phi-3.5-mini-TitanFusion-0.1,53.73733988565132,35.446219076522446,18.291120809128877
bunnycore_Phi-4-Model-Stock-v4,69.24302574038697,55.90173559155676,13.341290148830211
bunnycore_Phi-4-RP-v0,68.5633603278299,54.8449853466199,13.718374981209998
bunnycore_Phi-4-RR-Shoup,69.47025970028125,56.10839417299811,13.361865527283136
bunnycore_Phi-4-ReasoningRP,69.22187070022994,55.88446363760437,13.337407062625573
bunnycore_Phi-4-Sce-exp-v0.1,69.4317957938629,56.074961973018425,13.356833820844479
bunnycore_Phi-4-Stock-Ex,68.64461628663388,55.20355070082317,13.441065585810705
bunnycore_Phi-4-Stock-RP,68.59633715492438,55.20594989405504,13.390387260869346
bunnycore_Phi-4-Trim-Exp1,28.516626650940225,1.4066196276490397,27.110007023291185
bunnycore_Qwen-2.5-7B-Deep-Stock-v1,53.61336083539997,34.07986228320928,19.533498552190693
bunnycore_Qwen-2.5-7B-Deep-Stock-v5,46.72461238794705,24.990385055835603,21.734227332111445
bunnycore_Qwen-2.5-7B-Exp-Sce,55.05865059891896,36.2390009919108,18.81964960700816
bunnycore_Qwen-2.5-7b-S1k,55.627502080351356,36.69420283560647,18.933299244744887
bunnycore_Qwen2.5-1.5B-Model-Stock,28.73695911207614,1.430207460042271,27.306751652033867
bunnycore_Qwen2.5-3B-Model-Stock-v2,46.77478918694683,25.64854657456816,21.12624261237867
bunnycore_Qwen2.5-3B-Model-Stock-v3.2,47.27417689283166,26.32693751443641,20.947239378395253
bunnycore_Qwen2.5-3B-Model-Stock-v4.1,48.2025579061994,27.39995114531432,20.802606760885084
bunnycore_Qwen2.5-3B-RP-Mix,48.94378989397821,28.305922895366823,20.63786699861139
bunnycore_Qwen2.5-7B-Instruct-Fusion,54.919030187249454,36.17985917773406,18.739171009515395
bunnycore_Qwen2.5-7B-MixStock-Sce-V0.3,34.790051667888946,9.507336377473363,25.28271529041558
bunnycore_Qwen2.5-7B-MixStock-V0.1,54.79100568012056,35.86925790573909,18.921747774381473
bunnycore_Qwen2.5-7B-R1-Bespoke-Stock,48.22136291067562,26.63869755860018,21.58266535207544
bunnycore_Qwen2.5-7B-R1-Bespoke-Task,41.49553149033271,17.906937974221723,23.588593516110986
bunnycore_Qwen2.5-7B-Sky-R1-Mini,35.02939195575525,8.89516742838758,26.13422452736767
bunnycore_Smol-Llama-3.2-3B,45.388140694032096,23.04076448114923,22.347376212882867
byroneverson_Mistral-Small-Instruct-2409-abliterated,52.378644003251736,31.255700427788582,21.122943575463154
byroneverson_Yi-1.5-9B-Chat-abliterated,54.012193630023134,34.35218727198406,19.660006358039077
carsenk_phi3.5_mini_exp_825_uncensored,29.647345147918262,1.827812730226084,27.819532417692177
cat-searcher_gemma-2-9b-it-sppo-iter-1,59.71867698707507,41.67630770023723,18.04236928683784
cckm_tinymistral_950m,29.694562621388126,2.371788472964944,27.322774148423182
chujiezheng_Mistral7B-PairRM-SPPO-ExPO,38.82191262277365,13.678635807519433,25.143276815254218
cloudyu_Llama-3-70Bx2-MOE,66.36234572270706,51.42213772529595,14.940207997411115
cognitivecomputations_Dolphin3.0-Qwen2.5-0.5B,31.142229157184026,5.096928104575164,26.045301052608863
cognitivecomputations_Dolphin3.0-R1-Mistral-24B,53.59697041031141,33.763678263545195,19.83329214676621
cognitivecomputations_dolphin-2.9-llama3-8b,49.499220166609184,27.858929260905125,21.64029090570406
cognitivecomputations_dolphin-2.9.1-llama-3-70b,52.04919312821467,31.101151872569243,20.948041255645425
cognitivecomputations_dolphin-2.9.1-yi-1.5-9b,54.84314644603556,35.7760897255686,19.067056720466958
cognitivecomputations_dolphin-2.9.3-mistral-7B-32k,48.12540148106201,26.906353891780515,21.219047589281498
cognitivecomputations_dolphin-2.9.4-gemma2-2b,40.8131874110552,17.3676325443774,23.445554866677803
cognitivecomputations_dolphin-2.9.4-llama3.1-8b,35.2195971841659,8.972088688921525,26.247508495244375
cstr_llama3.1-8b-spaetzle-v90,53.02860633332208,32.76366579584106,20.264940537481024
deepseek-ai_DeepSeek-R1-Distill-Llama-8B,32.3935108539057,5.325247153240706,27.068263700664996
deepseek-ai_DeepSeek-R1-Distill-Qwen-1.5B,32.40987994733344,4.729119207646243,27.680760739687194
deepseek-ai_DeepSeek-R1-Distill-Qwen-7B,34.42567698186218,7.882702983365756,26.542973998496425
deepseek-ai_deepseek-llm-7b-base,35.030315829299525,9.76792479590425,25.262391033395275
deepseek-ai_deepseek-moe-16b-base,34.09461055246395,8.355555779389382,25.739054773074564
dnhkng_RYS-Llama-3-8B-Instruct,48.087081230690046,25.373015462245583,22.714065768444463
dnhkng_RYS-Llama-3-Large-Instruct,65.252690724939,49.66553902889135,15.587151696047648
dnhkng_RYS-Llama-3.1-8B-Instruct,51.636453174466645,31.085445296018975,20.55100787844767
duyhv1411_Llama-3.2-3B-en-vi,32.71639320986486,5.946254874082537,26.770138335782324
dwikitheduck_gemma-2-2b-id-inst,39.621721241423096,15.415129369168447,24.20659187225465
ehristoforu_Gemma2-9B-it-psy10k-mental_health,55.39376944027642,35.56600949863266,19.827759941643762
ehristoforu_Gemma2-9b-it-train6,58.98092579133603,40.98762530159646,17.993300489739568
ehristoforu_QwenQwen2.5-7B-IT,53.97962708415813,34.96965415936291,19.00997292479522
ehristoforu_coolqwen-3b-it,48.5089343991756,27.463695565892305,21.045238833283296
ehristoforu_qwen2.5-test-32b-it,70.80593294533031,58.28330738049858,12.522625564831735
ehristoforu_rufalcon3-3b-it,41.55422254395763,18.21435758381163,23.339864960146
ehristoforu_ruphi-4b,29.060336568338002,2.400631279750579,26.659705288587425
ell44ot_gemma-2b-def,31.586532094752634,4.586419628734295,27.00011246601834
ewre324_Thinker-Qwen2.5-0.5B-Instruct-Reasoning,32.921229790137616,7.39460963380786,25.526620156329756
facebook_opt-1.3b,30.939470527601248,3.6480520895226793,27.29141843807857
facebook_opt-30b,30.703447525623368,3.4984293851759607,27.205018140447407
failspy_Meta-Llama-3-70B-Instruct-abliterated-v3.5,57.471002289003806,37.87133313079306,19.599669158210745
failspy_Phi-3-medium-4k-instruct-abliterated-v3,63.047991764744296,46.73283933573803,16.315152429006268
fhai50032_Unaligned-Thinker-PHI-4,66.42576780946753,51.92504876544175,14.500719044025779
flammenai_Mahou-1.2a-mistral-7B,51.181114744581144,31.166750037107487,20.014364707473657
flammenai_Mahou-1.5-mistral-nemo-12B,55.22361927910235,36.260510188013406,18.963109091088945
fluently-lm_Llama-TI-8B,52.0085504155627,31.984332678202136,20.024217737360566
fluently-lm_Llama-TI-8B-Instruct,52.52143041749421,32.26686716202457,20.25456325546964
fluently-sets_FalconThink3-10B-IT,62.0016981648187,44.975804333935,17.025893830883696
freewheelin_free-evo-qwen72b-v0.8-re,61.27477065378043,45.31740264996691,15.95736800381352
fulim_FineLlama-3.1-8B,45.6920741562608,22.46259684566392,23.22947731059688
gaverfraxz_Meta-Llama-3.1-8B-Instruct-HalfAbliterated-DELLA,39.848442720169494,15.276579446085892,24.571863274083604
gaverfraxz_Meta-Llama-3.1-8B-Instruct-HalfAbliterated-TIES,50.43660783243713,28.91423515333936,21.522372679097774
gbueno86_Brinebreath-Llama-3.1-70B,68.80562247706811,55.46361848802468,13.342003989043434
gmonsoon_gemma2-9b-sahabatai-v1-instruct-BaseTIES,60.77244532441547,43.401341987357206,17.371103337058265
godlikehhd_ifd_new_correct_all_sample_2500_qwen,40.19641175400576,15.682840817827374,24.513570936178382
godlikehhd_ifd_new_qwen_2500,41.59816252777574,17.63795023834911,23.960212289426632
godlikehhd_qwen-2.5-1.5b-cherry,40.357573315752205,16.323588748077068,24.033984567675137
google_codegemma-1.1-2b,33.534177902484544,7.551225280004151,25.982952622480394
google_gemma-1.1-2b-it,31.846349748149223,5.862826722774347,25.983523025374875
google_gemma-2-27b-it,64.51387433168799,49.27284215130387,15.241032180384117
google_gemma-2-2b,36.55966996422591,11.755807532236112,24.8038624319898
google_gemma-2-2b,36.55966996422591,12.497306228573644,24.06236373565227
google_gemma-2-2b-it,41.99230891427471,17.980792881523424,24.011516032751285
google_gemma-2-2b-jpn-it,42.25569890065812,18.525626449832732,23.730072450825386
google_gemma-2-2b-jpn-it,42.25569890065812,17.848086390818036,24.40761250984008
google_gemma-7b-it,36.45901274330097,11.940832085290182,24.518180658010785
google_recurrentgemma-9b,39.124104763010045,15.323368888997411,23.800735874012634
google_recurrentgemma-9b-it,42.866944746471496,21.62158008474012,21.245364661731376
grimjim_DeepSauerHuatuoSkywork-R1-o1-Llama-3.1-8B,52.69400362212973,32.76923482357123,19.924768798558496
grimjim_Gigantes-v2-gemma2-9b-it,59.86559388303995,42.70163259850296,17.163961284536988
grimjim_Gigantes-v3-gemma2-9b-it,59.83513792324827,42.795367767587656,17.039770155660612
grimjim_HuatuoSkywork-o1-Llama-3.1-8B,48.8635823965922,28.33277757558808,20.53080482100412
grimjim_Llama-3-Instruct-8B-SPPO-Iter3-SimPO-merge,49.616945350068335,28.258014912987704,21.35893043708063
grimjim_Llama-3.1-Bonsaikraft-8B-Instruct,52.868558915303566,32.58754251798589,20.28101639731768
grimjim_Llama-Nephilim-Metamorphosis-v2-8B,50.134773789740336,28.18246234355982,21.952311446180516
grimjim_Magot-v2-Gemma2-8k-9B,58.967136498211026,41.45929075390556,17.507845744305463
grimjim_llama-3-Nephilim-v2-8B,50.482149364426256,29.8962638406202,20.585885523806056
grimjim_llama-3-Nephilim-v2.1-8B,50.95042703104161,29.81966445991054,21.130762571131072
grimjim_llama-3-Nephilim-v3-8B,50.12671264428364,28.955635498374203,21.17107714590944
gz987_qwen2.5-7b-cabs-v0.4,55.24401094760039,36.35843837533925,18.88557257226114
hotmailuser_FalconSlerp2-7B,55.37805428914538,36.81735294513948,18.5607013440059
hotmailuser_FalconSlerp3-7B,55.32966528909407,36.83401609166295,18.49564919743112
hotmailuser_Gemma2Crono-27B,65.05341690680218,50.10341199129857,14.950004915503612
hotmailuser_Gemma2atlas-27B,65.44960921220462,50.71327914306504,14.736330069139584
hotmailuser_Llama-Hermes-slerp-8B,53.10290010444969,33.30931089323399,19.793589211215696
hotmailuser_LlamaStock-8B,53.28942883826541,33.09114622817674,20.19828261008867
hotmailuser_Qwen2.5-HomerSlerp-7B,56.32506117591088,37.40411935244851,18.92094182346237
hotmailuser_QwenSlerp-14B,64.91286917834283,49.421941687333,15.490927491009828
hotmailuser_QwenSlerp-7B,56.36352508232923,37.61925634545651,18.74426873687272
hotmailuser_QwenSlerp2-14B,64.92799322983844,49.68432710491516,15.243666124923273
hotmailuser_QwenSparse-7B,28.956619468137905,1.88717525781587,27.069444210322036
hotmailuser_QwenStock-1.7B,41.87550547805281,17.74065871627513,24.134846761777677
hotmailuser_QwenStock1-14B,65.02248812491821,49.56243886958751,15.460049255330702
huihui-ai_DeepSeek-R1-Distill-Qwen-14B-abliterated-v2,34.869240677927046,8.72537349779457,26.143867180132474
iFaz_llama31_8B_en_emo_v4,49.15538461876138,27.93118385237936,21.224200766382022
iFaz_llama32_1B_en_emo_v1,33.80263139411389,7.2810483160822015,26.521583078031686
iFaz_llama32_3B_en_emo_2000_stp,45.34588984851639,23.416054848493687,21.929835000022706
iFaz_llama32_3B_en_emo_300_stp,45.045681689917494,22.939796393832054,22.10588529608544
iFaz_llama32_3B_en_emo_5000_stp,45.67949942342784,23.46226189636773,22.217237527060114
iFaz_llama32_3B_en_emo_v3,43.01359640278237,20.09714960563635,22.91644679714602
ifable_gemma-2-Ifable-9B,58.66115556693244,41.03264464626528,17.62851092066716
jayasuryajsk_Qwen2.5-3B-reasoner,46.5117729916207,25.2688279392506,21.242945052370104
jebish7_Llama-3-Nanda-10B-Chat,49.58605204321644,29.600465622828253,19.985586420388188
jebish7_Llama-3.1-8B-Instruct,50.883884952248636,29.191619249410262,21.692265702838373
jebish7_gemma-2-9b-it,59.49210568047724,42.41412690099088,17.077978779486358
jeffmeloy_Qwen2.5-7B-minperplexity-2,55.2390586276348,36.89009035044375,18.348968277191048
jeffmeloy_Qwen2.5-7B-nerd-uncensored-v0.9,54.697018341387235,34.79159883396676,19.905419507420476
jeffmeloy_Qwen2.5-7B-nerd-uncensored-v1.0,54.17627719032259,34.73715707560444,19.439120114718143
jeffmeloy_Qwen2.5-7B-nerd-uncensored-v1.1,48.640249867140106,26.661152209882328,21.97909765725778
jeffmeloy_Qwen2.5-7B-nerd-uncensored-v1.2,49.4592979290867,27.660911941379897,21.798385987706805
jeffmeloy_Qwen2.5-7B-nerd-uncensored-v1.3,50.26055485090198,28.900263386108733,21.36029146479325
jeffmeloy_Qwen2.5-7B-nerd-uncensored-v1.5,55.225991496966785,35.92532095316597,19.300670543800813
jeffmeloy_Qwen2.5-7B-olm-v1.2,55.33340429711561,36.44070084062748,18.892703456488128
jeffmeloy_Qwen2.5-7B-olm-v1.3,55.31852688351706,36.40248084197368,18.91604604154338
jeffmeloy_Qwen2.5-7B-olm-v1.5,55.43943528577704,36.63313094998246,18.80630433579458
jiangxinyang-shanda_Homer-LLama3-8B,51.732420475431276,31.69897508701321,20.033445388418066
jlzhou_Qwen2.5-3B-Infinity-Instruct-0625,47.73774601029352,26.914542436180227,20.823203574113293
johnsutor_Llama-3-8B-Instruct_breadcrumbs-density-0.1-gamma-0.01,50.35519809362171,29.55001380445773,20.80518428916398
johnsutor_Llama-3-8B-Instruct_breadcrumbs-density-0.1-gamma-0.1,50.18845446835877,28.607718394442788,21.580736073915983
johnsutor_Llama-3-8B-Instruct_breadcrumbs-density-0.5-gamma-0.01,48.835763921755195,27.665794638508448,21.169969283246747
johnsutor_Llama-3-8B-Instruct_breadcrumbs-density-0.5-gamma-0.1,51.40041302485145,30.854731427683628,20.545681597167825
johnsutor_Llama-3-8B-Instruct_breadcrumbs-density-0.7-gamma-0.01,48.54325756272537,27.16443115792157,21.378826404803803
johnsutor_Llama-3-8B-Instruct_breadcrumbs-density-0.7-gamma-0.1,51.57097379648964,31.163507714744892,20.407466081744747
johnsutor_Llama-3-8B-Instruct_breadcrumbs_ties-density-0.1-gamma-0.01,50.40935986635269,29.53001282071684,20.879347045635846
johnsutor_Llama-3-8B-Instruct_breadcrumbs_ties-density-0.5-gamma-0.01,49.83827321097328,29.32060751365874,20.517665697314538
johnsutor_Llama-3-8B-Instruct_breadcrumbs_ties-density-0.5-gamma-0.1,51.3665952913411,30.69307747198892,20.673517819352178
johnsutor_Llama-3-8B-Instruct_breadcrumbs_ties-density-0.7-gamma-0.01,49.67337534367295,28.739266057268598,20.934109286404354
johnsutor_Llama-3-8B-Instruct_breadcrumbs_ties-density-0.9-gamma-0.01,49.18296438476884,28.219373273671145,20.963591111097692
johnsutor_Llama-3-8B-Instruct_breadcrumbs_ties-density-0.9-gamma-0.1,51.38610942606995,30.841602413783743,20.544507012286207
johnsutor_Llama-3-8B-Instruct_linear,50.31496839210309,28.778577217548463,21.536391174554627
johnsutor_Llama-3-8B-Instruct_ties-density-0.1,50.21445196013956,28.768718884316492,21.44573307582307
johnsutor_Llama-3-8B-Instruct_ties-density-0.7,47.38186124296501,25.371407671115207,22.0104535718498
kayfour_T3Q-Qwen2.5-7B-it-KOR-Safe,55.49941776226351,36.45157980184221,19.047837960421305
keeeeenw_MicroLlama,30.073139913471653,2.831363636363637,27.241776277108016
kevin009_llamaRAGdrama,40.073856670993365,16.637813694151937,23.436042976841428
khoantap_llama-3-8b-stock-merge,51.62255701726589,30.76062362954177,20.86193338772412
khoantap_llama-linear-0.5-0.5-1-merge,56.430136492449414,38.20585226683991,18.2242842256095
khoantap_llama-linear-0.5-1-0.5-merge,59.50766502131657,42.29147047597542,17.216194545341146
khoantap_llama-slerp-merge,57.82782780315171,39.91531358821765,17.912514214934063
khulaifi95_Llama-3.1-8B-Reason-Blend-888k,47.895269254944765,26.547568201488428,21.347701053456337
kms7530_chemeng_llama-3-8b-Instruct-bnb-4bit_24_1_100_1,42.890394469736066,19.079190454097787,23.81120401563828
kms7530_chemeng_qwen-math-7b_24_1_100_1_nonmath,38.92856967853256,14.135344732061384,24.793224946471177
langgptai_Qwen-las-v0.1,38.92552562995618,14.698639898107368,24.22688573184881
langgptai_qwen1.5-7b-chat-sa-v0.1,43.25267992878655,20.302342129934097,22.950337798852452
lars1234_Mistral-Small-24B-Instruct-2501-writer,67.33164099871132,52.78404012259051,14.54760087612081
lemon07r_Gemma-2-Ataraxy-9B,59.31298417725773,42.03199052898647,17.280993648271263
lemon07r_Gemma-2-Ataraxy-Advanced-9B,58.89067263184956,41.16143815473681,17.729234477112755
lemon07r_Gemma-2-Ataraxy-v3j-9B,56.32286961183512,38.16656919949616,18.156300412338958
lemon07r_Gemma-2-Ataraxy-v4-Advanced-9B,60.2362730968386,43.18189722480503,17.054375872033575
lemon07r_Gemma-2-Ataraxy-v4b-9B,60.39158192304305,43.44273930792989,16.948842615113158
lemon07r_Gemma-2-Ataraxy-v4c-9B,60.84319292299174,44.12536650674094,16.7178264162508
lemon07r_Llama-3-RedMagic4-8B,42.560489470390415,19.475746974326068,23.084742496064347
lemon07r_llama-3-NeuralMahou-8b,41.841123683301525,18.69206874721008,23.149054936091446
lightblue_suzume-llama-3-8B-multilingual,49.499524187359754,28.895092037237777,20.604432150121976
lightblue_suzume-llama-3-8B-multilingual-orpo-borda-half,47.074584910573016,26.34859792572119,20.725986984851826
lightblue_suzume-llama-3-8B-multilingual-orpo-borda-top25,48.64641205580417,27.665285015300118,20.981127040504052
lkoenig_BBAI_200_Gemma,34.49044607726533,9.395846417818936,25.094599659446395
lkoenig_BBAI_456_QwenKoen,55.52713612233481,36.54914615161445,18.97798997072036
lkoenig_BBAI_7B_KoenQwenDyan,55.36566841353078,36.2457227762662,19.11994563726458
lkoenig_BBAI_7B_Qwen2.5koen,55.440313121344644,36.307407586886015,19.13290553445863
lkoenig_BBAI_7B_QwenDyanKoenLo,55.624615255032005,36.678248178014,18.946367077018003
llmat_Mistral-v0.3-7B-ORPO,39.776607302918094,14.86315851911541,24.913448783802686
llmat_Mistral-v0.3-7B-ORPO,39.776607302918094,15.59149132338697,24.185115979531126
magnifi_Phi3_intent_v56_3_w_unknown_5_lr_0.002,32.815632568109734,5.851019142844943,26.96461342526479
maldv_badger-lambda-llama-3-8b,49.63486651044484,28.10305001435372,21.531816496091118
marcuscedricridia_Hush-Qwen2.5-7B-MST,54.584954237757344,35.35007344104428,19.234880796713064
marcuscedricridia_Hush-Qwen2.5-7B-MST-v1.3,55.161655866398775,36.45190695170704,18.709748914691737
marcuscedricridia_Hush-Qwen2.5-7B-Preview,54.31064770878757,35.32875647048946,18.98189123829811
marcuscedricridia_Hush-Qwen2.5-7B-RP-v1.4-1M,52.95123017150106,32.681799063269544,20.269431108231515
marcuscedricridia_Hush-Qwen2.5-7B-v1.1,53.83575636307666,34.40003587057091,19.43572049250575
marcuscedricridia_Hush-Qwen2.5-7B-v1.3,53.26893189699236,33.96881934058692,19.300112556405445
marcuscedricridia_Qwen2.5-7B-Preview,53.59781834039953,33.85996689538109,19.737851445018435
marcuscedricridia_Yell-Qwen2.5-7B-Preview-v1.1,53.477340837688146,34.15662850738155,19.3207123303066
mattshumer_Reflection-Llama-3.1-70B,64.50012864843421,47.86623716674634,16.633891481687876
meditsolutions_Llama-3.2-SUN-1B-chat,35.316857156340085,8.690237956315015,26.62661920002507
meditsolutions_Llama-3.2-SUN-2.4B-checkpoint-34800,31.61124673749052,5.466179719646344,26.145067017844177
meditsolutions_Llama-3.2-SUN-2.5B-chat,35.747343021611236,9.40909318881213,26.338249832799107
meta-llama_Llama-2-13b-hf,41.25624223383506,17.222559825058127,24.033682408776933
meta-llama_Llama-2-70b-chat-hf,30.424741461642657,4.613767082590614,25.810974379052045
meta-llama_Llama-2-70b-hf,54.725911904493415,35.900061863721675,18.82585004077174
meta-llama_Llama-2-7b-chat-hf,31.118796883355188,4.459171645959485,26.6596252373957
meta-llama_Llama-3.1-70B,62.600691831716105,46.39941295581887,16.201278875897238
meta-llama_Llama-3.1-70B-Instruct,68.09743928158807,55.92799173898473,12.169447542603336
meta-llama_Llama-3.1-8B-Instruct,50.87032184331889,29.379192497334035,21.491129345984856
meta-llama_Llama-3.2-1B,31.149540964608097,4.366029656556756,26.78351130805134
meta-llama_Llama-3.2-3B-Instruct,45.653659731064685,24.059186446885477,21.59447328417921
meta-llama_Meta-Llama-3-70B,64.61074599904467,48.709812647505885,15.900933351538782
meta-llama_Meta-Llama-3-70B-Instruct,65.46699432372051,50.18513318440344,15.281861139317073
meta-llama_Meta-Llama-3-8B-Instruct,49.88711113616952,28.24494957634361,21.64216155982591
meta-llama_Meta-Llama-3-8B-Instruct,49.88711113616952,26.795283502573653,23.09182763359587
microsoft_Phi-3-medium-128k-instruct,63.82322530870549,48.46045127399018,15.362774034715308
microsoft_Phi-3-medium-4k-instruct,64.12464890555547,49.38061007422016,14.744038831335317
microsoft_Phi-3-mini-128k-instruct,55.74531792679852,37.09976663224031,18.64555129455821
microsoft_Phi-4-mini-instruct,56.88629355054039,38.73553611173529,18.150757438805094
microsoft_phi-1,31.394755895837847,4.273999212214679,27.120756683623167
microsoft_phi-1_5,33.59758321199666,7.468938770070243,26.128644441926415
microsoft_phi-4,67.03464626619115,52.57567157258284,14.458974693608305
microsoft_phi-4,67.03464626619115,52.42784845820486,14.606797807986283
migtissera_Tess-3-Mistral-Nemo-12B,48.99423024530449,28.042728344416503,20.95150190088799
minghaowu_Qwen1.5-1.8B-OpenHermes-2.5,33.746396801266016,7.561477534247794,26.184919267018223
mistral-community_Mixtral-8x22B-v0.1,38.00000000000001,12.647903050108935,25.35209694989107
mistralai_Codestral-22B-v0.1,51.39136921003167,30.737634411945635,20.653734798086035
mistralai_Mistral-7B-Instruct-v0.1,37.79708547781686,7.647020535827543,30.150064941989314
mistralai_Mistral-7B-Instruct-v0.3,47.2196317126484,25.56911494885904,21.650516763789362
mistralai_Mistral-7B-v0.3,45.1685462946425,24.03725427191849,21.131292022724015
mistralai_Mistral-Large-Instruct-2411,67.4664773567507,52.7448919952634,14.7215853614873
mistralai_Mistral-Nemo-Instruct-2407,48.849301007430554,29.679970381152803,19.169330626277752
mistralai_Mistral-Small-Instruct-2409,52.13075098146217,30.7920960925092,21.33865488895297
mistralai_Mistral-Small-Instruct-2409,52.13075098146217,40.5597130348992,11.571037946562974
mistralai_Mixtral-8x22B-Instruct-v0.1,61.249249262720184,44.11434558724835,17.134903675471833
mistralai_Mixtral-8x22B-v0.1,62.398074731872676,45.58840384342722,16.809670888445453
mistralai_Mixtral-8x7B-v0.1,50.44244568382994,30.294194918961484,20.148250764868454
mistralai_Mixtral-8x7B-v0.1,50.44244568382994,30.4002992674255,20.04214641640444
mkurman_llama-3.2-MEDIT-3B-o1,43.996584807961554,20.819346310345164,23.17723849761639
mkurman_phi-4-MedIT-11B-exp-1,54.13943771388249,34.73718585543679,19.402251858445695
mkxu_llama-3-8b-po1,49.760854852246354,29.181758873323105,20.57909597892325
mlabonne_BigQwen2.5-52B-Instruct,71.21004678698547,59.80960695923371,11.400439827751761
mlabonne_ChimeraLlama-3-8B-v2,50.45597361952603,28.47879573339652,21.977177886129507
mlabonne_OrpoLlama-3-8B,44.24079063503051,21.95410762879941,22.286683006231097
mlabonne_phixtral-2x2_8,48.885941873076206,28.502644855771297,20.38329701730491
mlx-community_Josiefied-Qwen2.5-0.5B-Instruct-abliterated-v1-float32,32.921013057720046,7.2211690840719855,25.69984397364806
mlx-community_Mistral-Small-24B-Instruct-2501-bf16,67.13272911918486,52.39286892867324,14.73986019051162
mmnga_Llama-3-70B-japanese-suzume-vector-v0.1,65.41763652331517,50.02266053282724,15.394975990487929
mobiuslabsgmbh_DeepSeek-R1-ReDistill-Llama3-8B-v1.1,34.73032015050413,7.891833484522146,26.838486665981982
mobiuslabsgmbh_DeepSeek-R1-ReDistill-Qwen-7B-v1.1,36.983762765044176,11.565400479411355,25.41836228563282
monsterapi_Llama-3_1-8B-Instruct-orca-ORPO,28.653625778742803,1.3404688979507675,27.313156880792036
monsterapi_gemma-2-2b-LoRA-MonsterInstruct,36.4968619274987,11.965057260762338,24.531804666736363
mukaj_Llama-3.1-Hawkish-8B,48.838228284163506,28.13584109991744,20.702387184246067
natong19_Mistral-Nemo-Instruct-2407-abliterated,50.48447739625885,29.915044266358997,20.569433129899856
natong19_Qwen2-7B-Instruct-abliterated,55.53035842403061,37.74683385346309,17.783524570567522
nazimali_Mistral-Nemo-Kurdish-Instruct,46.99417600389814,25.56142263482943,21.43275336906871
nazimali_Mistral-Nemo-Kurdish-Instruct,46.99417600389814,26.02174135407743,20.97243464982071
nbeerbower_Dumpling-Qwen2.5-1.5B,41.59743091354107,18.17835840988572,23.419072503655347
nbeerbower_Dumpling-Qwen2.5-14B,64.50644262798379,49.666835922992384,14.839606704991404
nbeerbower_Gemma2-Gutenberg-Doppel-9B,58.7011419366185,41.08306318800703,17.618078748611467
nbeerbower_Gutensuppe-mistral-nemo-12B,54.86832203098263,35.56934797458052,19.29897405640211
nbeerbower_Hermes2-Gutenberg2-Mistral-7B,49.81450458280896,28.907334664767347,20.90716991804161
nbeerbower_Llama-3.1-Nemotron-lorablated-70B,63.7904241694439,54.18258128894629,9.607842880497614
nbeerbower_Mahou-1.5-mistral-nemo-12B-lorablated,54.96040380079439,36.077381004161374,18.883022796633014
nbeerbower_Mistral-Gutenberg-Doppel-7B-FFT,40.76254089025594,17.34657495584369,23.415965934412252
nbeerbower_Mistral-Nemo-Moderne-12B-FFT-experimental,52.34089179237257,32.0715397550976,20.26935203727497
nbeerbower_Mistral-Nemo-Prism-12B,54.75186352291487,35.91800839002647,18.833855132888395
nbeerbower_Mistral-Nemo-Prism-12B-v2,54.91875637377679,36.19978764533613,18.718968728440657
nbeerbower_Mistral-Small-Drummer-22B,57.93201948136216,40.12177010845507,17.810249372907094
nbeerbower_Mistral-Small-Gutenberg-Doppel-22B,58.589323291128196,40.93134519747112,17.65797809365708
nbeerbower_Qwen2.5-Gutenberg-Doppel-14B,63.81735755183319,48.23890863039215,15.578448921441037
nbeerbower_Stella-mistral-nemo-12B-v2,54.83750956495209,35.364516100686416,19.472993464265677
nbeerbower_gemma2-gutenberg-27B,37.965683503451615,13.091524912026523,24.874158591425093
nbeerbower_gemma2-gutenberg-9B,59.50904001490335,42.35561106809721,17.153428946806137
nbeerbower_mistral-nemo-cc-12B,53.994095464875194,34.44654701952267,19.547548445352525
nbeerbower_mistral-nemo-gutenberg-12B-v3,54.40657990510908,34.95791456295642,19.448665342152665
nbeerbower_mistral-nemo-gutenberg2-12B-test,52.54779086302549,32.04475928596384,20.50303157706165
nbeerbower_mistral-nemo-kartoffel-12B,54.837964361448044,36.05253256686901,18.785431794579033
nbeerbower_mistral-nemo-wissenschaft-12B,50.4030612099318,29.567999415715217,20.835061794216582
necva_IE-cont-Llama3.1-8B,29.117781029884355,2.3470409575204094,26.770740072363946
neopolita_jessi-v0.1-bf16-falcon3-7b-instruct,55.16128933222162,36.13467912106424,19.026610211157383
neopolita_jessi-v0.1-qwen2.5-7b-instruct,54.25870065630182,33.34225906937014,20.916441586931683
neopolita_jessi-v0.2-falcon3-10b-instruct,62.048466713143625,45.02184351970056,17.026623193443065
neopolita_jessi-v0.2-falcon3-7b-instruct,53.63079188886576,34.382892384888216,19.247899503977543
netcat420_DeepSeek-R1-MFANN-TIES-unretrained-7b,30.85990340530128,4.561587443058031,26.29831596224325
netcat420_MFANN-Llama3.1-Abliterated-SLERP-TIES-V3,49.14021594225444,26.978850946197483,22.16136499605696
netcat420_MFANN-Llama3.1-Abliterated-Slerp-TIES,49.67512179623832,27.59982935067644,22.07529244556188
netcat420_MFANN-Llama3.1-Abliterated-Slerp-V3.2,49.782535474346176,27.774394299037056,22.00814117530912
netcat420_MFANN-llama3.1-abliterated-v2,49.40829733015402,27.35361826731554,22.05467906283848
netcat420_MFANN-phigments-slerp-V3.3,48.952950463630955,28.170621881092465,20.78232858253849
netcat420_Qwen2.5-Coder-Scholar-7B-Abliterated-MFANN,50.71448530886461,29.98074987281026,20.73373543605435
netcat420_Qwen2.5-DeepSeek-R1-MFANN-Slerp-7b,37.89021864472208,13.455601394009934,24.43461725071215
netcat420_qwen2.5-MFANN-7b-SLERPv1.1,50.74761993537673,29.97691243171087,20.770707503665864
newsbang_Homer-v1.0-Qwen2.5-72B,73.09799550978828,62.27406507872839,10.823930431059885
newsbang_Homer-v1.0-Qwen2.5-7B,56.552541773702224,37.81084749225178,18.741694281450442
nhyha_N3N_gemma-2-9b-it_20241110_2026,58.67149609980419,40.94410554905775,17.727390550746435
nhyha_merge_Qwen2.5-7B-Instruct_20241023_0314,55.58529241660144,36.36518528982388,19.220107126777563
nisten_franqwenstein-35b,66.4657917804927,52.227468077653526,14.238323702839168
nisten_franqwenstein-35b,66.4657917804927,51.68027687329707,14.785514907195626
nisten_tqwendo-36b,64.31830832659088,49.41493648187427,14.90337184471661
nlpguy_Mistral-NeMo-Minitron-Upscale-v3,30.524522602918065,3.3982664477164874,27.126256155201578
noname0202_gemma-2-2b-it-ties,42.057403060290824,18.13956937900525,23.917833681285575
noname0202_gemma-2-9b-sft-jp-en-zh-v1,45.19290530910057,22.0002402150018,23.192665094098768
noname0202_gemma-2-9b-sft-jp-en-zh-v2,45.150411845094006,22.658058596327027,22.492353248766978
noname0202_llama-math-1b-r16-0to512tokens-test,34.88416602260141,8.389239359006991,26.49492666359442
noname0202_llama-math-1b-r32-0to512tokens-test,34.95183139510159,8.191900397270365,26.759930997831226
noname0202_llama-math-1b-r32-test,34.85960127764988,8.498754758774203,26.360846518875675
notbdq_Qwen2.5-14B-Instruct-1M-GRPO-Reasoning,61.98222551365404,45.65828060023316,16.32394491342088
nvidia_Mistral-NeMo-Minitron-8B-Base,52.774828544204,31.822015157490156,20.952813386713842
oopere_Llama-FinSent-S,31.56205531032148,4.1560152972776905,27.40604001304379
oopere_Llama-FinSent-S,31.56205531032148,4.30733068735382,27.254724622967657
oopere_pruned20-llama-1b,30.313627830972035,3.185394259848986,27.128233571123047
oopere_pruned20-llama-3.2-3b,32.47848391290976,6.3327454652272905,26.14573844768247
oopere_pruned40-llama-1b,29.691563801419935,2.6553089313766187,27.036254870043315
oopere_pruned40-llama-3.2-1B,29.824897134753265,2.7012729836642007,27.123624151089064
oopere_pruned60-llama-1b,30.16193474185398,2.9425264807533544,27.219408261100625
orai-nlp_Llama-eus-8B,44.182454907887006,20.96137115221118,23.221083755675828
pankajmathur_orca_mini_phi-4,68.56329737542379,54.63137024552032,13.931927129903464
princeton-nlp_Llama-3-8B-ProLong-64k-Base,47.02640288936317,28.687899000980178,18.33850388838299
princeton-nlp_Llama-3-8B-ProLong-64k-Instruct,49.9401039476056,30.08957216568684,19.85053178191876
princeton-nlp_Llama-3-Base-8B-SFT-DPO,46.658506064913546,26.001873821480995,20.65663224343255
princeton-nlp_Llama-3-Base-8B-SFT-IPO,46.90068582318399,25.705433288023944,21.195252535160048
princeton-nlp_Llama-3-Base-8B-SFT-KTO,46.92852292721418,25.55523001299593,21.37329291421825
princeton-nlp_Llama-3-Base-8B-SFT-ORPO,47.340573024653914,26.48589369385502,20.854679330798895
princeton-nlp_Llama-3-Base-8B-SFT-RDPO,46.620140448752295,25.526521127200017,21.09361932155228
princeton-nlp_Llama-3-Base-8B-SFT-RRHF,45.203601676023794,23.659142323042403,21.54445935298139
princeton-nlp_Llama-3-Base-8B-SFT-SLiC-HF,47.04075127777334,26.37396261839453,20.66678865937881
princeton-nlp_Llama-3-Instruct-8B-CPO-v0.2,50.26669871217128,29.086406714200837,21.18029199797044
princeton-nlp_Llama-3-Instruct-8B-DPO,49.913030791395016,28.50739167799402,21.405639113400998
princeton-nlp_Llama-3-Instruct-8B-RDPO,50.33626077797596,29.032479102136296,21.303781675839662
princeton-nlp_Llama-3-Instruct-8B-RRHF-v0.2,49.838952572927525,28.498723991187727,21.340228581739797
princeton-nlp_Llama-3-Instruct-8B-SimPO,48.44684852490537,26.709132779658223,21.737715745247147
princeton-nlp_Mistral-7B-Base-SFT-CPO,43.821512506663574,21.857696499882195,21.96381600678138
princeton-nlp_Mistral-7B-Base-SFT-DPO,43.50112397961269,20.79098038827006,22.710143591342632
princeton-nlp_Mistral-7B-Base-SFT-RDPO,44.395328626924204,22.98200980704625,21.413318819877954
princeton-nlp_Mistral-7B-Base-SFT-SLiC-HF,44.22399189040218,22.304722895019296,21.919268995382886
princeton-nlp_Mistral-7B-Base-SFT-SimPO,43.98050727924063,22.33288648076616,21.647620798474474
princeton-nlp_Mistral-7B-Instruct-DPO,40.60358459697702,16.875389341982814,23.72819525499421
princeton-nlp_Mistral-7B-Instruct-IPO,43.22183023180588,20.094109548877523,23.12772068292836
princeton-nlp_Mistral-7B-Instruct-KTO,41.39586477181159,17.81264785919903,23.58321691261256
princeton-nlp_Mistral-7B-Instruct-SLiC-HF,40.40013641288438,16.653429432655862,23.746706980228517
princeton-nlp_Sheared-LLaMA-1.3B,31.970467392464425,4.744629874421679,27.225837518042745
princeton-nlp_gemma-2-9b-it-DPO,59.41444682956648,41.59365445538448,17.820792374182
princeton-nlp_gemma-2-9b-it-SimPO,58.391799231621235,40.093429916371655,18.29836931524958
prithivMLmods_Galactic-Qwen-14B-Exp2,72.03002699449658,59.91731650130399,12.112710493192587
prithivMLmods_Llama-3.1-8B-Open-SFT,49.67982234773378,28.17992791986844,21.499894427865343
prithivMLmods_Llama-3.2-6B-AlgoCode,37.4774244495677,11.60252636544502,25.87489808412268
prithivMLmods_Llama-Express.1-Math,33.638140090435265,7.199019778023913,26.43912031241135
prithivMLmods_Magellanic-Qwen-25B-R999,26.075689808294904,2.00355862547039,24.072131182824513
prithivMLmods_Phi-4-Empathetic,67.26820578371972,52.83893775599707,14.42926802772265
prithivMLmods_Phi-4-Math-IO,66.68255086606543,52.093770592369005,14.588780273696422
prithivMLmods_Phi-4-o1,66.8872739975697,52.17086167586282,14.716412321706876
prithivMLmods_Phi4-Super,67.20116458521787,52.6972954461393,14.503869139078567
prithivMLmods_Primal-Opus-14B-Optimus-v1,64.19423743359405,48.27170322245717,15.922534211136885
prithivMLmods_Primal-Opus-14B-Optimus-v2,65.43780845512957,50.1813442955816,15.256464159547967
prithivMLmods_Qwen2.5-14B-DeepSeek-R1-1M,61.41642378753173,40.75990957906041,20.656514208471314
qingy2019_LLaMa_3.2_3B_Catalysts,44.68126879895479,21.345400954820075,23.335867844134714
qingy2019_OpenMath2-Llama3.1-8B,40.955241401694515,16.294369976218587,24.66087142547593
qingy2019_Qwen2.5-Ultimate-14B-Instruct,58.41561592804248,40.58060064469629,17.835015283346188
qingy2024_QwEnlarge-16B-Instruct,59.49341698087998,42.5954533547226,16.897963626157377
qingy2024_Qwen2.5-4B,42.69378314466817,19.977752146023,22.716030998645167
qingy2024_Qwen2.5-Coder-Draft-1.5B-Instruct,38.36795503038973,13.001065842415562,25.366889187974166
qingy2024_Qwen2.5-Math-14B-Instruct-Preview,62.93942245934433,47.050807568284256,15.888614891060072
qingy2024_Qwen2.6-14B-Instruct,63.94142844483002,48.04794799002712,15.893480454802898
qq8933_OpenLongCoT-Base-Gemma2-2B,31.06362870893107,3.546298466806123,27.51733024212495
rasyosef_Phi-1_5-Instruct-v0.1,31.17898107092894,4.820243721122045,26.358737349806894
rasyosef_phi-2-instruct-apo,44.450964630048645,21.672437586715603,22.778527043333042
recoilme_Gemma-2-Ataraxy-Gemmasutra-9B-slerp,59.7438766061506,42.25120987807252,17.492666728078078
recoilme_Gemma-2-Ataraxy-Gemmasutra-9B-slerp,59.7438766061506,42.70379763449792,17.040078971652683
rhysjones_phi-2-orange-v2,47.70220109816213,25.60654883732465,22.09565226083748
riaz_FineLlama-3.1-8B,45.85729649801348,24.14877809167861,21.70851840633487
riaz_FineLlama-3.1-8B,45.85729649801348,23.77338959053972,22.083906907473764
rombodawg_Rombos-Coder-V2.5-Qwen-14b,61.65135323666456,44.51949885999458,17.131854376669985
rombodawg_Rombos-LLM-V2.5-Qwen-0.5b,32.936751831436254,8.412218566269734,24.524533265166518
rombodawg_Rombos-LLM-V2.5-Qwen-14b,64.81086261669653,49.38690027144481,15.423962345251716
rombodawg_Rombos-LLM-V2.5-Qwen-32b,70.45537070859798,58.26189408678741,12.193476621810575
rombodawg_Rombos-LLM-V2.5.1-Qwen-3b,38.84043024656656,14.88140918445136,23.9590210621152
rombodawg_Rombos-LLM-V2.5.1-Qwen-3b,38.84043024656656,15.057744482096084,23.78268576447048
rombodawg_rombos_Replete-Coder-Llama3-8B,32.762771025266844,7.087845117845117,25.674925907421727
rsh345_mistral-ft-optimized-1218-NeuralHermes-2.5-Mistral-7B,51.88437309746964,32.78974404613455,19.09462905133509
sabersaleh_Llama2-7B-SimPO,34.89155310129426,8.98121133440231,25.910341766891946
sabersaleh_Llama3,47.821899796340944,26.70679448256402,21.115105313776922
sabersalehk_Llama3-001-300,47.44577198251655,25.706819355250055,21.738952627266492
sabersalehk_Llama3_01_300,46.91387139601248,25.1552501785412,21.758621217471283
sequelbox_Llama3.1-70B-PlumChat,67.53294797790946,52.81275213512472,14.72019584278474
sequelbox_Llama3.1-8B-MOTH,48.2550634503735,27.91633224536528,20.33873120500822
sequelbox_Llama3.1-8B-PlumCode,33.68086861425416,8.502927271642019,25.17794134261214
sequelbox_Llama3.1-8B-PlumMath,40.323023090048146,16.44658382894578,23.876439261102366
sethuiyer_Llama-3.1-8B-Experimental-1208-Instruct,49.64226428926335,29.491580809437377,20.150683479825975
sethuiyer_Llamaverse-3.1-8B-Instruct,54.14159562743479,34.78211812089758,19.35947750653721
sethuiyer_Qwen2.5-7B-Anvita,54.658602667843134,35.482447523885746,19.176155143957388
shastraai_Shastra-LLAMA2-Math-Commonsense-SFT,38.4316753625765,13.659523241343653,24.772152121232846
shivank21_mistral_dpo_self,32.16256961597798,5.548411533266127,26.614158082711853
siqi00_Mistral-7B-DFT,46.64877336777128,25.364499387227276,21.284273980544
skymizer_Llama2-7b-sft-chat-custom-template-dpo,36.88466230266157,11.238865074478818,25.64579722818275
someon98_qwen-CoMa-0.5b,29.533439538939817,2.126793919588037,27.406645619351778
sometimesanotion_Qwen2.5-14B-Vimarckoso-v2,65.50336897572636,50.41962540780512,15.083743567921239
sometimesanotion_Qwen2.5-14B-Vimarckoso-v3,64.14600623296039,48.58158725626311,15.564418976697276
sometimesanotion_Qwen2.5-14B-Vimarckoso-v3-IF-Variant,55.20788965536541,35.653096662329,19.554792993036415
sometimesanotion_Qwen2.5-7B-Gordion-v0.1-Prose,55.99089581177875,37.44132686992394,18.549568941854808
sometimesanotion_Qwentessential-14B-v1,65.45165968552057,50.365974711716206,15.085684973804362
sometimesanotion_Qwentinuum-14B-v1,65.72572845221035,50.73749377731295,14.988234674897399
sometimesanotion_Qwentinuum-14B-v2,65.55355668062347,50.53548026965414,15.018076410969336
sometimesanotion_Qwentinuum-14B-v6,65.4451742021616,50.2319102421481,15.213263960013492
sometimesanotion_Qwentinuum-14B-v7,65.51430222697051,50.34706507410996,15.167237152860551
sometimesanotion_Qwentinuum-14B-v8,65.34258495008118,50.11142993537886,15.231155014702317
sometimesanotion_Qwenvergence-14B-v0.6-004-model_stock,62.4933870754005,46.366653802814,16.1267332725865
sometimesanotion_Qwenvergence-14B-v3,65.4823836148701,50.35268751505373,15.129696099816371
sometimesanotion_Qwenvergence-14B-v3-Prose,65.12913170949324,49.79836668099142,15.330765028501816
sometimesanotion_Qwenvergence-14B-v3-Reason,65.61283957466178,50.69444798867054,14.918391585991237
sometimesanotion_Qwenvergence-14B-v3-Reason,65.61283957466178,50.635776137274746,14.97706343738703
sometimesanotion_Qwenvergence-14B-v8,65.22455361956445,49.83459258547442,15.389961034090028
sometimesanotion_Qwenvergence-14B-v9,61.65623747365095,44.84335580801756,16.812881665633384
spmurrayzzz_Mistral-Syndicate-7B,42.45057075567855,20.50625197041595,21.9443187852626
ssmits_Qwen2.5-95B-Instruct,70.37799697488242,58.530351322851054,11.847645652031368
suayptalha_DeepSeek-R1-Distill-Llama-3B,44.517853159705965,21.44875568223163,23.069097477474333
suayptalha_Komodo-Llama-3.2-3B-v2-fp16,43.549964909074994,20.20432897355036,23.345635935524633
sumink_Qwenftmodel,38.22697025666857,14.041351651308329,24.185618605360244
sumink_bbhqwen,33.882459160501064,6.631749430919456,27.250709729581608
sumink_bbhqwen2,30.663248168563744,3.8643035117477176,26.798944656816026
sumink_bbhqwen4,31.993955595027128,4.8923014124501245,27.101654182577004
sumink_bbhqwen5,29.13096447640581,2.81326456924998,26.31769990715583
sumink_bbhqwen6,27.822424198526292,2.129703501956035,25.692720696570255
synergetic_FrankenQwen2.5-14B,60.47748435655343,44.273555426330965,16.203928930222467
tangledgroup_tangled-llama-pints-1.5b-v0.1-instruct,31.434444692284963,3.8421954101765152,27.592249282108448
tanliboy_lambda-qwen2.5-14b-dpo-test,63.935052829812854,48.45443982860533,15.480613001207523
tanliboy_lambda-qwen2.5-32b-dpo-test,67.63904009446838,54.40796058706255,13.231079507405838
tensopolis_falcon3-10b-tensopolis-v1,60.41637285218984,45.05928024956778,15.35709260262206
tensopolis_mistral-small-2501-tensopolis-v1,64.74735931872574,48.693238200527865,16.054121118197877
tensopolis_phi-4-tensopolis-v1,68.8557983020821,55.03657465495981,13.8192236471223
tensopolis_qwen2.5-14b-tensopolis-v1,63.57132004158233,47.96504993841635,15.606270103165983
tensopolis_qwen2.5-7b-tensopolis-v1,52.7005559401199,34.78352811189759,17.91702782822231
theo77186_Qwen2.5-Coder-7B-Instruct-20241106,50.079769862245485,28.938504045379137,21.141265816866348
theprint_CleverBoi-Llama-3.1-8B-Instruct,45.59618469185147,24.04860308113929,21.54758161071218
theprint_CleverBoi-Llama-3.1-8B-v2,46.67816011064478,24.132844977310707,22.545315133334075
theprint_ReWiz-Llama-3.1-8B-v2,46.324275457450945,23.7732870894326,22.550988368018345
thomas-yanxin_XinYuan-Qwen2-1_5B,36.35491993150822,12.12557956003766,24.22934037147056
tianyil1_MistralForCausalLM_Cal_DPO,43.81423961751715,21.78360838715177,22.030631230365383
tiiuae_Falcon3-10B-Base,59.500425343714106,41.37546218651794,18.124963157196163
tiiuae_Falcon3-1B-Instruct,37.44535691366672,12.961374062508185,24.483982851158537
tiiuae_Falcon3-3B-Base,44.213678258743855,21.584784293773264,22.62889396497059
tiiuae_Falcon3-7B-Instruct,56.324427851933315,37.91581245917148,18.40861539276184
tiiuae_Falcon3-Mamba-7B-Instruct,46.78957688410694,25.20350517239808,21.58607171170886
tiiuae_falcon-11B,43.91637035549385,21.937999462890275,21.97837089260357
tiiuae_falcon-40b,40.18532495595801,16.583304730312175,23.602020225645834
tiiuae_falcon-mamba-7b,42.848549886043656,19.87687780354344,22.971672082500216
tinycompany_ShawtyIsBad-bgem3,38.529707856388946,13.857811570359898,24.671896286029046
tinycompany_ShawtyIsBad-e5-large,38.73483842947396,14.177224162496438,24.557614266977524
tinycompany_ShawtyIsBad-nomic1.5,38.73599493472512,14.217971903055156,24.518023031669962
tugstugi_Qwen2.5-7B-Instruct-QwQ-v0.1,51.01062293388118,30.49889389653247,20.51172903734871
unsloth_Llama-3.2-1B-Instruct-no-system-message,35.43744783345775,9.386371925607728,26.051075907850027
unsloth_phi-4-unsloth-bnb-4bit,67.91089896968764,53.84008105932037,14.070817910367268
uukuguy_speechless-code-mistral-7b-v1.0,45.71712887094194,24.091412067845624,21.625716803096317
uukuguy_speechless-instruct-mistral-7b-v0.2,46.066679506817486,24.558747365322688,21.5079321414948
uukuguy_speechless-llama2-hermes-orca-platypus-wizardlm-13b,48.45537304067666,26.79172729423422,21.66364574644244
v000000_Qwen2.5-14B-Gutenberg-1e-Delta,63.9849930188539,48.6166718794722,15.368321139381699
v000000_Qwen2.5-Lumen-14B,63.90809511149668,48.50786084405761,15.400234267439068
vhab10_Llama-3.1-8B-Base-Instruct-SLERP,50.57443268070797,29.92604162309261,20.648391057615363
vhab10_Llama-3.2-Instruct-3B-TIES,43.3236499665141,19.183159360187968,24.14049060632613
vhab10_llama-3-8b-merged-linear,49.37093744349853,27.8160513277408,21.554886115757732
vicgalle_Configurable-Hermes-2-Pro-Llama-3-8B,50.54841203275775,30.50962474895478,20.03878728380297
vicgalle_Humanish-RP-Llama-3.1-8B,51.003854761432464,29.95856031523668,21.045294446195783
vicgalle_Roleplay-Llama-3-8B,50.123182069223226,28.554603909240623,21.568578159982604
vonjack_Qwen2.5-Coder-0.5B-Merged,30.760177520572363,3.588738438643756,27.171439081928607
wave-on-discord_qwent-7b,42.281032861183434,18.066398100675865,24.21463476050757
weathermanj_Menda-3b-Optim-100,47.34802217779384,26.024032164105297,21.32399001368854
win10_EVA-Norns-Qwen2.5-v0.1,50.724083801738196,30.060941501467852,20.663142300270344
win10_Norns-Qwen2.5-12B,46.189201103923736,23.76925747689573,22.419943627028005
win10_Norns-Qwen2.5-7B,50.72887832228614,30.250415044309648,20.478463277976495
win10_Qwen2.5-2B-Instruct,37.05905854806977,12.07194568570475,24.987112862365024
wzhouad_gemma-2-9b-it-WPO-HB,56.286243767519736,36.66169583479774,19.624547932721995
x0000001_Deepseek-Lumen-R1-Qwen2.5-14B,45.69046842406628,22.725259750809624,22.965208673256658
xinchen9_Llama3.1_8B_Instruct_CoT,44.9091385109321,21.14286611806116,23.766272392870942
xinchen9_Llama3.1_CoT_V1,43.76001847280673,20.166003338515427,23.5940151342913
xinchen9_Mistral-7B-CoT,38.72676209806967,14.80619341451162,23.920568683558052
xkp24_Llama-3-8B-Instruct-SPPO-Iter2_gp_2b-table,49.518319163897665,27.69519951055004,21.823119653347625
xkp24_Llama-3-8B-Instruct-SPPO-Iter2_gp_8b-table,50.044910924197296,28.508587310114308,21.53632361408299
xkp24_Llama-3-8B-Instruct-SPPO-score-Iter2_gp_8b-table-0.002,49.51075713814987,28.046977965255564,21.463779172894306
xukp20_Llama-3-8B-Instruct-SPPO-Iter3_bt_2b-table,49.01206199104098,26.866404089240515,22.145657901800465
xukp20_Llama-3-8B-Instruct-SPPO-Iter3_bt_8b-table,50.91868512191421,29.73123940180749,21.18744572010672
xukp20_Llama-3-8B-Instruct-SPPO-Iter3_gp_2b-table,49.69531536151198,27.892403263090213,21.802912098421768
yam-peleg_Hebrew-Mistral-7B,43.340366992362036,20.176940422218426,23.16342657014361
yfzp_Llama-3-8B-Instruct-SPPO-Iter1_bt_2b-table,49.86613434913193,28.170106538118223,21.69602781101371
yfzp_Llama-3-8B-Instruct-SPPO-Iter1_bt_8b-table,50.80359954971676,29.308127928492556,21.4954716212242
yfzp_Llama-3-8B-Instruct-SPPO-Iter1_gp_2b-table,49.41209189652046,27.469588233937547,21.94250366258291
yfzp_Llama-3-8B-Instruct-SPPO-Iter1_gp_8b-table,50.25359954971677,28.60442422478885,21.649175324927917
yfzp_Llama-3-8B-Instruct-SPPO-score-Iter1_bt_2b-table-0.001,49.79459532536201,28.09919885125768,21.69539647410433
yfzp_Llama-3-8B-Instruct-SPPO-score-Iter1_gp_2b-table-0.001,49.57875856318712,27.82525272195498,21.753505841232144
yfzp_Llama-3-8B-Instruct-SPPO-score-Iter1_gp_8b-table-0.002,49.915471695835485,28.12061516996449,21.794856525870994
yifAI_Llama-3-8B-Instruct-SPPO-score-Iter3_gp_8b-table-0.002,49.14521707125488,27.28106392287093,21.864153148383952
ymcki_gemma-2-2b-ORPO-jpn-it-abliterated-18,41.64518628781637,16.30199203988385,25.343194247932523
ymcki_gemma-2-2b-ORPO-jpn-it-abliterated-18-merge,38.42696080489089,17.34833699622109,21.0786238086698
ymcki_gemma-2-2b-jpn-it-abliterated-17,29.467781029884353,16.23474918432881,13.233031845555544
ymcki_gemma-2-2b-jpn-it-abliterated-17-18-24,38.12359045735356,13.114728218255616,25.008862239097944
ymcki_gemma-2-2b-jpn-it-abliterated-17-ORPO-alpaca,40.715971926711276,16.922412033306475,23.7935598934048
yuvraj17_Llama3-8B-SuperNova-Spectrum-Hermes-DPO,43.99870586095269,21.238562899271304,22.760142961681385
yuvraj17_Llama3-8B-SuperNova-Spectrum-dare_ties,46.15794426716074,23.492187889680057,22.66575637748068
yuvraj17_Llama3-8B-abliterated-Spectrum-slerp,49.77912063897858,28.54692976096071,21.23219087801787
zake7749_gemma-2-2b-it-chinese-kyara-dpo,42.57464897414602,19.061804188812648,23.512844785333375
zelk12_MT-Gen1-gemma-2-9B,60.99997385328262,44.01124668886745,16.988727164415167
zelk12_MT-Gen2-GI-gemma-2-9B,60.95558882654465,44.00259101447648,16.95299781206817
zelk12_MT-Gen2-gemma-2-9B,61.004946626949994,44.10778153097642,16.897165095973577
zelk12_MT-Gen3-gemma-2-9B,60.97112889343964,43.95064827244946,17.020480620990178
zelk12_MT-Gen6-gemma-2-9B,58.446692618586894,39.39691509660613,19.049777521980765
zelk12_MT-Gen7-gemma-2-9B,59.352426335807806,40.93907104389604,18.413355291911763
zelk12_MT-Merge-gemma-2-9B,61.18379158679297,44.32084182103274,16.862949765760234
zelk12_MT-Merge2-MU-gemma-2-MTg2MT1g2-9B,60.83892215987798,43.84019994693836,16.99872221293962
zelk12_MT-Merge4-gemma-2-9B,61.18218058684427,44.05349239999947,17.128688186844798
zelk12_MT-Merge6-gemma-2-9B,59.49106849534558,41.32196105730412,18.169107438041458
zelk12_MT1-Gen2-gemma-2-9B,60.95989894691558,43.91919055805058,17.040708388865
zelk12_MT1-Gen5-gemma-2-9B,60.17455017631887,42.49676419899819,17.677785977320674
zelk12_MT1-gemma-2-9B,61.08745950756924,44.16152621661877,16.925933290950475
zelk12_MT2-Gen1-gemma-2-9B,61.00802027920743,44.141103157274806,16.866917121932623
zelk12_MT2-Gen2-gemma-2-9B,60.92917531936446,44.04450256220759,16.88467275715687
zelk12_MT2-Gen3-gemma-2-9B,61.04772065373927,44.007274058843926,17.040446594895343
zelk12_MT2-Gen4-gemma-2-9B,60.96551392017761,43.778361681045226,17.18715223913238
zelk12_MT2-Gen5-gemma-2-9B,60.63933817527739,43.12428137338583,17.51505680189156
zelk12_MT2-Gen6-gemma-2-9B,59.5964957637105,41.771094311913785,17.825401451796715
zelk12_MT2-Max-Merge_02012025163610-gemma-2-9B,61.08461203950706,44.04081717896338,17.043794860543677
zelk12_MT3-Gen1-gemma-2-9B,61.06760932030332,44.11949468740284,16.948114632900477
zelk12_MT3-Gen2-gemma-2-9B,60.914731946761655,43.94022574925496,16.9745061975067
zelk12_MT3-Gen3-gemma-2-9B,60.88892215987799,43.78374025194924,17.105181907928753
zelk12_MT3-Gen4-gemma-2-9B,61.00843629460684,43.77959090180507,17.228845392801766
zelk12_MT3-Gen5-gemma-2-9B,60.98615465467814,43.9511986459128,17.03495600876534
zelk12_MT3-Gen5-gemma-2-9B_v1,61.13330718661595,44.15960180869316,16.97370537792279
zelk12_MT3-Gen6-gemma-2-9B,60.20072592121909,42.63936302517612,17.561362896042972
zelk12_MT3-Max-Merge_02012025163610-gemma-2-9B,61.234612039507056,44.20651979334247,17.028092246164583
zelk12_MT3-gemma-2-9B,61.307842026088,44.24846451595969,17.059377510128307
zelk12_MT4-Gen2-gemma-2-9B,61.083485439735384,44.17665766133724,16.906827778398146
zelk12_MT4-Gen3-gemma-2-9B,60.87112889343964,43.894390102514826,16.976738790924813
zelk12_MT4-Gen5-gemma-2-9B,61.06664051994929,43.94789156904174,17.118748950907552
zelk12_MT4-gemma-2-9B,60.7313601341302,43.55382749958519,17.17753263454501
zelk12_MT5-Gen1-gemma-2-9B,61.10476837383057,44.18333461079421,16.921433763036354
zelk12_MT5-Gen2-gemma-2-9B,61.054126174235904,44.11321466977781,16.940911504458093
zelk12_MT5-Gen3-gemma-2-9B,60.90494662694999,43.88591333925529,17.019033287694704
zelk12_MT5-gemma-2-9B,61.12225549321132,44.27125659181852,16.8509989013928
zelk12_MTM-Merge-gemma-2-9B,61.333485439735384,44.38067726918037,16.952808170555016
zelk12_Rv0.4DMv1t0.25-gemma-2-9B,60.697126385220436,43.66476423073275,17.032362154487686
zelk12_Test01012025155054t0.5_gemma-2,28.295044895258116,1.2805465682883084,27.014498326969807
zelk12_gemma-2-S2MTM-9B,60.60836790982922,43.11572752288462,17.4926403869446
zelk12_recoilme-gemma-2-Gutenberg-Doppel-9B-v0.1,60.987795560106306,43.94125829423596,17.04653726587035
zelk12_recoilme-gemma-2-Ifable-9B-v0.1,60.643992922004045,43.39057008013784,17.253422841866204
zelk12_recoilme-gemma-2-psy10k-mental_healt-9B-v0.1,59.77593499207231,42.1326829485998,17.643252043472508
zetasepic_Qwen2.5-32B-Instruct-abliterated-v2,69.34020817780426,56.53381848053764,12.806389697266617
zetasepic_Qwen2.5-72B-Instruct-abliterated,71.52257183282453,59.912975835046495,11.60959599777803
