g,Lctx,kappa_c,C,Q,regime,N,D,L
指数型,2048,6.4096,1000000000000000.0,0.6200709735609296,A,3458694.5730926604,45108341.52564136,8.012661938325838
指数型,2048,6.4096,1333521432163324.0,0.6200709735609296,A,3938695.694669621,52822219.31625134,7.73938129896388
指数型,2048,6.4096,1778279410038922.8,0.6200709735609296,A,4485311.856067559,61855230.299435854,7.477912128040679
指数型,2048,6.4096,2371373705661655.5,0.6200709735609296,A,5107787.95970622,72432956.52704833,7.227743921822761
指数型,2048,6.4096,3162277660168379.5,0.6200709735609296,A,5816651.924888336,84819556.33907194,6.988388241069589
指数型,2048,6.4096,4216965034285822.5,0.6200709735609296,A,6623892.746176769,99324361.20939599,6.759377757383627
指数型,2048,6.4096,5623413251903491.0,0.6200709735609296,A,7543163.2628929475,116309600.70360708,6.540265340778144
指数型,2048,6.4096,7498942093324558.0,0.6200709735609296,A,8590011.069170648,136199448.46474206,6.33062318668126
指数型,2048,6.4096,1e+16,0.6200709735609296,A,9782141.469940271,159490615.13306728,6.130041980671767
指数型,2048,6.4096,1.333521432163324e+16,0.6200709735609296,A,11139716.93020916,186764752.73766878,5.938130099315934
指数型,2048,6.4096,1.7782794100389228e+16,0.6200709735609296,A,12685698.082216237,218702980.3356152,5.75451284554495
指数型,2048,6.4096,2.371373705661655e+16,0.6200709735609296,A,14446232.057902245,256102893.64859167,5.578831717080136
指数型,2048,6.4096,3.162277660168379e+16,0.6200709735609296,A,16451094.714552946,299898483.4798847,5.410743706477574
指数型,2048,6.4096,4.216965034285822e+16,0.6200709735609296,A,18734194.232962728,351183460.3358403,5.249920631425518
指数型,2048,6.4096,5.623413251903491e+16,0.6200709735609296,A,21334144.605458945,411238567.73929614,5.096048493987028
指数型,2048,6.4096,7.498942093324558e+16,0.6200709735609296,A,24294918.71317349,481563566.3323641,4.948826867536811
指数型,2048,6.4096,1e+17,0.6200709735609296,A,27666592.038036376,563914687.509952,4.807968310195254
指数型,2048,6.4096,1.333521432163324e+17,0.6200709735609296,A,31506189.587870006,660348491.9163753,4.673197803614457
指数型,2048,6.4096,1.778279410038923e+17,0.6200709735609296,A,35878650.35860279,773273228.0865349,4.544252216020494
指数型,2048,6.4096,2.3713737056616554e+17,0.6200709735609296,A,40857925.64552068,905508973.8148322,4.420879788463552
指数型,2048,6.4096,3.1622776601683795e+17,0.6200709735609296,A,46528229.77926267,1060358062.1666538,4.302839643272837
指数型,2048,6.4096,4.216965034285823e+17,0.6200709735609296,A,52985464.44021954,1241687550.8864248,4.189901313756593
指数型,2048,6.4096,5.6234132519034906e+17,0.6200709735609296,A,60338840.640720405,1454025794.7168963,4.081844294228943
指数型,2048,6.4096,7.498942093324558e+17,0.6200709735609296,A,68712725.80754548,1702675532.337267,3.97845760948504
指数型,2048,6.4096,1e+18,0.6200709735609296,A,78248747.20441055,1993846312.0487137,3.8795394028839407
指数型,2048,6.4096,1.333521432163324e+18,0.6200709735609296,A,89108187.26954602,2334809563.283731,3.7848965422349545
指数型,2048,6.4096,1.7782794100389228e+18,0.6200709735609296,A,101474711.38064387,2734080186.551485,3.6943442427179933
指数型,2048,6.4096,2.371373705661655e+18,0.6200709735609296,A,115557474.18176997,3201629196.678541,3.6077057061016844
指数型,2048,6.4096,3.1622776601683794e+18,0.6200709735609296,A,131594657.00946711,3749132729.699991,3.524811775554846
指数型,2048,6.4096,4.2169650342858225e+18,0.6200709735609296,A,149857496.24641082,4390263631.868979,3.4455006053773634
指数型,2048,6.4096,5.623413251903491e+18,0.6848503980962215,I,201164148.6849911,3785580570.053092,3.367143950090705
指数型,2048,6.4096,7.498942093324558e+18,0.7335802963290952,I,251772841.07925102,3718495965.722139,3.2887962467135496
指数型,2048,6.4096,1e+19,0.7745167256956805,I,305899995.30226904,3859962767.0413365,3.212141013447985
指数型,2048,6.4096,1.3335214321633241e+19,0.8113597768628008,I,365952234.7786505,4123953642.8066955,3.1378210471487042
指数型,2048,6.4096,1.7782794100389229e+19,0.8456417785569876,I,433587488.9659124,4485861520.306087,3.0661427246562023
指数型,2048,6.4096,2.3713737056616554e+19,0.8781724250935037,I,510347345.1203663,4939758632.839872,2.9972517432417156
指数型,2048,6.4096,3.162277660168379e+19,0.9094406248246845,I,597845940.4304461,5487940091.046658,2.9312034739347803
指数型,2048,6.4096,4.216965034285823e+19,0.9397681409361727,I,697860359.8710539,6137427113.3260765,2.867998028227474
指数型,2048,6.4096,5.6234132519034905e+19,0.9693797569683853,I,812392151.7671553,6898630134.533743,2.8076001013147573
指数型,2048,6.4096,7.498942093324558e+19,1.0,B,946702724.2431486,7739282399.470328,2.749952573855566
指数型,2048,6.4096,1e+20,1.0,B,1037307692.6455522,9736912876.561888,2.6953785821790976
指数型,2048,6.4096,1.333521432163324e+20,1.0,B,1138402430.418526,12213778797.082308,2.6441804371929334
指数型,2048,6.4096,1.778279410038923e+20,1.0,B,1251394587.5385578,15274156044.414503,2.596108841126149
指数型,2048,6.4096,2.3713737056616553e+20,1.0,B,1377895362.6267788,19042243661.687767,2.5509340331760515
指数型,2048,6.4096,3.1622776601683794e+20,1.0,B,1519748942.836828,23665401250.647526,2.508444333074233
指数型,2048,6.4096,4.216965034285823e+20,1.0,B,1679065933.6089404,29317850359.121567,2.4684447938024716
指数型,2048,6.4096,5.6234132519034906e+20,1.0,B,1858261275.8913646,36204920088.95895,2.430755953342526
指数型,2048,6.4096,7.498942093324558e+20,1.0,B,2060097217.5326254,44567937761.590385,2.3952126760971417
指数型,2048,6.4096,1e+21,1.0,B,2287731988.773266,54689889975.69857,2.361663075412041
指数型,2048,6.4096,1.333521432163324e+21,1.0,B,2544774931.431962,66902007595.40485,2.329967509468399
指数型,2048,6.4096,1.7782794100389228e+21,1.0,B,2835348949.5258336,81591459829.67409,2.299997643700345
指数型,2048,6.4096,2.3713737056616553e+21,1.0,B,3164161287.3354225,99210377356.256,2.2716355738084584
指数型,2048,6.4096,3.1622776601683794e+21,1.0,B,3536583800.5667224,120286462372.93422,2.2447730043633434
指数型,2048,6.4096,4.2169650342858226e+21,1.0,B,3958744068.2378345,145435484875.57953,2.2193104788895703
指数型,2048,6.4096,5.623413251903491e+21,1.0,B,4437628898.174378,175376010225.31052,2.1951566581516686
指数型,2048,6.4096,7.498942093324559e+21,1.0,B,4981202008.79717,210946754595.65573,2.1722276440934403
指数型,2048,6.4096,1e+22,1.0,B,5598537926.193925,253127024137.29987,2.1504463474790727
指数型,2048,6.4096,1.3335214321633241e+22,1.0,B,6299974421.253617,303060763057.9031,2.129741897729788
指数型,2048,6.4096,1.7782794100389228e+22,1.0,B,7097286131.126095,362084818007.0373,2.1100490937371945
指数型,2048,6.4096,2.371373705661655e+22,1.0,B,8003882367.976671,431762124123.4066,2.0913078945722274
指数型,2048,6.4096,3.1622776601683792e+22,1.0,B,9035032522.770794,513920634953.70245,2.0734629490170104
指数型,2048,6.4096,4.2169650342858225e+22,1.0,B,10208122930.676027,610698957485.2789,2.0564631627551444
指数型,2048,6.4096,5.623413251903491e+22,1.0,B,11542949586.732914,724599818313.805,2.0402613018972517
指数型,2048,6.4096,7.498942093324558e+22,1.0,B,13062051695.870619,858552681469.158,2.0248136313263716
指数型,2048,6.4096,1.0000000000000001e+23,1.0,B,14791091721.304512,1015987067214.5773,2.010079586151821
指数型,2048,6.4096,1.3335214321633241e+23,1.0,B,16759288372.167007,1200918389567.0454,1.996021474384123
指数型,2048,6.4096,1.7782794100389228e+23,1.0,B,18999909858.514576,1418048444701.327,1.982604208804199
指数型,2048,6.4096,2.371373705661655e+23,1.0,B,21550835754.839367,1672883050329.9612,1.9697950659067338
指数型,2048,6.4096,3.162277660168379e+23,1.0,B,24455196969.01301,1971869766537.683,1.9575634697536755
指数型,2048,6.4096,4.2169650342858225e+23,1.0,B,27762104631.559677,2322559131970.7573,1.9458807985775004
指数型,2048,6.4096,5.623413251903491e+23,1.0,B,31527480222.372128,2733793438208.8735,1.9347202120199471
指数型,2048,6.4096,7.498942093324558e+23,1.0,B,35815000963.524,3215927754246.974,1.924056496973138
指数型,2048,6.4096,1e+24,1.0,B,40697176456.404396,3781088719490.443,1.9138659300982885
指数型,2048,6.4096,1.333521432163324e+24,1.0,B,46256574761.72472,4443477567683.848,1.904126155224441
指数型,2048,6.4096,1.7782794100389228e+24,1.0,B,52587218649.35999,5219724949364.762,1.8948160739685183
指数型,2048,6.4096,2.3713737056616553e+24,1.0,B,59796175624.13493,6129306414398.638,1.8859157480620794
指数型,2048,6.4096,3.1622776601683796e+24,1.0,B,68005368612.10192,7195028931266.384,1.8774063120143225
指数型,2048,6.4096,4.2169650342858227e+24,1.0,B,77353637924.9367,8443600593920.027,1.8692698948811304
指数型,2048,6.4096,5.62341325190349e+24,1.0,B,87999089370.98122,9906297744521.305,1.8614895500434037
指数型,2048,6.4096,7.498942093324559e+24,1.0,B,100121768221.9171,11619746173154.582,1.8540491920226583
指数型,2048,6.4096,1e+25,1.0,B,113926704256.059,13626835904418.021,1.846933539476736
指数型,2048,6.4096,1.3335214321633241e+25,1.0,B,129647379375.92465,15977792416815.342,1.840128063622973
指数型,2048,6.4096,1.7782794100389228e+25,1.0,B,147549676445.33975,18731431047403.58,1.833618941430268
指数型,2048,6.4096,2.3713737056616553e+25,1.0,B,167936376130.59238,21956625908786.61,1.8273930130054852
指数型,2048,6.4096,3.1622776601683795e+25,1.0,B,191152277799.0168,25734030002492.777,1.821437742674053
指数型,2048,6.4096,4.216965034285822e+25,1.0,B,217590031083.30286,30158089485860.445,1.815741183320156
指数型,2048,6.4096,5.6234132519034905e+25,1.0,B,247696776739.58746,35339402395405.86,1.8102919436093465
指数型,2048,6.4096,7.498942093324558e+25,1.0,B,281981709115.16315,41407480731726.59,1.8050791577664533
指数型,2048,6.4096,1e+26,1.0,B,321024688128.9512,48513984884122.336,1.8000924576251978
指数型,2048,6.4096,1.333521432163324e+26,1.0,B,365486046418.3966,56836511168845.484,1.7953219467035888
指数型,2048,6.4096,1.7782794100389227e+26,1.0,B,416117757520.35077,66583027067805.055,1.790758176091746
指数型,2048,6.4096,2.3713737056616553e+26,1.0,B,473776153972.8262,77997064929568.48,1.786392121966859
指数型,2048,6.4096,3.1622776601683796e+26,1.0,B,539436410438.0936,91363803835650.6,1.7822151645741717
指数型,2048,6.4096,4.216965034285822e+26,1.0,B,614209036799.6991,107017191515225.48,1.7782190685336388
指数型,2048,6.4096,5.623413251903491e+26,1.0,B,699358660180.4564,125348284164610.62,1.7743959643497766
指数型,2048,6.4096,7.498942093324558e+26,1.0,B,796325413540.9263,146815012442688.25,1.7707383310175362
指数型,2048,6.4096,1e+27,1.0,B,906749292603.101,171953617529382.7,1.7672389796302026
指数型,4096,6.8192,1000000000000000.0,0.6200709735609296,A,3363296.451055621,43601499.25786687,8.073073054445922
指数型,4096,6.8192,1333521432163324.0,0.6200709735609296,A,3830058.1250299253,51057695.28252804,7.797181384924389
指数型,4096,6.8192,1778279410038922.8,0.6200709735609296,A,4361597.454932491,59788958.910470195,7.533214035232747
指数型,4096,6.8192,2371373705661655.5,0.6200709735609296,A,4966904.349193136,70013336.63451028,7.280655624085101
指数型,4096,6.8192,3162277660168379.5,0.6200709735609296,A,5656216.34480147,81986162.59629928,7.03901304550129
指数型,4096,6.8192,4216965034285822.5,0.6200709735609296,A,6441191.754456948,96006435.06473936,6.80781450604541
指数型,4096,6.8192,5623413251903491.0,0.6200709735609296,A,7335106.843255047,112424283.3418823,6.586608603675877
指数型,4096,6.8192,7498942093324558.0,0.6200709735609296,A,8353080.369752669,131649711.56790589,6.374963446408539
指数型,4096,6.8192,1e+16,0.6200709735609296,A,9512329.289069269,154162837.7848517,6.17246580907205
指数型,4096,6.8192,1.333521432163324e+16,0.6200709735609296,A,10832459.94272224,180525883.96002427,5.978720326509153
指数型,4096,6.8192,1.7782794100389228e+16,0.6200709735609296,A,12335799.66008119,211397216.39679563,5.79334872164863
指数型,4096,6.8192,2.371373705661655e+16,0.6200709735609296,A,14047774.379807033,247547787.16502213,5.615989066940753
指数型,4096,6.8192,3.162277660168379e+16,0.6200709735609296,A,15997338.677974671,289880387.1441504,5.446295077714271
指数型,4096,6.8192,4.216965034285822e+16,0.6200709735609296,A,18217465.475932565,339452191.48666966,5.283935436075217
指数型,4096,6.8192,5.623413251903491e+16,0.6200709735609296,A,20745703.71031306,397501160.53144056,5.128593144027502
指数型,4096,6.8192,7.498942093324558e+16,0.6200709735609296,A,23624813.3970494,465476955.4788607,4.979964904552297
指数型,4096,6.8192,1e+17,0.6200709735609296,A,26903488.830217354,545077140.8873188,4.837760529437802
指数型,4096,6.8192,1.333521432163324e+17,0.6200709735609296,A,30637182.147141483,638289578.0785578,4.701702372703209
指数型,4096,6.8192,1.778279410038923e+17,0.6200709735609296,A,34889041.18869779,747442068.1455917,4.571524788510666
指数型,4096,6.8192,2.3713737056616554e+17,0.6200709735609296,A,39730977.51681501,875260484.301694,4.446973612506839
指数型,4096,6.8192,3.1622776601683795e+17,0.6200709735609296,A,45244882.65252301,1024936845.3138858,4.327805665581418
指数型,4096,6.8192,4.216965034285823e+17,0.6200709735609296,A,51524013.104741566,1200209030.0238993,4.213788279073697
指数型,4096,6.8192,5.6234132519034906e+17,0.6200709735609296,A,58674567.61476487,1405454123.673119,4.104698840500192
指数型,4096,6.8192,7.498942093324558e+17,0.6200709735609296,A,66817483.292325884,1645797727.1762583,4.0003243589164
指数型,4096,6.8192,1e+18,0.6200709735609296,A,76090481.02123144,1927241959.1324413,3.9004610490640417
指数型,4096,6.8192,1.333521432163324e+18,0.6200709735609296,A,86650394.72846094,2256815347.1771493,3.804913933491912
指数型,4096,6.8192,1.7782794100389228e+18,0.6200709735609296,A,98675823.91157591,2642748351.923088,3.7134964618734445
指数型,4096,6.8192,2.371373705661655e+18,0.6200709735609296,A,112370154.28655727,3094678906.86231,3.6260301467777865
指数型,4096,6.8192,3.1622776601683794e+18,0.6200709735609296,A,127964997.64420418,3623893107.192522,3.5423442151832005
指数型,4096,6.8192,4.2169650342858225e+18,0.6360419506094451,I,152504183.99800223,3899280029.194428,3.4621501598034365
指数型,4096,6.8192,5.623413251903491e+18,0.6987577411924988,I,201402867.5559099,3465898370.103496,3.3818194983158816
指数型,4096,6.8192,7.498942093324558e+18,0.7448172478690868,I,249515209.78192732,3469669448.371846,3.30215867793728
指数型,4096,6.8192,1e+19,0.7844621037007745,I,301676878.9041062,3634620899.1810536,3.224451215346255
指数型,4096,6.8192,1.3335214321633241e+19,0.8205285869412958,I,359844272.1161186,3904427387.151666,3.149233093999725
指数型,4096,6.8192,1.7782794100389229e+19,0.8542916673671713,I,425518501.5625667,4262538044.053899,3.0767636783204795
指数型,4096,6.8192,2.3713737056616554e+19,0.8864536128893323,I,500155049.45733887,4705979202.810841,3.007162768182565
指数型,4096,6.8192,3.162277660168379e+19,0.9174496370204839,I,585304620.4952402,5238220535.985294,2.940469539447246
指数型,4096,6.8192,4.216965034285823e+19,0.9475712212252458,I,682687599.0512989,5866673324.812103,2.8766730980250435
指数型,4096,6.8192,5.6234132519034905e+19,0.9770246665005434,I,794248952.3282028,6601717981.1614275,2.8157302038300056
指数型,4096,6.8192,7.498942093324558e+19,1.0,B,911218389.4137642,7624557690.265777,2.7575970563239216
指数型,4096,6.8192,1e+20,1.0,B,998840780.3291664,9585188244.984104,2.7027886546221223
指数型,4096,6.8192,1.333521432163324e+20,1.0,B,1096651715.0941072,12013971107.850029,2.6513593724092415
指数型,4096,6.8192,1.778279410038923e+20,1.0,B,1206021832.5334613,15012186516.65193,2.603059972641127
指数型,4096,6.8192,2.3713737056616553e+20,1.0,B,1328519990.0855143,18700340732.96362,2.5576607708179866
指数型,4096,6.8192,3.1622776601683794e+20,1.0,B,1465941873.8345652,23221275031.711132,2.514950177734973
指数型,4096,6.8192,4.216965034285823e+20,1.0,B,1620342475.4168653,28743722860.474186,2.4747333509321447
指数型,4096,6.8192,5.6234132519034906e+20,1.0,B,1794072919.338511,35466394229.386986,2.436830944710585
指数型,4096,6.8192,7.498942093324558e+20,1.0,B,1989822192.4471114,43622686455.56119,2.4010779493599803
指数型,4096,6.8192,1e+21,1.0,B,2210664409.363311,53486144028.74168,2.3673226110644308
指数型,4096,6.8192,1.333521432163324e+21,1.0,B,2460112345.727266,65376817380.32674,2.3354254248236774
指数型,4096,6.8192,1.7782794100389228e+21,1.0,B,2742178086.9758997,79668700453.85703,2.3052581936410164
指数型,4096,6.8192,2.3713737056616553e+21,1.0,B,3061441775.484706,96798459997.47025,2.276703148169751
指数型,4096,6.8192,3.1622776601683794e+21,1.0,B,3423129594.3669853,117275705475.59256,2.2496521219492056
指数型,4096,6.8192,4.2169650342858226e+21,1.0,B,3833202302.8971496,141695087867.83362,2.2240057782630807
指数型,4096,6.8192,5.623413251903491e+21,1.0,B,4298455837.34832,170750559318.62543,2.1996728854783294
指数型,4096,6.8192,7.498942093324559e+21,1.0,B,4826635713.332973,205252175072.85056,2.1765696384351205
指数型,4096,6.8192,1e+22,1.0,B,5426567213.576398,246145876308.56497,2.1546190240292
指数型,4096,6.8192,1.3335214321633241e+22,1.0,B,6108303621.524442,294536759668.56067,2.1337502295405506
指数型,4096,6.8192,1.7782794100389228e+22,1.0,B,6883295070.563139,351716419082.3356,2.1138980925144453
指数型,4096,6.8192,2.371373705661655e+22,1.0,B,7764580926.44366,419195040630.41583,2.0950025911047025
指数型,4096,6.8192,3.1622776601683792e+22,1.0,B,8767009013.472752,498739044660.3288,2.077008373767663
指数型,4096,6.8192,4.2169650342858225e+22,1.0,B,9907485440.99013,592415204229.1855,2.0598643270804238
指数型,4096,6.8192,5.623413251903491e+22,1.0,B,11205259294.42348,702642328615.0918,2.0435231802826563
指数型,4096,6.8192,7.498942093324558e+22,1.0,B,12682247034.593302,832251788922.4435,2.027941144941282
指数型,4096,6.8192,1.0000000000000001e+23,1.0,B,14363402110.69163,984558384113.2572,2.0130775879404172
指数型,4096,6.8192,1.3335214321633241e+23,1.0,B,16277136048.371256,1163443305312.4556,1.9988947358276672
指数型,4096,6.8192,1.7782794100389228e+23,1.0,B,18455798137.814926,1373451260111.727,1.9853574084171361
指数型,4096,6.8192,2.371373705661655e+23,1.0,B,20936221832.255737,1619904174143.0793,1.9724327794673342
指数型,4096,6.8192,3.162277660168379e+23,1.0,B,23760347091.79275,1909034303078.5374,1.9600901622203417
指数型,4096,6.8192,4.2169650342858225e+23,1.0,B,26975929189.314728,2248140074683.235,1.9483008176042684
指数型,4096,6.8192,5.623413251903491e+23,1.0,B,30637345956.360752,2645768549675.1143,1.937037782958265
指数型,4096,6.8192,7.498942093324558e+23,1.0,B,34806517111.22508,3111929056111.572,1.9262757192303197
指数型,4096,6.8192,1e+24,1.0,B,39553951207.480064,3658343331466.1885,1.9159907747144957
指数型,4096,6.8192,1.333521432163324e+24,1.0,B,44959937900.174225,4298738418969.722,1.9061604635280032
指数型,4096,6.8192,1.7782794100389228e+24,1.0,B,51115905685.61538,5049189632990.046,1.8967635571722907
指数型,4096,6.8192,2.3713737056616553e+24,1.0,B,58125968070.3185,5928522158931.489,1.8877799876699712
指数型,4096,6.8192,3.1622776601683796e+24,1.0,B,66108684312.62843,6958781317617.902,1.8791907609159315
指数型,4096,6.8192,4.2169650342858227e+24,1.0,B,75199064510.58606,8165783238990.349,1.8709778790226341
指数型,4096,6.8192,5.62341325190349e+24,1.0,B,85550852943.15814,9579759698051.861,1.8631242705737363
指数型,4096,6.8192,7.498942093324559e+24,1.0,B,97339128278.8639,11236113217500.762,1.855613727824994
指数型,4096,6.8192,1e+25,1.0,B,110763264625.69608,13176301295153.416,1.8484308500059794
指数型,4096,6.8192,1.3335214321633241e+25,1.0,B,126050303499.77417,15448871838839.111,1.841560991980088
指数型,4096,6.8192,1.7782794100389228e+25,1.0,B,143458793740.5351,18110675667498.996,1.8349902176136623
指数型,4096,6.8192,2.3713737056616553e+25,1.0,B,163283164315.02023,21228286359045.11,1.8287052572882239
指数型,4096,6.8192,3.1622776601683795e+25,1.0,B,185858703966.9929,24879662903544.33,1.822693469063376
指数型,4096,6.8192,4.216965034285822e+25,1.0,B,211567231930.3617,29156096683836.47,1.8169428030626302
指数型,4096,6.8192,5.6234132519034905e+25,1.0,B,240843555614.64825,34164491406158.254,1.8114417687110027
指数型,4096,6.8192,7.498942093324558e+25,1.0,B,274182824480.39734,40030032918086.79,1.8061794045025434
指数型,4096,6.8192,1e+26,1.0,B,312148904479.86444,46899315587748.3,1.801145250018767
指数型,4096,6.8192,1.333521432163324e+26,1.0,B,355383914699.1897,54944003319941.0,1.796329319956
指数型,4096,6.8192,1.7782794100389227e+26,1.0,B,404619087494.6266,64365116636316.22,1.7917220799516607
指数型,4096,6.8192,2.3713737056616553e+26,1.0,B,460687135799.7691,75398052881462.95,1.7873144240270593
指数型,4096,6.8192,3.1622776601683796e+26,1.0,B,524536336771.3839,88318464925143.2,1.7830976534880274
指数型,4096,6.8192,4.216965034285822e+26,1.0,B,597246569969.9836,103449145170177.17,1.7790634571450883
指数型,4096,6.8192,5.623413251903491e+26,1.0,B,680047581328.3066,121168086781028.7,1.7752038927323948
指数型,4096,6.8192,7.498942093324558e+26,1.0,B,774339781805.4945,141917923446959.8,1.7715113694197082
指数型,4096,6.8192,1e+27,1.0,B,881717932493.8866,166216983419849.94,1.7679786313246049
指数型,8192,7.6384,1000000000000000.0,0.6200709735609296,A,3195355.177838996,40971179.20884336,8.185209805290878
指数型,8192,7.6384,1333521432163324.0,0.6200709735609296,A,3638809.7925169393,47977570.01517658,7.904471470829883
指数型,8192,7.6384,1778279410038922.8,0.6200709735609296,A,4143807.485924584,56182108.22851645,7.635866934009204
指数型,8192,7.6384,2371373705661655.5,0.6200709735609296,A,4718889.268605476,65789686.38891589,7.3788717596979625
指数型,8192,7.6384,3162277660168379.5,0.6200709735609296,A,5373781.481161482,77040235.25687142,7.132984179387442
指数型,8192,7.6384,4216965034285822.5,0.6200709735609296,A,6119560.295554052,90214715.62196147,6.897724111516516
指数型,8192,7.6384,5623413251903491.0,0.6200709735609296,A,6968839.046061707,105642134.7574416,6.672632224139622
指数型,8192,7.6384,7498942093324558.0,0.6200709735609296,A,7935981.558217063,123707762.74322839,6.457269038107175
指数型,8192,7.6384,1e+16,0.6200709735609296,A,9037345.083748663,144862753.8441222,6.251214069007443
指数型,8192,7.6384,1.333521432163324e+16,0.6200709735609296,A,10291556.95027917,169635413.21865386,6.054065006194569
指数型,8192,7.6384,1.7782794100389228e+16,0.6200709735609296,A,11719829.604747765,198644390.32291046,5.865436927299842
指数型,8192,7.6384,2.371373705661655e+16,0.6200709735609296,A,13346319.37887648,232614128.48919067,5.684961546692599
指数型,8192,7.6384,3.162277660168379e+16,0.6200709735609296,A,15198535.0444699,272392956.50295943,5.512286496423397
指数型,8192,7.6384,4.216965034285822e+16,0.6200709735609296,A,17307803.06843108,318974273.98040056,5.347074638245581
指数型,8192,7.6384,5.623413251903491e+16,0.6200709735609296,A,19709797.436338432,373521359.6105526,5.189003405371964
指数型,8192,7.6384,7.498942093324558e+16,0.6200709735609296,A,22445143.00547259,437396421.80011207,5.037764172681459
指数型,8192,7.6384,1e+17,0.6200709735609296,A,25560102.591784995,512194617.20479894,4.893061654146029
指数型,8192,7.6384,1.333521432163324e+17,0.6200709735609296,A,29107359.41148986,599783886.6945701,4.75461332630146
指数型,8192,7.6384,1.778279410038923e+17,0.6200709735609296,A,33146908.11068779,702351603.5792365,4.622148876636304
指数型,8192,7.6384,2.3713737056616554e+17,0.6200709735609296,A,37747069.452980325,822459199.044028,4.495409675822037
指数型,8192,7.6384,3.1622776601683795e+17,0.6200709735609296,A,42985645.82645699,963106128.9601251,4.374148272753948
指数型,8192,7.6384,4.216965034285823e+17,0.6200709735609296,A,48951237.11310225,1127804779.5182025,4.258127911416886
指数型,8192,7.6384,5.6234132519034906e+17,0.6200709735609296,A,55744739.17589312,1320668182.3086605,4.147122068632566
指数型,8192,7.6384,7.498942093324558e+17,0.6200709735609296,A,63481050.307441846,1546512729.3639991,4.040914011785902
指数型,8192,7.6384,1e+18,0.6200709735609296,A,72291014.50130539,1810978453.273512,3.9392963756668635
指数型,8192,7.6384,1.333521432163324e+18,0.6200709735609296,A,82323634.41244583,2120669876.1346002,3.8420707576016584
指数型,8192,7.6384,1.7782794100389228e+18,0.6200709735609296,A,93748591.43457857,2483320944.7718906,3.749047330082761
指数型,8192,7.6384,2.371373705661655e+18,0.6200709735609296,A,106759115.51639143,2907988171.1637897,3.660044470141463
指数型,8192,7.6384,3.1622776601683794e+18,0.6200709735609296,A,121575253.25376056,3405276801.3863354,3.574888404739325
指数型,8192,7.6384,4.2169650342858225e+18,0.6697468698861437,I,157759173.7785319,3127445340.76326,3.491937752994901
指数型,8192,7.6384,5.623413251903491e+18,0.7219230155308898,I,200069363.66221482,2997551864.374946,3.4085149262672934
指数型,8192,7.6384,7.498942093324558e+18,0.7643663282136194,I,244475323.84499595,3078652346.3404603,3.3265951465863015
指数型,8192,7.6384,1e+19,0.8020790857197443,I,293431196.40229374,3269168172.528105,3.2470239543511217
指数型,8192,7.6384,1.3335214321633241e+19,0.8369297555745066,I,348408499.3878244,3541918958.8025427,3.1701931366244347
指数型,8192,7.6384,1.7782794100389229e+19,0.8698590931479535,I,410704709.37569463,3889426738.287865,3.096292049606796
指数型,8192,7.6384,2.3713737056616554e+19,0.901419262897881,I,481649610.6504343,4312206857.036359,3.0253998332872025
指数型,8192,7.6384,3.162277660168379e+19,0.9319664445575004,I,562693253.7284338,4815089589.663316,2.9575293620490557
指数型,8192,7.6384,4.216965034285823e+19,0.9617461827197932,I,655461765.2750161,5405834261.2971525,2.892651439420356
指数型,8192,7.6384,5.6234132519034905e+19,0.990936189954187,I,761803671.3834469,6094590764.823729,2.8307093937427084
指数型,8192,7.6384,7.498942093324558e+19,1.0,B,849881814.7695472,7415000220.36736,2.771856546160596
指数型,8192,7.6384,1e+20,1.0,B,932319494.0561026,9308475705.182796,2.7166081185278066
指数型,8192,7.6384,1.333521432163324e+20,1.0,B,1024418295.56276,11650153639.268156,2.6647450250552676
指数型,8192,7.6384,1.778279410038923e+20,1.0,B,1127483602.7077844,14535980765.849367,2.6160181543148333
指数型,8192,7.6384,2.3713737056616553e+20,1.0,B,1243009582.5748844,18079906785.80455,2.570197976332115
指数型,8192,7.6384,3.1622776601683794e+20,1.0,B,1372706329.9981253,22416772458.123318,2.5270730834888684
指数型,8192,7.6384,4.216965034285823e+20,1.0,B,1518530663.5963924,27705619176.294437,2.4864488392579864
指数型,8192,7.6384,5.6234132519034906e+20,1.0,B,1682721033.1733558,34133496877.498726,2.448146124622029
指数型,8192,7.6384,7.498942093324558e+20,1.0,B,1867837064.4638717,41919866130.08574,2.412000172855309
指数型,8192,7.6384,1e+21,1.0,B,2076804347.080525,51321712279.405174,2.3778594842275993
指数型,8192,7.6384,1.333521432163324e+21,1.0,B,2312965166.4772205,62639514391.79311,2.345584813115333
指数型,8192,7.6384,1.7782794100389228e+21,1.0,B,2580135992.2742543,76224239199.47235,2.3150482209723524
指数型,8192,7.6384,2.3713737056616553e+21,1.0,B,2882672664.5051374,92485560229.38019,2.2861321895933475
指数型,8192,7.6384,3.1622776601683794e+21,1.0,B,3225544367.1067076,111901534987.34122,2.2587287900656214
指数型,8192,7.6384,4.2169650342858226e+21,1.0,B,3614417645.0491214,135030009046.26462,2.2327389037090506
指数型,8192,7.6384,5.623413251903491e+21,1.0,B,4055751908.8550677,162522056182.25323,2.2080714921101245
指数型,8192,7.6384,7.498942093324559e+21,1.0,B,4556908079.351671,195137809787.0518,2.184642914028858
指数型,8192,7.6384,1e+22,1.0,B,5126272258.590173,233765094510.4098,2.1623762874731276
指数型,8192,7.6384,1.3335214321633241e+22,1.0,B,5773396573.208707,279441330590.428,2.1412008955833177
指数型,8192,7.6384,1.7782794100389228e+22,1.0,B,6509159628.4579315,333379258950.44165,2.1210516351560385
指数型,8192,7.6384,2.371373705661655e+22,1.0,B,7345949340.108336,396997125357.0999,2.1018685066775986
指数型,8192,7.6384,3.1622776601683792e+22,1.0,B,8297871284.005851,471954069365.54456,2.0835961446648037
指数型,8192,7.6384,4.2169650342858225e+22,1.0,B,9380986126.556126,560191591239.5864,2.066183386957168
指数型,8192,7.6384,5.623413251903491e+22,1.0,B,10613580182.197699,663982120641.8628,2.049582881406595
指数型,8192,7.6384,7.498942093324558e+22,1.0,B,12016473695.120062,785985888192.7416,2.033750728200883
指数型,8192,7.6384,1.0000000000000001e+23,1.0,B,13613372072.164284,929317509141.6355,2.018646155863062
指数型,8192,7.6384,1.3335214321633241e+23,1.0,B,15431266013.143744,1097623932280.4907,2.004231228809235
指数型,8192,7.6384,1.7782794100389228e+23,1.0,B,17500887306.13915,1295175692677.837,1.9904705842352974
指数型,8192,7.6384,2.371373705661655e+23,1.0,B,19857227992.567776,1526973740736.3926,1.9773311960426336
指数型,8192,7.6384,3.162277660168379e+23,1.0,B,22540131675.7511,1798874510662.655,1.9647821635040756
指数型,8192,7.6384,4.2169650342858225e+23,1.0,B,25594966965.164566,2117736348344.3237,1.9527945224092842
指数型,8192,7.6384,5.623413251903491e+23,1.0,B,29073394436.95475,2491590953223.1133,1.941341076506057
指数型,8192,7.6384,7.498942093324558e+23,1.0,B,33034240072.8532,2929844114370.973,1.9303962471623561
指数型,8192,7.6384,1e+24,1.0,B,37544489940.90212,3443510753260.3525,1.9199359393044877
指数型,8192,7.6384,1.333521432163324e+24,1.0,B,42680422932.64464,4045490142985.553,1.909937421831731
指数型,8192,7.6384,1.7782794100389228e+24,1.0,B,48528900707.26336,4750888177377.489,1.900379220859807
指数型,8192,7.6384,2.3713737056616553e+24,1.0,B,55188836652.896965,5577394738664.364,1.8912410242990214
指数型,8192,7.6384,3.1622776601683796e+24,1.0,B,62772868704.00778,6545725588439.563,1.8825035964232122
指数型,8192,7.6384,4.2169650342858227e+24,1.0,B,71409264302.32768,7680139818103.826,1.8741487012293794
指数型,8192,7.6384,5.62341325190349e+24,1.0,B,81244089715.94975,9009045781907.842,1.8661590335228357
指数型,8192,7.6384,7.498942093324559e+24,1.0,B,92443680402.89444,10565710645380.828,1.858518156787424
指数型,8192,7.6384,1e+25,1.0,B,105197454197.61105,12389091269483.4,1.8512104470141637
指数型,8192,7.6384,1.3335214321633241e+25,1.0,B,119721114897.58232,14524807180889.1,1.8442210417644007
指数型,8192,7.6384,1.7782794100389228e+25,1.0,B,136260300430.3948,17026279927072.727,1.8375357938354429
指数型,8192,7.6384,2.3713737056616553e+25,1.0,B,155094737301.19733,19956067269960.84,1.8311412289782183
指数型,8192,7.6384,3.1622776601683795e+25,1.0,B,176542971583.4539,23387425537561.504,1.8250245071884534
指数型,8192,7.6384,4.216965034285822e+25,1.0,B,200967756467.18015,27406139150745.285,1.8191733871559606
指数型,8192,7.6384,5.6234132519034905e+25,1.0,B,228782187483.40372,32112663014483.125,1.8135761935117234
指数型,8192,7.6384,7.498942093324558e+25,1.0,B,260456689169.1015,37624631276000.28,1.8082217865603807
指数型,8192,7.6384,1e+26,1.0,B,296526971337.4839,44079795101561.4,1.8030995342272431
指数型,8192,7.6384,1.333521432163324e+26,1.0,B,337603089517.3893,51639462837497.9,1.7981992859848783
指数型,8192,7.6384,1.7782794100389227e+26,1.0,B,384379762800.42474,60492528467138.1,1.7935113485552798
指数型,8192,7.6384,2.3713737056616553e+26,1.0,B,437648123601.1499,70860188966817.73,1.7890264632103001
指数型,8192,7.6384,3.1622776601683796e+26,1.0,B,498309098053.4001,83001468368078.23,1.784735784515976
指数型,8192,7.6384,4.216965034285822e+26,1.0,B,567388643344.882,97219686479060.73,1.7806308603860777
指数型,8192,7.6384,5.623413251903491e+26,1.0,B,646055099698.5056,113870033809139.02,1.776703613327146
指数型,8192,7.6384,7.498942093324558e+26,1.0,B,735638950473.928,133368441866111.56,1.7729463227718147
指数型,8192,7.6384,1e+27,1.0,B,837655324591.1907,156201970344710.4,1.769351608409693
指数型,32768,12.5536,1000000000000000.0,0.6200709735609296,A,2553266.5290393475,31198632.719696783,8.69996340214666
指数型,32768,12.5536,1333521432163324.0,0.6200709735609296,A,2907611.433373565,36533841.9491708,8.396976891315784
指数型,32768,12.5536,1778279410038922.8,0.6200709735609296,A,3311132.6809526407,42781413.51766137,8.107085767038466
指数型,32768,12.5536,2371373705661655.5,0.6200709735609296,A,3770655.014295391,50097368.49235691,7.829724033328552
指数型,32768,12.5536,3162277660168379.5,0.6200709735609296,A,4293950.3205713695,58664408.758324645,7.5643501571246885
指数型,32768,12.5536,4216965034285822.5,0.6200709735609296,A,4889869.077290908,68696479.64620848,7.310446010977702
指数型,32768,12.5536,5623413251903491.0,0.6200709735609296,A,5568490.04016055,80444112.80480623,7.067515861436132
指数型,32768,12.5536,7498942093324558.0,0.6200709735609296,A,6341290.704770013,94200682.74647856,6.835085401154772
指数型,32768,12.5536,1e+16,0.6200709735609296,A,7221341.42512418,110309733.31055844,6.612700822836469
指数型,32768,12.5536,1.333521432163324e+16,0.6200709735609296,A,8223526.4721404575,129173557.00908045,6.399927933199097
指数型,32768,12.5536,1.7782794100389228e+16,0.6200709735609296,A,9364795.770867746,151263241.50745666,6.196351305237786
指数型,32768,12.5536,2.371373705661655e+16,0.6200709735609296,A,10664451.574050283,177130434.13161343,6.001573467127258
指数型,32768,12.5536,3.162277660168379e+16,0.6200709735609296,A,12144474.92053788,207421118.19749323,5.815214126180609
指数型,32768,12.5536,4.216965034285822e+16,0.6200709735609296,A,13829897.399924114,242891745.2002083,5.6369094263494
指数型,32768,12.5536,5.623413251903491e+16,0.6200709735609296,A,15749224.511055002,284428125.7332257,5.466311237815352
指数型,32768,12.5536,7.498942093324558e+16,0.6200709735609296,A,17934917.774659403,333067550.9018761,5.303086477286607
指数型,32768,12.5536,1e+17,0.6200709735609296,A,20423943.754056472,390024696.6708983,5.146916457671487
指数型,32768,12.5536,1.333521432163324e+17,0.6200709735609296,A,23258399.269510012,456721958.05721784,4.997496265860016
指数型,32768,12.5536,1.778279410038923e+17,0.6200709735609296,A,26486223.380462706,534824970.70597076,4.854534167398349
指数型,32768,12.5536,2.3713737056616554e+17,0.6200709735609296,A,30162008.17738179,626284206.932759,4.7177510368938
指数型,32768,12.5536,3.1622776601683795e+17,0.6200709735609296,A,34347922.09611542,733383685.0131521,4.586879813038331
指数型,32768,12.5536,4.216965034285823e+17,0.6200709735609296,A,39114761.37074703,858798008.1401265,4.461664977186486
指数型,32768,12.5536,5.6234132519034906e+17,0.6200709735609296,A,44543147.4081372,1005659157.4875616,4.341862054469729
指数型,32768,12.5536,7.498942093324558e+17,0.6200709735609296,A,50724890.33531206,1177634707.407906,4.227237136473115
指数型,32768,12.5536,1e+18,0.6200709735609296,A,57764541.78133388,1379019416.0379298,4.117566424542371
指数型,32768,12.5536,1.333521432163324e+18,0.6200709735609296,A,65781163.15580409,1614842478.6115851,4.012635792829713
指数型,32768,12.5536,1.7782794100389228e+18,0.6200709735609296,A,74910339.33084598,1890993121.924734,3.9122403702252697
指数型,32768,12.5536,2.371373705661655e+18,0.6755537785643587,I,98509151.9001901,1694189710.528468,3.813963551442532
指数型,32768,12.5536,3.1622776601683794e+18,0.7263295097931294,I,124260540.49884504,1640111269.190957,3.715288545232771
指数型,32768,12.5536,4.2169650342858225e+18,0.7681815857791671,I,151499994.02867138,1691537444.3047569,3.6185326758495293
指数型,32768,12.5536,5.623413251903491e+18,0.8055577003932195,I,181606595.63801926,1800469797.124833,3.5246184334790067
指数型,32768,12.5536,7.498942093324558e+18,0.8401898392595152,I,215455009.62520528,1953675271.8682249,3.433978534235608
指数型,32768,12.5536,1e+19,0.8729666607766895,I,253833052.33751327,2147649307.409005,3.3468211386639357
指数型,32768,12.5536,1.3335214321633241e+19,0.9044153785399394,I,297555011.97422284,2382960379.689305,3.263230600977275
指数型,32768,12.5536,1.7782794100389229e+19,0.9348788675496239,I,347512317.24176717,2662426202.0529113,3.183216331890907
指数型,32768,12.5536,2.3713737056616554e+19,0.9645946675768259,I,404706332.2556117,2990424961.8753266,3.10673998494157
指数型,32768,12.5536,3.162277660168379e+19,0.9937352434264293,I,470276261.01017016,3372628514.9451437,3.033731973229201
指数型,32768,12.5536,4.216965034285823e+19,1.0,B,521739250.39413923,4145996319.852559,2.964451424556372
指数型,32768,12.5536,5.6234132519034905e+19,1.0,B,572436623.0671202,5203198455.862162,2.8994382285026
指数型,32768,12.5536,7.498942093324558e+19,1.0,B,629084699.6184287,6510207052.882144,2.838403692274703
指数型,32768,12.5536,1e+20,1.0,B,692488209.3772126,8120384227.925331,2.781055188596226
指数型,32768,12.5536,1.333521432163324e+20,1.0,B,763568257.9457395,10097081559.4492,2.727123101697318
指数型,32768,12.5536,1.778279410038923e+20,1.0,B,843379047.1889951,12515240293.061806,2.676359112636548
指数型,32768,12.5536,2.3713737056616553e+20,1.0,B,933126842.784945,15463225711.283455,2.628534611093096
指数型,32768,12.5536,3.1622776601683794e+20,1.0,B,1034191472.4719788,19044938629.719616,2.5834392217054845
指数型,32768,12.5536,4.216965034285823e+20,1.0,B,1148150679.3646653,23382257531.949657,2.540879434019857
指数型,32768,12.5536,5.6234132519034906e+20,1.0,B,1276807704.1522093,28617877061.329956,2.50067732615632
指数型,32768,12.5536,7.498942093324558e+20,1.0,B,1422222528.7157402,34918622326.01475,2.4626693734056175
指数型,32768,12.5536,1e+21,1.0,B,1586747282.5751297,42479333626.23951,2.4267053341154936
指数型,32768,12.5536,1.333521432163324e+21,1.0,B,1773066393.2711465,51527432744.64599,2.392647206387532
指数型,32768,12.5536,1.7782794100389228e+21,1.0,B,1984242152.811843,62328299973.89802,2.3603682502402275
指数型,32768,12.5536,2.3713737056616553e+21,1.0,B,2223766475.136391,75191610931.48016,2.329752070955508
指数型,32768,12.5536,3.1622776601683794e+21,1.0,B,2495619734.7816606,90478804516.32474,2.3006917602665817
指数型,32768,12.5536,4.2169650342858226e+21,1.0,B,2804337705.5070987,108611878922.45514,2.2730890928247582
指数型,32768,12.5536,5.623413251903491e+21,1.0,B,3155087760.968949,130083742471.15019,2.2468537759745946
指数型,32768,12.5536,7.498942093324559e+21,1.0,B,3553755659.6764565,155470381337.32986,2.2219027512599907
指数型,32768,12.5536,1e+22,1.0,B,4007044416.126602,185445148314.3011,2.198159546286275
指数型,32768,12.5536,1.3335214321633241e+22,1.0,B,4522586962.580689,220795526946.69537,2.1755536755980938
指数型,32768,12.5536,1.7782794100389228e+22,1.0,B,5109074535.42227,262442785105.63055,2.1540200891353183
指数型,32768,12.5536,2.371373705661655e+22,1.0,B,5776402980.989484,311465002935.58203,2.133498666640495
指数型,32768,12.5536,3.1622776601683792e+22,1.0,B,6535839473.30572,369124043792.0063,2.113933756153962
指数型,32768,12.5536,4.2169650342858225e+22,1.0,B,7400212475.860368,436897135282.2718,2.0952737544849436
指数型,32768,12.5536,5.623413251903491e+22,1.0,B,8384128167.697301,516513843122.78033,2.077470727319985
指数型,32768,12.5536,7.498942093324558e+22,1.0,B,9504216997.402636,609999355956.5079,2.060480066446322
指数型,32768,12.5536,1.0000000000000001e+23,1.0,B,10779414534.76393,719725157775.2177,2.044260181440662
指数型,32768,12.5536,1.3335214321633241e+23,1.0,B,12231281367.468376,848468350002.9418,2.02877222310849
指数型,32768,12.5536,1.7782794100389228e+23,1.0,B,13884367448.916,999481102171.3021,2.0139798359542422
指数型,32768,12.5536,2.371373705661655e+23,1.0,B,15766627054.053694,1176571963820.4902,1.9998489370124695
指数型,32768,12.5536,3.162277660168379e+23,1.0,B,17909891355.64766,1384201067104.932,1.9863475184656734
指数型,32768,12.5536,4.2169650342858225e+23,1.0,B,20350406607.928997,1627591596979.6282,1.973445471605733
指数型,32768,12.5536,5.623413251903491e+23,1.0,B,23129447034.43192,1912860312475.8145,1.9611144298525318
指数型,32768,12.5536,7.498942093324558e+23,1.0,B,26294012780.74733,2247170378614.7266,1.949327628716105
指数型,32768,12.5536,1e+24,1.0,B,29897624732.15365,2638910325860.8994,1.9380597807691218
指数型,32768,12.5536,1.333521432163324e+24,1.0,B,34001229634.91958,3097903606620.678,1.927286963878065
指数型,32768,12.5536,1.7782794100389228e+24,1.0,B,38674230826.19266,3635653982460.5967,1.916986521118805
指数型,32768,12.5536,2.3713737056616553e+24,1.0,B,43995662002.32525,4265632870552.122,1.9071369709715773
指数型,32768,12.5536,3.1622776601683796e+24,1.0,B,50055523875.15557,5003615825703.704,1.8977179265490292
指数型,32768,12.5536,4.2169650342858227e+24,1.0,B,56956306321.10971,5868076561391.811,1.888710022757454
指数型,32768,12.5536,5.62341325190349e+24,1.0,B,64814721765.56071,6880648350105.508,1.8800948504247983
指数型,32768,12.5536,7.498942093324559e+24,1.0,B,73763679117.82431,8066664325954.787,1.8718548965493964
指数型,32768,12.5536,1e+25,1.0,B,83954531640.8219,9455790182895.207,1.863973489930983
指数型,32768,12.5536,1.3335214321633241e+25,1.0,B,95559636772.72112,11082765069289.336,1.8564347515409623
指数型,32768,12.5536,1.7782794100389228e+25,1.0,B,108775271194.06718,12988269181489.941,1.8492235490730484
指数型,32768,12.5536,2.3713737056616553e+25,1.0,B,123824950442.28447,15219939723168.752,1.8423254551891455
指数型,32768,12.5536,3.1622776601683795e+25,1.0,B,140963209217.69586,17833560602230.832,1.8357267090396976
指数型,32768,12.5536,4.216965034285822e+25,1.0,B,160479906316.88492,20894455575902.07,1.8294141806937
指数型,32768,12.5536,5.6234132519034905e+25,1.0,B,182705127002.3766,24479119635274.53,1.8233753381620568
指数型,32768,12.5536,7.498942093324558e+25,1.0,B,208014765722.02374,28677129370157.215,1.8175982167398743
指数型,32768,12.5536,1e+26,1.0,B,236836883598.34555,33593380022049.78,1.8120713904294432
指数型,32768,12.5536,1.333521432163324e+26,1.0,B,269658948211.64792,39350705091465.7,1.8067839452367664
指数型,32768,12.5536,1.7782794100389227e+26,1.0,B,307036078123.1197,46092943919361.01,1.8017254541612773
指数型,32768,12.5536,2.3713737056616553e+26,1.0,B,349600431577.1604,53988533849718.74,1.7968859537213713
指数型,32768,12.5536,3.1622776601683796e+26,1.0,B,398071898173.71735,63234716680730.8,1.7922559218781349
指数型,32768,12.5536,4.216965034285822e+26,1.0,B,453270274338.52026,74062464452685.6,1.7878262572366106
指数型,32768,12.5536,5.623413251903491e+26,1.0,B,516129128514.53375,86742247584714.19,1.7835882594184906
指数型,32768,12.5536,7.498942093324558e+26,1.0,B,587711590576.1693,101590789408581.27,1.7795336105126573
指数型,32768,12.5536,1e+27,1.0,B,669228332512.0356,118978975781085.72,1.775654357520731
指数型,131072,32.2144,1000000000000000.0,0.6200709735609296,A,1668386.0304859253,18606016.778483972,9.791119756247083
指数型,131072,32.2144,1333521432163324.0,0.6200709735609296,A,1899926.326667821,21787790.586720243,9.440972352978694
指数型,131072,32.2144,1778279410038922.8,0.6200709735609296,A,2163600.018704385,25513672.50188271,9.105958678218379
指数型,131072,32.2144,2371373705661655.5,0.6200709735609296,A,2463866.611684707,29876709.2488066,8.785424636758181
指数型,131072,32.2144,3162277660168379.5,0.6200709735609296,A,2805804.505312357,34985859.26709922,8.47874440405331
指数型,131072,32.2144,4216965034285822.5,0.6200709735609296,A,3195196.884724261,40968713.738316685,8.18531920433519
指数型,131072,32.2144,5623413251903491.0,0.6200709735609296,A,3638629.531324072,47974682.92998409,7.904576141535728
指数型,131072,32.2144,7498942093324558.0,0.6200709735609296,A,4143602.2079015747,56178727.42926551,7.635967080740203
指数型,131072,32.2144,1e+16,0.6200709735609296,A,4718655.50189137,65785727.44665697,7.378967577984931
指数型,131072,32.2144,1.333521432163324e+16,0.6200709735609296,A,5373515.27206699,77035599.3046465,7.1330758563101515
指数型,131072,32.2144,1.7782794100389228e+16,0.6200709735609296,A,6119257.141692875,90209286.88579296,6.897811826068962
指数型,131072,32.2144,2.371373705661655e+16,0.6200709735609296,A,6968493.82020192,105635777.66509844,6.672716147579495
指数型,131072,32.2144,3.162277660168379e+16,0.6200709735609296,A,7935588.421564243,123700318.53857325,6.4573493342902335
指数型,131072,32.2144,4.216965034285822e+16,0.6200709735609296,A,9036897.387194585,144854036.62248185,6.251290894707433
指数型,131072,32.2144,5.623413251903491e+16,0.6200709735609296,A,10291047.121945722,169625205.2842069,6.054138511409313
指数型,131072,32.2144,7.498942093324558e+16,0.6200709735609296,A,11719249.021923998,198632436.75215334,5.865507255544107
指数型,131072,32.2144,1e+17,0.6200709735609296,A,13345658.222182805,232600130.76471692,5.685028835278293
指数型,131072,32.2144,1.333521432163324e+17,0.6200709735609296,A,15197782.13178337,272376565.0585599,5.51235087672767
指数型,131072,32.2144,1.778279410038923e+17,0.6200709735609296,A,17306945.665762417,318955079.47132176,5.347136235967327
指数型,131072,32.2144,2.3713737056616554e+17,0.6200709735609296,A,19708821.042462554,373498882.69089806,5.189062340777244
指数型,131072,32.2144,3.1622776601683795e+17,0.6200709735609296,A,22444031.10666976,437370101.1521033,5.037820560838309
指数型,131072,32.2144,4.216965034285823e+17,0.6200709735609296,A,25558836.382544894,512163795.52094257,4.89311560514913
指数型,131072,32.2144,5.6234132519034906e+17,0.6200709735609296,A,29105917.476454005,599747794.2626805,4.754664945487084
指数型,131072,32.2144,7.498942093324558e+17,0.6742153875711436,I,38158983.169815496,540375543.6087445,4.619297066726296
指数型,131072,32.2144,1e+18,0.7253050819540007,I,48192056.112656035,521958088.31197107,4.483320707122804
指数型,131072,32.2144,1.333521432163324e+18,0.7672921868717122,I,58786480.319582626,537811000.9909029,4.349944907817323
指数型,131072,32.2144,1.7782794100389228e+18,0.8047456918878712,I,70489333.70593922,572133913.1155115,4.220464845218663
指数型,131072,32.2144,2.371373705661655e+18,0.8394282268917517,I,83643237.9105795,620598622.1490967,4.095486431202726
指数型,131072,32.2144,3.1622776601683794e+18,0.872240344457832,I,98555325.88925181,682047236.0439823,3.9753015035445394
指数型,131072,32.2144,4.2169650342858225e+18,0.9037148373301636,I,115542407.18430392,756640103.3315961,3.860029234181395
指数型,131072,32.2144,5.623413251903491e+18,0.9341977165325487,I,134951035.8535369,845260928.2766191,3.749684437885283
指数型,131072,32.2144,7.498942093324558e+18,0.9639283544213559,I,157170335.8944188,949293313.0658344,3.64421548496768
指数型,131072,32.2144,1e+19,0.9930804079783303,I,182642912.24072668,1070533645.3991861,3.5435272971512686
指数型,131072,32.2144,1.3335214321633241e+19,1.0,B,202893147.58580273,1312837771.6454687,3.447950646986115
指数型,131072,32.2144,1.7782794100389229e+19,1.0,B,222600136.0379516,1647714808.600997,3.358254556014457
指数型,131072,32.2144,2.3713737056616554e+19,1.0,B,244619423.21348235,2061752824.08427,3.274049280744161
指数型,131072,32.2144,3.162277660168379e+19,1.0,B,269263645.11002165,2571870146.590071,3.1949309291775894
指数型,131072,32.2144,4.216965034285823e+19,1.0,B,296890650.0370478,3198153950.4782343,3.1205273673398297
指数型,131072,32.2144,5.6234132519034905e+19,1.0,B,327909995.5393993,3964368042.803716,3.0504958528635746
指数型,131072,32.2144,7.498942093324558e+19,1.0,B,362790318.8348011,4898534908.576534,2.9845208431963
指数型,131072,32.2144,1e+20,1.0,B,402067690.7699842,6033605619.473444,2.9223119619726106
指数型,131072,32.2144,1.333521432163324e+20,1.0,B,446355079.30153525,7408234556.74359,2.8636021084524845
指数型,131072,32.2144,1.778279410038923e+20,1.0,B,496353067.6977685,9067679772.604988,2.808145696364617
指数型,131072,32.2144,2.3713737056616553e+20,1.0,B,552861995.4550552,11064854176.636913,2.7557170100130044
指数型,131072,32.2144,3.1622776601683794e+20,1.0,B,616795716.6690326,13461557546.807875,2.706108667084267
指数型,131072,32.2144,4.216965034285823e+20,1.0,B,689197201.5594432,16329924616.629324,2.659130179193356
指数型,131072,32.2144,5.6234132519034906e+20,1.0,B,771256242.2160629,19754130218.17585,2.614606602770495
指数型,131072,32.2144,7.498942093324558e+20,1.0,B,864329563.5963169,23832398772.007973,2.5723772743575335
指数型,131072,32.2144,1e+21,1.0,B,969963685.5967898,28679372494.404858,2.5322946256822796
指数型,131072,32.2144,1.333521432163324e+21,1.0,B,1089920932.0002801,34428900801.253456,2.4942230749591574
指数型,131072,32.2144,1.7782794100389228e+21,1.0,B,1226209037.818092,41237322853.00137,2.458037991685816
指数型,131072,32.2144,2.3713737056616553e+21,1.0,B,1381114868.7935295,49287326381.61027,2.423624732753319
指数型,131072,32.2144,3.1622776601683794e+21,1.0,B,1557242836.6598547,58792479277.25551,2.390877747972045
指数型,131072,32.2144,4.2169650342858226e+21,1.0,B,1757558672.464993,70002546322.9583,2.359699753168119
指数型,131072,32.2144,5.623413251903491e+21,1.0,B,1985439309.4437003,83209722407.45609,2.330000968874211
指数型,131072,32.2144,7.498942093324559e+21,1.0,B,2244729728.308918,98755936013.73616,2.3016984223808183
指数型,131072,32.2144,1e+22,1.0,B,2539807733.4328623,117041403319.58661,2.274715310587952
指数型,131072,32.2144,1.3335214321633241e+22,1.0,B,2875657760.3773446,138534644482.28784,2.248980420755582
指数型,131072,32.2144,1.7782794100389228e+22,1.0,B,3257954966.0188737,163784210342.3146,2.2244276059374637
指数型,131072,32.2144,2.371373705661655e+22,1.0,B,3693161024.756739,193432410734.5274,2.2009953116282297
指数型,131072,32.2144,3.1622776601683792e+22,1.0,B,4188633250.954362,228231385866.27075,2.1786261499765858
指数型,131072,32.2144,4.2169650342858225e+22,1.0,B,4752748892.178229,269061921028.62357,2.1572665178254944
指数型,131072,32.2144,5.623413251903491e+22,1.0,B,5395046693.725983,316955473692.68726,2.1368662548318076
指数型,131072,32.2144,7.498942093324558e+22,1.0,B,6126388126.663017,373119962508.9303,2.1173783379848348
指数型,131072,32.2144,1.0000000000000001e+23,1.0,B,6959141003.984954,438969961876.7443,2.0987586089736965
指数型,131072,32.2144,1.3335214321633241e+23,1.0,B,7907388588.165952,516162055933.03204,2.08096553103315
指数型,131072,32.2144,1.7782794100389228e+23,1.0,B,8987167724.589828,606636234777.4006,2.063959972112813
指数型,131072,32.2144,2.371373705661655e+23,1.0,B,10216740026.441757,712664366733.3264,2.047705011452271
指数型,131072,32.2144,3.162277660168379e+23,1.0,B,11616900695.847977,836906957215.133,2.032165766893092
指数型,131072,32.2144,4.2169650342858225e+23,1.0,B,13211330202.80883,982479611751.1029,2.0173092405089355
指数型,131072,32.2144,5.623413251903491e+23,1.0,B,15026994768.540573,1153030863077.1653,2.003104180379448
指数型,131072,32.2144,7.498942093324558e+23,1.0,B,17094602425.47023,1352833306020.9624,1.9895209565671994
指数型,131072,32.2144,1e+24,1.0,B,19449122366.282467,1586890316233.1873,1.9765314495758428
指数型,131072,32.2144,1.333521432163324e+24,1.0,B,22130376364.977448,1861061017995.7468,1.9641089497698436
指数型,131072,32.2144,1.7782794100389228e+24,1.0,B,25183712271.999317,2182206622063.2532,1.9522280664204077
指数型,131072,32.2144,2.3713737056616553e+24,1.0,B,28660770973.720287,2558361788160.858,1.940864645208481
指数型,131072,32.2144,3.1622776601683796e+24,1.0,B,32620359787.430595,2998935291693.1895,1.9299956931643005
指数型,131072,32.2144,4.2169650342858227e+24,1.0,B,37129447063.20619,3514945006025.0747,1.9195993101548254
指数型,131072,32.2144,5.62341325190349e+24,1.0,B,42264294814.05256,4119293068651.0454,1.9096546261466265
指数型,131072,32.2144,7.498942093324559e+24,1.0,B,48111748530.26575,4827088103074.882,1.9001417435737216
指数型,131072,32.2144,1e+25,1.0,B,54770705992.41829,5656022543340.682,1.891041684228803
指数型,131072,32.2144,1.3335214321633241e+25,1.0,B,62353789924.83952,6626814484229.6,1.8823363401736382
指数型,131072,32.2144,1.7782794100389228e+25,1.0,B,70989252779.02156,7763725091535.469,1.8740084282314564
指数型,131072,32.2144,2.3713737056616553e+25,1.0,B,80823145862.40755,9095164493794.818,1.8660414476820628
指数型,131072,32.2144,3.1622776601683795e+25,1.0,B,92021789498.90694,10654401286495.389,1.8584196408303915
指数型,131072,32.2144,4.216965034285822e+25,1.0,B,104774585998.85356,12480393367303.29,1.8511279561622391
指数型,131072,32.2144,5.6234132519034905e+25,1.0,B,119297223014.01659,14618760850858.572,1.8441520138379153
指数型,131072,32.2144,7.498942093324558e+25,1.0,B,135835321455.89671,17122925359844.922,1.8374780733063427
指数型,131072,32.2144,1e+26,1.0,B,154668589674.41327,20055444143965.438,1.8310930028494385
指数型,131072,32.2144,1.333521432163324e+26,1.0,B,176115554156.45734,23489572343906.54,1.8249842508900538
指数型,131072,32.2144,1.7782794100389227e+26,1.0,B,200538946754.44757,27511092414852.695,1.8191398189168773
指数型,131072,32.2144,2.3713737056616553e+26,1.0,B,228351839558.9385,32220456395903.21,1.813548235897001
指数型,131072,32.2144,3.1622776601683796e+26,1.0,B,260024631174.14743,37735294524473.945,1.8081985340617241
指数型,131072,32.2144,4.216965034285822e+26,1.0,B,296093002555.0859,44193352843517.43,1.8030802259639649
指数型,131072,32.2144,5.623413251903491e+26,1.0,B,337166976963.0977,51755933162670.45,1.7981832827166833
指数型,131072,32.2144,7.498942093324558e+26,1.0,B,383941237270.6061,60611921279747.38,1.793498113331244
指数型,131072,32.2144,1e+27,1.0,B,437206875111.21674,70982504059691.67,1.7890155450828895
幂函数型,2048,6.4096,1000000000000000.0,0.6200709735609296,A,3458694.5730926604,45108341.52564136,8.012661938325838
幂函数型,2048,6.4096,1333521432163324.0,0.6200709735609296,A,3938695.694669621,52822219.31625134,7.73938129896388
幂函数型,2048,6.4096,1778279410038922.8,0.6200709735609296,A,4485311.856067559,61855230.299435854,7.477912128040679
幂函数型,2048,6.4096,2371373705661655.5,0.6200709735609296,A,5107787.95970622,72432956.52704833,7.227743921822761
幂函数型,2048,6.4096,3162277660168379.5,0.6200709735609296,A,5816651.924888336,84819556.33907194,6.988388241069589
幂函数型,2048,6.4096,4216965034285822.5,0.6200709735609296,A,6623892.746176769,99324361.20939599,6.759377757383627
幂函数型,2048,6.4096,5623413251903491.0,0.6200709735609296,A,7543163.2628929475,116309600.70360708,6.540265340778144
幂函数型,2048,6.4096,7498942093324558.0,0.6200709735609296,A,8590011.069170648,136199448.46474206,6.33062318668126
幂函数型,2048,6.4096,1e+16,0.6200709735609296,A,9782141.469940271,159490615.13306728,6.130041980671767
幂函数型,2048,6.4096,1.333521432163324e+16,0.6200709735609296,A,11139716.93020916,186764752.73766878,5.938130099315934
幂函数型,2048,6.4096,1.7782794100389228e+16,0.6200709735609296,A,12685698.082216237,218702980.3356152,5.75451284554495
幂函数型,2048,6.4096,2.371373705661655e+16,0.6200709735609296,A,14446232.057902245,256102893.64859167,5.578831717080136
幂函数型,2048,6.4096,3.162277660168379e+16,0.6200709735609296,A,16451094.714552946,299898483.4798847,5.410743706477574
幂函数型,2048,6.4096,4.216965034285822e+16,0.6200709735609296,A,18734194.232962728,351183460.3358403,5.249920631425518
幂函数型,2048,6.4096,5.623413251903491e+16,0.6200709735609296,A,21334144.605458945,411238567.73929614,5.096048493987028
幂函数型,2048,6.4096,7.498942093324558e+16,0.6200709735609296,A,24294918.71317349,481563566.3323641,4.948826867536811
幂函数型,2048,6.4096,1e+17,0.6200709735609296,A,27666592.038036376,563914687.509952,4.807968310195254
幂函数型,2048,6.4096,1.333521432163324e+17,0.6200709735609296,A,31506189.587870006,660348491.9163753,4.673197803614457
幂函数型,2048,6.4096,1.778279410038923e+17,0.6200709735609296,A,35878650.35860279,773273228.0865349,4.544252216020494
幂函数型,2048,6.4096,2.3713737056616554e+17,0.6200709735609296,A,40857925.64552068,905508973.8148322,4.420879788463552
幂函数型,2048,6.4096,3.1622776601683795e+17,0.6200709735609296,A,46528229.77926267,1060358062.1666538,4.302839643272837
幂函数型,2048,6.4096,4.216965034285823e+17,0.6200709735609296,A,52985464.44021954,1241687550.8864248,4.189901313756593
幂函数型,2048,6.4096,5.6234132519034906e+17,0.6200709735609296,A,60338840.640720405,1454025794.7168963,4.081844294228943
幂函数型,2048,6.4096,7.498942093324558e+17,0.6200709735609296,A,68712725.80754548,1702675532.337267,3.97845760948504
幂函数型,2048,6.4096,1e+18,0.6200709735609296,A,78248747.20441055,1993846312.0487137,3.8795394028839407
幂函数型,2048,6.4096,1.333521432163324e+18,0.6200709735609296,A,89108187.26954602,2334809563.283731,3.7848965422349545
幂函数型,2048,6.4096,1.7782794100389228e+18,0.6200709735609296,A,101474711.38064387,2734080186.551485,3.6943442427179933
幂函数型,2048,6.4096,2.371373705661655e+18,0.6200709735609296,A,115557474.18176997,3201629196.678541,3.6077057061016844
幂函数型,2048,6.4096,3.1622776601683794e+18,0.6200709735609296,A,131594657.00946711,3749132729.699991,3.524811775554846
幂函数型,2048,6.4096,4.2169650342858225e+18,0.6200709735609296,A,149857496.24641082,4390263631.868979,3.4455006053773634
幂函数型,2048,6.4096,5.623413251903491e+18,0.6200709735609296,A,170654870.7340558,5141032912.6581135,3.3696173450056373
幂函数型,2048,6.4096,7.498942093324558e+18,0.6200709735609296,A,194338525.83103362,6020189588.884096,3.2970138366756325
幂函数型,2048,6.4096,1e+19,0.6200709735609296,A,221309022.4716495,7049688905.29225,3.227548326153248
幂函数型,2048,6.4096,1.3335214321633241e+19,0.6200709735609296,A,252022511.84070572,8255240624.508771,3.1610851859672064
幂函数型,2048,6.4096,1.7782794100389229e+19,0.6200709735609296,A,286998450.2445456,9666951078.845474,3.0974946506041077
幂函数型,2048,6.4096,2.3713737056616554e+19,1.0,B,706294985.2289103,2698449173.5710945,3.027639462890373
幂函数型,2048,6.4096,3.162277660168379e+19,1.0,B,768019769.7343836,3443417417.943295,2.9544906383795126
幂函数型,2048,6.4096,4.216965034285823e+19,1.0,B,836257487.8666935,4383119979.879002,2.88614295987927
幂函数型,2048,6.4096,5.6234132519034905e+19,1.0,B,911827773.1929098,5564817869.302704,2.8222358586104646
幂函数型,2048,6.4096,7.498942093324558e+19,1.0,B,995666526.6406213,7046110412.101239,2.7624366207887308
幂函数型,2048,6.4096,1e+20,1.0,B,1088843235.6774354,8896880703.309008,2.7064382821217254
幂函数型,2048,6.4096,1.333521432163324e+20,1.0,B,1192580808.3552718,11201534031.32013,2.653957687574762
幂函数型,2048,6.4096,1.778279410038923e+20,1.0,B,1308278249.1867104,14061563006.585794,2.604733702954503
幂函数型,2048,6.4096,2.3713737056616553e+20,1.0,B,1437536539.3469741,17598478604.39563,2.558525565696083
幂函数型,2048,6.4096,3.1622776601683794e+20,1.0,B,1582188123.7626088,21957154225.308308,2.515111363006394
幂函数型,2048,6.4096,4.216965034285823e+20,1.0,B,1744330453.7667325,27309640909.67943,2.4742866262353576
幂函数型,2048,6.4096,5.6234132519034906e+20,1.0,B,1926364088.1281028,33859526692.43625,2.4358630310396556
幂函数型,2048,6.4096,7.498942093324558e+20,1.0,B,2131035919.7689679,41846932295.707565,2.3996671935921263
幂函数型,2048,6.4096,1e+21,1.0,B,2361488173.063414,51554259261.433624,2.3655395537956956
幂函数型,2048,6.4096,1.333521432163324e+21,1.0,B,2621313910.0897703,63312835295.32942,2.3333333372001466
幂函数型,2048,6.4096,1.7782794100389228e+21,1.0,B,2914619896.375408,77510634852.72363,2.3029135881031815
幂函数型,2048,6.4096,2.3713737056616553e+21,1.0,B,3246097810.0148325,94601290512.10129,2.2741562671446536
幂函数型,2048,6.4096,3.1622776601683794e+21,1.0,B,3621104934.625312,115114652119.92995,2.2469474075644005
幂函数型,2048,6.4096,4.2169650342858226e+21,1.0,B,4045755658.0016756,139669195923.69336,2.2211823251686824
幂函数型,2048,6.4096,5.623413251903491e+21,1.0,B,4527025305.739221,168986635231.28708,2.1967648779079405
幂函数型,2048,6.4096,7.498942093324559e+21,1.0,B,5072868073.59342,203909138425.09186,2.1736067717740832
幂函数型,2048,6.4096,1e+22,1.0,B,5692351085.289052,245419620975.70697,2.1516269104431
幂函数型,2048,6.4096,1.3335214321633241e+22,1.0,B,6395806895.941403,294665647667.30444,2.130750786687535
幂函数型,2048,6.4096,1.7782794100389228e+22,1.0,B,7195007088.384492,352987562359.2609,2.1109099140418444
幂函数型,2048,6.4096,2.371373705661655e+22,1.0,B,8103359975.082762,421951558494.90625,2.092041297512889
幂函数型,2048,6.4096,3.1622776601683792e+22,1.0,B,9136135828.057726,503388517752.7782,2.0740869422923067
幂函数型,2048,6.4096,4.2169650342858225e+22,1.0,B,10310723521.0477,599439580458.6503,2.056993399463867
幂函数型,2048,6.4096,5.623413251903491e+22,1.0,B,11646922991.041958,712609573589.8278,2.040711347632976
幂函数型,2048,6.4096,7.498942093324558e+22,1.0,B,13167278520.81962,845829614654.04,2.025195209268184
幂函数型,2048,6.4096,1.0000000000000001e+23,1.0,B,14897458521.810394,1002530437114.5613,2.0104028003678276
幂函数型,2048,6.4096,1.3335214321633241e+23,1.0,B,16866688270.325193,1186728250722.0352,1.996295011877987
幂函数型,2048,6.4096,1.7782794100389228e+23,1.0,B,19108242934.115314,1403125264358.7502,1.98283552111493
幂函数型,2048,6.4096,2.371373705661655e+23,1.0,B,21660009235.92085,1657227367202.0933,1.96999053130348
幂函数型,2048,6.4096,3.162277660168379e+23,1.0,B,24565125253.57331,1955481894959.7998,1.957728537243035
幂函数型,2048,6.4096,4.2169650342858225e+23,1.0,B,27872709171.852158,2305438912058.795,1.9460201150596492
幂函数型,2048,6.4096,5.623413251903491e+23,1.0,B,31638689301.74573,2715940030341.342,1.9348377339950984
幂函数型,2048,6.4096,7.498942093324558e+23,1.0,B,35926749393.142815,3197339474620.1245,1.9241555882179693
幂函数型,2048,6.4096,1e+24,1.0,B,40809405215.86721,3761762912526.7207,1.9139494467110203
幂函数型,2048,6.4096,1.333521432163324e+24,1.0,B,46369230604.00066,4423410510597.094,1.9041965193858121
幂函数型,2048,6.4096,1.7782794100389228e+24,1.0,B,52700253686.87324,5198911784082.37,1.894875337692195
幂函数型,2048,6.4096,2.3713737056616553e+24,1.0,B,59909546909.44787,6107741102204.769,1.8859656481194718
幂函数型,2048,6.4096,3.1622776601683796e+24,1.0,B,68119037723.600784,7172704225868.016,1.8774483171216623
幂函数型,2048,6.4096,4.2169650342858227e+24,1.0,B,77467570565.28583,8420508029074.156,1.869305246136078
幂函数型,2048,6.4096,5.62341325190349e+24,1.0,B,88113254983.8596,9882427632845.283,1.8615192954983557
幂函数型,2048,6.4096,7.498942093324559e+24,1.0,B,100236139630.72119,11595087613227.31,1.8540742161851878
幂函数型,2048,6.4096,1e+25,1.0,B,114041257326.7714,13601376793745.492,1.8469545884362093
幂函数型,2048,6.4096,1.3335214321633241e+25,1.0,B,129762092705.2185,15951519468657.812,1.8401457664176089
幂函数型,2048,6.4096,1.7782794100389228e+25,1.0,B,147664531074.0585,18704329809847.88,1.8336338281913858
幂函数型,2048,6.4096,2.3713737056616553e+25,1.0,B,168051355282.169,21928680784768.938,1.8274055303456729
幂函数型,2048,6.4096,3.1622776601683795e+25,1.0,B,191267366641.87033,25705224269767.0,1.821448266723374
幂函数型,2048,6.4096,4.216965034285822e+25,1.0,B,217705216515.97632,30128405316138.754,1.8157500307590078
幂函数型,2048,6.4096,5.6234132519034905e+25,1.0,B,247812047197.19534,35308820872093.555,1.810299380997714
幂函数型,2048,6.4096,7.498942093324558e+25,1.0,B,282097054395.59326,41375981865834.266,1.8050854094265614
幂函数型,2048,6.4096,1e+26,1.0,B,321140099237.262,48481547628061.336,1.8000977122973585
幂函数型,2048,6.4096,1.333521432163324e+26,1.0,B,365601515427.84503,56803113427915.92,1.7953263631628207
幂函数型,2048,6.4096,1.7782794100389227e+26,1.0,B,416233277448.5294,66548645709264.61,1.7907618878849298
幂函数型,2048,6.4096,2.3713737056616553e+26,1.0,B,473891718671.4688,77961675789229.62,1.7863952414062887
幂函数型,2048,6.4096,3.1622776601683796e+26,1.0,B,539552014495.2362,91327381721991.78,1.782217786102846
幂函数型,2048,6.4096,4.216965034285822e+26,1.0,B,614324675452.8851,106979710211049.9,1.7782212715601173
幂函数型,2048,6.4096,5.623413251903491e+26,1.0,B,699474329239.8583,125309716426296.75,1.7743978156354439
幂函数型,2048,6.4096,7.498942093324558e+26,1.0,B,796441109321.326,146775329997095.44,1.77073988668639
幂函数型,2048,6.4096,1e+27,1.0,B,906865011863.7554,171912791068488.47,1.7672402868604369
幂函数型,4096,6.8192,1000000000000000.0,0.6200709735609296,A,3363296.451055621,43601499.25786687,8.073073054445922
幂函数型,4096,6.8192,1333521432163324.0,0.6200709735609296,A,3830058.1250299253,51057695.28252804,7.797181384924389
幂函数型,4096,6.8192,1778279410038922.8,0.6200709735609296,A,4361597.454932491,59788958.910470195,7.533214035232747
幂函数型,4096,6.8192,2371373705661655.5,0.6200709735609296,A,4966904.349193136,70013336.63451028,7.280655624085101
幂函数型,4096,6.8192,3162277660168379.5,0.6200709735609296,A,5656216.34480147,81986162.59629928,7.03901304550129
幂函数型,4096,6.8192,4216965034285822.5,0.6200709735609296,A,6441191.754456948,96006435.06473936,6.80781450604541
幂函数型,4096,6.8192,5623413251903491.0,0.6200709735609296,A,7335106.843255047,112424283.3418823,6.586608603675877
幂函数型,4096,6.8192,7498942093324558.0,0.6200709735609296,A,8353080.369752669,131649711.56790589,6.374963446408539
幂函数型,4096,6.8192,1e+16,0.6200709735609296,A,9512329.289069269,154162837.7848517,6.17246580907205
幂函数型,4096,6.8192,1.333521432163324e+16,0.6200709735609296,A,10832459.94272224,180525883.96002427,5.978720326509153
幂函数型,4096,6.8192,1.7782794100389228e+16,0.6200709735609296,A,12335799.66008119,211397216.39679563,5.79334872164863
幂函数型,4096,6.8192,2.371373705661655e+16,0.6200709735609296,A,14047774.379807033,247547787.16502213,5.615989066940753
幂函数型,4096,6.8192,3.162277660168379e+16,0.6200709735609296,A,15997338.677974671,289880387.1441504,5.446295077714271
幂函数型,4096,6.8192,4.216965034285822e+16,0.6200709735609296,A,18217465.475932565,339452191.48666966,5.283935436075217
幂函数型,4096,6.8192,5.623413251903491e+16,0.6200709735609296,A,20745703.71031306,397501160.53144056,5.128593144027502
幂函数型,4096,6.8192,7.498942093324558e+16,0.6200709735609296,A,23624813.3970494,465476955.4788607,4.979964904552297
幂函数型,4096,6.8192,1e+17,0.6200709735609296,A,26903488.830217354,545077140.8873188,4.837760529437802
幂函数型,4096,6.8192,1.333521432163324e+17,0.6200709735609296,A,30637182.147141483,638289578.0785578,4.701702372703209
幂函数型,4096,6.8192,1.778279410038923e+17,0.6200709735609296,A,34889041.18869779,747442068.1455917,4.571524788510666
幂函数型,4096,6.8192,2.3713737056616554e+17,0.6200709735609296,A,39730977.51681501,875260484.301694,4.446973612506839
幂函数型,4096,6.8192,3.1622776601683795e+17,0.6200709735609296,A,45244882.65252301,1024936845.3138858,4.327805665581418
幂函数型,4096,6.8192,4.216965034285823e+17,0.6200709735609296,A,51524013.104741566,1200209030.0238993,4.213788279073697
幂函数型,4096,6.8192,5.6234132519034906e+17,0.6200709735609296,A,58674567.61476487,1405454123.673119,4.104698840500192
幂函数型,4096,6.8192,7.498942093324558e+17,0.6200709735609296,A,66817483.292325884,1645797727.1762583,4.0003243589164
幂函数型,4096,6.8192,1e+18,0.6200709735609296,A,76090481.02123144,1927241959.1324413,3.9004610490640417
幂函数型,4096,6.8192,1.333521432163324e+18,0.6200709735609296,A,86650394.72846094,2256815347.1771493,3.804913933491912
幂函数型,4096,6.8192,1.7782794100389228e+18,0.6200709735609296,A,98675823.91157591,2642748351.923088,3.7134964618734445
幂函数型,4096,6.8192,2.371373705661655e+18,0.6200709735609296,A,112370154.28655727,3094678906.86231,3.6260301467777865
幂函数型,4096,6.8192,3.1622776601683794e+18,0.6200709735609296,A,127964997.64420418,3623893107.192522,3.5423442151832005
幂函数型,4096,6.8192,4.2169650342858225e+18,0.6200709735609296,A,145724109.09326488,4243607058.3078737,3.462275275052427
幂函数型,4096,6.8192,5.623413251903491e+18,0.6200709735609296,A,165947847.9425222,4969296922.577204,3.3856669963189896
幂函数型,4096,6.8192,7.498942093324558e+18,0.6200709735609296,A,188978257.6686016,5819085406.692187,3.3123698056616044
幂函数型,4096,6.8192,1e+19,0.6200709735609296,A,215204850.88682887,6814194341.362915,3.24224059447075
幂函数型,4096,6.8192,1.3335214321633241e+19,0.6200709735609296,A,245071197.16617623,7979474655.667052,3.17514243943722
幂函数型,4096,6.8192,1.7782794100389229e+19,0.6875345957774884,I,333653560.4588104,6702041969.448394,3.1105949705138154
幂函数型,4096,6.8192,2.3713737056616554e+19,1.0,B,678486934.258896,2668187425.683757,3.036087341981692
幂函数型,4096,6.8192,3.162277660168379e+19,1.0,B,738035784.7248057,3402618755.5238867,2.9627008006726516
幂函数型,4096,6.8192,4.216965034285823e+19,1.0,B,803898052.4831446,4328294640.897657,2.8941184444748576
幂函数型,4096,6.8192,5.6234132519034905e+19,1.0,B,876871259.5396641,5491397134.9957285,2.8299796853651333
幂函数型,4096,6.8192,7.498942093324558e+19,1.0,B,957866255.2526037,6948144341.345244,2.769951803895437
幂函数型,4096,6.8192,1e+20,1.0,B,1047924085.2711122,8766663086.7986,2.7137278443816593
幂函数型,4096,6.8192,1.333521432163324e+20,1.0,B,1148235301.5997012,11029141119.277067,2.661024675200048
幂函数型,4096,6.8192,1.778279410038923e+20,1.0,B,1260162029.4982002,13834291266.65568,2.61158120068556
幂函数型,4096,6.8192,2.3713737056616553e+20,1.0,B,1385263141.3208985,17300165594.82947,2.5651567119598653
幂函数型,4096,6.8192,3.1622776601683794e+20,1.0,B,1525322926.3920758,21567365621.539993,2.521529364785465
幂函数型,4096,6.8192,4.216965034285823e+20,1.0,B,1682383691.1377778,26802705744.03632,2.4804947732674982
幂函数型,4096,6.8192,5.6234132519034906e+20,1.0,B,1858782776.8904912,33203401827.713234,2.441864708928981
幂函数型,4096,6.8192,7.498942093324558e+20,1.0,B,2057194546.3758,41001875839.48033,2.405465895391196
幂函数型,4096,6.8192,1e+21,1.0,B,2280677966.4558964,50471290740.38066,2.3711388896191954
幂函数型,4096,6.8192,1.333521432163324e+21,1.0,B,2532730506.9187536,61931957579.73151,2.3387370414586393
幂函数型,4096,6.8192,1.7782794100389228e+21,1.0,B,2817349185.5206833,75758788646.41399,2.3081255240021568
幂函数型,4096,6.8192,2.3713737056616553e+21,1.0,B,3139099720.36645,92390006305.73245,2.2791804281790755
幂函数型,4096,6.8192,3.1622776601683794e+21,1.0,B,3503194903.8615675,112337356503.63837,2.2517879158481913
幂函数型,4096,6.8192,4.2169650342858226e+21,1.0,B,3915583489.2648377,136198118819.89456,2.225843426565206
幂函数型,4096,6.8192,5.623413251903491e+21,1.0,B,4383051082.375863,164669251799.11606,2.2012509340620774
幂函数型,4096,6.8192,7.498942093324559e+21,1.0,B,4913334758.152854,198564064060.6809,2.1779222492780956
幂函数型,4096,6.8192,1e+22,1.0,B,5515253376.478362,238831859995.97424,2.155776367486373
幂函数型,4096,6.8192,1.3335214321633241e+22,1.0,B,6198855855.055138,286581075916.3952,2.134738857635093
幂函数型,4096,6.8192,1.7782794100389228e+22,1.0,B,6975589973.822477,343106501028.94244,2.1147412924515936
幂函数型,4096,6.8192,2.371373705661655e+22,1.0,B,7858494639.006059,409921270664.56067,2.0957207181335207
幂函数型,4096,6.8192,3.1622776601683792e+22,1.0,B,8862418932.093231,488794430093.81537,2.0776191625830123
幂函数型,4096,6.8192,4.2169650342858225e+22,1.0,B,10004271717.215782,581794999552.5161,2.0603831811468325
幂函数型,4096,6.8192,5.623413251903491e+22,1.0,B,11303306088.531351,691343628492.658,2.0439634387358274
幂函数型,4096,6.8192,7.498942093324558e+22,1.0,B,12781443517.31536,820273113605.0146,2.028314327043223
幂函数型,4096,6.8192,1.0000000000000001e+23,1.0,B,14463643217.847696,971899275328.6108,2.0133936153953482
幂函数型,4096,6.8192,1.3335214321633241e+23,1.0,B,16378323004.171873,1150103946537.6614,1.9991621335790715
幂函数型,4096,6.8192,1.7782794100389228e+23,1.0,B,18557838770.053474,1359432130936.2114,1.98558348482044
幂函数型,4096,6.8192,2.371373705661655e+23,1.0,B,21039030707.05627,1605205744572.0464,1.9726237869547196
幂函数型,4096,6.8192,3.162277660168379e+23,1.0,B,23863845497.430504,1893656770333.5972,1.960251439738378
幂函数型,4096,6.8192,4.2169650342858225e+23,1.0,B,27080044998.421345,2232083142438.262,1.94843691621157
幂函数型,4096,6.8192,5.623413251903491e+23,1.0,B,30742013394.11925,2629031247731.5645,1.9371525760236914
幂函数型,4096,6.8192,7.498942093324558e+23,1.0,B,34911676454.47617,3094509597212.8794,1.926372498679466
幂函数型,4096,6.8192,1e+24,1.0,B,39659548436.444916,3640239001182.059,1.9160723347418496
幂函数型,4096,6.8192,1.333521432163324e+24,1.0,B,45065924321.09466,4279945494239.8027,1.9062291731328782
幂函数型,4096,6.8192,1.7782794100389228e+24,1.0,B,51222237539.27543,5029703324894.88,1.8968214227967122
幂函数型,4096,6.8192,2.3713737056616553e+24,1.0,B,58232606138.3058,5908336575460.411,1.8878287071233895
幂函数型,4096,6.8192,3.1622776601683796e+24,1.0,B,66215593530.43294,6937889442546.103,1.87923176967107
幂函数型,4096,6.8192,4.2169650342858227e+24,1.0,B,75306213594.2396,8144176923398.921,1.8710123898638433
幂函数型,4096,6.8192,5.62341325190349e+24,1.0,B,85658214034.1195,9557429661475.559,1.8631533074776485
幂函数型,4096,6.8192,7.498942093324559e+24,1.0,B,97446676610.21092,11213049056136.984,1.8556381548557386
幂函数型,4096,6.8192,1e+25,1.0,B,110870978211.38776,13152491494988.348,1.8484513959155628
幂函数型,4096,6.8192,1.3335214321633241e+25,1.0,B,126158162847.73442,15424303791931.771,1.8415782711198436
幂函数型,4096,6.8192,1.7782794100389228e+25,1.0,B,143566781589.5373,18085335690005.348,1.8350047476855054
幂函数型,4096,6.8192,2.3713737056616553e+25,1.0,B,163391265394.8101,21202159709856.84,1.828717474394939
幂函数型,4096,6.8192,3.1622776601683795e+25,1.0,B,185966904780.6633,24852733802670.707,1.8227037404551563
幂函数型,4096,6.8192,4.216965034285822e+25,1.0,B,211675520557.77206,29128348329861.402,1.8169514379222125
幂函数型,4096,6.8192,5.6234132519034905e+25,1.0,B,240951921535.49365,34135905992279.926,1.8114490272715362
幂函数型,4096,6.8192,7.498942093324558e+25,1.0,B,274291258415.46274,40000591646385.25,1.8061855057502045
幂函数型,4096,6.8192,1e+26,1.0,B,312257398248.99603,46868998681435.22,1.801150378195525
幂函数型,4096,6.8192,1.333521432163324e+26,1.0,B,355492461094.5159,54912790033436.17,1.7963336300462653
幂函数型,4096,6.8192,1.7782794100389227e+26,1.0,B,404727680167.62354,64332985263062.25,1.7917257023092352
幂函数型,4096,6.8192,2.3713737056616553e+26,1.0,B,460795769160.8412,75364980759440.55,1.7873174682753405
幂函数型,4096,6.8192,3.1622776601683796e+26,1.0,B,524645005900.7258,88284428440086.44,1.7831002118063195
幂函数型,4096,6.8192,4.216965034285822e+26,1.0,B,597355270538.5349,103414119756523.33,1.7790656070366817
幂函数型,4096,6.8192,5.623413251903491e+26,1.0,B,680156309527.7579,121132046920648.7,1.775205699355424
幂函数型,4096,6.8192,7.498942093324558e+26,1.0,B,774448534286.3792,141880842665730.6,1.7715128875493178
幂函数型,4096,6.8192,1e+27,1.0,B,881826706310.8491,166178834282143.62,1.767979907004353
幂函数型,8192,7.6384,1000000000000000.0,0.6200709735609296,A,3195355.177838996,40971179.20884336,8.185209805290878
幂函数型,8192,7.6384,1333521432163324.0,0.6200709735609296,A,3638809.7925169393,47977570.01517658,7.904471470829883
幂函数型,8192,7.6384,1778279410038922.8,0.6200709735609296,A,4143807.485924584,56182108.22851645,7.635866934009204
幂函数型,8192,7.6384,2371373705661655.5,0.6200709735609296,A,4718889.268605476,65789686.38891589,7.3788717596979625
幂函数型,8192,7.6384,3162277660168379.5,0.6200709735609296,A,5373781.481161482,77040235.25687142,7.132984179387442
幂函数型,8192,7.6384,4216965034285822.5,0.6200709735609296,A,6119560.295554052,90214715.62196147,6.897724111516516
幂函数型,8192,7.6384,5623413251903491.0,0.6200709735609296,A,6968839.046061707,105642134.7574416,6.672632224139622
幂函数型,8192,7.6384,7498942093324558.0,0.6200709735609296,A,7935981.558217063,123707762.74322839,6.457269038107175
幂函数型,8192,7.6384,1e+16,0.6200709735609296,A,9037345.083748663,144862753.8441222,6.251214069007443
幂函数型,8192,7.6384,1.333521432163324e+16,0.6200709735609296,A,10291556.95027917,169635413.21865386,6.054065006194569
幂函数型,8192,7.6384,1.7782794100389228e+16,0.6200709735609296,A,11719829.604747765,198644390.32291046,5.865436927299842
幂函数型,8192,7.6384,2.371373705661655e+16,0.6200709735609296,A,13346319.37887648,232614128.48919067,5.684961546692599
幂函数型,8192,7.6384,3.162277660168379e+16,0.6200709735609296,A,15198535.0444699,272392956.50295943,5.512286496423397
幂函数型,8192,7.6384,4.216965034285822e+16,0.6200709735609296,A,17307803.06843108,318974273.98040056,5.347074638245581
幂函数型,8192,7.6384,5.623413251903491e+16,0.6200709735609296,A,19709797.436338432,373521359.6105526,5.189003405371964
幂函数型,8192,7.6384,7.498942093324558e+16,0.6200709735609296,A,22445143.00547259,437396421.80011207,5.037764172681459
幂函数型,8192,7.6384,1e+17,0.6200709735609296,A,25560102.591784995,512194617.20479894,4.893061654146029
幂函数型,8192,7.6384,1.333521432163324e+17,0.6200709735609296,A,29107359.41148986,599783886.6945701,4.75461332630146
幂函数型,8192,7.6384,1.778279410038923e+17,0.6200709735609296,A,33146908.11068779,702351603.5792365,4.622148876636304
幂函数型,8192,7.6384,2.3713737056616554e+17,0.6200709735609296,A,37747069.452980325,822459199.044028,4.495409675822037
幂函数型,8192,7.6384,3.1622776601683795e+17,0.6200709735609296,A,42985645.82645699,963106128.9601251,4.374148272753948
幂函数型,8192,7.6384,4.216965034285823e+17,0.6200709735609296,A,48951237.11310225,1127804779.5182025,4.258127911416886
幂函数型,8192,7.6384,5.6234132519034906e+17,0.6200709735609296,A,55744739.17589312,1320668182.3086605,4.147122068632566
幂函数型,8192,7.6384,7.498942093324558e+17,0.6200709735609296,A,63481050.307441846,1546512729.3639991,4.040914011785902
幂函数型,8192,7.6384,1e+18,0.6200709735609296,A,72291014.50130539,1810978453.273512,3.9392963756668635
幂函数型,8192,7.6384,1.333521432163324e+18,0.6200709735609296,A,82323634.41244583,2120669876.1346002,3.8420707576016584
幂函数型,8192,7.6384,1.7782794100389228e+18,0.6200709735609296,A,93748591.43457857,2483320944.7718906,3.749047330082761
幂函数型,8192,7.6384,2.371373705661655e+18,0.6200709735609296,A,106759115.51639143,2907988171.1637897,3.660044470141463
幂函数型,8192,7.6384,3.1622776601683794e+18,0.6200709735609296,A,121575253.25376056,3405276801.3863354,3.574888404739325
幂函数型,8192,7.6384,4.2169650342858225e+18,0.6200709735609296,A,138447589.53109437,3987605661.208447,3.493412871486168
幂函数型,8192,7.6384,5.623413251903491e+18,0.6200709735609296,A,157661485.65581936,4669517292.347029,3.4154587940221854
幂函数型,8192,7.6384,7.498942093324558e+18,0.6200709735609296,A,179541905.66544533,5468041124.437606,3.340873971430366
幂函数型,8192,7.6384,1e+19,0.6200709735609296,A,204458912.434396,6403118752.240946,3.2695127810728324
幂函数型,8192,7.6384,1.3335214321633241e+19,0.6200709735609296,A,232833926.53607902,7498101938.565177,3.201235894270896
幂函数型,8192,7.6384,1.7782794100389229e+19,1.0,B,580035412.8484001,2046024806.5601723,3.130894131668172
幂函数型,8192,7.6384,2.3713737056616554e+19,1.0,B,630512533.9128016,2612522092.0208535,3.05186048153563
幂函数型,8192,7.6384,3.162277660168379e+19,1.0,B,686290539.1717895,3327660210.8045354,2.9780275273583907
幂函数型,8192,7.6384,4.216965034285823e+19,1.0,B,748034005.1583247,4227691623.450462,2.909004476548583
幂函数型,8192,7.6384,5.6234132519034905e+19,1.0,B,816501610.5727689,5356850609.954463,2.844430714125595
幂函数型,8192,7.6384,7.498942093324558e+19,1.0,B,892560162.6190203,6768867975.88141,2.7839735198205124
幂函数型,8192,7.6384,1e+20,1.0,B,977200666.8667079,8528715970.410146,2.7273259644682613
幂函数型,8192,7.6384,1.333521432163324e+20,1.0,B,1071556707.7659091,10714609777.172691,2.674204971166036
幂函数型,8192,7.6384,1.778279410038923e+20,1.0,B,1176925435.9253716,13420295949.519083,2.6243495275856206
幂函数型,8192,7.6384,2.3713737056616553e+20,1.0,B,1294791490.7902098,16757663977.624826,2.577519036658662
幂函数型,8192,7.6384,3.1622776601683794e+20,1.0,B,1426854224.5925083,20859725376.39374,2.533491793628334
幂函数型,8192,7.6384,4.216965034285823e+20,1.0,B,1575058636.9442954,25884015834.131546,2.492063578201061
幂函数型,8192,7.6384,5.6234132519034906e+20,1.0,B,1741630481.1016362,32016490537.66917,2.4530463512618366
幂函数型,8192,7.6384,7.498942093324558e+20,1.0,B,1929116064.9495556,39476001107.664116,2.416267046359079
幂函数型,8192,7.6384,1e+21,1.0,B,2140427344.504786,48519464751.82369,2.3815664469391864
幂函数型,8192,7.6384,1.333521432163324e+21,1.0,B,2378892997.567112,59447862179.98191,2.348798141129629
幂函数型,8192,7.6384,1.7782794100389228e+21,1.0,B,2648316272.2429624,72613230276.72882,2.3178275467360834
幂函数型,8192,7.6384,2.3713737056616553e+21,1.0,B,2953040531.2489367,88426848209.96872,2.2885310000258494
幂函数型,8192,7.6384,3.1622776601683794e+21,1.0,B,3298023559.603416,107368851404.40892,2.2607949027972714
幂函数型,8192,7.6384,4.2169650342858226e+21,1.0,B,3688921871.5995855,129999546760.55608,2.234514923153374
幂函数型,8192,7.6384,5.623413251903491e+21,1.0,B,4132186443.730113,156972745230.77136,2.2095952462710695
幂函数型,8192,7.6384,7.498942093324559e+21,1.0,B,4635171514.539797,189051475488.6729,2.1859478722466203
幂函数型,8192,7.6384,1e+22,1.0,B,5206258331.763402,227126496608.7705,2.1634919587690544
幂函数型,8192,7.6384,1.3335214321633241e+22,1.0,B,5854995993.949738,272238090558.93762,2.142153206900007
幂函数型,8192,7.6384,1.7782794100389228e+22,1.0,B,6592261831.598443,325601689427.95184,2.1218632886079876
幂函数型,8192,7.6384,2.371373705661655e+22,1.0,B,7430444106.432266,388637980458.86694,2.102559314918344
幂函数型,8192,7.6384,3.1622776601683792e+22,1.0,B,8383650182.896764,463008237116.465,2.084183343611814
幂函数型,8192,7.6384,4.2169650342858225e+22,1.0,B,9467943750.654858,550655749728.9203,2.0666819253597564
幂函数型,8192,7.6384,5.623413251903491e+22,1.0,B,10701615159.1951,653854378070.4403,2.0500056870547976
幂函数型,8192,7.6384,7.498942093324558e+22,1.0,B,12105489475.211243,775265424281.3717,2.0341089509157424
幂函数型,8192,7.6384,1.0000000000000001e+23,1.0,B,13703277500.637556,918004231931.6675,2.018949387747294
幂函数型,8192,7.6384,1.3335214321633241e+23,1.0,B,15521975705.716246,1085718160671.6165,2.004487702545533
幂函数型,8192,7.6384,1.7782794100389228e+23,1.0,B,17592321849.983112,1282677871500.904,1.9906873504796985
幂函数型,8192,7.6384,2.371373705661655e+23,1.0,B,19949313998.78175,1513884192014.3438,1.977514281162673
幂函数型,8192,7.6384,3.162277660168379e+23,1.0,B,22632801709.73483,1785193222119.5532,1.9649367090530507
幂函数型,8192,7.6384,4.2169650342858225e+23,1.0,B,25688159380.474678,2103462798229.1768,1.9529249078114115
幂函数型,8192,7.6384,5.623413251903491e+23,1.0,B,29167053136.223698,2476723969101.32,1.9414510264587246
幂函数型,8192,7.6384,7.498942093324558e+23,1.0,B,33128314216.67977,2914381762634.9106,1.93048892524936
幂函数型,8192,7.6384,1e+24,1.0,B,37638933622.64313,3427450255630.6426,1.9200140292670644
幂函数型,8192,7.6384,1.333521432163324e+24,1.0,B,42775194834.00163,4028827816121.926,1.9100031978713172
幂函数型,8192,7.6384,1.7782794100389228e+24,1.0,B,48623963746.65889,4733619391802.736,1.9004346082558463
幂函数型,8192,7.6384,2.3713737056616553e+24,1.0,B,55284157636.016754,5559513893445.885,1.8912876515238417
幂函数型,8192,7.6384,3.1622776601683796e+24,1.0,B,62868417983.548035,6527226098413.015,1.8825428398297368
幂函数型,8192,7.6384,4.2169650342858227e+24,1.0,B,71505015452.05281,7661014110804.09,1.8741817232807183
幂函数型,8192,7.6384,5.62341325190349e+24,1.0,B,81340019222.5048,8989285301770.555,1.866186815428948
幂函数型,8192,7.6384,7.498942093324559e+24,1.0,B,92539767377.52217,10545305863157.516,1.8585415263154204
幂函数型,8192,7.6384,1e+25,1.0,B,105293680108.88766,12368031695166.998,1.851230102146905
幂函数型,8192,7.6384,1.3335214321633241e+25,1.0,B,119817463325.48099,14503081378765.168,1.8442375707977368
幂函数型,8192,7.6384,1.7782794100389228e+25,1.0,B,136356756841.41014,17003875531787.639,1.8375496924280335
幂函数型,8192,7.6384,2.3713737056616553e+25,1.0,B,155191288843.8325,19932971002736.707,1.8311529145994172
幂函数型,8192,7.6384,3.1622776601683795e+25,1.0,B,176639606903.07446,23363623221888.75,1.825034331348887
幂函数型,8192,7.6384,4.216965034285822e+25,1.0,B,201064465539.07822,27381615727046.37,1.8191816457517924
幂函数型,8192,7.6384,5.6234132519034905e+25,1.0,B,228878961462.7765,32087402553380.816,1.8135831355665921
幂函数型,8192,7.6384,7.498942093324558e+25,1.0,B,260553520256.643,37598616989927.87,1.80822762160804
幂函数型,8192,7.6384,1e+26,1.0,B,296623852659.27216,44053009354541.164,1.8031044385424149
幂函数型,8192,7.6384,1.333521432163324e+26,1.0,B,337700015017.76215,51611887152985.34,1.7982034078391522
幂函数型,8192,7.6384,1.7782794100389227e+26,1.0,B,384476727146.65924,60464143533871.875,1.793514812648485
幂函数型,8192,7.6384,2.3713737056616553e+26,1.0,B,437745122098.76794,70830974642663.78,1.7890293744051233
幂函数型,8192,7.6384,3.1622776601683796e+26,1.0,B,498406126571.0297,82971403681881.34,1.7847382309842053
幂函数型,8192,7.6384,4.216965034285822e+26,1.0,B,567485698247.6658,97188749630541.08,1.7806329162583023
幂函数型,8192,7.6384,5.623413251903491e+26,1.0,B,646152177789.1735,113838202166878.39,1.776705340923636
幂函数型,8192,7.6384,7.498942093324558e+26,1.0,B,735736048940.7136,133335691963685.8,1.772947774480301
幂函数型,8192,7.6384,1e+27,1.0,B,837752440961.7632,156168277875045.1,1.7693528282655895
幂函数型,32768,12.5536,1000000000000000.0,0.6200709735609296,A,2553266.5290393475,31198632.719696783,8.69996340214666
幂函数型,32768,12.5536,1333521432163324.0,0.6200709735609296,A,2907611.433373565,36533841.9491708,8.396976891315784
幂函数型,32768,12.5536,1778279410038922.8,0.6200709735609296,A,3311132.6809526407,42781413.51766137,8.107085767038466
幂函数型,32768,12.5536,2371373705661655.5,0.6200709735609296,A,3770655.014295391,50097368.49235691,7.829724033328552
幂函数型,32768,12.5536,3162277660168379.5,0.6200709735609296,A,4293950.3205713695,58664408.758324645,7.5643501571246885
幂函数型,32768,12.5536,4216965034285822.5,0.6200709735609296,A,4889869.077290908,68696479.64620848,7.310446010977702
幂函数型,32768,12.5536,5623413251903491.0,0.6200709735609296,A,5568490.04016055,80444112.80480623,7.067515861436132
幂函数型,32768,12.5536,7498942093324558.0,0.6200709735609296,A,6341290.704770013,94200682.74647856,6.835085401154772
幂函数型,32768,12.5536,1e+16,0.6200709735609296,A,7221341.42512418,110309733.31055844,6.612700822836469
幂函数型,32768,12.5536,1.333521432163324e+16,0.6200709735609296,A,8223526.4721404575,129173557.00908045,6.399927933199097
幂函数型,32768,12.5536,1.7782794100389228e+16,0.6200709735609296,A,9364795.770867746,151263241.50745666,6.196351305237786
幂函数型,32768,12.5536,2.371373705661655e+16,0.6200709735609296,A,10664451.574050283,177130434.13161343,6.001573467127258
幂函数型,32768,12.5536,3.162277660168379e+16,0.6200709735609296,A,12144474.92053788,207421118.19749323,5.815214126180609
幂函数型,32768,12.5536,4.216965034285822e+16,0.6200709735609296,A,13829897.399924114,242891745.2002083,5.6369094263494
幂函数型,32768,12.5536,5.623413251903491e+16,0.6200709735609296,A,15749224.511055002,284428125.7332257,5.466311237815352
幂函数型,32768,12.5536,7.498942093324558e+16,0.6200709735609296,A,17934917.774659403,333067550.9018761,5.303086477286607
幂函数型,32768,12.5536,1e+17,0.6200709735609296,A,20423943.754056472,390024696.6708983,5.146916457671487
幂函数型,32768,12.5536,1.333521432163324e+17,0.6200709735609296,A,23258399.269510012,456721958.05721784,4.997496265860016
幂函数型,32768,12.5536,1.778279410038923e+17,0.6200709735609296,A,26486223.380462706,534824970.70597076,4.854534167398349
幂函数型,32768,12.5536,2.3713737056616554e+17,0.6200709735609296,A,30162008.17738179,626284206.932759,4.7177510368938
幂函数型,32768,12.5536,3.1622776601683795e+17,0.6200709735609296,A,34347922.09611542,733383685.0131521,4.586879813038331
幂函数型,32768,12.5536,4.216965034285823e+17,0.6200709735609296,A,39114761.37074703,858798008.1401265,4.461664977186486
幂函数型,32768,12.5536,5.6234132519034906e+17,0.6200709735609296,A,44543147.4081372,1005659157.4875616,4.341862054469729
幂函数型,32768,12.5536,7.498942093324558e+17,0.6200709735609296,A,50724890.33531206,1177634707.407906,4.227237136473115
幂函数型,32768,12.5536,1e+18,0.6200709735609296,A,57764541.78133388,1379019416.0379298,4.117566424542371
幂函数型,32768,12.5536,1.333521432163324e+18,0.6200709735609296,A,65781163.15580409,1614842478.6115851,4.012635792829713
幂函数型,32768,12.5536,1.7782794100389228e+18,0.6200709735609296,A,74910339.33084598,1890993121.924734,3.9122403702252697
幂函数型,32768,12.5536,2.371373705661655e+18,0.6200709735609296,A,85306471.78389612,2214367676.4318995,3.816184140357847
幂函数型,32768,12.5536,3.1622776601683794e+18,0.6200709735609296,A,97145389.98517255,2593041798.8170733,3.7242795588840822
幂函数型,32768,12.5536,4.2169650342858225e+18,0.6200709735609296,A,110627325.19612662,3036472145.965801,3.6363471873187425
幂函数型,32768,12.5536,5.623413251903491e+18,0.6200709735609296,A,125980296.97464365,3555732536.757519,3.5522153426912566
幂函数型,32768,12.5536,7.498942093324558e+18,0.6200709735609296,A,143463969.66284996,4163790499.3640947,3.4717197623444456
幂函数型,32768,12.5536,1e+19,1.0,B,355771789.70534956,1145861056.062256,3.3867311107422644
幂函数型,32768,12.5536,1.3335214321633241e+19,1.0,B,386781169.03798234,1462781441.6074157,3.293771696638572
幂函数型,32768,12.5536,1.7782794100389229e+19,1.0,B,421052787.42466897,1862741099.5884972,3.2069235364424706
幂函数型,32768,12.5536,2.3713737056616554e+19,1.0,B,458996215.0593058,2365955731.4998336,3.1257275102655946
幂函数型,32768,12.5536,3.162277660168379e+19,1.0,B,501079055.64394844,2997081275.091624,3.049759957433092
幂函数型,32768,12.5536,4.216965034285823e+19,1.0,B,547835594.5854219,3786053886.720133,2.9786299948405626
幂函数型,32768,12.5536,5.6234132519034905e+19,1.0,B,599876705.6104475,4769057145.595958,2.9119770458753917
幂函数型,32768,12.5536,7.498942093324558e+19,1.0,B,657901179.9640168,5989631074.088039,2.849468562817758
幂函数型,32768,12.5536,1e+20,1.0,B,722708660.1750978,7499939843.80175,2.7907979267030445
幂函数型,32768,12.5536,1.333521432163324e+20,1.0,B,795214380.4066358,9362218330.02768,2.7356825096041515
幂函数型,32768,12.5536,1.778279410038923e+20,1.0,B,876465938.3884329,11650422305.623446,2.683861885203979
幂函数型,32768,12.5536,2.3713737056616553e+20,1.0,B,967662350.8238502,14452113334.824507,2.6350961744023316
幂函数型,32768,12.5536,3.1622776601683794e+20,1.0,B,1070175676.1434457,17870617590.96323,2.5891645135660055
幂函数型,32768,12.5536,4.216965034285823e+20,1.0,B,1185575526.902049,22027508043.35139,2.545863633912533
幂函数型,32768,12.5536,5.6234132519034906e+20,1.0,B,1315656840.4230654,27065471788.436172,2.505006541439375
幂函数型,32768,12.5536,7.498942093324558e+20,1.0,B,1462471331.915965,33151638677.52867,2.4664212877851712
幂函数型,32768,12.5536,1e+21,1.0,B,1628363120.534088,40481463677.835625,2.4299498234410213
幂函数型,32768,12.5536,1.333521432163324e+21,1.0,B,1816009096.7926154,49283273441.85042,2.395446925806958
幂函数型,32768,12.5536,1.7782794100389228e+21,1.0,B,2028464690.2736044,59823607274.814835,2.362779195687583
幂函数型,32768,12.5536,2.3713737056616553e+21,1.0,B,2269215800.2413154,72413504174.06566,2.3318241169051244
幂函数型,32768,12.5536,3.1622776601683794e+21,1.0,B,2542237769.225996,87415911210.86092,2.3024691747343136
幂函数型,32768,12.5536,4.2169650342858226e+21,1.0,B,2852062411.4609075,105254414873.54008,2.274611029786227
幂函数型,32768,12.5536,5.623413251903491e+21,1.0,B,3203854255.255375,126423527027.42584,2.2481547447472323
幂函数型,32768,12.5536,7.498942093324559e+21,1.0,B,3603497322.4704885,151500792069.99548,2.2230130619853696
幂函数型,32768,12.5536,1e+22,1.0,B,4057693951.4453073,181161023069.2328,2.1991057304557144
幂函数型,32768,12.5536,1.3335214321633241e+22,1.0,B,4574077374.995111,216193023708.44272,2.176358880571622
幂函数型,32768,12.5536,1.7782794100389228e+22,1.0,B,5161339996.251289,257519211360.7822,2.154704445778705
幂函数型,32768,12.5536,2.371373705661655e+22,1.0,B,5829379566.674439,306218626310.85016,2.1340796295039475
幂函数型,32768,12.5536,3.1622776601683792e+22,1.0,B,6589465767.75828,363553894881.0612,2.1144264159916517
幂函数型,32768,12.5536,4.2169650342858225e+22,1.0,B,7454430036.6014185,431002812045.916,2.095691123321215
幂函数型,32768,12.5536,5.623413251903491e+22,1.0,B,8438881862.10742,510295324342.81445,2.077823996666666
幂函数型,32768,12.5536,7.498942093324558e+22,1.0,B,9559455220.186186,603456829207.1024,2.0607788396358147
幂函数型,32768,12.5536,1.0000000000000001e+23,1.0,B,10835089320.817694,712858865451.5348,2.044512681341259
幂函数型,32768,12.5536,1.3335214321633241e+23,1.0,B,12287348415.916073,841278455253.7472,2.0289854767209654
幂函数型,32768,12.5536,1.7782794100389228e+23,1.0,B,13940786074.395578,991967575195.201,2.0141598375495424
幂函数型,32768,12.5536,2.371373705661655e+23,1.0,B,15823360080.72611,1168734487927.2297,2.0000007915628073
幂函数型,32768,12.5536,3.162277660168379e+23,1.0,B,17966904968.132217,1376038963198.9417,1.986475567153078
幂函数型,32768,12.5536,4.2169650342858225e+23,1.0,B,20407670171.719856,1619103764654.372,1.9735534011730547
幂函数型,32768,12.5536,5.623413251903491e+23,1.0,B,23186932896.5228,1904045185665.0168,1.9612053675027752
幂函数型,32768,12.5536,7.498942093324558e+23,1.0,B,26351696059.3508,2238025893677.522,1.9494042241772207
幂函数型,32768,12.5536,1e+24,1.0,B,29955483102.655754,2629433900033.8335,1.938124277032551
幂函数型,32768,12.5536,1.333521432163324e+24,1.0,B,34059243117.620064,3088092124908.99,1.9273412579985454
幂函数型,32768,12.5536,1.7782794100389228e+24,1.0,B,38732381580.00286,3625503791228.628,1.917032216336878
幂函数型,32768,12.5536,2.3713737056616553e+24,1.0,B,44053934127.40734,4255139776284.998,1.9071754212940504
幂函数型,32768,12.5536,3.1622776601683796e+24,1.0,B,50113903226.53079,4992775097626.774,1.8977502748001869
幂函数型,32768,12.5536,4.2169650342858227e+24,1.0,B,57014780334.46564,5856882936843.321,1.8887372329977365
幂函数型,32768,12.5536,5.62341325190349e+24,1.0,B,64873279295.88539,6869096041748.467,1.880117735525685
幂函数型,32768,12.5536,7.498942093324559e+24,1.0,B,73822310291.01472,8054747030086.511,1.8718741416142997
幂函数型,32768,12.5536,1e+25,1.0,B,84013227718.07707,9443501088261.502,1.8639896721624125
幂函数型,32768,12.5536,1.3335214321633241e+25,1.0,B,95618390027.27094,11070096865939.303,1.856448357074052
幂函数型,32768,12.5536,1.7782794100389228e+25,1.0,B,108834074799.62431,12975214069314.268,1.8492349872243476
幂函数型,32768,12.5536,2.3713737056616553e+25,1.0,B,123883798372.50188,15206489419852.943,1.84233507050685
幂函数型,32768,12.5536,3.1622776601683795e+25,1.0,B,141022096155.83835,17819706350429.234,1.8357347914865685
幂函数型,32768,12.5536,4.216965034285822e+25,1.0,B,160538827574.91885,20880188149494.5,1.8294209742460825
幂函数型,32768,12.5536,5.6234132519034905e+25,1.0,B,182764078448.68903,24464429344613.13,1.8233810480669355
幂函数型,32768,12.5536,7.498942093324558e+25,1.0,B,208073743716.9734,28662006066250.996,1.8176030156361036
幂函数型,32768,12.5536,1e+26,1.0,B,236895884936.90833,33577813099659.35,1.8120754235084757
幂函数型,32768,12.5536,1.333521432163324e+26,1.0,B,269717970072.4802,39334683491098.72,1.806787334591784
幂函数型,32768,12.5536,1.7782794100389227e+26,1.0,B,307095118023.36127,46076456128181.336,1.801728302451011
幂函数型,32768,12.5536,2.3713737056616553e+26,1.0,B,349659487332.40607,53971567901385.26,1.7968883472556016
幂函数型,32768,12.5536,3.1622776601683796e+26,1.0,B,398130967862.5722,63217260154198.51,1.7922579332154203
幂函数型,32768,12.5536,4.216965034285822e+26,1.0,B,453329356271.27814,74044504469995.64,1.7878279473708034
幂函数型,32768,12.5536,5.623413251903491e+26,1.0,B,516188221205.5152,86723770807808.94,1.7835896796187332
幂函数型,32768,12.5536,7.498942093324558e+26,1.0,B,587770692719.2627,101571782035188.45,1.7795348038714722
幂函数型,32768,12.5536,1e+27,1.0,B,669287442959.1752,118959423539691.0,1.775655360256296
幂函数型,131072,32.2144,1000000000000000.0,0.6200709735609296,A,1668386.0304859253,18606016.778483972,9.791119756247083
幂函数型,131072,32.2144,1333521432163324.0,0.6200709735609296,A,1899926.326667821,21787790.586720243,9.440972352978694
幂函数型,131072,32.2144,1778279410038922.8,0.6200709735609296,A,2163600.018704385,25513672.50188271,9.105958678218379
幂函数型,131072,32.2144,2371373705661655.5,0.6200709735609296,A,2463866.611684707,29876709.2488066,8.785424636758181
幂函数型,131072,32.2144,3162277660168379.5,0.6200709735609296,A,2805804.505312357,34985859.26709922,8.47874440405331
幂函数型,131072,32.2144,4216965034285822.5,0.6200709735609296,A,3195196.884724261,40968713.738316685,8.18531920433519
幂函数型,131072,32.2144,5623413251903491.0,0.6200709735609296,A,3638629.531324072,47974682.92998409,7.904576141535728
幂函数型,131072,32.2144,7498942093324558.0,0.6200709735609296,A,4143602.2079015747,56178727.42926551,7.635967080740203
幂函数型,131072,32.2144,1e+16,0.6200709735609296,A,4718655.50189137,65785727.44665697,7.378967577984931
幂函数型,131072,32.2144,1.333521432163324e+16,0.6200709735609296,A,5373515.27206699,77035599.3046465,7.1330758563101515
幂函数型,131072,32.2144,1.7782794100389228e+16,0.6200709735609296,A,6119257.141692875,90209286.88579296,6.897811826068962
幂函数型,131072,32.2144,2.371373705661655e+16,0.6200709735609296,A,6968493.82020192,105635777.66509844,6.672716147579495
幂函数型,131072,32.2144,3.162277660168379e+16,0.6200709735609296,A,7935588.421564243,123700318.53857325,6.4573493342902335
幂函数型,131072,32.2144,4.216965034285822e+16,0.6200709735609296,A,9036897.387194585,144854036.62248185,6.251290894707433
幂函数型,131072,32.2144,5.623413251903491e+16,0.6200709735609296,A,10291047.121945722,169625205.2842069,6.054138511409313
幂函数型,131072,32.2144,7.498942093324558e+16,0.6200709735609296,A,11719249.021923998,198632436.75215334,5.865507255544107
幂函数型,131072,32.2144,1e+17,0.6200709735609296,A,13345658.222182805,232600130.76471692,5.685028835278293
幂函数型,131072,32.2144,1.333521432163324e+17,0.6200709735609296,A,15197782.13178337,272376565.0585599,5.51235087672767
幂函数型,131072,32.2144,1.778279410038923e+17,0.6200709735609296,A,17306945.665762417,318955079.47132176,5.347136235967327
幂函数型,131072,32.2144,2.3713737056616554e+17,0.6200709735609296,A,19708821.042462554,373498882.69089806,5.189062340777244
幂函数型,131072,32.2144,3.1622776601683795e+17,0.6200709735609296,A,22444031.10666976,437370101.1521033,5.037820560838309
幂函数型,131072,32.2144,4.216965034285823e+17,0.6200709735609296,A,25558836.382544894,512163795.52094257,4.89311560514913
幂函数型,131072,32.2144,5.6234132519034906e+17,0.6200709735609296,A,29105917.476454005,599747794.2626805,4.754664945487084
幂函数型,131072,32.2144,7.498942093324558e+17,0.6200709735609296,A,33145266.06245324,702309339.0603364,4.622198264787989
幂函数型,131072,32.2144,1e+18,0.6200709735609296,A,37745199.51963577,822409706.9631532,4.495456929367347
幂函数型,131072,32.2144,1.333521432163324e+18,0.6200709735609296,A,42983516.381876074,963048173.3478961,4.374193483952751
幂函数型,131072,32.2144,1.7782794100389228e+18,0.6200709735609296,A,48948812.14205504,1127736913.0448003,4.258171168541486
幂函数型,131072,32.2144,2.371373705661655e+18,0.6200709735609296,A,55741977.66491795,1320588710.1396332,4.147163456140045
幂函数型,131072,32.2144,3.1622776601683794e+18,1.0,B,138380206.62253314,362701417.91733885,4.030622497350034
幂函数型,131072,32.2144,4.2169650342858225e+18,1.0,B,150437111.6927927,463042181.9516696,3.9023562718415583
幂函数型,131072,32.2144,5.623413251903491e+18,1.0,B,163761897.9760534,589682785.5299932,3.782524287384623
幂函数型,131072,32.2144,7.498942093324558e+18,1.0,B,178513693.6979777,749028603.6820881,3.6704928745736733
幂函数型,131072,32.2144,1e+19,1.0,B,194874170.97470576,948892702.1073163,3.5656773024858177
幂函数型,131072,32.2144,1.3335214321633241e+19,1.0,B,213050905.5012664,1198762332.8708713,3.4675380773942823
幂函数型,131072,32.2144,1.7782794100389229e+19,1.0,B,233281225.25758055,1510105825.5894182,3.375577532122331
幂函数型,131072,32.2144,2.3713737056616554e+19,1.0,B,255836612.05616537,1896724505.9559076,3.2893366824655175
幂函数型,131072,32.2144,3.162277660168379e+19,1.0,B,281027726.68280375,2375154991.559481,3.2083923285825264
幂函数型,131072,32.2144,4.216965034285823e+19,1.0,B,309210136.1656464,2965128254.6175523,3.132354380602956
幂函数型,131072,32.2144,5.6234132519034905e+19,1.0,B,340790830.634038,3690093303.7163334,3.060863388958145
幂函数型,131072,32.2144,7.498942093324558e+19,1.0,B,376235627.66870916,4577815319.383482,2.9935882611459697
幂函数型,131072,32.2144,1e+20,1.0,B,416077574.45753235,5661060662.363681,2.9302241478313826
幂函数型,131072,32.2144,1.333521432163324e+20,1.0,B,460926472.98113674,6978384411.705199,2.870490482398345
幂函数型,131072,32.2144,1.778279410038923e+20,1.0,B,511479671.4223079,8575039999.202843,2.8141291593364723
幂函数型,131072,32.2144,2.3713737056616553e+20,1.0,B,568534286.5802642,10504035068.620321,2.7609028381870173
幂函数型,131072,32.2144,3.1622776601683794e+20,1.0,B,633001047.7855799,12827362858.213614,2.7105933611919415
幂函数型,131072,32.2144,4.216965034285823e+20,1.0,B,705919983.0814321,15617444134.388641,2.6630002742727763
幂函数型,131072,32.2144,5.6234132519034906e+20,1.0,B,788478203.5926353,18958820967.276222,2.617939442479533
幂函数型,131072,32.2144,7.498942093324558e+20,1.0,B,882030082.2944497,22950150463.691677,2.575241752544869
幂函数型,131072,32.2144,1e+21,1.0,B,988120169.0324286,27706554066.602787,2.5347518965948925
幂函数型,131072,32.2144,1.333521432163324e+21,1.0,B,1108509234.8854187,33362386393.99047,2.496327232343087
幂函数型,131072,32.2144,1.7782794100389228e+21,1.0,B,1245203896.1837933,40074497119.98384,2.459836716172114
幂函数型,131072,32.2144,2.3713737056616553e+21,1.0,B,1400490332.279231,48026070477.09384,2.425159906348985
幂函数型,131072,32.2144,3.1622776601683794e+21,1.0,B,1576972682.3660264,57431140024.544655,2.392186034202613
幂函数型,131072,32.2144,4.2169650342858226e+21,1.0,B,1777616786.4358058,68539891873.41326,2.3608131414224314
幂函数型,131072,32.2144,5.623413251903491e+21,1.0,B,2005800025.2776506,81644888105.3636,2.330947281737963
幂函数型,131072,32.2144,7.498942093324559e+21,1.0,B,2265368116.071973,97088364218.12762,2.3025017851540026
幂函数型,131072,32.2144,1e+22,1.0,B,2560699835.5994234,115270780665.81807,2.2753965826971148
幂函数型,131072,32.2144,1.3335214321633241e+22,1.0,B,2896780774.6630964,136660839583.16283,2.2495575893317272
幂函数型,131072,32.2144,1.7782794100389228e+22,1.0,B,3279287377.518525,161807214324.1323,2.224916142380313
幂函数型,131072,32.2144,2.371373705661655e+22,1.0,B,3714682691.6782823,191352282361.59195,2.2014084924754185
幂函数型,131072,32.2144,3.1622776601683792e+22,1.0,B,4210325449.4596014,226048202393.73248,2.178975343814149
幂函数型,131072,32.2144,4.2169650342858225e+22,1.0,B,4774594326.463318,266775735382.66226,2.157561440298674
幂函数型,131072,32.2144,5.623413251903491e+22,1.0,B,5417029477.612663,314566278133.1738,2.137115194038946
幂函数型,131072,32.2144,7.498942093324558e+22,1.0,B,6148493742.737123,370627658590.5446,2.1175883526665356
幂函数型,131072,32.2144,1.0000000000000001e+23,1.0,B,6981356245.831316,436374336285.44495,2.0989357019549324
幂函数型,131072,32.2144,1.3335214321633241e+23,1.0,B,7929701490.60684,513462761623.88043,2.0811148003511786
幂函数型,131072,32.2144,1.7782794100389228e+23,1.0,B,9009567486.124262,603832776761.0099,2.0640857421833845
幂函数型,131072,32.2144,2.371373705661655e+23,1.0,B,10239216927.36482,709756091835.1909,2.047810946505126
幂函数型,131072,32.2144,3.162277660168379e+23,1.0,B,11639446014.846258,833893047149.2455,2.0322549687583096
幂函数型,131072,32.2144,4.2169650342858225e+23,1.0,B,13233936134.209997,979359078892.9742,2.0173843326695415
幂函数型,131072,32.2144,5.623413251903491e+23,1.0,B,15049654341.851784,1149802548381.0718,2.0031673800321026
幂函数型,131072,32.2144,7.498942093324558e+23,1.0,B,17117309428.380966,1349495878593.3018,1.989574136258865
幂函数型,131072,32.2144,1e+24,1.0,B,19471871271.925465,1583442274142.6323,1.9765761898154737
幂函数型,131072,32.2144,1.333521432163324e+24,1.0,B,22153162263.937786,1857500689966.831,1.9641465838539827
幂函数型,131072,32.2144,1.7782794100389228e+24,1.0,B,25206530809.31566,2178532169761.569,1.952259718562559
幂函数型,131072,32.2144,2.3713737056616553e+24,1.0,B,28683618290.945045,2554571208832.229,1.9408912629255175
幂函数型,131072,32.2144,3.1622776601683796e+24,1.0,B,32643232469.675274,2995026420967.2305,1.9300180747495306
幂函数型,131072,32.2144,4.2169650342858227e+24,1.0,B,37152342090.99558,3510915520734.9,1.9196181279565954
幂函数型,131072,32.2144,5.62341325190349e+24,1.0,B,42287209519.75691,4115140489554.1357,1.9096704462729859
幂函数型,131072,32.2144,7.498942093324559e+24,1.0,B,48134680558.82446,4822809797389.771,1.9001550425570137
幂函数型,131072,32.2144,1e+25,1.0,B,54793653266.054565,5651615727036.448,1.8910528631081351
幂函数型,131072,32.2144,1.3335214321633241e+25,1.0,B,62376750611.45213,6622276224024.187,1.88234573638707
幂函数型,131072,32.2144,1.7782794100389228e+25,1.0,B,71012225263.94237,7759052306573.516,1.8740163256524254
幂函数型,131072,32.2144,2.3713737056616553e+25,1.0,B,80846128723.2199,9090353956987.465,1.8660480850850703
幂函数型,131072,32.2144,3.1622776601683795e+25,1.0,B,92044781483.04076,10649449625512.65,1.8584252190283863
幂函数型,131072,32.2144,4.216965034285822e+25,1.0,B,104797586003.67868,12475297065217.48,1.8511326440215976
幂函数型,131072,32.2144,5.6234132519034905e+25,1.0,B,119320230069.18173,14613516246441.496,1.844155953345656
幂函数型,131072,32.2144,7.498942093324558e+25,1.0,B,135858334707.68463,17117528647524.56,1.83748138383753
幂函数型,131072,32.2144,1e+26,1.0,B,154691608371.8975,20049891373450.83,1.831095784759994
幂函数型,131072,32.2144,1.333521432163324e+26,1.0,B,176138577639.25732,23483859419492.098,1.8249865885408554
幂函数型,131072,32.2144,1.7782794100389227e+26,1.0,B,200561974441.9151,27505215094411.85,1.8191417832186063
幂函数型,131072,32.2144,2.3713737056616553e+26,1.0,B,228374870940.6124,32214410289583.207,1.8135498864512738
幂函数型,131072,32.2144,3.1622776601683796e+26,1.0,B,260047665801.32697,37729075093104.18,1.8081999209622468
幂函数型,131072,32.2144,4.216965034285822e+26,1.0,B,296116040033.40875,44186955396740.336,1.8030813913114647
幂函数型,131072,32.2144,5.623413251903491e+26,1.0,B,337190016946.0002,51749352856806.54,1.7981842618929353
幂函数型,131072,32.2144,7.498942093324558e+26,1.0,B,383964279453.5514,60605153115406.17,1.7934989360703768
幂函数型,131072,32.2144,1e+27,1.0,B,437229919226.62506,70975542879134.0,1.7890162363721345
对数渐进型,2048,6.4096,1000000000000000.0,0.6200709735609296,A,3458694.5730926604,45108341.52564136,8.012661938325838
对数渐进型,2048,6.4096,1333521432163324.0,0.6200709735609296,A,3938695.694669621,52822219.31625134,7.73938129896388
对数渐进型,2048,6.4096,1778279410038922.8,0.6200709735609296,A,4485311.856067559,61855230.299435854,7.477912128040679
对数渐进型,2048,6.4096,2371373705661655.5,0.6200709735609296,A,5107787.95970622,72432956.52704833,7.227743921822761
对数渐进型,2048,6.4096,3162277660168379.5,0.6200709735609296,A,5816651.924888336,84819556.33907194,6.988388241069589
对数渐进型,2048,6.4096,4216965034285822.5,0.6200709735609296,A,6623892.746176769,99324361.20939599,6.759377757383627
对数渐进型,2048,6.4096,5623413251903491.0,0.6200709735609296,A,7543163.2628929475,116309600.70360708,6.540265340778144
对数渐进型,2048,6.4096,7498942093324558.0,0.6200709735609296,A,8590011.069170648,136199448.46474206,6.33062318668126
对数渐进型,2048,6.4096,1e+16,0.6200709735609296,A,9782141.469940271,159490615.13306728,6.130041980671767
对数渐进型,2048,6.4096,1.333521432163324e+16,0.6200709735609296,A,11139716.93020916,186764752.73766878,5.938130099315934
对数渐进型,2048,6.4096,1.7782794100389228e+16,0.6200709735609296,A,12685698.082216237,218702980.3356152,5.75451284554495
对数渐进型,2048,6.4096,2.371373705661655e+16,0.6200709735609296,A,14446232.057902245,256102893.64859167,5.578831717080136
对数渐进型,2048,6.4096,3.162277660168379e+16,0.6200709735609296,A,16451094.714552946,299898483.4798847,5.410743706477574
对数渐进型,2048,6.4096,4.216965034285822e+16,0.6200709735609296,A,18734194.232962728,351183460.3358403,5.249920631425518
对数渐进型,2048,6.4096,5.623413251903491e+16,0.6200709735609296,A,21334144.605458945,411238567.73929614,5.096048493987028
对数渐进型,2048,6.4096,7.498942093324558e+16,0.6200709735609296,A,24294918.71317349,481563566.3323641,4.948826867536811
对数渐进型,2048,6.4096,1e+17,0.6200709735609296,A,27666592.038036376,563914687.509952,4.807968310195254
对数渐进型,2048,6.4096,1.333521432163324e+17,0.6200709735609296,A,31506189.587870006,660348491.9163753,4.673197803614457
对数渐进型,2048,6.4096,1.778279410038923e+17,0.6200709735609296,A,35878650.35860279,773273228.0865349,4.544252216020494
对数渐进型,2048,6.4096,2.3713737056616554e+17,0.6200709735609296,A,40857925.64552068,905508973.8148322,4.420879788463552
对数渐进型,2048,6.4096,3.1622776601683795e+17,0.6200709735609296,A,46528229.77926267,1060358062.1666538,4.302839643272837
对数渐进型,2048,6.4096,4.216965034285823e+17,0.6200709735609296,A,52985464.44021954,1241687550.8864248,4.189901313756593
对数渐进型,2048,6.4096,5.6234132519034906e+17,0.6200709735609296,A,60338840.640720405,1454025794.7168963,4.081844294228943
对数渐进型,2048,6.4096,7.498942093324558e+17,1.0,B,145568651.32449675,421178101.86445695,3.9512882720192835
对数渐进型,2048,6.4096,1e+18,1.0,B,158379697.2614209,536889153.9062116,3.828251981503695
对数渐进型,2048,6.4096,1.333521432163324e+18,1.0,B,172553093.62285453,682657186.2201723,3.7132566823504565
对数渐进型,2048,6.4096,1.7782794100389228e+18,1.0,B,188261341.50178102,865717185.9232533,3.6056990693418163
对数渐进型,2048,6.4096,2.371373705661655e+18,1.0,B,205701480.25411296,1094869829.787937,3.505022478044652
对数渐进型,2048,6.4096,3.1622776601683794e+18,1.0,B,225098738.196113,1380772075.9922357,3.4107133640367353
对数渐进型,2048,6.4096,4.2169650342858225e+18,1.0,B,246710710.43979606,1736270898.2239137,3.3222980581831
对数渐进型,2048,6.4096,5.623413251903491e+18,1.0,B,270832131.8195988,2176785198.899504,3.2393397753060604
对数渐进型,2048,6.4096,7.498942093324558e+18,1.0,B,297800320.28397036,2720741841.134017,3.1614358549850587
对数渐进型,2048,6.4096,1e+19,1.0,B,328001374.56666476,3390073025.2075105,3.0882152145111634
对数渐进型,2048,6.4096,1.3335214321633241e+19,1.0,B,361877219.75261664,4210784004.9119053,3.019335995241888
对数渐进型,2048,6.4096,1.7782794100389229e+19,1.0,B,399933605.93857837,5213602481.199963,2.9544833847938667
对数渐进型,2048,6.4096,2.3713737056616554e+19,1.0,B,442749179.06060094,6434723989.980865,2.8933675987119276
对数渐进型,2048,6.4096,3.162277660168379e+19,1.0,B,490985759.67155516,7916671249.075945,2.835722006497061
对数渐进型,2048,6.4096,4.216965034285823e+19,1.0,B,545399985.5662516,9709289740.730183,2.781301388187316
对数渐进型,2048,6.4096,5.6234132519034905e+19,1.0,B,606856498.2028148,11870906744.411114,2.729880309075441
对数渐进型,2048,6.4096,7.498942093324558e+19,1.0,B,676342881.319387,14469686549.75335,2.681251601608457
对数渐进型,2048,6.4096,1e+20,1.0,B,754986593.3626473,17585220633.1758,2.635224945021284
对数渐进型,2048,6.4096,1.333521432163324e+20,1.0,B,844074173.6059449,21310398177.78581,2.5916255347656345
对数渐进型,2048,6.4096,1.778279410038923e+20,1.0,B,945073045.3598988,25753609528.803925,2.550292835249691
对数渐进型,2048,6.4096,2.3713737056616553e+20,1.0,B,1059656288.6946414,31041343169.70001,2.511079410741204
对数渐进型,2048,6.4096,3.1622776601683794e+20,1.0,B,1189730809.9199107,37321245837.4765,2.4738498304470773
对数渐进型,2048,6.4096,4.216965034285823e+20,1.0,B,1337469396.2017863,44765725818.24749,2.438479644718931
对数渐进型,2048,6.4096,5.6234132519034906e+20,1.0,B,1505347211.8781228,53576191697.97013,2.4048544300182266
对数渐进型,2048,6.4096,7.498942093324558e+20,1.0,B,1696183369.307962,63988033361.57203,2.3728689007006434
对数渐进型,2048,6.4096,1e+21,1.0,B,1913188292.8017282,76276469346.18126,2.3424260858649184
对数渐进型,2048,6.4096,1.333521432163324e+21,1.0,B,2160017690.9797254,90763405298.56946,2.3134365694924552
对数渐进型,2048,6.4096,1.7782794100389228e+21,1.0,B,2440834062.7214656,107825472834.59503,2.2858177919302545
对数渐进型,2048,6.4096,2.3713737056616553e+21,1.0,B,2760376786.876032,127903447170.60297,2.2594934104961517
对数渐进型,2048,6.4096,3.1622776601683794e+21,1.0,B,3124041988.521013,151513276190.0934,2.234392716666011
对数渐进型,2048,6.4096,4.2169650342858226e+21,1.0,B,3537973537.4423804,179258993927.06747,2.2104501069846556
对数渐进型,2048,6.4096,5.623413251903491e+21,1.0,B,4009166720.5961037,211847838734.1647,2.1876046045628397
对数渐进型,2048,6.4096,7.498942093324559e+21,1.0,B,4545586342.848334,250107951778.7828,2.1657994278066477
对数渐进型,2048,6.4096,1e+22,1.0,B,5156301252.912646,295009096303.94183,2.14498160288696
对数渐进型,2048,6.4096,1.3335214321633241e+22,1.0,B,5851637568.19669,347686913881.065,2.125101616398755
对数渐进型,2048,6.4096,1.7782794100389228e+22,1.0,B,6643353187.880578,409471322534.57587,2.1061131046790154
对数渐进型,2048,6.4096,2.371373705661655e+22,1.0,B,7544836543.241068,481919765332.5706,2.087972576338533
对数渐进型,2048,6.4096,3.1622776601683792e+22,1.0,B,8571332944.041587,566856139397.0194,2.070639164704808
对数渐进型,2048,6.4096,4.2169650342858225e+22,1.0,B,9740202346.577755,666416377323.2711,2.05407440705702
对数渐进型,2048,6.4096,5.623413251903491e+22,1.0,B,11071212900.560167,783101819262.5891,2.038242047746752
对数渐进型,2048,6.4096,7.498942093324558e+22,1.0,B,12586875237.35617,919841708573.0673,2.023107862527861
对数渐进型,2048,6.4096,1.0000000000000001e+23,1.0,B,14312823151.427773,1080066371850.3939,2.00863950165556
对数渐进型,2048,6.4096,1.3335214321633241e+23,1.0,B,16278247111.704634,1267792911010.5503,1.994806349550287
对数渐进型,2048,6.4096,1.7782794100389228e+23,1.0,B,18516387933.390854,1487725547581.4004,1.9815793990500714
对数渐进型,2048,6.4096,2.371373705661655e+23,1.0,B,21065098958.43413,1745373125277.607,1.9689311384914254
对数渐进型,2048,6.4096,3.162277660168379e+23,1.0,B,23967486251.76785,2047186705427.5938,1.9568354500604481
对数渐进型,2048,6.4096,4.2169650342858225e+23,1.0,B,27272637640.104694,2400720691593.6533,1.9452675180410623
对数渐进型,2048,6.4096,5.623413251903491e+23,1.0,B,31036452922.801327,2814821507312.4443,1.9342037457555346
对数渐进型,2048,6.4096,7.498942093324558e+23,1.0,B,35322589295.56677,3299848538956.8833,1.9236216801436226
对数渐进型,2048,6.4096,1e+24,1.0,B,40203537976.484474,3867932861467.265,1.9134999430615038
对数渐进型,2048,6.4096,1.333521432163324e+24,1.0,B,45761850242.935135,4533280208240.851,1.9038181685009192
对数渐进型,2048,6.4096,1.7782794100389228e+24,1.0,B,52091533615.05366,5312525751370.898,1.8945569450339397
对数渐进型,2048,6.4096,2.3713737056616553e+24,1.0,B,59299641799.0977,6225149552279.052,1.8856977628806093
对数渐进型,2048,6.4096,3.1622776601683796e+24,1.0,B,67508085281.21946,7293963057900.483,1.8772229650767933
对数渐进型,2048,6.4096,4.2169650342858227e+24,1.0,B,76855693194.01257,8545678791799.6045,1.8691157022890714
对数渐进型,2048,6.4096,5.62341325190349e+24,1.0,B,87500561327.9967,10011577467220.898,1.8613598908837048
对数渐进型,2048,6.4096,7.498942093324559e+24,1.0,B,99622725999.82098,11728289181994.521,1.853940173908697
对数渐进型,2048,6.4096,1e+25,1.0,B,113427209000.13846,13738708204191.064,1.8468418846927563
对数渐进型,2048,6.4096,1.3335214321633241e+25,1.0,B,129147485120.24559,16093064193579.283,1.8400510128035492
对数渐进型,2048,6.4096,1.7782794100389228e+25,1.0,B,147049430903.58725,18850176610626.9,1.8335541721407584
对数渐进型,2048,6.4096,2.3713737056616553e+25,1.0,B,167435821407.205,22078923639534.52,1.8273385709679597
对数渐进型,2048,6.4096,3.1622776601683795e+25,1.0,B,190651451026.7385,25859962308858.13,1.8213919837117594
对数渐进型,2048,6.4096,4.216965034285822e+25,1.0,B,217088964993.23853,30287742766465.02,1.8157027243776491
对数渐进型,2048,6.4096,5.6234132519034905e+25,1.0,B,247195500169.79126,35472867011482.58,1.8102596214500497
对数渐进型,2048,6.4096,7.498942093324558e+25,1.0,B,281480247463.4522,41544850988069.54,1.8050519941595238
对数渐进型,2048,6.4096,1e+26,1.0,B,320523063755.4067,48655359019000.19,1.800069630013458
对数渐进型,2048,6.4096,1.333521432163324e+26,1.0,B,364984279002.54395,56981991352856.73,1.7953027634979943
对数渐进型,2048,6.4096,1.7782794100389227e+26,1.0,B,415615864377.78326,66732719411534.445,1.7907420558688878
对数渐进型,2048,6.4096,2.3713737056616553e+26,1.0,B,473274150335.479,78151079499863.14,1.7863785759575221
对数渐进型,2048,6.4096,3.1622776601683796e+26,1.0,B,538934309702.15924,91522254680265.67,1.7822037819257106
对数渐进型,2048,6.4096,4.216965034285822e+26,1.0,B,613706850744.6577,107180196695587.89,1.77820950390934
对数渐进型,2048,6.4096,5.623413251903491e+26,1.0,B,698856399162.4977,125515965796413.62,1.7743879274964989
对数渐进型,2048,6.4096,7.498942093324558e+26,1.0,B,795823086663.617,146987496744044.22,1.7707315779906065
对数渐进型,2048,6.4096,1e+27,1.0,B,906246907867.8966,172131034876260.9,1.7672333054133298
对数渐进型,4096,6.8192,1000000000000000.0,0.6200709735609296,A,3363296.451055621,43601499.25786687,8.073073054445922
对数渐进型,4096,6.8192,1333521432163324.0,0.6200709735609296,A,3830058.1250299253,51057695.28252804,7.797181384924389
对数渐进型,4096,6.8192,1778279410038922.8,0.6200709735609296,A,4361597.454932491,59788958.910470195,7.533214035232747
对数渐进型,4096,6.8192,2371373705661655.5,0.6200709735609296,A,4966904.349193136,70013336.63451028,7.280655624085101
对数渐进型,4096,6.8192,3162277660168379.5,0.6200709735609296,A,5656216.34480147,81986162.59629928,7.03901304550129
对数渐进型,4096,6.8192,4216965034285822.5,0.6200709735609296,A,6441191.754456948,96006435.06473936,6.80781450604541
对数渐进型,4096,6.8192,5623413251903491.0,0.6200709735609296,A,7335106.843255047,112424283.3418823,6.586608603675877
对数渐进型,4096,6.8192,7498942093324558.0,0.6200709735609296,A,8353080.369752669,131649711.56790589,6.374963446408539
对数渐进型,4096,6.8192,1e+16,0.6200709735609296,A,9512329.289069269,154162837.7848517,6.17246580907205
对数渐进型,4096,6.8192,1.333521432163324e+16,0.6200709735609296,A,10832459.94272224,180525883.96002427,5.978720326509153
对数渐进型,4096,6.8192,1.7782794100389228e+16,0.6200709735609296,A,12335799.66008119,211397216.39679563,5.79334872164863
对数渐进型,4096,6.8192,2.371373705661655e+16,0.6200709735609296,A,14047774.379807033,247547787.16502213,5.615989066940753
对数渐进型,4096,6.8192,3.162277660168379e+16,0.6200709735609296,A,15997338.677974671,289880387.1441504,5.446295077714271
对数渐进型,4096,6.8192,4.216965034285822e+16,0.6200709735609296,A,18217465.475932565,339452191.48666966,5.283935436075217
对数渐进型,4096,6.8192,5.623413251903491e+16,0.6200709735609296,A,20745703.71031306,397501160.53144056,5.128593144027502
对数渐进型,4096,6.8192,7.498942093324558e+16,0.6200709735609296,A,23624813.3970494,465476955.4788607,4.979964904552297
对数渐进型,4096,6.8192,1e+17,0.6200709735609296,A,26903488.830217354,545077140.8873188,4.837760529437802
对数渐进型,4096,6.8192,1.333521432163324e+17,0.6200709735609296,A,30637182.147141483,638289578.0785578,4.701702372703209
对数渐进型,4096,6.8192,1.778279410038923e+17,0.6200709735609296,A,34889041.18869779,747442068.1455917,4.571524788510666
对数渐进型,4096,6.8192,2.3713737056616554e+17,0.6200709735609296,A,39730977.51681501,875260484.301694,4.446973612506839
对数渐进型,4096,6.8192,3.1622776601683795e+17,0.6200709735609296,A,45244882.65252301,1024936845.3138858,4.327805665581418
对数渐进型,4096,6.8192,4.216965034285823e+17,0.6200709735609296,A,51524013.104741566,1200209030.0238993,4.213788279073697
对数渐进型,4096,6.8192,5.6234132519034906e+17,1.0,B,128669672.4457565,326022265.3628898,4.097886179166099
对数渐进型,4096,6.8192,7.498942093324558e+17,1.0,B,139857697.51366723,416342137.0185298,3.965740452759195
对数渐进型,4096,6.8192,1e+18,1.0,B,152219529.86682555,530378271.37601596,3.8422947764979023
对数渐进型,4096,6.8192,1.333521432163324e+18,1.0,B,165902219.0577278,673920526.3710065,3.7268953371924978
对数渐进型,4096,6.8192,1.7782794100389228e+18,1.0,B,181073628.78332537,854035168.501909,3.6189388061859704
对数渐进型,4096,6.8192,2.371373705661655e+18,1.0,B,197925539.68054363,1079307502.0966108,3.517868519661899
对数渐进型,4096,6.8192,3.1622776601683794e+18,1.0,B,216677204.47077918,1360121443.6018274,3.4231709589606254
对数渐进型,4096,6.8192,4.2169650342858225e+18,1.0,B,237579414.64824694,1708980267.7960432,3.334372506626977
对数渐进型,4096,6.8192,5.623413251903491e+18,1.0,B,260919144.32921568,2140873387.488899,3.2510364554348916
对数渐进型,4096,6.8192,7.498942093324558e+18,1.0,B,287024844.07858455,2673694949.5008917,3.172760249025446
对数渐进型,4096,6.8192,1e+19,1.0,B,316272465.7642426,3328721331.0904546,3.099172934089029
对数渐进型,4096,6.8192,1.3335214321633241e+19,1.0,B,349092309.0978966,4131156393.903339,3.029932805257655
对数渐进型,4096,6.8192,1.7782794100389229e+19,1.0,B,385976791.9243809,5110755674.67259,2.9647252250893947
对数渐进型,4096,6.8192,2.3713737056616554e+19,1.0,B,427489260.0065656,6302543616.104172,2.9032606027619305
对数渐进型,4096,6.8192,3.162277660168379e+19,1.0,B,474273968.5458585,7747641487.763571,2.845272516378764
对数渐进型,4096,6.8192,4.216965034285823e+19,1.0,B,527067387.5055273,9494227801.797451,2.7905159651515623
对数渐进型,4096,6.8192,5.6234132519034905e+19,1.0,B,586711006.4530982,11598657753.081593,2.738765739162073
对数渐进型,4096,6.8192,7.498942093324558e+19,1.0,B,654165842.5212331,14126773461.67726,2.6898148959149877
对数渐进型,4096,6.8192,1e+20,1.0,B,730528887.5261743,17155442539.29299,2.643473334437697
对数渐进型,4096,6.8192,1.333521432163324e+20,1.0,B,817051767.5203192,20774368759.13357,2.599566459215433
对数渐进型,4096,6.8192,1.778279410038923e+20,1.0,B,915161930.2928118,25088225469.261,2.557933927710467
对数渐进型,4096,6.8192,2.3713737056616553e+20,1.0,B,1026486723.7980455,30219170028.579773,2.518428476537941
对数渐进型,4096,6.8192,3.1622776601683794e+20,1.0,B,1152880781.5212698,36309806225.643326,2.480914822500234
对数渐进型,4096,6.8192,4.216965034285823e+20,1.0,B,1296457189.906023,43526671706.7824,2.4452686355726017
对数渐进型,4096,6.8192,5.6234132519034906e+20,1.0,B,1459622978.9372523,52064339297.03149,2.4113755815621927
对数渐进型,4096,6.8192,7.498942093324558e+20,1.0,B,1645119550.8512135,62150235194.13646,2.379130432530904
对数渐进型,4096,6.8192,1e+21,1.0,B,1856068745.0704613,74050293832.18388,2.348436243203145
对数渐进型,4096,6.8192,1.333521432163324e+21,1.0,B,2096025331.4621475,88075589253.15762,2.3192035915137352
对数渐进型,4096,6.8192,1.7782794100389228e+21,1.0,B,2369036830.7628784,104590106632.18297,2.291349881241498
对数渐进型,4096,6.8192,2.3713737056616553e+21,1.0,B,2679711682.611417,124019845767.26122,2.264798704377415
对数渐进型,4096,6.8192,3.1622776601683794e+21,1.0,B,3033296920.410903,146863481536.0989,2.2394792605461653
对数渐进型,4096,6.8192,4.2169650342858226e+21,1.0,B,3435766670.76753,173704845317.47794,2.215325830482338
对数渐进型,4096,6.8192,5.623413251903491e+21,1.0,B,3893922976.3545837,205227537087.3968,2.1922773002921545
对数渐进型,4096,6.8192,7.498942093324559e+21,1.0,B,4415510647.867334,242232031417.42462,2.170276733030747
对数渐进型,4096,6.8192,1e+22,1.0,B,5009348086.789873,285655703214.74866,2.1492709840049264
对数渐进型,4096,6.8192,1.3335214321633241e+22,1.0,B,5685476289.957461,336596272280.19904,2.129210356173448
对数渐进型,4096,6.8192,1.7782794100389228e+22,1.0,B,6455328553.876987,396339251428.98016,2.1100482920553
对数渐进型,4096,6.8192,2.371373705661655e+22,1.0,B,7331923746.594933,466390083146.7459,2.091741098660981
对数渐进型,4096,6.8192,3.1622776601683792e+22,1.0,B,8330086413.428946,548511767040.3939,2.0742477021191497
对数渐进型,4096,6.8192,4.2169650342858225e+22,1.0,B,9466697436.793282,644768917618.9423,2.0575294288677144
对数渐进型,4096,6.8192,5.623413251903491e+22,1.0,B,10760979487.272123,757579352638.4805,2.0415498105012824
对数渐进型,4096,6.8192,7.498942093324558e+22,1.0,B,12234822091.735336,889774500385.8191,2.0262744096042806
对数渐进型,4096,6.8192,1.0000000000000001e+23,1.0,B,13913151814.573236,1044670134563.3661,2.0116706641411706
对数渐进型,4096,6.8192,1.3335214321633241e+23,1.0,B,15824353811.365767,1226149203380.5762,1.9977077482142647
对数渐进型,4096,6.8192,1.7782794100389228e+23,1.0,B,18000751883.39545,1438758821501.9365,1.9843564472298536
对数渐进型,4096,6.8192,2.371373705661655e+23,1.0,B,20479155151.0424,1687823847196.259,1.9715890457306098
对数渐进型,4096,6.8192,3.162277660168379e+23,1.0,B,23301480591.02081,1979579881211.687,1.9593792263538887
对数渐进型,4096,6.8192,4.2169650342858225e+23,1.0,B,26515461965.648514,2321329008914.4497,1.9477019785602412
对数渐进型,4096,6.8192,5.623413251903491e+23,1.0,B,30175457133.64579,2721622175186.726,1.9365335159436692
对数渐进型,4096,6.8192,7.498942093324558e+23,1.0,B,34343367395.97494,3190472746671.4937,1.9258512010851254
对数渐进型,4096,6.8192,1e+24,1.0,B,39089684425.20556,3739606594781.773,1.915633477044181
对数渐进型,4096,6.8192,1.333521432163324e+24,1.0,B,44494682484.75525,4382754944918.84,1.9058598047016748
对数渐进型,4096,6.8192,1.7782794100389228e+24,1.0,B,50649776101.7297,5135997305334.75,1.8965106052697256
对数渐进型,4096,6.8192,2.3713737056616553e+24,1.0,B,57659066155.4334,6018163039709.085,1.8875672073760226
对数渐进型,4096,6.8192,3.1622776601683796e+24,1.0,B,65641100530.34378,7051301612014.01,1.879011798208149
对数渐进型,4096,6.8192,4.2169650342858227e+24,1.0,B,74730879111.28732,8261233247193.197,1.8708273782720721
对数渐进型,4096,6.8192,5.62341325190349e+24,1.0,B,85082137031.14528,9678193759402.723,1.8629977193781162
对数渐进型,4096,6.8192,7.498942093324559e+24,1.0,B,96869944787.51488,11337589651209.479,1.8555073255187988
对数渐进型,4096,6.8192,1e+25,1.0,B,110293669203.9413,13280882340945.148,1.848341396346927
对数渐进型,4096,6.8192,1.3335214321633241e+25,1.0,B,125580345314.34636,15556623600131.52,1.84148579300019
对数渐进型,4096,6.8192,1.7782794100389228e+25,1.0,B,142988516199.1713,18221668059075.242,1.8349270060510419
对数渐进型,4096,6.8192,2.3713737056616553e+25,1.0,B,162812605716.2492,21342593060659.492,1.8286521253885983
对数渐进型,4096,6.8192,3.1622776601683795e+25,1.0,B,185387898082.24182,24997361320481.457,1.822648811863277
对数渐进型,4096,6.8192,4.216965034285822e+25,1.0,B,211096208524.14554,29277267915100.742,1.8169052705455107
对数渐进型,4096,6.8192,5.6234132519034905e+25,1.0,B,240372340908.38754,34289220220713.297,1.8114102254675652
对数渐进型,4096,6.8192,7.498942093324558e+25,1.0,B,273711441565.1881,40158407739356.914,1.8061528957327018
对数渐进型,4096,6.8192,1e+26,1.0,B,311677373683.2227,47031428486438.125,1.8011229728890157
对数渐进型,4096,6.8192,1.333521432163324e+26,1.0,B,354912253910.4154,55079950015120.12,1.7963105994765574
对数渐进型,4096,6.8192,1.7782794100389227e+26,1.0,B,404147312453.0785,64504996504633.68,1.7917063486660667
对数渐进型,4096,6.8192,2.3713737056616553e+26,1.0,B,460215260350.029,75541968974292.98,1.787301204916062
对数渐进型,4096,6.8192,3.1622776601683796e+26,1.0,B,524064373088.8601,88466523993439.44,1.7830865455823088
对数渐进型,4096,6.8192,4.216965034285822e+26,1.0,B,596774528760.2362,103601457696781.56,1.779054123420015
对数渐进型,4096,6.8192,5.623413251903491e+26,1.0,B,679575472002.9869,121324767020184.88,1.7751960499246053
对数渐进型,4096,6.8192,7.498942093324558e+26,1.0,B,773867612637.596,142079089470763.88,1.7715047794617342
对数渐进型,4096,6.8192,1e+27,1.0,B,881245710754.5925,166382757171403.44,1.7679730941414094
对数渐进型,8192,7.6384,1000000000000000.0,0.6200709735609296,A,3195355.177838996,40971179.20884336,8.185209805290878
对数渐进型,8192,7.6384,1333521432163324.0,0.6200709735609296,A,3638809.7925169393,47977570.01517658,7.904471470829883
对数渐进型,8192,7.6384,1778279410038922.8,0.6200709735609296,A,4143807.485924584,56182108.22851645,7.635866934009204
对数渐进型,8192,7.6384,2371373705661655.5,0.6200709735609296,A,4718889.268605476,65789686.38891589,7.3788717596979625
对数渐进型,8192,7.6384,3162277660168379.5,0.6200709735609296,A,5373781.481161482,77040235.25687142,7.132984179387442
对数渐进型,8192,7.6384,4216965034285822.5,0.6200709735609296,A,6119560.295554052,90214715.62196147,6.897724111516516
对数渐进型,8192,7.6384,5623413251903491.0,0.6200709735609296,A,6968839.046061707,105642134.7574416,6.672632224139622
对数渐进型,8192,7.6384,7498942093324558.0,0.6200709735609296,A,7935981.558217063,123707762.74322839,6.457269038107175
对数渐进型,8192,7.6384,1e+16,0.6200709735609296,A,9037345.083748663,144862753.8441222,6.251214069007443
对数渐进型,8192,7.6384,1.333521432163324e+16,0.6200709735609296,A,10291556.95027917,169635413.21865386,6.054065006194569
对数渐进型,8192,7.6384,1.7782794100389228e+16,0.6200709735609296,A,11719829.604747765,198644390.32291046,5.865436927299842
对数渐进型,8192,7.6384,2.371373705661655e+16,0.6200709735609296,A,13346319.37887648,232614128.48919067,5.684961546692599
对数渐进型,8192,7.6384,3.162277660168379e+16,0.6200709735609296,A,15198535.0444699,272392956.50295943,5.512286496423397
对数渐进型,8192,7.6384,4.216965034285822e+16,0.6200709735609296,A,17307803.06843108,318974273.98040056,5.347074638245581
对数渐进型,8192,7.6384,5.623413251903491e+16,0.6200709735609296,A,19709797.436338432,373521359.6105526,5.189003405371964
对数渐进型,8192,7.6384,7.498942093324558e+16,0.6200709735609296,A,22445143.00547259,437396421.80011207,5.037764172681459
对数渐进型,8192,7.6384,1e+17,0.6200709735609296,A,25560102.591784995,512194617.20479894,4.893061654146029
对数渐进型,8192,7.6384,1.333521432163324e+17,0.6200709735609296,A,29107359.41148986,599783886.6945701,4.75461332630146
对数渐进型,8192,7.6384,1.778279410038923e+17,0.6200709735609296,A,33146908.11068779,702351603.5792365,4.622148876636304
对数渐进型,8192,7.6384,2.3713737056616554e+17,0.6200709735609296,A,37747069.452980325,822459199.044028,4.495409675822037
对数渐进型,8192,7.6384,3.1622776601683795e+17,0.6200709735609296,A,42985645.82645699,963106128.9601251,4.374148272753948
对数渐进型,8192,7.6384,4.216965034285823e+17,0.6200709735609296,A,48951237.11310225,1127804779.5182025,4.258127911416886
对数渐进型,8192,7.6384,5.6234132519034906e+17,1.0,B,119529251.48829837,319431607.2868999,4.125646851123549
对数渐进型,8192,7.6384,7.498942093324558e+17,1.0,B,130003815.32170112,407450999.34649205,3.9927223896871062
对数渐进型,8192,7.6384,1e+18,1.0,B,141586995.28477913,518422275.7308439,3.868507926516134
对数渐进型,8192,7.6384,1.333521432163324e+18,1.0,B,154418644.9818105,657897932.14262,3.7523495769212696
对数渐进型,8192,7.6384,1.7782794100389228e+18,1.0,B,168658478.89604127,832639970.7261021,3.643643984611968
对数渐进型,8192,7.6384,2.371373705661655e+18,1.0,B,184489029.51608467,1050846274.4202707,3.5418345043483166
对数渐进型,8192,7.6384,3.1622776601683794e+18,1.0,B,202119032.92157316,1322410877.2469544,3.4464076841104268
对数渐进型,8192,7.6384,4.2169650342858225e+18,1.0,B,221787298.34462342,1659222051.8760376,3.3568900223304974
对数渐进型,8192,7.6384,5.623413251903491e+18,1.0,B,243767123.2651806,2075502798.3795335,3.272844977245298
对数渐进型,8192,7.6384,7.498942093324558e+18,1.0,B,268371322.43472254,2588199269.025531,3.1938702068197715
对数渐进型,8192,7.6384,1e+19,1.0,B,295957947.11862105,3217423985.0633183,3.119595019003113
对数渐进型,8192,7.6384,1.3335214321633241e+19,1.0,B,326936780.1416566,3986962467.924432,3.0496780133478048
对数渐进型,8192,7.6384,1.7782794100389229e+19,1.0,B,361776703.4197442,4924854177.53656,2.9838048962906005
对数渐进型,8192,7.6384,2.3713737056616554e+19,1.0,B,401014048.01901793,6064061457.437226,2.9216864537000644
对数渐进型,8192,7.6384,3.162277660168379e+19,1.0,B,445262052.87537754,7443243533.216039,2.8630566656669236
对数渐进型,8192,7.6384,4.216965034285823e+19,1.0,B,495221577.5912286,9107656473.693651,2.80767094996703
对数渐进型,8192,7.6384,5.6234132519034905e+19,1.0,B,551693237.6076387,11110204363.784628,2.7553045221599284
对数渐进型,8192,7.6384,7.498942093324558e+19,1.0,B,615591156.8595784,13512671718.489994,2.705750861876778
对数渐进型,8192,7.6384,1e+20,1.0,B,687958564.0097337,16387172380.859768,2.6588202764579
对数渐进型,8192,7.6384,1.333521432163324e+20,1.0,B,769985493.714968,19817855836.333237,2.6143385546653195
对数渐进型,8192,7.6384,1.778279410038923e+20,1.0,B,863028894.292404,23902918154.17746,2.572145704653601
对数渐进型,8192,7.6384,2.3713737056616553e+20,1.0,B,968635487.8592592,28756971823.835762,2.5320947716682434
对数渐进型,8192,7.6384,3.1622776601683794e+20,1.0,B,1088567778.893686,34513836854.35402,2.4940507320004395
对数渐进型,8192,7.6384,4.216965034285823e+20,1.0,B,1224833662.7678711,41329824975.71163,2.4578894605242665
对数渐进型,8192,7.6384,5.6234132519034906e+20,1.0,B,1379720147.945778,49387599995.177025,2.4234967696649994
对数渐进型,8192,7.6384,7.498942093324558e+20,1.0,B,1555831775.2805154,58900710724.79524,2.390767517907483
对数渐进型,8192,7.6384,1e+21,1.0,B,1756134396.5105617,70118908836.52953,2.359604785985214
对数渐进型,8192,7.6384,1.333521432163324e+21,1.0,B,1984005063.198756,83334382973.13455,2.3299191187435024
对数渐进型,8192,7.6384,1.7782794100389228e+21,1.0,B,2243288878.756936,98889062935.35275,2.3016278304015807
对数渐进型,8192,7.6384,2.3713737056616553e+21,1.0,B,2538363781.8279614,117183174324.4048,2.274654370606963
对数渐进型,8192,7.6384,3.1622776601683794e+21,1.0,B,2874214361.3344593,138685255267.2398,2.2489277483333376
对数渐进型,8192,7.6384,4.2169650342858226e+21,1.0,B,3256515954.3461084,163943883521.37723,2.224382010362924
对数渐进型,8192,7.6384,5.623413251903491e+21,1.0,B,3691730450.2187576,193601405211.50146,2.2009557708456717
对数渐进型,8192,7.6384,7.498942093324559e+21,1.0,B,4187215421.1775107,228410006719.3067,2.1785917882583608
对数渐进型,8192,7.6384,1e+22,1.0,B,4751348423.978883,269250530051.72928,2.1572365860030605
对数渐进型,8192,7.6384,1.3335214321633241e+22,1.0,B,5393668573.259021,317154500794.7463,2.13684011288414
对数渐进型,8192,7.6384,1.7782794100389228e+22,1.0,B,6125037778.936809,373329918223.4543,2.1173554397774046
对数渐进型,8192,7.6384,2.371373705661655e+22,1.0,B,6957824372.470668,439191451287.0673,2.0987384889416436
对数渐进型,8192,7.6384,3.1622776601683792e+22,1.0,B,7906112225.434859,516395794370.17096,2.080947792607755
对数渐进型,8192,7.6384,4.2169650342858225e+22,1.0,B,8985938895.13963,606883065703.7572,2.0639442776996932
对数渐进型,8192,7.6384,5.623413251903491e+22,1.0,B,10215566823.127628,712925282286.8883,2.0476910737817215
对数渐进型,8192,7.6384,7.498942093324558e+22,1.0,B,11615792171.606548,837183121959.0746,2.032153341576679
对数渐进型,8192,7.6384,1.0000000000000001e+23,1.0,B,13210296519.665518,982772390254.7845,2.0172981196509654
对数渐进型,8192,7.6384,1.3335214321633241e+23,1.0,B,15026047366.219303,1153341852049.759,2.0030941871066634
对数渐进型,8192,7.6384,1.7782794100389228e+23,1.0,B,17093754212.294853,1353164371830.5151,1.9895119403544552
对数渐进型,8192,7.6384,2.371373705661655e+23,1.0,B,19448387935.45974,1587243638776.411,1.9765232822592727
对数渐进型,8192,7.6384,3.162277660168379e+23,1.0,B,22129772239.812027,1861439142039.1453,1.9641015221519014
对数渐进型,8192,7.6384,4.2169650342858225e+23,1.0,B,25183257184.09408,2182612517360.4634,1.9522212853830097
对数渐进型,8192,7.6384,5.623413251903491e+23,1.0,B,28660486178.800995,2558798919866.5337,1.940858431261234
对数渐进型,8192,7.6384,7.498942093324558e+23,1.0,B,32620269424.07405,2999407702849.0107,1.929989978364465
对数渐进型,8192,7.6384,1e+24,1.0,B,37129578560.49331,3515457414192.034,1.9195940363442725
对数渐进型,8192,7.6384,1.333521432163324e+24,1.0,B,42264679355.0113,4119850979112.4663,1.9096497434586408
对数渐进型,8192,7.6384,1.7782794100389228e+24,1.0,B,48112421578.90024,4827697941448.204,1.9001372091691715
对数渐进型,8192,7.6384,2.3713737056616553e+24,1.0,B,54771707893.22962,5656691810916.298,1.8910374612270155
对数渐进型,8192,7.6384,3.1622776601683796e+24,1.0,B,62355166584.951836,6627551939923.0205,1.8823323967483645
对数渐进型,8192,7.6384,4.2169650342858227e+24,1.0,B,70991056444.43736,7764540965001.41,1.8740047368466788
对数渐进型,8192,7.6384,5.62341325190349e+24,1.0,B,80825436001.50609,9096070735029.223,1.866037984446154
对数渐进型,8192,7.6384,7.498942093324559e+24,1.0,B,92024633808.13603,10655411858159.232,1.8584163849503663
对数渐进型,8192,7.6384,1e+25,1.0,B,104778061547.59436,12481524587072.148,1.8511248894825978
对数渐进型,8192,7.6384,1.3335214321633241e+25,1.0,B,119301417547.9895,14620031792346.8,1.844149120450946
对数渐进型,8192,7.6384,1.7782794100389228e+25,1.0,B,135840334881.16196,17124358322114.633,1.837475339222758
对数渐进型,8192,7.6384,2.3713737056616553e+25,1.0,B,154674535747.04,20057065201346.758,1.831090415719938
对数渐进型,8192,7.6384,3.1622776601683795e+25,1.0,B,176122562406.4459,23491411989856.867,1.8249817997698559
对数渐进型,8192,7.6384,4.216965034285822e+25,1.0,B,200547164676.4461,27513186315931.043,1.8191374940665006
对数渐进型,8192,7.6384,5.6234132519034905e+25,1.0,B,228361435106.80182,32222846274685.984,1.8135460286136245
对数渐进型,8192,7.6384,7.498942093324558e+25,1.0,B,260035795601.5126,37738029193459.71,1.8081964365363346
对数渐进型,8192,7.6384,1e+26,1.0,B,296105953650.03595,44196489415832.41,1.8030782311602556
对数渐进型,8192,7.6384,1.333521432163324e+26,1.0,B,337181962731.61017,51759538469806.36,1.7981813842682979
对数渐进型,8192,7.6384,1.7782794100389227e+26,1.0,B,383958540131.031,60616073531740.42,1.7934963054544977
对数渐进型,8192,7.6384,2.3713737056616553e+26,1.0,B,437226816670.8293,70987294789181.19,1.7890138225025431
对数渐进型,8192,7.6384,3.1622776601683796e+26,1.0,B,497887717082.64655,83132229509672.45,1.7847251627236842
对数渐进型,8192,7.6384,4.216965034285822e+26,1.0,B,566967197319.6309,97354200768541.9,1.7806219351948585
对数渐进型,8192,7.6384,5.623413251903491e+26,1.0,B,645633596518.0765,114008402379699.39,1.77669611384324
对数渐进型,8192,7.6384,7.498942093324558e+26,1.0,B,735217397081.5519,133510769198765.44,1.7729400213280897
对数渐进型,8192,7.6384,1e+27,1.0,B,837233727088.9733,156348364317330.2,1.769346313674911
对数渐进型,32768,12.5536,1000000000000000.0,0.6200709735609296,A,2553266.5290393475,31198632.719696783,8.69996340214666
对数渐进型,32768,12.5536,1333521432163324.0,0.6200709735609296,A,2907611.433373565,36533841.9491708,8.396976891315784
对数渐进型,32768,12.5536,1778279410038922.8,0.6200709735609296,A,3311132.6809526407,42781413.51766137,8.107085767038466
对数渐进型,32768,12.5536,2371373705661655.5,0.6200709735609296,A,3770655.014295391,50097368.49235691,7.829724033328552
对数渐进型,32768,12.5536,3162277660168379.5,0.6200709735609296,A,4293950.3205713695,58664408.758324645,7.5643501571246885
对数渐进型,32768,12.5536,4216965034285822.5,0.6200709735609296,A,4889869.077290908,68696479.64620848,7.310446010977702
对数渐进型,32768,12.5536,5623413251903491.0,0.6200709735609296,A,5568490.04016055,80444112.80480623,7.067515861436132
对数渐进型,32768,12.5536,7498942093324558.0,0.6200709735609296,A,6341290.704770013,94200682.74647856,6.835085401154772
对数渐进型,32768,12.5536,1e+16,0.6200709735609296,A,7221341.42512418,110309733.31055844,6.612700822836469
对数渐进型,32768,12.5536,1.333521432163324e+16,0.6200709735609296,A,8223526.4721404575,129173557.00908045,6.399927933199097
对数渐进型,32768,12.5536,1.7782794100389228e+16,0.6200709735609296,A,9364795.770867746,151263241.50745666,6.196351305237786
对数渐进型,32768,12.5536,2.371373705661655e+16,0.6200709735609296,A,10664451.574050283,177130434.13161343,6.001573467127258
对数渐进型,32768,12.5536,3.162277660168379e+16,0.6200709735609296,A,12144474.92053788,207421118.19749323,5.815214126180609
对数渐进型,32768,12.5536,4.216965034285822e+16,0.6200709735609296,A,13829897.399924114,242891745.2002083,5.6369094263494
对数渐进型,32768,12.5536,5.623413251903491e+16,0.6200709735609296,A,15749224.511055002,284428125.7332257,5.466311237815352
对数渐进型,32768,12.5536,7.498942093324558e+16,0.6200709735609296,A,17934917.774659403,333067550.9018761,5.303086477286607
对数渐进型,32768,12.5536,1e+17,0.6200709735609296,A,20423943.754056472,390024696.6708983,5.146916457671487
对数渐进型,32768,12.5536,1.333521432163324e+17,0.6200709735609296,A,23258399.269510012,456721958.05721784,4.997496265860016
对数渐进型,32768,12.5536,1.778279410038923e+17,0.6200709735609296,A,26486223.380462706,534824970.70597076,4.854534167398349
对数渐进型,32768,12.5536,2.3713737056616554e+17,0.6200709735609296,A,30162008.17738179,626284206.932759,4.7177510368938
对数渐进型,32768,12.5536,3.1622776601683795e+17,1.0,B,73318611.66544138,178877654.28354824,4.558162225086155
对数渐进型,32768,12.5536,4.216965034285823e+17,1.0,B,79753863.81887251,228113049.53590086,4.401812003096357
对数渐进型,32768,12.5536,5.6234132519034906e+17,1.0,B,86871420.55306152,290168734.1726587,4.255696829736361
对数渐进型,32768,12.5536,7.498942093324558e+17,1.0,B,94757475.1452997,368140410.3799656,4.119048497040764
对数渐进型,32768,12.5536,1e+18,1.0,B,103510469.09739156,465796476.3888984,3.9911581694020626
对数渐进型,32768,12.5536,1.333521432163324e+18,1.0,B,113242915.28665876,587703536.8912582,3.8713718994326642
对数渐进型,32768,12.5536,1.7782794100389228e+18,1.0,B,124083484.93802018,739370646.0961025,3.759086495573384
对数渐进型,32768,12.5536,2.371373705661655e+18,1.0,B,136179392.53512433,927414457.3864714,3.6537457126742385
对数渐进型,32768,12.5536,3.1622776601683794e+18,1.0,B,149699116.50555912,1159747829.206126,3.5548367385488255
对数渐进型,32768,12.5536,4.2169650342858225e+18,1.0,B,164835497.729479,1445794974.521005,3.461886951141393
对数渐进型,32768,12.5536,5.623413251903491e+18,1.0,B,181809262.79796195,1796736985.5803204,3.374460922490636
对数渐进型,32768,12.5536,7.498942093324558e+18,1.0,B,200873024.69741148,2225792557.235127,3.292157647174751
对数渐进型,32768,12.5536,1e+19,1.0,B,222315820.47005767,2748540001.5415783,3.2146079744266283
对数渐进型,32768,12.5536,1.3335214321633241e+19,1.0,B,246468253.67680076,3383288210.2599792,3.1414722246601787
对数渐进型,32768,12.5536,1.7782794100389229e+19,1.0,B,273708319.4562381,4151506080.3048024,3.0724379727817452
对数渐进型,32768,12.5536,2.3713737056616554e+19,1.0,B,304468001.9086782,5078322056.012936,3.0072179823911274
对数渐进型,32768,12.5536,3.162277660168379e+19,1.0,B,339240747.6799793,6193107839.413675,2.9455482768002357
对数渐进型,32768,12.5536,4.216965034285823e+19,1.0,B,378589936.1725939,7530162956.855108,2.8871863346851265
对数渐进型,32768,12.5536,5.6234132519034905e+19,1.0,B,423158485.918823,9129519745.132229,2.8319094000878056
对数渐进型,32768,12.5536,7.498942093324558e+19,1.0,B,473679758.42881435,11037891459.652893,2.779512898328428
对数渐进型,32768,12.5536,1e+20,1.0,B,530989945.38625985,13309789676.738953,2.7298089510982946
对数渐进型,32768,12.5536,1.333521432163324e+20,1.0,B,596042152.5602441,16008841069.918577,2.6826249855032054
对数渐进型,32768,12.5536,1.778279410038923e+20,1.0,B,669922424.4677821,19209338134.33213,2.6378024330526357
对数渐进型,32768,12.5536,2.3713737056616553e+20,1.0,B,753867988.0157254,22998063695.842236,2.5951955155028523
对数渐进型,32768,12.5536,3.1622776601683794e+20,1.0,B,849288031.5779892,27476435278.27788,2.5546701150497397
对数渐进型,32768,12.5536,4.216965034285823e+20,1.0,B,957787378.8878433,32763022836.33836,2.5161027266469347
对数渐进型,32768,12.5536,5.6234132519034906e+20,1.0,B,1081193465.5625618,38996502228.72486,2.479379490239112
对数渐进型,32768,12.5536,7.498942093324558e+20,1.0,B,1221587080.991794,46339117355.72709,2.444395300508945
对数渐进型,32768,12.5536,1e+21,1.0,B,1381337400.8016007,54980736388.09106,2.411052991408146
对数渐进型,32768,12.5536,1.333521432163324e+21,1.0,B,1563141906.3687592,65143602271.073814,2.3792625923466972
对数渐进型,32768,12.5536,1.7782794100389228e+21,1.0,B,1770071869.2408836,77087895045.58002,2.348940652511054
对数渐进型,32768,12.5536,2.3713737056616553e+21,1.0,B,2005624171.2907472,91118243893.20007,2.3200096294204426
对数渐进型,32768,12.5536,3.1622776601683794e+21,1.0,B,2273780337.627986,107591350664.93501,2.2923973375444753
对数渐进型,32768,12.5536,4.2169650342858226e+21,1.0,B,2579073780.5288463,126924914566.0575,2.2660364526144936
对数渐进型,32768,12.5536,5.623413251903491e+21,1.0,B,2926666390.973052,149608080320.3569,2.2408640671719082
对数渐进型,32768,12.5536,7.498942093324559e+21,1.0,B,3322435772.11449,176213670328.56656,2.216821292905559
对数渐进型,32768,12.5536,1e+22,1.0,B,3773074588.7974243,207412506014.30975,2.1938529054260414
对数渐进型,32768,12.5536,1.3335214321633241e+22,1.0,B,4286203712.0692177,243990175828.94983,2.1719070272930505
对数渐进型,32768,12.5536,1.7782794100389228e+22,1.0,B,4870501070.964576,286866668569.73236,2.1509348453353505
对数渐进型,32768,12.5536,2.371373705661655e+22,1.0,B,5535848389.564309,337119362283.19446,2.130890358565419
对数渐进型,32768,12.5536,3.1622776601683792e+22,1.0,B,6293498289.932513,396009942869.40717,2.111730153276966
对数渐进型,32768,12.5536,4.2169650342858225e+22,1.0,B,7156264586.110371,465015924669.20905,2.0934132022102925
对数渐进型,32768,12.5536,5.623413251903491e+22,1.0,B,8138738986.706078,545867560260.8961,2.0759006849672788
对数渐进型,32768,12.5536,7.498942093324558e+22,1.0,B,9257537870.398994,640591061287.9703,2.0591558271464248
对数渐进型,32768,12.5536,1.0000000000000001e+23,1.0,B,10531583307.414911,751559209749.6447,2.0431437559429737
对数渐进型,32768,12.5536,1.3335214321633241e+23,1.0,B,11982423079.343285,881550623747.8849,2.02783137021574
对数渐进型,32768,12.5536,1.7782794100389228e+23,1.0,B,13634595109.331743,1033819157810.8292,2.0131872232585204
对数渐进型,32768,12.5536,2.371373705661655e+23,1.0,B,15516042465.89627,1212175170998.729,1.9991814167288942
对数渐进型,32768,12.5536,3.162277660168379e+23,1.0,B,17658585958.993332,1421080692369.031,1.9857855043806856
对数渐进型,32768,12.5536,4.2169650342858225e+23,1.0,B,20098462321.12073,1665760860430.9072,1.9729724044190566
对数渐进型,32768,12.5536,5.623413251903491e+23,1.0,B,22876937075.498135,1952334419625.601,1.9607163194502202
对数渐进型,32768,12.5536,7.498942093324558e+23,1.0,B,26041002456.592705,2287966532776.5986,1.9489926631324888
对数渐进型,32768,12.5536,1e+24,1.0,B,29644172186.778847,2681047725746.864,1.9377779927533982
对数渐进型,32768,12.5536,1.333521432163324e+24,1.0,B,33747386551.071697,3141403433137.512,1.9270499470605769
对数渐进型,32768,12.5536,1.7782794100389228e+24,1.0,B,38420043077.35459,3680539378061.2056,1.91678718876344
对数渐进型,32768,12.5536,2.3713737056616553e+24,1.0,B,43741170253.91174,4311928913906.027,1.9069693512002635
对数渐进型,32768,12.5536,3.1622776601683796e+24,1.0,B,49800764135.26122,5051349503923.897,1.8975769887320881
对数渐进型,32768,12.5536,4.2169650342858227e+24,1.0,B,56701310442.23011,5917276741596.4795,1.8885915304826197
对数渐进型,32768,12.5536,5.62341325190349e+24,1.0,B,64559517899.47246,6931345751700.221,1.8799952370929411
对数渐进型,32768,12.5536,7.498942093324559e+24,1.0,B,73508292126.29492,8118891494692.937,1.8717711602025653
对数渐进型,32768,12.5536,1e+25,1.0,B,83698983465.12439,9509581467501.922,1.8639031044050347
对数渐进型,32768,12.5536,1.3335214321633241e+25,1.0,B,95303946765.06097,11138156601213.797,1.8563755914577837
对数渐进型,32768,12.5536,1.7782794100389228e+25,1.0,B,108519456414.04651,13045298858174.656,1.8491738265530189
对数渐进型,32768,12.5536,2.3713737056616553e+25,1.0,B,123569025921.49242,15278647195081.729,1.842283666479613
对数渐进型,32768,12.5536,3.1622776601683795e+25,1.0,B,140707188195.34998,17893987263803.195,1.83569158952596
对数渐进型,32768,12.5536,4.216965034285822e+25,1.0,B,160223800449.34073,20956644560424.84,1.8293846669909068
对数渐进型,32768,12.5536,5.6234132519034905e+25,1.0,B,182448946549.113,24543115813749.76,1.8233505361846574
对数渐进型,32768,12.5536,7.498942093324558e+25,1.0,B,207758519710.51355,28742979354054.43,1.817577374814284
对数渐进型,32768,12.5536,1e+26,1.0,B,236580579970.04672,33661132169884.312,1.812053876659487
对数渐进型,32768,12.5536,1.333521432163324e+26,1.0,B,269402593951.14297,39420409519096.47,1.8067692284537649
对数渐进型,32768,12.5536,1.7782794100389227e+26,1.0,B,306779679372.2365,46164652513893.81,1.8017130878944196
对数渐进型,32768,12.5536,2.3713737056616553e+26,1.0,B,349343993735.7641,54062300286890.17,1.7968755627120017
对数渐进型,32768,12.5536,3.1622776601683796e+26,1.0,B,397815425988.6383,63310596445654.82,1.792247190736065
对数渐进型,32768,12.5536,4.216965034285822e+26,1.0,B,453013771982.0012,74140514863836.67,1.7878189208995812
对数渐进型,32768,12.5536,5.623413251903491e+26,1.0,B,515872599653.3548,86822527821038.25,1.7835820951291643
对数渐进型,32768,12.5536,7.498942093324558e+26,1.0,B,587455038432.5645,101673360539619.36,1.7795284310725024
对数渐进型,32768,12.5536,1e+27,1.0,B,668971759917.3326,119063900800013.31,1.7756500056181228
对数渐进型,131072,32.2144,1000000000000000.0,0.6200709735609296,A,1668386.0304859253,18606016.778483972,9.791119756247083
对数渐进型,131072,32.2144,1333521432163324.0,0.6200709735609296,A,1899926.326667821,21787790.586720243,9.440972352978694
对数渐进型,131072,32.2144,1778279410038922.8,0.6200709735609296,A,2163600.018704385,25513672.50188271,9.105958678218379
对数渐进型,131072,32.2144,2371373705661655.5,0.6200709735609296,A,2463866.611684707,29876709.2488066,8.785424636758181
对数渐进型,131072,32.2144,3162277660168379.5,0.6200709735609296,A,2805804.505312357,34985859.26709922,8.47874440405331
对数渐进型,131072,32.2144,4216965034285822.5,0.6200709735609296,A,3195196.884724261,40968713.738316685,8.18531920433519
对数渐进型,131072,32.2144,5623413251903491.0,0.6200709735609296,A,3638629.531324072,47974682.92998409,7.904576141535728
对数渐进型,131072,32.2144,7498942093324558.0,0.6200709735609296,A,4143602.2079015747,56178727.42926551,7.635967080740203
对数渐进型,131072,32.2144,1e+16,0.6200709735609296,A,4718655.50189137,65785727.44665697,7.378967577984931
对数渐进型,131072,32.2144,1.333521432163324e+16,0.6200709735609296,A,5373515.27206699,77035599.3046465,7.1330758563101515
对数渐进型,131072,32.2144,1.7782794100389228e+16,0.6200709735609296,A,6119257.141692875,90209286.88579296,6.897811826068962
对数渐进型,131072,32.2144,2.371373705661655e+16,0.6200709735609296,A,6968493.82020192,105635777.66509844,6.672716147579495
对数渐进型,131072,32.2144,3.162277660168379e+16,0.6200709735609296,A,7935588.421564243,123700318.53857325,6.4573493342902335
对数渐进型,131072,32.2144,4.216965034285822e+16,0.6200709735609296,A,9036897.387194585,144854036.62248185,6.251290894707433
对数渐进型,131072,32.2144,5.623413251903491e+16,0.6200709735609296,A,10291047.121945722,169625205.2842069,6.054138511409313
对数渐进型,131072,32.2144,7.498942093324558e+16,0.6200709735609296,A,11719249.021923998,198632436.75215334,5.865507255544107
对数渐进型,131072,32.2144,1e+17,1.0,B,28517490.022121742,56621769.10304304,5.646520339126625
对数渐进型,131072,32.2144,1.333521432163324e+17,1.0,B,31019569.188074928,72210729.23472165,5.430788340986579
对数渐进型,131072,32.2144,1.778279410038923e+17,1.0,B,33786824.31059174,91860220.45894721,5.229181877373403
对数渐进型,131072,32.2144,2.3713737056616554e+17,1.0,B,36852743.33140102,116551163.13024032,5.040640679571757
对数渐进型,131072,32.2144,3.1622776601683795e+17,1.0,B,40255572.19035419,147477753.55676684,4.864186420506142
对数渐进型,131072,32.2144,4.216965034285823e+17,1.0,B,44039023.10185997,186087285.77159446,4.698916525603034
对数渐进型,131072,32.2144,5.6234132519034906e+17,1.0,B,48253085.35385756,234125921.22838873,4.543998469173188
对数渐进型,131072,32.2144,7.498942093324558e+17,1.0,B,52954951.89375552,293691096.1632904,4.398664516614609
对数渐进型,131072,32.2144,1e+18,1.0,B,58210076.41048138,367291374.93544036,4.262206875187685
对数渐进型,131072,32.2144,1.333521432163324e+18,1.0,B,64093377.25902128,457914727.4840521,4.133973218373957
对数渐进型,131072,32.2144,1.7782794100389228e+18,1.0,B,70690606.46763678,569106444.3322973,4.013362550960655
对数渐进型,131072,32.2144,2.371373705661655e+18,1.0,B,78099904.29992495,705058216.2642286,3.8998213840608607
对数渐进型,131072,32.2144,3.1622776601683794e+18,1.0,B,86433562.51140897,870710307.7872264,3.792840191350945
对数渐进型,131072,32.2144,4.2169650342858225e+18,1.0,B,95820022.65187544,1071869249.1280965,3.6919501199430638
对数渐进型,131072,32.2144,5.623413251903491e+18,1.0,B,106406139.63274124,1315344060.9590876,3.5967199315573772
对数渐进型,131072,32.2144,7.498942093324558e+18,1.0,B,118359745.41123468,1609104704.877895,3.506753152039689
对数渐进型,131072,32.2144,1e+19,1.0,B,131872553.1352265,1962467213.936823,3.4216854097797906
对数渐进型,131072,32.2144,1.3335214321633241e+19,1.0,B,147163448.52098083,2386310795.2246017,3.3411819461851637
对数渐进型,131072,32.2144,1.7782794100389229e+19,1.0,B,164482222.65905324,2893333109.7734294,3.2649352839837196
对数渐进型,131072,32.2144,2.3713737056616554e+19,1.0,B,184113808.90593764,3498350932.2328606,3.1926630416729376
对数渐进型,131072,32.2144,3.162277660168379e+19,1.0,B,206383096.0649295,4218654494.3902636,3.1241058847936936
对数渐进型,131072,32.2144,4.216965034285823e+19,1.0,B,231660400.74753308,5074425056.807132,3.0590256067800374
对数渐进型,131072,32.2144,5.6234132519034905e+19,1.0,B,260367693.72766948,6089226678.515149,2.9972033338343502
对数渐进型,131072,32.2144,7.498942093324558e+19,1.0,B,292985688.39294535,7290584823.499153,2.938437849544761
对数渐进型,131072,32.2144,1e+20,1.0,B,330061914.2557359,8710666420.063763,2.88254403578133
对数渐进型,131072,32.2144,1.333521432163324e+20,1.0,B,372219915.1689672,10387078345.979208,2.8293514268020807
对数渐进型,131072,32.2144,1.778279410038923e+20,1.0,B,420169730.7145176,12363804123.455612,2.7787028735270463
对数渐进型,131072,32.2144,2.3713737056616553e+20,1.0,B,474719840.5698092,14692301952.860775,2.7304533146803065
对数渐进型,131072,32.2144,3.1622776601683794e+20,1.0,B,536790775.9342739,17432791178.53109,2.6844686510511355
对数渐进型,131072,32.2144,4.216965034285823e+20,1.0,B,607430629.784629,20655758959.73515,2.6406247185805913
对数渐进型,131072,32.2144,5.6234132519034906e+20,1.0,B,687832729.3455945,24443724424.734623,2.5988063554235836
对数渐进型,131072,32.2144,7.498942093324558e+20,1.0,B,779355770.2841406,28893304044.69148,2.5589065576363517
对数渐进型,131072,32.2144,1e+21,1.0,B,883546753.393897,34117629529.442017,2.520825717742634
对数渐进型,131072,32.2144,1.333521432163324e+21,1.0,B,1002167111.6402172,40249178400.12953,2.48447094016585
对数渐进型,131072,32.2144,1.7782794100389228e+21,1.0,B,1137222469.1807613,47443087749.496254,2.449755427388598
对数渐进型,131072,32.2144,2.3713737056616553e+21,1.0,B,1290996535.262945,55881033813.76796,2.4165979307099463
对数渐进型,131072,32.2144,3.1622776601683794e+21,1.0,B,1466089705.752983,65775774150.599014,2.3849222596006285
对数渐进型,131072,32.2144,4.2169650342858226e+21,1.0,B,1665463024.639183,77376465798.33101,2.354656843885848
对数渐进型,131072,32.2144,5.623413251903491e+21,1.0,B,1892488248.5087504,90974892196.82715,2.3257343432918964
对数渐进型,131072,32.2144,7.498942093324559e+21,1.0,B,2151004860.2437854,106912754364.5729,2.298091299253407
对数渐进型,131072,32.2144,1e+22,1.0,B,2445384995.756209,125590208418.68869,2.2716678242717214
对数渐进型,131072,32.2144,1.3335214321633241e+22,1.0,B,2780607381.463187,147475862659.14023,2.2464073245235774
对数渐进型,131072,32.2144,1.7782794100389228e+22,1.0,B,3162341532.655271,173118483894.1953,2.222256251828341
对数渐进型,131072,32.2144,2.371373705661655e+22,1.0,B,3597043636.5009103,203160705372.51022,2.1991638814800574
对数渐进型,131072,32.2144,3.1622776601683792e+22,1.0,B,4092065741.100735,238355078674.77057,2.1770821128293716
对数渐进型,131072,32.2144,4.2169650342858225e+22,1.0,B,4655780097.091275,279582870453.6945,2.155965289854519
对数渐进型,131072,32.2144,5.623413251903491e+22,1.0,B,5297720754.609583,327876073457.6003,2.1357700392866925
对数渐进型,131072,32.2144,7.498942093324558e+22,1.0,B,6028744810.301216,384443181541.8726,2.1164551241518827
对数渐进型,131072,32.2144,1.0000000000000001e+23,1.0,B,6861216031.422131,450699372369.2858,2.0979813108584784
对数渐进型,131072,32.2144,1.3335214321633241e+23,1.0,B,7809213962.568415,528301851572.03925,2.080311248198474
对数渐进型,131072,32.2144,1.7782794100389228e+23,1.0,B,8888772051.57765,619191241043.8835,2.06340935684152
对数渐进型,131072,32.2144,2.371373705661655e+23,1.0,B,10118148821.955053,725640044969.9553,2.0472417280872315
对数渐进型,131072,32.2144,3.162277660168379e+23,1.0,B,11518136678.11046,850309403952.899,2.031776030804248
对数渐进型,131072,32.2144,4.2169650342858225e+23,1.0,B,13112413566.18054,996315554571.9911,2.0169814256267893
对数渐进型,131072,32.2144,5.623413251903491e+23,1.0,B,14927943438.03728,1167307654085.004,2.00282848560305
对数渐进型,131072,32.2144,7.498942093324558e+23,1.0,B,16995432291.491802,1367558913804.4026,1.989289122596822
对数渐进型,131072,32.2144,1e+24,1.0,B,19349847499.673035,1602073317036.5217,1.9763365188362436
对数渐进型,131072,32.2144,1.333521432163324e+24,1.0,B,22031009212.966496,1876710586666.4626,1.9639450630833262
对数渐进型,131072,32.2144,1.7782794100389228e+24,1.0,B,25084263835.864815,2198332523220.3643,1.9520902909665625
对数渐进型,131072,32.2144,2.3713737056616553e+24,1.0,B,28561250969.215748,2574974367922.5107,1.9407488290779564
对数渐进型,131072,32.2144,3.1622776601683796e+24,1.0,B,32520776789.131878,3016045470215.366,1.9298983424865277
对数渐进型,131072,32.2144,4.2169650342858227e+24,1.0,B,37029808633.98576,3532564271032.8804,1.9195174853638919
对数渐进型,131072,32.2144,5.62341325190349e+24,1.0,B,42164607620.907295,4137433470086.6533,1.9095858544549151
对数渐进型,131072,32.2144,7.498942093324559e+24,1.0,B,48012018447.6885,4845762248942.642,1.9000839451585518
对数渐进型,131072,32.2144,1e+25,1.0,B,54670938194.47191,5675243596793.7705,1.890993110011566
对数渐进型,131072,32.2144,1.3335214321633241e+25,1.0,B,62253988967.01863,6646596161917.184,1.8822955193915725
对数渐进型,131072,32.2144,1.7782794100389228e+25,1.0,B,70889422670.92502,7784081663208.738,1.873974124276252
对数渐进型,131072,32.2144,2.3713737056616553e+25,1.0,B,80723290132.16249,9116110783156.54,1.8660126209132184
对数渐进型,131072,32.2144,3.1622776601683795e+25,1.0,B,91921911250.22134,10675952673266.137,1.858395417270219
对数渐进型,131072,32.2144,4.216965034285822e+25,1.0,B,104674687961.4779,12502565790473.107,1.8511076011485141
对数渐进型,131072,32.2144,5.6234132519034905e+25,1.0,B,119197307588.34224,14641570813086.59,1.8441349098536959
对数渐进型,131072,32.2144,7.498942093324558e+25,1.0,B,135735390752.34262,17146389932968.123,1.8374637013281396
对数渐进型,131072,32.2144,1e+26,1.0,B,154568645548.18005,20079580975578.29,1.8310809266579258
对数渐进型,131072,32.2144,1.333521432163324e+26,1.0,B,176015598238.18207,23514399664972.137,1.8249741038746503
对数渐进型,131072,32.2144,1.7782794100389227e+26,1.0,B,200438980477.2242,27536629048309.152,1.8191312929791776
对数渐进型,131072,32.2144,2.3713737056616553e+26,1.0,B,228251864182.1175,32246721766231.52,1.8135410721202465
对数渐进型,131072,32.2144,3.1622776601683796e+26,1.0,B,259924647804.31192,37762308668191.78,1.8081925148660036
对数渐进型,131072,32.2144,4.216965034285822e+26,1.0,B,295993012164.49835,44221136420574.87,1.803075168511127
对数渐进型,131072,32.2144,5.623413251903491e+26,1.0,B,337066980405.9528,51784507468715.27,1.7981790333662948
对数渐进型,131072,32.2144,7.498942093324558e+26,1.0,B,383841235297.3238,60641308259240.41,1.793494542980393
对数渐进型,131072,32.2144,1e+27,1.0,B,437106868381.0134,71012726319850.66,1.789012545249158
