Q,N,D,L,VA,VB,VI,shape,n_local_min,n_local_max,regime,g,C
0.6200709735609296,9037345.083748663,144862753.8441222,6.251214069007443,6.251214069007443,9.264965540928507,6.279820504310688,单调上升,0,0,A,指数型,1e+16
0.6200709735609296,9519561.679891093,154305231.53441715,6.171307672042585,6.171307672042585,9.050836601486822,6.197923585336528,单调上升,0,0,A,指数型,1.1220184543019652e+16
0.6200709735609296,10027508.492534058,164363191.00015685,6.092801066760686,6.092801066760686,8.843266333600019,6.117557271524687,单调上升,0,0,A,指数型,1.2589254117941714e+16
0.6200709735609296,10562558.440084925,175076750.71747756,6.015669731761333,6.015669731761333,8.642048363354583,6.038688748407624,单调上升,0,0,A,指数型,1.4125375446227496e+16
0.6200709735609296,11126157.69742574,186488644.17435557,5.9398895752073635,5.9398895752073635,8.446982843609009,5.961286133272358,单调上升,0,0,A,指数型,1.5848931924611108e+16
0.6200709735609296,11719829.604747765,198644390.32291046,5.865436927299842,5.865436927299842,8.257876247139892,5.885318439466487,单调上升,0,0,A,指数型,1.7782794100389228e+16
0.6200709735609296,12345178.784954822,211592475.14217815,5.79228853288483,5.79228853288483,8.074541166346917,5.810755542201369,单调上升,0,0,A,指数型,1.9952623149688828e+16
0.6200709735609296,13003895.480763584,225384545.03554928,5.720421544189673,5.720421544189673,7.896796119308998,5.737568145803828,单调上升,0,0,A,指数型,2.2387211385683468e+16
0.6200709735609296,13697760.123223847,240075612.8342832,5.649813513686552,5.649813513686552,7.724465361990274,5.665727752367522,单调上升,0,0,A,指数型,2.511886431509572e+16
0.6200709735609296,14428648.144007131,255724277.22879598,5.5804423870810185,5.5804423870810185,7.557378706400918,5.595206631755111,单调上升,0,0,A,指数型,2.8183829312644492e+16
0.6200709735609296,15198535.0444699,272392956.50295943,5.512286496423397,5.512286496423397,7.3953713445243165,5.525977792902701,单调上升,0,0,A,指数型,3.162277660168379e+16
0.6200709735609296,16009501.735193558,290148137.5037322,5.445324553340824,5.445324553340824,7.238283677827547,5.458014956378179,单调上升,0,0,A,指数型,3.5481338923357604e+16
0.6200709735609296,16863740.16043244,309060640.8391826,5.379535642387867,5.379535642387867,7.0859611521784815,5.391292528145747,单调上升,0,0,A,指数型,3.981071705534986e+16
0.6200709735609296,17763559.222671963,329205903.362717,5.314899214513626,5.314899214513626,6.938254097998103,5.325785574489454,单调上升,0,0,A,指数型,4.466835921509617e+16
0.6200709735609296,18711391.023311563,350664279.0702564,5.251395080643254,5.251395080643254,6.795017575482101,5.261469798049317,单调上升,0,0,A,指数型,5.0118723362727144e+16
0.6200709735609296,19709797.436338432,373521359.6105526,5.189003405371964,5.189003405371964,6.6561112247313305,5.198321514924494,单调上升,0,0,A,指数型,5.623413251903491e+16
0.6200709735609296,20761477.032760914,397868315.68710595,5.1277047007694545,5.1277047007694545,6.521399120635365,5.136317632798825,单调上升,0,0,A,指数型,6.309573444801943e+16
0.6200709735609296,21869272.374517854,423802260.7133989,5.0674798202928955,5.0674798202928955,6.390749632358771,5.075435630045184,单调上升,0,0,A,指数型,7.0794578438414024e+16
0.6200709735609296,23036177.697577123,451426638.1720029,5.008309952806544,5.008309952806544,6.2640352872842255,5.015653535766121,单调上升,0,0,A,指数型,7.943282347242789e+16
0.6200709735609296,24265347.004991807,480851634.222612,4.950176616706097,4.950176616706097,6.141132639271305,4.9569499107294375,单调上升,0,0,A,指数型,8.91250938133744e+16
0.6200709735609296,25560102.591784995,512194617.20479894,4.893061654146029,4.893061654146029,6.02192214109437,4.899303829158587,单调上升,0,0,A,指数型,1e+17
0.6200709735609296,26923944.024710417,545580605.7885159,4.836947225367997,4.836947225367997,5.9062880209270645,4.842694861338938,单调上升,0,0,A,指数型,1.1220184543019653e+17
0.6200709735609296,28360557.601154633,581142767.6397201,4.781815803128626,4.781815803128626,5.7941181627454075,4.787103057002324,单调上升,0,0,A,指数型,1.2589254117941714e+17
0.6200709735609296,29873826.31275043,619022950.5901145,4.727650167224916,4.727650167224916,5.685303990525394,4.732508929453515,单调上升,0,0,A,指数型,1.4125375446227498e+17
0.6200709735609296,31467840.340630017,659372248.4297614,4.674433399115523,4.674433399115523,5.5797403561149395,4.67889344040358,单调上升,0,0,A,指数型,1.584893192461111e+17
0.6200709735609296,33146908.11068779,702351603.5792365,4.622148876636304,4.622148876636304,5.477325430663996,4.6262379854764495,单调上升,0,0,A,指数型,1.778279410038923e+17
0.6200709735609296,34915567.938729934,748132449.0453974,4.570780268808398,4.570780268808398,5.3779605995000805,4.5745243803562055,单调上升,0,0,A,指数型,1.995262314968883e+17
0.6200709735609296,36778600.296990804,796897392.2211875,4.520311530737282,4.520311530737282,5.28155036034033,4.5237348475440236,单调上升,0,0,A,指数型,2.238721138568347e+17
0.6200709735609296,38741040.735166535,848840943.25708,4.470726898601171,4.470726898601171,5.188002224734454,4.4738520036949225,单调上升,0,0,A,指数型,2.511886431509572e+17
0.6200709735609296,40808193.49089346,904170290.9094023,4.422010884727211,4.422010884727211,5.097226622636413,4.424858847505732,单调上升,0,0,A,指数型,2.8183829312644493e+17
0.6200709735609296,42985645.82645699,963106128.9601251,4.374148272753948,4.374148272753948,5.009136810005937,4.376738748127016,单调上升,0,0,A,指数型,3.1622776601683795e+17
0.6200709735609296,45279283.13048033,1025883536.5046345,4.327124112878509,4.327124112878509,4.9236487793439805,4.329475434072761,单调上升,0,0,A,指数型,3.5481338923357606e+17
0.6200709735609296,47695304.82541493,1092752915.6185381,4.280923717187065,4.280923717187065,4.840681173069466,4.283052982602976,单调上升,0,0,A,指数型,3.9810717055349856e+17
0.6200709735609296,50240241.12382443,1163980990.143721,4.235532655067086,4.235532655067086,4.760155199647485,4.237455809555432,单调上升,0,0,A,指数型,4.4668359215096166e+17
0.6200709735609296,52920970.678754434,1239851869.5775456,4.190936748699954,4.190936748699954,4.681994552382007,4.1926686596038625,单调上升,0,0,A,指数型,5.011872336272715e+17
0.6200709735609296,55744739.17589312,1320668182.3086605,4.147122068632566,4.147122068632566,4.606125330789008,4.148676596921169,单调上升,0,0,A,指数型,5.6234132519034906e+17
0.6200709735609296,58719178.91777991,1406752282.719663,4.104074929426477,4.104074929426477,4.5324759644684285,4.105464996227026,单调上升,0,0,A,指数型,6.309573444801943e+17
0.6200709735609296,61852329.45298819,1498447536.9714606,4.0617818853832865,4.0617818853832865,4.460977139396156,4.063019534200489,单调上升,0,0,A,指数型,7.079457843841403e+17
0.6200709735609296,65152659.30604808,1596119692.597838,4.020229726344895,4.020229726344895,4.391561726559623,4.021326181239072,单调上升,0,0,A,指数型,7.943282347242789e+17
0.6200709735609296,68629088.86683652,1700158337.3733804,3.9794054735673283,3.9794054735673283,4.324164712863071,3.9803711935467145,单调上升,0,0,A,指数型,8.912509381337441e+17
0.6200709735609296,72291014.50130539,1810978453.273512,3.9392963756668635,3.9392963756668635,4.25872313423095,3.9401411055340407,单调上升,0,0,A,指数型,1e+18
0.6200709735609296,76148333.94871578,1929022071.7252254,3.899889904637144,3.899889904637144,4.195176010840057,3.9006227225150374,单调上升,0,0,A,指数型,1.1220184543019653e+18
0.6200709735609296,80211473.0740216,2054760036.750733,3.861173751936085,3.861173751936085,4.133464284413399,3.8618031136852284,单调上升,0,0,A,指数型,1.2589254117941714e+18
0.6200709735609296,84491414.04771231,2188693883.036755,3.823135824641324,3.823135824641324,4.0735307575107775,3.823669605367174,单调上升,0,0,A,指数型,1.4125375446227497e+18
0.6200709735609296,88999725.02928732,2331357836.42051,3.7857642416730055,3.7857642416730055,4.015320034753197,3.786209774509828,单调上升,0,0,A,指数型,1.5848931924611108e+18
0.6200709735609296,93748591.43457857,2483320944.7718906,3.749047330082761,3.749047330082761,3.9587784659202567,3.7494114424291105,单调上升,0,0,A,指数型,1.7782794100389228e+18
0.6200709735609296,98750848.87144676,2645189347.771354,3.712973621407679,3.712973621407679,3.9038540908614987,3.7132626687776202,单调上升,0,0,A,指数型,1.995262314968883e+18
0.6200709735609296,104020017.83287036,2817608694.63683,3.677531848088149,3.677531848088149,3.850496586164687,3.6777517457321447,单调上升,0,0,A,指数型,2.238721138568347e+18
0.6200709735609296,109570340.24118908,3001266719.4436417,3.6427109399484614,3.6427109399484614,3.7986572135257353,3.6428671923882274,单调上升,0,0,A,指数型,2.511886431509572e+18
0.6200709735609296,115416817.94228847,3196895984.309504,3.608500020739049,3.608500020739049,3.7482887697667424,3.6085977493516053,单调上升,0,0,A,指数型,2.818382931264449e+18
0.6200709735609296,121575253.25376056,3405276801.3863354,3.574888404739325,3.574888404739325,3.6993455384503866,3.5749323735169547,单调上升,0,0,A,指数型,3.1622776601683794e+18
0.6252010783821119,129997788.43934005,3527394429.83637,3.541853149882391,3.541865593420005,3.651783243040409,3.541853151869743,单谷（内点极小）,1,0,I,指数型,3.5481338923357604e+18
0.6568810228364156,149040015.6013613,3209363271.770515,3.508650729387294,3.509421272163915,3.605559001559665,3.508650733592747,单谷（内点极小）,1,0,I,指数型,3.9810717055349857e+18
0.6815047539492326,166277724.53774825,3071901211.919408,3.475205325143718,3.477545307044239,3.560631282698642,3.4752055817127716,单谷（内点极小）,1,0,I,指数型,4.4668359215096166e+18
0.7027509529062499,183117628.44065797,3012181994.4563823,3.4417791726709,3.446227741659195,3.516959863328865,3.4417792645571397,单谷（内点极小）,1,0,I,指数型,5.011872336272715e+18
0.7219230042916441,200069358.43340096,2997552010.1491194,3.4085149262672934,3.4154587940221854,3.4745057873770615,3.40851513564058,单谷（内点极小）,1,0,I,指数型,5.623413251903491e+18
0.7396633540811144,217400788.4730901,3013436539.539926,3.375503855361658,3.3852288535064035,3.4332313260172627,3.375504077228623,单谷（内点极小）,1,0,I,指数型,6.309573444801943e+18
0.7563447156947319,235284869.80617082,3052174337.463189,3.34280911447098,3.355528477842968,3.3930999391394296,3.3428093019636345,单谷（内点极小）,1,0,I,指数型,7.079457843841402e+18
0.7722060641262278,253849926.69850063,3109341069.1411533,3.310476369878847,3.3263483901716553,3.3540762380544304,3.3104763899693506,单谷（内点极小）,1,0,I,指数型,7.943282347242789e+18
0.7874114059530025,273201138.04575807,3182236934.895106,3.2785394945111195,3.297679476143274,3.316125949396432,3.2785395166912465,单谷（内点极小）,1,0,I,指数型,8.91250938133744e+18
0.8020790931402638,293431201.06072146,3269168075.9537973,3.2470239543511217,3.2695127810728324,3.279215880185008,3.2470240505739385,单谷（内点极小）,1,0,I,指数型,1e+19
0.8162978271751504,314626149.3771246,3369070802.094119,3.215948976196824,3.2418395071425445,3.2433138840103295,3.2159489798451086,单谷（内点极小）,1,0,I,指数型,1.1220184543019653e+19
0.8301359953772328,336868748.4336704,3481300942.9326444,3.1853290139998998,3.2146510106538537,3.2083888283059876,3.1853290335938675,单谷（内点极小）,1,0,I,指数型,1.2589254117941713e+19
0.8436478037523317,360240872.57506824,3605504026.9607472,3.155174784159942,3.1879387993275863,3.1744105626750394,3.1551750332331974,单谷（内点极小）,1,0,I,指数型,1.4125375446227497e+19
0.8568768851468914,384824854.3031618,3741539431.9729986,3.125494021917404,3.1616945296514007,3.141349888235844,3.125494022116551,单谷（内点极小）,1,0,I,指数型,1.5848931924611109e+19
0.8698591187812506,410704731.108965,3889426355.3112655,3.0962920496067956,3.135910004273711,3.109178527955335,3.096292115169322,单谷（内点极小）,1,0,I,指数型,1.7782794100389229e+19
0.8826243492142922,437967011.8432082,4049311245.226211,3.067572213548636,3.110577169443258,3.077869097938203,3.06757232896494,单谷（内点极小）,1,0,I,指数型,1.9952623149688828e+19
0.8951976848253556,466701340.2766556,4221444976.121797,3.039336226530361,3.0856881124935294,3.0473950796414577,3.039336294782511,单谷（内点极小）,1,0,I,指数型,2.238721138568347e+19
0.9076006463347359,497001251.62750125,4406163988.947533,3.0115844407385737,3.061235059371258,3.0177307929846755,3.011584442475425,单谷（内点极小）,1,0,I,指数型,2.511886431509572e+19
0.919851549822688,528964367.34192526,4603884710.6856785,2.9843160683570646,3.037210372208203,2.9888513703270467,2.984316158748457,单谷（内点极小）,1,0,I,指数型,2.8183829312644493e+19
0.9319664249838998,562693231.3553382,4815089945.909363,2.9575293620490553,3.013606546935483,2.960732731283206,2.957529446360198,单谷（内点极小）,1,0,I,指数型,3.162277660168379e+19
0.9439592673446601,598295609.7878557,5040326367.167477,2.9312217641863616,2.9904162109396886,2.933351558350493,2.9312218312502223,单谷（内点极小）,1,0,I,指数型,3.5481338923357606e+19
0.9558423313593826,635884883.2446027,5280201916.215734,2.9053900313786967,2.9676321207600607,2.9066852733211253,2.9053900496831355,单谷（内点极小）,1,0,I,指数型,3.981071705534986e+19
0.9676265639599458,675580703.3305626,5535380415.501315,2.8800303392319675,2.9452471598260095,2.8807120144534046,2.8800305362288623,单谷（内点极小）,1,0,I,指数型,4.466835921509617e+19
0.9793216386917568,717509231.5247526,5806583814.801394,2.8551383710997706,2.923254336234259,2.8554106143767672,2.8551384801836064,单谷（内点极小）,1,0,I,指数型,5.011872336272715e+19
0.9909361977854447,761803683.4331027,6094590585.446476,2.830709393742709,2.9016467805649513,2.830760578706171,2.8307094182820998,单谷（内点极小）,1,0,I,指数型,5.6234132519034905e+19
1.0,804575888.0596397,6460000566.493068,2.8067420653418673,2.880417743735984,2.8067420653418673,2.8067468648167884,单调下降,0,0,B,指数型,6.309573444801943e+19
1.0,834450593.619207,7082761491.794928,2.783335864431271,2.8595605948949516,2.783335864431271,2.7833578266963404,单调下降,0,0,B,指数型,7.0794578438414025e+19
1.0,865653401.6315382,7761905873.136814,2.760523378970192,2.839068819348011,2.760523378970192,2.760561579310305,单调下降,0,0,B,指数型,7.94328234724279e+19
1.0,898252410.3631555,8502129084.935631,2.7382866060212416,2.8189360165250195,2.7382866060212416,2.738340152674086,单调下降,0,0,B,指数型,8.91250938133744e+19
1.0,932319494.0561026,9308475705.182796,2.7166081185278066,2.799155897980343,2.7166081185278066,2.716676151762698,单调下降,0,0,B,指数型,1e+20
1.0,967930514.6996908,10186361839.17359,2.695471047702468,2.7797222854286585,2.695471047702468,2.6955527389300586,单调下降,0,0,B,指数型,1.1220184543019654e+20
1.0,1005165545.0657201,11141598647.001518,2.6748590659693017,2.7606291088151833,2.6748590659693017,2.6749536168807753,单调下降,0,0,B,指数型,1.2589254117941713e+20
1.0,1044109103.5463808,12180417141.166258,2.6547563704399835,2.7418704044197044,2.6547563704399835,2.6548630121743484,单调下降,0,0,B,指数型,1.4125375446227496e+20
1.0,1084850401.3588848,13309494327.015223,2.63514766690413,2.723440312993814,2.63514766690413,2.6352656592422505,单调下降,0,0,B,指数型,1.5848931924611108e+20
1.0,1127483602.7077844,14535980765.849367,2.6160181543148333,2.7053330779307934,2.6160181543148333,2.6161467848988345,单调下降,0,0,B,指数型,1.778279410038923e+20
1.0,1172108098.5244217,15867529648.420435,2.5973535097507927,2.687543043467541,2.5973535097507927,2.597492093327519,单调下降,0,0,B,指数型,1.995262314968883e+20
1.0,1218828794.434042,17312327475.239407,2.579139873837014,2.670064652918006,2.579139873837014,2.5792877515242156,单调下降,0,0,B,指数型,2.238721138568347e+20
1.0,1267756413.6340306,18879126449.644745,2.561363836606509,2.6528924469375683,2.561363836606509,2.5615203751804736,单调下降,0,0,B,指数型,2.5118864315095718e+20
1.0,1319007815.4029255,20577278699.940483,2.544012423785963,2.636021061817818,2.544012423785963,2.5441770149893204,单调下降,0,0,B,指数型,2.818382931264449e+20
1.0,1372706329.9981253,22416772458.123318,2.5270730834888684,2.619445227811215,2.5270730834888684,2.527245143357334,单调下降,0,0,B,指数型,3.1622776601683794e+20
1.0,1428982110.742159,24408270334.771008,2.510533673300123,2.6031597674850917,2.510533673300123,2.510712641506984,单调下降,0,0,B,指数型,3.54813389233576e+20
1.0,1487972504.1420996,26563149842.542645,2.4943824477366907,2.587159594104489,2.4943824477366907,2.494567786953855,单调下降,0,0,B,指数型,3.9810717055349857e+20
1.0,1549822438.9351811,28893546334.438152,2.4786080460694415,2.571439710043325,2.4786080460694415,2.4787992413439417,单调下降,0,0,B,指数型,4.466835921509617e+20
1.0,1614684835.0056024,31412398537.451725,2.4631994804918724,2.5559952052233936,2.4631994804918724,2.4633960386367333,单调下降,0,0,B,指数型,5.0118723362727146e+20
1.0,1682721033.1733558,34133496877.498726,2.448146124622029,2.5408212555807137,2.448146124622029,2.4483475736204796,单调下降,0,0,B,指数型,5.6234132519034906e+20
1.0,1754101246.915994,37071534807.48372,2.4334377023244986,2.5259131215587374,2.4334377023244986,2.4336435907465503,单调下降,0,0,B,指数型,6.309573444801943e+20
1.0,1829005037.1480231,40242163367.06136,2.4190642768400092,2.511266146627961,2.4190642768400092,2.4192741732704888,单调下降,0,0,B,指数型,7.079457843841402e+20
1.0,1907621811.25124,43662049220.00842,2.4050162402107804,2.4968757558314647,2.4050162402107804,2.405229732687958,单调下降,0,0,B,指数型,7.943282347242789e+20
1.0,1990151347.6222274,47348936433.14564,2.391284302990387,2.48273745435593,2.391284302990387,2.3915009984544264,单调下降,0,0,B,指数型,8.91250938133744e+20
1.0,2076804347.080525,51321712279.405174,2.3778594842275993,2.468846826127699,2.3778594842275993,2.378079007978097,单调下降,0,0,B,指数型,1e+21
1.0,2167803012.563277,55600477366.94698,2.3647331017142315,2.455199532433416,2.3647331017142315,2.3649550968762143,单调下降,0,0,B,指数型,1.1220184543019653e+21
1.0,2263381658.619249,60206620416.15393,2.3518967624877583,2.4417913105648408,2.3518967624877583,2.352120889485558,单调下降,0,0,B,指数型,1.2589254117941712e+21
1.0,2363787352.306326,65162898026.96448,2.33934235358005,2.4286179724873995,2.33934235358005,2.339568289618561,单调下降,0,0,B,指数型,1.4125375446227498e+21
1.0,2469280587.1940985,70493519800.30508,2.3270620330042373,2.4156754035320556,2.3270620330042373,2.3272894715571404,单调下降,0,0,B,指数型,1.584893192461111e+21
1.0,2580135992.2742543,76224239199.47235,2.3150482209723524,2.4029595611101047,2.3150482209723524,2.3152768712769527,单调下降,0,0,B,指数型,1.7782794100389228e+21
1.0,2696643077.6883254,82382450560.2625,2.3032935913369728,2.3904664734504775,2.3032935913369728,2.303523177895387,单调下降,0,0,B,指数型,1.995262314968883e+21
1.0,2819107019.2946777,88997292682.49197,2.291791063250716,2.378192238359164,2.291791063250716,2.2920213253372044,单调下降,0,0,B,指数型,2.238721138568347e+21
1.0,2947849484.2132773,96099759460.51056,2.2805337930379777,2.3661330220003687,2.2805337930379777,2.2807644842122983,单调下降,0,0,B,指数型,2.5118864315095717e+21
1.0,3083209499.60956,103722818036.43922,2.2695151662738433,2.35428505769902,2.2695151662738433,2.2697460539005654,单调下降,0,0,B,指数型,2.818382931264449e+21
1.0,3225544367.1067076,111901534987.34122,2.2587287900656214,2.3426446447642575,2.2587287900656214,2.258959654839397,单调下降,0,0,B,指数型,3.1622776601683794e+21
1.0,3375230625.349393,120673211086.58368,2.248168485532878,2.3312081473335247,2.248168485532878,2.248399121009732,单调下降,0,0,B,指数型,3.5481338923357606e+21
1.0,3532665063.381748,130077525210.35909,2.237828280482315,2.3199719932369147,2.237828280482315,2.23805849261707,单调下降,0,0,B,指数型,3.9810717055349854e+21
1.0,3698265787.6475453,140156687993.03693,2.227702402274192,2.308932672881411,2.227702402274192,2.227932008964183,单调下降,0,0,B,指数型,4.4668359215096167e+21
1.0,3872473345.573498,150955605869.80716,2.2177852708773407,2.2980867381546686,2.2177852708773407,2.2180141015126207,单调下降,0,0,B,指数型,5.011872336272714e+21
1.0,4055751908.8550677,162522056182.25323,2.2080714921101245,2.287430801348006,2.2080714921101245,2.208299387130399,单调下降,0,0,B,指数型,5.623413251903491e+21
1.0,4248590519.729993,174906874062.33038,2.198555851064923,2.2769615340982576,2.198555851064923,2.198782661523475,单调下降,0,0,B,指数型,6.309573444801943e+21
1.0,4451504403.699293,188164151852.80298,2.1892333057139512,2.266675666348168,2.1892333057139512,2.1894588928488417,单调下降,0,0,B,指数型,7.079457843841402e+21
1.0,4665036352.336426,202351451867.98636,2.1800989806943702,2.256569985324993,2.1800989806943702,2.180323215507217,单调下降,0,0,B,指数型,7.943282347242789e+21
1.0,4889758180.015525,217530033347.75296,2.171148161270761,2.246641334536995,2.171148161270761,2.1713709241134,单调下降,0,0,B,指数型,8.912509381337441e+21
1.0,5126272258.590173,233765094510.4098,2.1623762874731276,2.2368866127875204,2.1623762874731276,2.1625974676424775,单调下降,0,0,B,指数型,1e+22
1.0,5375213134.262042,251126030666.76874,2.1537789484086183,2.2273027732063473,2.1537789484086183,2.153998443750045,单调下降,0,0,B,指数型,1.1220184543019653e+22
1.0,5637249231.09995,269686709418.3714,2.1453518767451625,2.2178868222979973,2.1453518767451625,2.145569593264653,单调下降,0,0,B,指数型,1.2589254117941714e+22
1.0,5913084645.89915,289525764028.1107,2.137090943365204,2.208635819006726,2.137090943365204,2.1373067948506335,单调下降,0,0,B,指数型,1.4125375446227496e+22
1.0,6203461039.314673,310726906121.3447,2.128992152187643,2.199546873797886,2.128992152187643,2.1292060598394027,单调下降,0,0,B,指数型,1.584893192461111e+22
1.0,6509159628.4579315,333379258950.44165,2.1210516351560385,2.190617147755388,2.1210516351560385,2.121263527227272,单调下降,0,0,B,指数型,1.7782794100389228e+22
1.0,6831003286.414084,357577712536.01184,2.1132656473909934,2.1818438516949716,2.1132656473909934,2.113475458837665,单调下降,0,0,B,指数型,1.995262314968883e+22
1.0,7169858754.421245,383423302083.8043,2.1056305625045715,2.173224245293005,2.1056305625045715,2.105838234645561,单调下降,0,0,B,指数型,2.238721138568347e+22
1.0,7526638972.751329,411023611168.0481,2.0981428680744303,2.164755636230553,2.0981428680744303,2.098348348261818,单调下降,0,0,B,指数型,2.511886431509572e+22
1.0,7902305536.64798,440493201270.0359,2.0907991612752386,2.1564353793524322,2.0907991612752386,2.0910024025749125,单调下降,0,0,B,指数型,2.8183829312644493e+22
1.0,8297871284.005851,471954069365.54456,2.0835961446648037,2.1482608758410064,2.0835961446648037,2.083797105547497,单调下降,0,0,B,指数型,3.1622776601683792e+22
1.0,8714403021.829693,505536135366.36035,2.0765306221221858,2.140229572404446,2.0765306221221858,2.0767292661650054,单调下降,0,0,B,指数型,3.5481338923357603e+22
1.0,9153024398.876673,541377761340.49774,2.069599494934932,2.132338960479214,2.069599494934932,2.069795790533421,单调下降,0,0,B,指数型,3.981071705534985e+22
1.0,9614918932.278137,579626304562.7227,2.0627997580324475,2.124586575446521,2.0627997580324475,2.0629936781231795,单调下降,0,0,B,指数型,4.466835921509617e+22
1.0,10101333196.345486,620438706582.6304,2.056128496362353,2.116969995862503,2.056128496362353,2.056320018156033,单调下降,0,0,B,指数型,5.011872336272714e+22
1.0,10613580182.197699,663982120641.8628,2.049582881406595,2.1094868427018905,2.049582881406595,2.0497719861316117,单调下降,0,0,B,指数型,5.623413251903491e+22
1.0,11153042837.307066,710434579925.9193,2.0431601678339275,2.1021347786149245,2.0431601678339275,2.0433468404902655,单调下降,0,0,B,指数型,6.309573444801943e+22
1.0,11721177794.540127,759985709299.7914,2.036857690285317,2.094911507197287,2.036857690285317,2.0370419194087144,单调下降,0,0,B,指数型,7.079457843841402e+22
1.0,12319519300.777128,812837483351.3373,2.0306728602886994,2.087814772272824,2.0306728602886994,2.030854637724916,单调下降,0,0,B,指数型,7.94328234724279e+22
1.0,12949683355.733055,869205033751.9036,2.0246031632994783,2.0808423571888337,2.0246031632994783,2.024782483988504,单调下降,0,0,B,指数型,8.91250938133744e+22
1.0,13613372072.164284,929317509141.6355,2.018646155863062,2.0739920841236983,2.018646155863062,2.018823017633089,单调下降,0,0,B,指数型,1.0000000000000001e+23
1.0,14312378269.24225,993418990957.6746,2.0127994628957158,2.0672618134066445,2.0127994628957158,2.0129738662666625,单调下降,0,0,B,指数型,1.1220184543019653e+23
1.0,15048590311.503569,1061769468847.4569,2.007060775079956,2.0606494428494235,2.007060775079956,2.007232723076329,单调下降,0,0,B,指数型,1.2589254117941714e+23
1.0,15823997206.44533,1134645879548.3682,2.0014278463707003,2.0541529070896933,2.0014278463707003,2.001597344343554,单调下降,0,0,B,指数型,1.4125375446227497e+23
1.0,16640693974.53566,1212343213368.9692,1.9958984916083897,2.0477701769459076,1.9958984916083897,1.996065547066138,单调下降,0,0,B,指数型,1.584893192461111e+23
1.0,17500887306.13915,1295175692677.837,1.9904705842352974,2.041499258783505,1.9904705842352974,1.9906352066831152,单调下降,0,0,B,指数型,1.7782794100389228e+23
1.0,18406901520.634922,1383478027094.3018,1.9851420541112574,2.0353381938922004,1.9851420541112574,1.9853042548988107,单调下降,0,0,B,指数型,1.9952623149688827e+23
1.0,19361184843.821774,1477606750381.832,1.9799108854250929,2.029285057874185,1.9799108854250929,1.9800706776023167,单调下降,0,0,B,指数型,2.238721138568347e+23
1.0,20366316020.558887,1577941644372.1045,1.9747751146980506,2.023337960043044,1.9747751146980506,1.974932512878699,单调下降,0,0,B,指数型,2.5118864315095718e+23
1.0,21425011280.502716,1684887255595.303,1.9697328288756069,2.0174950428332044,1.9697328288756069,1.9698878491082934,单调下降,0,0,B,指数型,2.818382931264449e+23
1.0,22540131675.7511,1798874510662.655,1.9647821635040756,2.011754481219728,1.9647821635040756,1.964934823150517,单调下降,0,0,B,指数型,3.162277660168379e+23
1.0,23714690810.210686,1920362436842.2366,1.9599213009885073,2.006114482148266,1.9599213009885073,1.9600716186086904,单调下降,0,0,B,指数型,3.5481338923357603e+23
1.0,24951862981.56516,2049839994688.5952,1.9551484689284546,2.000573283975005,1.9551484689284546,1.9552964641724415,单调下降,0,0,B,指数型,3.9810717055349855e+23
1.0,26254991757.835842,2187828030034.5574,1.950461938528257,1.9951291559164186,1.950461938528257,1.9506076320343473,单调下降,0,0,B,指数型,4.466835921509616e+23
1.0,27627599011.697,2334881353130.531,1.9458600230785816,1.9897803975086583,1.9458600230785816,1.9460034363775554,单调下降,0,0,B,指数型,5.011872336272715e+23
1.0,29073394436.95475,2491590953223.1133,1.941341076506057,1.984525338076421,1.941341076506057,1.9414822319312268,单调下降,0,0,B,指数型,5.623413251903491e+23
1.0,30596285572.89385,2658586357406.6787,1.936903491987922,1.9793623362111132,1.936903491987922,1.9370424125907229,单调下降,0,0,B,指数型,6.309573444801942e+23
1.0,32200388363.574715,2836538143156.3877,1.9325457006287148,1.974289779258161,1.9325457006287148,1.9326824100995728,单调下降,0,0,B,指数型,7.079457843841402e+23
1.0,33890038280.60764,3026160614564.816,1.928266170196126,1.969306082813301,1.928266170196126,1.92840069279035,单调下降,0,0,B,指数型,7.94328234724279e+23
1.0,35669802039.451645,3228214652957.932,1.9240634039132396,1.9644096902276922,1.9240634039132396,1.924195764381685,单调下降,0,0,B,指数型,8.912509381337441e+23
1.0,37544489940.90212,3443510753260.3525,1.9199359393044877,1.9595990721217014,1.9199359393044877,1.9200661628287532,单调下降,0,0,B,指数型,1e+24
1.0,39519168871.10156,3672912258223.486,1.9158823470927449,1.9548727259072038,1.9158823470927449,1.916010459224668,单调下降,0,0,B,指数型,1.1220184543019652e+24
1.0,41599175995.2111,3917338803416.682,1.911901230145091,1.9502291753182526,1.911901230145091,1.9120272567503167,单调下降,0,0,B,指数型,1.2589254117941714e+24
1.0,43790133181.73686,4177769986724.453,1.907991222464872,1.9456669699499685,1.907991222464872,1.9081151896702755,单调下降,0,0,B,指数型,1.4125375446227496e+24
1.0,46097962196.49411,4455249276987.297,1.9041509882277834,1.9411846848055085,1.9041509882277834,1.9042729223725388,单调下降,0,0,B,指数型,1.584893192461124e+24
1.0,48528900707.26336,4750888177377.489,1.900379220859807,1.9367809198509736,1.900379220859807,1.9004991484499012,单调下降,0,0,B,指数型,1.7782794100389228e+24
1.0,51089519142.39076,5065870660118.958,1.8966746421549125,1.932454299578106,1.8966746421549125,1.8967925898209093,单调下降,0,0,B,指数型,1.9952623149688828e+24
1.0,53786738448.89445,5401457890239.385,1.8930360014305507,1.928203472574655,1.8930360014305507,1.8931519958884215,单调下降,0,0,B,指数型,2.238721138568347e+24
1.0,56627848798.05953,5758993257199.797,1.8894620747190318,1.924027111102265,1.8894620747190318,1.889576142733876,单调下降,0,0,B,指数型,2.511886431509572e+24
1.0,59620529289.081406,6139907734471.623,1.8859516639929894,1.9199239106817567,1.8859516639929894,1.8860638323454757,单调下降,0,0,B,指数型,2.818382931264472e+24
1.0,62772868704.00778,6545725588439.563,1.8825035964232122,1.9158925896856793,1.8825035964232122,1.8826138918785802,单调下降,0,0,B,指数型,3.1622776601683796e+24
1.0,66093387370.060005,6978070459405.973,1.8791167236671993,1.9119318889379922,1.8791167236671993,1.8792251729466665,单调下降,0,0,B,指数型,3.5481338923357605e+24
1.0,69591060188.44019,7438671838948.958,1.8757899211868918,1.908040571320766,1.8757899211868918,1.875896550941323,单调下降,0,0,B,指数型,3.9810717055349857e+24
1.0,73275340891.8363,7929371969476.611,1.872522087594097,1.9042174213877712,1.872522087594097,1.8726269243797946,单调下降,0,0,B,指数型,4.4668359215096164e+24
1.0,77156187596.2194,8452133193494.874,1.8693121440221996,1.9004612449848333,1.8693121440221996,1.8694152142786857,单调下降,0,0,B,指数型,5.011872336272756e+24
1.0,81244089715.94975,9009045781907.842,1.8661590335228357,1.8967708688768443,1.8661590335228357,1.8662603635525008,单调下降,0,0,B,指数型,5.62341325190349e+24
1.0,85550096314.98422,9602336272574.193,1.8630617204862558,1.893145140381301,1.8630617204862558,1.8631613364357544,单调下降,0,0,B,指数型,6.309573444801943e+24
1.0,90085845970.76451,10234376352382.744,1.860019190084188,1.8895829270082702,1.860019190084188,1.8601171179274711,单调下降,0,0,B,指数型,7.079457843841402e+24
1.0,94863598231.53722,10907692318275.225,1.85703044773406,1.8860831161066545,1.85703044773406,1.8571267132569396,单调下降,0,0,B,指数型,7.943282347242789e+24
1.0,99896266752.1123,11624975154955.564,1.854094518583509,1.882644614516659,1.854094518583509,1.8541891473696515,单调下降,0,0,B,指数型,8.912509381337514e+24
1.0,105197454197.61105,12389091269483.4,1.8512104470141637,1.8792663482283465,1.8512104470141637,1.8513034644324213,单调下降,0,0,B,指数型,1e+25
1.0,110781489009.56416,13203093925571.201,1.8483772961637277,1.8759472620461677,1.8483772961637277,1.848468727356718,单调下降,0,0,B,指数型,1.1220184543019654e+25
1.0,116663464133.71352,14070235423191.76,1.8455941474654658,1.8726863192593781,1.8455941474654658,1.8456840173393143,单调下降,0,0,B,指数型,1.2589254117941714e+25
1.0,122859277814.1916,14993980072081.832,1.8428601002042215,1.8694825013182197,1.8428601002042215,1.8429484334193902,单调下降,0,0,B,指数型,1.4125375446227497e+25
1.0,129385676564.35493,15978018010887.45,1.8401742710881561,1.866334807515779,1.8401742710881561,1.8402610920512827,单调下降,0,0,B,指数型,1.5848931924611239e+25
1.0,136260300430.3948,17026279927072.727,1.8375357938354429,1.863242254675421,1.8375357938354429,1.8376211266921207,单调下降,0,0,B,指数型,1.7782794100389228e+25
1.0,143501730670.0832,18142952736309.72,1.8349438187751799,1.8602038768436913,1.8349438187751799,1.8350276874036144,单调下降,0,0,B,指数型,1.995262314968883e+25
1.0,151129539975.5066,19332496283886.363,1.832397512461847,1.8572187249886054,1.832397512461847,1.832479940467324,单调下降,0,0,B,指数型,2.238721138568347e+25
1.0,159164345375.53754,20599661134755.15,1.8298960573026455,1.854285866703219,1.8298960573026455,1.8299770680127565,单调下降,0,0,B,指数型,2.5118864315095717e+25
1.0,167627863961.05185,21949507523178.625,1.8274386511971161,1.8514043859143923,1.8274386511971161,1.8275182676576847,单调下降,0,0,B,指数型,2.8183829312644723e+25
1.0,176542971583.4539,23387425537561.504,1.8250245071884534,1.848573382596657,1.8250245071884534,1.8251027521601113,单调下降,0,0,B,指数型,3.1622776601683795e+25
1.0,185933764685.2487,24919156620977.953,1.822652853125967,1.8457919724910938,1.822652853125967,1.822729749081333,单调下降,0,0,B,指数型,3.5481338923357606e+25
1.0,195825625429.68985,26550816473157.285,1.8203229313381764,1.8430592868291364,1.8203229313381764,1.8203985004595933,单调下降,0,0,B,指数型,3.9810717055349854e+25
1.0,206245290305.6082,28288919445276.73,1.8180339983160525,1.8403744720612134,1.8180339983160525,1.818108262493839,单调下降,0,0,B,指数型,4.466835921509617e+25
1.0,217220922392.81274,30140404524868.566,1.815785324405938,1.837736689590142,1.815785324405938,1.815858305237117,单调下降,0,0,B,指数型,5.0118723362727555e+25
1.0,228782187483.40372,32112663014483.125,1.8135761935117234,1.8351451155091958,1.8135761935117234,1.8136479122991902,单调下降,0,0,B,指数型,5.6234132519034905e+25
1.0,240960334264.73904,34213568014520.766,1.811405902805851,1.832598940344758,1.811405902805851,1.811476380557947,单调下降,0,0,B,指数型,6.309573444801943e+25
1.0,253788278780.78473,36451505827819.59,1.809273762448777,1.830097368803483,1.809273762448777,1.8093430198792357,单调下降,0,0,B,指数型,7.0794578438414025e+25
1.0,267300693400.12885,38835409411274.57,1.8071790953165097,1.8276396195238895,1.8071790953165097,1.8072471528447462,单调下降,0,0,B,指数型,7.943282347242788e+25
1.0,281534100531.12836,41374794007914.8,1.8051212367358835,1.8252249248323018,1.8051212367358835,1.805188114487599,单调下降,0,0,B,指数型,8.912509381337514e+25
1.0,296526971337.4839,44079795101561.4,1.8030995342272431,1.82285253050307,1.8030995342272431,1.8031652520353176,单调下降,0,0,B,指数型,1e+26
1.0,312319829721.11096,46961208845462.8,1.8011133472542185,1.820521695522988,1.8011133472542185,1.8011779246598691,单调下降,0,0,B,指数型,1.1220184543019653e+26
1.0,328955361853.2454,50030535126166.82,1.7991620469803118,1.8182316918598391,1.7991620469803118,1.7992255032344915,单调下降,0,0,B,指数型,1.2589254117941714e+26
1.0,346478531549.9524,53300023434395.89,1.7972450160320046,1.8159818042349976,1.7972450160320046,1.7973073700970221,单调下降,0,0,B,指数型,1.4125375446227497e+26
1.0,364936701803.84436,56782721725893.5,1.7953616482681332,1.8137713299000104,1.7953616482681332,1.7954229188194721,单调下降,0,0,B,指数型,1.584893192461124e+26
1.0,384379762800.42474,60492528467138.1,1.7935113485552798,1.8115995784170986,1.7935113485552798,1.7935715539836021,单调下降,0,0,B,指数型,1.7782794100389227e+26
1.0,404860266765.2043,64444248073518.555,1.7916935325489436,1.8094658714434964,1.7916935325489436,1.7917526909622559,单调下降,0,0,B,指数型,1.995262314968883e+26
1.0,426433570005.9195,68653649961098.96,1.7899076264802727,1.8073695425195742,1.7899076264802727,1.7899657557062423,单调下降,0,0,B,指数型,2.238721138568347e+26
1.0,449157982533.8908,73137531447515.25,1.7881530669481434,1.805309936860671,1.7881530669481434,1.788210184536549,单调下降,0,0,B,指数型,2.511886431509572e+26
1.0,473094925668.87537,77913784752900.48,1.7864293007163865,1.8032864111525728,1.7864293007163865,1.786485423941689,单调下降,0,0,B,指数型,2.8183829312644723e+26
1.0,498309098053.4001,83001468368078.23,1.784735784515976,1.8012983333505754,1.784735784515976,1.7847909303799951,单调下降,0,0,B,指数型,3.1622776601683796e+26
1.0,524868650525.2968,88420883074716.05,1.7830719848519916,1.7993450824820654,1.7830719848519916,1.7831261700866816,单调下降,0,0,B,指数型,3.54813389233576e+26
1.0,552845370321.124,94193652920628.38,1.7814373778151962,1.7974260484525608,1.7814373778151962,1.781490618885502,单调下降,0,0,B,指数型,3.9810717055349854e+26
1.0,582314875108.3094,100342811473249.72,1.779831448898055,1.7955406318551501,1.779831448898055,1.779883762004846,单调下降,0,0,B,指数型,4.4668359215096166e+26
1.0,613356817370.5028,106892893695304.64,1.7782536928150507,1.7936882437832666,1.7782536928150507,1.7783050938981175,单调下降,0,0,B,指数型,5.0118723362727554e+26
1.0,646055099698.5056,113870033809139.02,1.776703613327146,1.7918683056467468,1.776703613327146,1.7767541180682538,单调下降,0,0,B,指数型,5.623413251903491e+26
1.0,680498101568.7979,121302069540080.61,1.7751807230702528,1.7900802489911065,1.7751807230702528,1.7752303468962416,单调下降,0,0,B,指数型,6.309573444801942e+26
1.0,716778918222.4785,129218653154609.28,1.7736845433875776,1.7883235153199868,1.7736845433875776,1.7737333014735046,单调下降,0,0,B,指数型,7.079457843841402e+26
1.0,754995612290.3344,137651369736263.58,1.77221460416572,1.7865975559207077,1.77221460416572,1.7722625114380333,单调下降,0,0,B,指数型,7.94328234724279e+26
1.0,795251478844.2673,146633863171021.34,1.7707704436743978,1.784901831692879,1.7707704436743978,1.7708175148141383,单调下降,0,0,B,指数型,8.912509381337514e+26
1.0,837655324591.1907,156201970344710.4,1.769351608409693,1.783235812980014,1.769351608409693,1.7693978578557168,单调下降,0,0,B,指数型,1e+27
0.6200709735609296,9037345.083748663,144862753.8441222,6.251214069007443,6.251214069007443,9.533639528914875,6.306673746451602,单调上升,0,0,A,幂函数型,1e+16
0.6200709735609296,9519561.679891093,154305231.53441715,6.171307672042585,6.171307672042585,9.310283140102078,6.223078183727173,单调上升,0,0,A,幂函数型,1.1220184543019652e+16
0.6200709735609296,10027508.492534058,164363191.00015685,6.092801066760686,6.092801066760686,9.09378561985694,6.141116397597515,单调上升,0,0,A,幂函数型,1.2589254117941714e+16
0.6200709735609296,10562558.440084925,175076750.71747756,6.015669731761333,6.015669731761333,8.883931040901127,6.060749728370135,单调上升,0,0,A,幂函数型,1.4125375446227496e+16
0.6200709735609296,11126157.69742574,186488644.17435557,5.9398895752073635,5.9398895752073635,8.68051030626981,5.981940739666835,单调上升,0,0,A,幂函数型,1.5848931924611108e+16
0.6200709735609296,11719829.604747765,198644390.32291046,5.865436927299842,5.865436927299842,8.483320932828105,5.904653171700289,单调上升,0,0,A,幂函数型,1.7782794100389228e+16
0.6200709735609296,12345178.784954822,211592475.14217815,5.79228853288483,5.79228853288483,8.292166841651479,5.828851896173985,单调上升,0,0,A,幂函数型,1.9952623149688828e+16
0.6200709735609296,13003895.480763584,225384545.03554928,5.720421544189673,5.720421544189673,8.106858155052764,5.754502872779028,单调上升,0,0,A,幂函数型,2.2387211385683468e+16
0.6200709735609296,13697760.123223847,240075612.8342832,5.649813513686552,5.649813513686552,7.92721100004503,5.681573107259739,单调上升,0,0,A,幂函数型,2.511886431509572e+16
0.6200709735609296,14428648.144007131,255724277.22879598,5.5804423870810185,5.5804423870810185,7.753047318036265,5.610030611018493,单调上升,0,0,A,幂函数型,2.8183829312644492e+16
0.6200709735609296,15198535.0444699,272392956.50295943,5.512286496423397,5.512286496423397,7.584194680558506,5.539844362228943,单调上升,0,0,A,幂函数型,3.162277660168379e+16
0.6200709735609296,16009501.735193558,290148137.5037322,5.445324553340824,5.445324553340824,7.420486110839956,5.470984268425246,单调上升,0,0,A,幂函数型,3.5481338923357604e+16
0.6200709735609296,16863740.16043244,309060640.8391826,5.379535642387867,5.379535642387867,7.261759911035056,5.403421130533802,单调上升,0,0,A,幂函数型,3.981071705534986e+16
0.6200709735609296,17763559.222671963,329205903.362717,5.314899214513626,5.314899214513626,7.107859494933149,5.337126608312792,单调上升,0,0,A,幂函数型,4.466835921509617e+16
0.6200709735609296,18711391.023311563,350664279.0702564,5.251395080643254,5.251395080643254,6.958633225972071,5.272073187163719,单调上升,0,0,A,幂函数型,5.0118723362727144e+16
0.6200709735609296,19709797.436338432,373521359.6105526,5.189003405371964,5.189003405371964,6.81393426038873,5.208234146278377,单调上升,0,0,A,幂函数型,5.623413251903491e+16
0.6200709735609296,20761477.032760914,397868315.68710595,5.1277047007694545,5.1277047007694545,6.67362039534366,5.145583528083709,单调上升,0,0,A,幂函数型,6.309573444801943e+16
0.6200709735609296,21869272.374517854,423802260.7133989,5.0674798202928955,5.0674798202928955,6.5375539218621395,5.084096108946592,单调上升,0,0,A,幂函数型,7.0794578438414024e+16
0.6200709735609296,23036177.697577123,451426638.1720029,5.008309952806544,5.008309952806544,6.405601482439193,5.023747371099965,单调上升,0,0,A,幂函数型,7.943282347242789e+16
0.6200709735609296,24265347.004991807,480851634.222612,4.950176616706097,4.950176616706097,6.277633933160693,4.964513475751424,单调上升,0,0,A,幂函数型,8.91250938133744e+16
0.6200709735609296,25560102.591784995,512194617.20479894,4.893061654146029,4.893061654146029,6.153526210197629,4.906371237335275,单调上升,0,0,A,幂函数型,1e+17
0.6200709735609296,26923944.024710417,545580605.7885159,4.836947225367997,4.836947225367997,6.033157200534832,4.849298098868858,单调上升,0,0,A,幂函数型,1.1220184543019653e+17
0.6200709735609296,28360557.601154633,581142767.6397201,4.781815803128626,4.781815803128626,5.916409616800191,4.793272108374168,单调上升,0,0,A,幂函数型,1.2589254117941714e+17
0.6200709735609296,29873826.31275043,619022950.5901145,4.727650167224916,4.727650167224916,5.803169876064427,4.738271896325932,单调上升,0,0,A,幂函数型,1.4125375446227498e+17
0.6200709735609296,31467840.340630017,659372248.4297614,4.674433399115523,4.674433399115523,5.693327982485686,4.684276654087616,单调上升,0,0,A,幂函数型,1.584893192461111e+17
0.6200709735609296,33146908.11068779,702351603.5792365,4.622148876636304,4.622148876636304,5.586777413677288,4.631266113297392,单调上升,0,0,A,幂函数型,1.778279410038923e+17
0.6200709735609296,34915567.938729934,748132449.0453974,4.570780268808398,4.570780268808398,5.483415010680638,4.579220526166444,单调上升,0,0,A,幂函数型,1.995262314968883e+17
0.6200709735609296,36778600.296990804,796897392.2211875,4.520311530737282,4.520311530737282,5.383140871429276,4.528120646652781,单调上升,0,0,A,幂函数型,2.238721138568347e+17
0.6200709735609296,38741040.735166535,848840943.25708,4.470726898601171,4.470726898601171,5.285858247593528,4.4779477124743865,单调上升,0,0,A,幂函数型,2.511886431509572e+17
0.6200709735609296,40808193.49089346,904170290.9094023,4.422010884727211,4.422010884727211,5.191473444698747,4.428683427926266,单调上升,0,0,A,幂函数型,2.8183829312644493e+17
0.6200709735609296,42985645.82645699,963106128.9601251,4.374148272753948,4.374148272753948,5.099895725413661,4.380309947466913,单调上升,0,0,A,幂函数型,3.1622776601683795e+17
0.6200709735609296,45279283.13048033,1025883536.5046345,4.327124112878509,4.327124112878509,5.0110372159084,4.332809860040452,单调上升,0,0,A,幂函数型,3.5481338923357606e+17
0.6200709735609296,47695304.82541493,1092752915.6185381,4.280923717187065,4.280923717187065,4.924812815185223,4.286166174101844,单调上升,0,0,A,幂函数型,3.9810717055349856e+17
0.6200709735609296,50240241.12382443,1163980990.143721,4.235532655067086,4.235532655067086,4.841140107287876,4.240362303313355,单调上升,0,0,A,幂函数型,4.4668359215096166e+17
0.6200709735609296,52920970.678754434,1239851869.5775456,4.190936748699954,4.190936748699954,4.75993927629856,4.195382052881597,单调上升,0,0,A,幂函数型,5.011872336272715e+17
0.6200709735609296,55744739.17589312,1320668182.3086605,4.147122068632566,4.147122068632566,4.681133024034469,4.15120960650545,单调上升,0,0,A,幂函数型,5.6234132519034906e+17
0.6200709735609296,58719178.91777991,1406752282.719663,4.104074929426477,4.104074929426477,4.604646490358456,4.107829513906176,单调上升,0,0,A,幂函数型,6.309573444801943e+17
0.6200709735609296,61852329.45298819,1498447536.9714606,4.0617818853832865,4.0617818853832865,4.530407176021337,4.0652266789121425,单调上升,0,0,A,幂函数型,7.079457843841403e+17
0.6200709735609296,65152659.30604808,1596119692.597838,4.020229726344895,4.020229726344895,4.458344867955825,4.023386348071582,单调上升,0,0,A,幂函数型,7.943282347242789e+17
0.6200709735609296,68629088.86683652,1700158337.3733804,3.9794054735673283,3.9794054735673283,4.388391566944633,3.9822940997678486,单调上升,0,0,A,幂函数型,8.912509381337441e+17
0.6200709735609296,72291014.50130539,1810978453.273512,3.9392963756668635,3.9392963756668635,4.320481417587912,3.9419358338127433,单调上升,0,0,A,幂函数型,1e+18
0.6200709735609296,76148333.94871578,1929022071.7252254,3.899889904637144,3.899889904637144,4.254550640497293,3.902297761494368,单调上升,0,0,A,幂函数型,1.1220184543019653e+18
0.6200709735609296,80211473.0740216,2054760036.750733,3.861173751936085,3.861173751936085,4.190537466646417,3.863366396057117,单调上升,0,0,A,幂函数型,1.2589254117941714e+18
0.6200709735609296,84491414.04771231,2188693883.036755,3.823135824641324,3.823135824641324,4.128382073809865,3.8251285435923137,单调上升,0,0,A,幂函数型,1.4125375446227497e+18
0.6200709735609296,88999725.02928732,2331357836.42051,3.7857642416730055,3.7857642416730055,4.068026525024641,3.7875712943189725,单调上升,0,0,A,幂函数型,1.5848931924611108e+18
0.6200709735609296,93748591.43457857,2483320944.7718906,3.749047330082761,3.749047330082761,4.009414709010504,3.750682014235182,单调上升,0,0,A,幂函数型,1.7782794100389228e+18
0.6200709735609296,98750848.87144676,2645189347.771354,3.712973621407679,3.712973621407679,3.952492282487361,3.7144483371213894,单调上升,0,0,A,幂函数型,1.995262314968883e+18
0.6200709735609296,104020017.83287036,2817608694.63683,3.677531848088149,3.677531848088149,3.8972066143300124,3.678858156877893,单调上升,0,0,A,幂函数型,2.238721138568347e+18
0.6200709735609296,109570340.24118908,3001266719.4436417,3.6427109399484614,3.6427109399484614,3.843506731502373,3.6438996201796066,单调上升,0,0,A,幂函数型,2.511886431509572e+18
0.6200709735609296,115416817.94228847,3196895984.309504,3.608500020739049,3.608500020739049,3.7913432667151508,3.609561119432044,单调上升,0,0,A,幂函数型,2.818382931264449e+18
0.6200709735609296,121575253.25376056,3405276801.3863354,3.574888404739325,3.574888404739325,3.74066840775279,3.5758312860132673,单调上升,0,0,A,幂函数型,3.1622776601683794e+18
0.6200709735609296,128062291.67664957,3627240345.314042,3.541865593420005,3.541865593420005,3.6914358484170986,3.542698983787274,单调上升,0,0,A,幂函数型,3.5481338923357604e+18
0.6200709735609296,134895466.88620976,3863671968.5511684,3.509421272163915,3.509421272163915,3.6436007410367752,3.5101533028750964,单调上升,0,0,A,幂函数型,3.9810717055349857e+18
0.6200709735609296,142093248.12329933,4115514732.8059134,3.477545307044239,3.477545307044239,3.5971196504935756,3.4781835536705494,单调上升,0,0,A,幂函数型,4.4668359215096166e+18
0.6200709735609296,149675090.1144891,4383773170.654031,3.446227741659195,3.446227741659195,3.5519505097174324,3.4467792610882535,单调上升,0,0,A,幂函数型,5.011872336272715e+18
0.6200709735609296,157661485.65581936,4669517292.347029,3.4154587940221854,3.4154587940221854,3.5080525766044053,3.415930159032255,单调上升,0,0,A,幂函数型,5.623413251903491e+18
0.6200709735609296,166074021.0023363,4973886853.793294,3.3852288535064035,3.3852288535064035,3.4653863923126806,3.385626185074086,单调上升,0,0,A,幂函数型,6.309573444801943e+18
0.6200709735609296,174935434.2131083,5298095902.7357855,3.355528477842968,3.355528477842968,3.423913740893366,3.3558574753298123,单调上升,0,0,A,幂函数型,7.079457843841402e+18
0.6200709735609296,184269676.60943156,5643437621.259626,3.3263483901716553,3.3263483901716553,3.3835976102141014,3.3266143595261064,单调上升,0,0,A,幂函数型,7.943282347242789e+18
0.6200709735609296,194101977.5123431,6011289483.945157,3.297679476143274,3.297679476143274,3.344402154134846,3.2978873562459325,单调上升,0,0,A,幂函数型,8.91250938133744e+18
0.6200709735609296,204458912.434396,6403118752.240946,3.2695127810728324,3.2695127810728324,3.3062926558964945,3.269667168344991,单调上升,0,0,A,幂函数型,1e+19
0.6200709735609296,215368474.91003844,6820488326.972376,3.2418395071425445,3.2418395071425445,3.269235492684121,3.2419446785304644,单调上升,0,0,A,幂函数型,1.1220184543019653e+19
0.6200709735609296,226860152.15873206,7265062982.329623,3.2146510106538537,3.2146510106538537,3.2331981013279054,3.2147109450941604,单调上升,0,0,A,幂函数型,1.2589254117941713e+19
0.6200709735609296,238965004.7853115,7738616006.201113,3.1879387993275863,3.1879387993275863,3.1981489451058875,3.187957197792517,单调上升,0,0,A,幂函数型,1.4125375446227497e+19
0.714236487544036,320110051.2337207,5270406118.245467,3.160919061248788,3.1616945296514007,3.1640574816137796,3.160919078685677,单谷（内点极小）,1,0,I,幂函数型,1.5848931924611109e+19
1.0,580035412.8484001,2046024806.5601723,3.130894131668172,3.135910004273711,3.130894131668172,3.130904933947857,单调下降,0,0,B,幂函数型,1.7782794100389229e+19
1.0,599629151.113401,2256815457.15257,3.098630249210388,3.110577169443258,3.098630249210388,3.098658337247369,单调下降,0,0,B,幂函数型,1.9952623149688828e+19
1.0,620012792.5384153,2488366354.5638857,3.0672380921793114,3.0856881124935294,3.0672380921793114,3.067282612288404,单调下降,0,0,B,幂函数型,2.238721138568347e+19
1.0,641224049.3121479,2742602184.953692,3.036690794322383,3.061235059371258,3.036690794322383,3.036750921497779,单调下降,0,0,B,幂函数型,2.511886431509572e+19
1.0,663302666.6415316,3021611721.939104,3.0069623379148656,3.037210372208203,3.0069623379148656,3.007037274969126,单调下降,0,0,B,幂函数型,2.8183829312644493e+19
1.0,686290539.1717895,3327660210.8045354,2.9780275273583907,3.013606546935483,2.9780275273583907,2.9781165040916653,单调下降,0,0,B,幂函数型,3.162277660168379e+19
1.0,710231834.0530524,3663202526.061282,2.9498619636305365,2.9904162109396886,2.9498619636305365,2.949964236029052,单调下降,0,0,B,幂函数型,3.5481338923357606e+19
1.0,735173121.0042012,4030897137.454415,2.9224420195580656,2.9676321207600607,2.9224420195580656,2.9225568690209283,单调下降,0,0,B,幂函数型,3.981071705534986e+19
1.0,761163509.7397723,4433620920.58058,2.8957448158871593,2.9452471598260095,2.8957448158871593,2.895871548480543,单调下降,0,0,B,幂函数型,4.466835921509617e+19
1.0,788254795.1415616,4874484849.481801,2.8697481981247286,2.923254336234259,2.8697481981247286,2.8698861438625265,单调下降,0,0,B,幂函数型,5.011872336272715e+19
1.0,816501610.5727689,5356850609.954463,2.844430714125595,2.9016467805649513,2.844430714125595,2.844579226275635,单调下降,0,0,B,幂函数型,5.6234132519034905e+19
1.0,845961589.7493876,5884348173.903186,2.8197715924009676,2.880417743735984,2.8197715924009676,2.8199300468158897,单调下降,0,0,B,幂函数型,6.309573444801943e+19
1.0,876695537.6010665,6460894376.918127,2.7957507211243193,2.8595605948949516,2.7957507211243193,2.7959185155962336,单调下降,0,0,B,幂函数型,7.0794578438414025e+19
1.0,908767610.5715232,7090712543.4179,2.772348627811371,2.839068819348011,2.772348627811371,2.7725251814494225,单调下降,0,0,B,幂函数型,7.94328234724279e+19
1.0,942245506.8277607,7778353206.227175,2.749546459651471,2.8189360165250195,2.749546459651471,2.749731212281433,单调下降,0,0,B,幂函数型,8.91250938133744e+19
1.0,977200666.8667079,8528715970.410146,2.7273259644682613,2.799155897980343,2.7273259644682613,2.7275183760533004,单调下降,0,0,B,幂函数型,1e+20
1.0,1013708485.0287449,9347072574.61846,2.705669472288017,2.7797222854286585,2.705669472288017,2.7058690223697752,单调下降,0,0,B,幂函数型,1.1220184543019654e+20
1.0,1051848532.4490256,10239091207.194933,2.684559877494646,2.7606291088151833,2.684559877494646,2.6847660646537816,单调下降,0,0,B,幂函数型,1.2589254117941713e+20
1.0,1091704792.0004666,11210862138.868979,2.6639806215507944,2.7418704044197044,2.6639806215507944,2.664192962886136,单调下降,0,0,B,幂函数型,1.4125375446227496e+20
1.0,1133365905.8062432,12268924739.149069,2.6439156762650358,2.723440312993814,2.6439156762650358,2.644133706890507,单调下降,0,0,B,幂函数型,1.5848931924611108e+20
1.0,1176925435.9253716,13420295949.519083,2.6243495275856206,2.7053330779307934,2.6243495275856206,2.624572800144102,单调下降,0,0,B,幂函数型,1.778279410038923e+20
1.0,1222482138.842124,14672500293.348024,2.6052671599017128,2.687543043467541,2.6052671599017128,2.605495244095002,单调下降,0,0,B,幂函数型,1.995262314968883e+20
1.0,1270140254.4191167,16033601510.068998,2.586654040833556,2.670064652918006,2.586654040833556,2.5868865229676032,单调下降,0,0,B,幂函数型,2.238721138568347e+20
1.0,1320009810.0051417,17512235909.733345,2.5684961064934684,2.6528924469375683,2.5684961064934684,2.5687325890380714,单调下降,0,0,B,幂函数型,2.5118864315095718e+20
1.0,1372206940.422273,19117647553.538094,2.5507797472000293,2.636021061817818,2.5507797472000293,2.5510198483621713,单调下降,0,0,B,幂函数型,2.818382931264449e+20
1.0,1426854224.5925083,20859725376.39374,2.533491793628334,2.619445227811215,2.533491793628334,2.5337351469383678,单调下降,0,0,B,幂函数型,3.1622776601683794e+20
1.0,1484081039.6033843,22749042379.07503,2.516619503379614,2.6031597674850917,2.516619503379614,2.516865757289508,单调下降,0,0,B,幂函数型,3.54813389233576e+20
1.0,1544023933.053242,24796897029.99305,2.500150547954071,2.587159594104489,2.500150547954071,2.500399365446933,单调下降,0,0,B,幂函数型,3.9810717055349857e+20
1.0,1606827014.5622616,27015357030.150677,2.484073000111216,2.571439710043325,2.484073000111216,2.4843240583213455,单调下降,0,0,B,幂函数型,4.466835921509617e+20
1.0,1672642367.3836272,29417305609.39854,2.468375321602536,2.5559952052233936,2.468375321602536,2.4686283114452654,单调下降,0,0,B,幂函数型,5.0118723362727146e+20
1.0,1741630481.1016362,32016490537.66917,2.4530463512618366,2.5408212555807137,2.4530463512618366,2.453300977072437,单调下降,0,0,B,幂函数型,5.6234132519034906e+20
1.0,1813960706.4600434,34827576051.43334,2.4380752934390912,2.5259131215587374,2.4380752934390912,2.438331272620066,单调下降,0,0,B,幂函数型,6.309573444801943e+20
1.0,1889811733.424277,37866197913.14662,2.423451706764237,2.511266146627961,2.423451706764237,2.423708769440318,单调下降,0,0,B,幂函数型,7.079457843841402e+20
1.0,1969372093.6466222,41149021839.91567,2.4091654932278534,2.4968757558314647,2.4091654932278534,2.4094233819080872,单调下降,0,0,B,幂函数型,7.943282347242789e+20
1.0,2052840688.5729527,44693805556.981094,2.395206887566265,2.48273745435593,2.395206887566265,2.395465356812573,单调下降,0,0,B,幂函数型,8.91250938133744e+20
1.0,2140427344.504786,48519464751.82369,2.3815664469391864,2.468846826127699,2.3815664469391864,2.3818252630408425,单调下降,0,0,B,幂函数型,1e+21
1.0,2232353396.0098424,52646143225.771996,2.368235040888598,2.455199532433416,2.368235040888598,2.3684939815421022,单调下降,0,0,B,幂函数型,1.1220184543019653e+21
1.0,2328852299.1595707,57095287561.82911,2.355203841568179,2.4417913105648408,2.355203841568179,2.355462695562035,单调下降,0,0,B,幂函数型,1.2589254117941712e+21
1.0,2430170276.162718,61889726650.076324,2.342464314233199,2.4286179724873995,2.342464314233199,2.3427228811371656,单调下降,0,0,B,幂函数型,1.4125375446227498e+21
1.0,2536566993.0594783,67053756435.43344,2.330008207981411,2.4156754035320556,2.330008207981411,2.330266297839832,单调下降,0,0,B,幂函数型,1.584893192461111e+21
1.0,2648316272.2429624,72613230276.72882,2.3178275467360834,2.4029595611101047,2.3178275467360834,2.3180849797649477,单调下降,0,0,B,幂函数型,1.7782794100389228e+21
1.0,2765706841.6813025,78595655331.06696,2.3059146204629286,2.3904664734504775,2.3059146204629286,2.3061712267503687,单调下降,0,0,B,幂函数型,1.995262314968883e+21
1.0,2889043122.8275423,85030295403.30818,2.294261976613294,2.378192238359164,2.294261976613294,2.294517595823268,单调下降,0,0,B,幂函数型,2.238721138568347e+21
1.0,3018646059.3224483,91948280727.28769,2.282862411786561,2.3661330220003687,2.282862411786561,2.283116892865525,单调下降,0,0,B,幂函数型,2.5118864315095717e+21
1.0,3154853988.720933,99382725173.18895,2.2717089636053003,2.35428505769902,2.2717089636053003,2.2719621644917165,单调下降,0,0,B,幂函数型,2.818382931264449e+21
1.0,3298023559.603416,107368851404.40892,2.2607949027972714,2.3426446447642575,2.2607949027972714,2.2610466901338495,单调下降,0,0,B,幂函数型,3.1622776601683794e+21
1.0,3448530696.570604,115944124537.48186,2.2501137254788994,2.3312081473335247,2.2501137254788994,2.250363974327516,单调下降,0,0,B,幂函数型,3.5481338923357606e+21
1.0,3606771615.763243,125148394890.25572,2.239659145635375,2.3199719932369147,2.239659145635375,2.2399077391946545,单调下降,0,0,B,幂函数型,3.9810717055349854e+21
1.0,3773163893.6984935,135024050436.79298,2.229425087792995,2.308932672881411,2.229425087792995,2.2296719171185817,单调下降,0,0,B,幂函数型,4.4668359215096167e+21
1.0,3948147592.3710294,145616179622.57785,2.2194056798798116,2.2980867381546686,2.2194056798798116,2.2196506436074004,单调下降,0,0,B,幂函数型,5.011872336272714e+21
1.0,4132186443.730113,156972745230.77136,2.2095952462710695,2.287430801348006,2.2095952462710695,2.209838250342294,单调下降,0,0,B,幂函数型,5.623413251903491e+21
1.0,4325769096.814378,169144770029.78287,2.1999883010162593,2.2769615340982576,2.1999883010162593,2.200229258407573,单调下降,0,0,B,幂函数型,6.309573444801943e+21
1.0,4529410431.00459,182186534974.44104,2.190579541244968,2.266675666348168,2.190579541244968,2.1908183716996783,单调下降,0,0,B,幂函数型,7.079457843841402e+21
1.0,4743652939.039969,196155790778.00433,2.181363840748978,2.256569985324993,2.181363840748978,2.181600470512614,单调下降,0,0,B,幂函数型,7.943282347242789e+21
1.0,4969068183.638331,211113983720.30316,2.1723362437383007,2.246641334536995,2.1723362437383007,2.172570605297524,单调下降,0,0,B,幂函数型,8.912509381337441e+21
1.0,5206258331.763402,227126496608.7705,2.1634919587690544,2.2368866127875204,2.1634919587690544,2.1637239905943217,单调下降,0,0,B,幂函数型,1e+22
1.0,5455857770.795242,244262905864.40546,2.1548263528412255,2.2273027732063473,2.1548263528412255,2.1550559991334395,单调下降,0,0,B,幂函数型,1.1220184543019653e+22
1.0,5718534811.082285,262597255763.94855,2.1463349456644885,2.2178868222979973,2.1463349456644885,2.146562156105865,单调下降,0,0,B,幂函数型,1.2589254117941714e+22
1.0,5994993479.586599,282208350933.23627,2.138013404090333,2.208635819006726,2.138013404090333,2.1382381335997205,单调下降,0,0,B,幂函数型,1.4125375446227496e+22
1.0,6285975409.579165,303180068255.03125,2.1298575367087778,2.199546873797886,2.1298575367087778,2.1300797452016687,单调下降,0,0,B,幂函数型,1.584893192461111e+22
1.0,6592261831.598443,325601689427.95184,2.1218632886079876,2.190617147755388,2.1218632886079876,2.1220829407614445,单调下降,0,0,B,幂函数型,1.7782794100389228e+22
1.0,6914675671.155521,349568255491.9108,2.1140267362950507,2.1818438516949716,2.1140267362950507,2.114243801317769,单调下降,0,0,B,幂函数型,1.995262314968883e+22
1.0,7254083758.953413,375180944719.7752,2.1063440827761566,2.173224245293005,2.1063440827761566,2.106558534183876,单调下降,0,0,B,幂函数型,2.238721138568347e+22
1.0,7611399159.685207,402547475365.5232,2.0988116527943297,2.164755636230553,2.0988116527943297,2.0990234681907785,单调下降,0,0,B,幂函数型,2.511886431509572e+22
1.0,7987583625.792914,431782534855.9188,2.0914258882227754,2.1564353793524322,2.0914258882227754,2.0916350490863382,单调下降,0,0,B,幂函数型,2.8183829312644493e+22
1.0,8383650182.896764,463008237116.465,2.084183343611814,2.1482608758410064,2.084183343611814,2.0843898350880696,单调下降,0,0,B,幂函数型,3.1622776601683792e+22
1.0,8800665853.95539,496354609833.28436,2.077080681887222,2.140229572404446,2.077080681887222,2.077284492587499,单调下降,0,0,B,幂函数型,3.5481338923357603e+22
1.0,9239754529.585938,531960113570.8836,2.0701146701977065,2.132338960479214,2.0701146701977065,2.0703157920037674,单调下降,0,0,B,幂函数型,3.981071705534985e+22
1.0,9702099992.3583,569972194792.4736,2.0632821759090865,2.124586575446521,2.0632821759090865,2.0634806037840443,单调下降,0,0,B,幂函数型,4.466835921509617e+22
1.0,10188949103.289972,610547874964.3984,2.05658016274262,2.116969995862503,2.05658016274262,2.0567758945481533,单调下降,0,0,B,幂函数型,5.011872336272714e+22
1.0,10701615159.1951,653854378070.4403,2.0500056870547976,2.1094868427018905,2.0500056870547976,2.0501987233747205,单调下降,0,0,B,幂函数型,5.623413251903491e+22
1.0,11241481430.00159,700069799015.2583,2.043555894255765,2.1021347786149245,2.043555894255765,2.043746238225983,单调下降,0,0,B,幂函数型,6.309573444801943e+22
1.0,11810004885.624704,749383815560.1378,2.0372280153634463,2.094911507197287,2.0372280153634463,2.0374156725083017,单调下降,0,0,B,幂函数型,7.079457843841402e+22
1.0,12408720122.495123,801998446608.6337,2.0310193636902896,2.087814772272824,2.0310193636902896,2.0312043417652843,单调下降,0,0,B,幂函数型,7.94328234724279e+22
1.0,13039243500.372608,858128859845.6685,2.0249273316594714,2.0808423571888337,2.0249273316594714,2.025109640500341,单调下降,0,0,B,幂函数型,8.91250938133744e+22
1.0,13703277500.637556,918004231931.6675,2.018949387747294,2.0739920841236983,2.018949387747294,2.0191290391253713,单调下降,0,0,B,幂函数型,1.0000000000000001e+23
1.0,14402615317.849873,981868664664.2181,2.0130830735484175,2.0672618134066445,2.0130830735484175,2.0132600810322265,单调下降,0,0,B,幂函数型,1.1220184543019653e+23
1.0,15139145696.987309,1049982160744.3114,2.007326000960508,2.0606494428494235,2.007326000960508,2.0075003797834947,单调下降,0,0,B,幂函数型,1.2589254117941714e+23
1.0,15914858029.436686,1122621663023.3826,2.001675849484814,2.0541529070896933,2.001675849484814,2.0018476164191186,单调下降,0,0,B,幂函数型,1.4125375446227497e+23
1.0,16731847721.509827,1200082161361.8198,1.996130363639147,2.0477701769459076,1.996130363639147,1.9962995368752998,单调下降,0,0,B,幂函数型,1.584893192461111e+23
1.0,17592321849.983112,1282677871500.904,1.9906873504796985,2.041499258783505,1.9906873504796985,1.9908539495121178,单调下降,0,0,B,幂函数型,1.7782794100389228e+23
1.0,18498605119.941593,1370743490638.454,1.9853446772281222,2.0353381938922004,1.9853446772281222,1.985508722746271,单调下降,0,0,B,幂函数型,1.9952623149688827e+23
1.0,19453146141.013733,1464635534706.0547,1.9801002690002854,2.029285057874185,1.9801002690002854,1.9802617827853461,单调下降,0,0,B,幂函数型,2.238721138568347e+23
1.0,20458524038.95287,1564733762672.2593,1.9749521066331153,2.023337960043044,1.9749521066331153,1.9751111114600266,单调下降,0,0,B,幂函数型,2.5118864315095718e+23
1.0,21517455420.413467,1671442693545.414,1.9698982246059773,2.0174950428332044,1.9698982246059773,1.97005474415067,单调下降,0,0,B,幂函数型,2.818382931264449e+23
1.0,22632801709.73483,1785193222119.5532,1.9649367090530507,2.011754481219728,1.9649367090530507,1.9650907678047207,单调下降,0,0,B,幂函数型,3.162277660168379e+23
1.0,23807576877.544067,1906444339902.5571,1.960065695863206,2.006114482148266,1.960065695863206,1.9602173190414516,单调下降,0,0,B,幂函数型,3.5481338923357603e+23
1.0,25044955582.050495,2035684968085.669,1.955283368863939,2.000573283975005,1.955283368863939,1.9554325823405918,单调下降,0,0,B,幂函数型,3.9810717055349855e+23
1.0,26348281745.015205,2173435909861.7712,1.9505879580859733,1.9951291559164186,1.9505879580859733,1.950734788311446,单调下降,0,0,B,幂函数型,4.466835921509616e+23
1.0,27721077585.56266,2320251929876.049,1.9459777381052026,1.9897803975086583,1.9459777381052026,1.9461222120391795,单调下降,0,0,B,幂函数型,5.011872336272715e+23
1.0,29167053136.223698,2476723969101.32,1.9414510264587246,1.984525338076421,1.9414510264587246,1.9415931715050183,单调下降,0,0,B,幂函数型,5.623413251903491e+23
1.0,30690116266.9257,2643481503969.91,1.9370061821317814,1.9793623362111132,1.9370061821317814,1.9371460260771844,单调下降,0,0,B,幂函数型,6.309573444801942e+23
1.0,32294383243.992493,2821195059171.459,1.9326416041125192,1.974289779258161,1.9326416041125192,1.9327791750694723,单调下降,0,0,B,幂函数型,7.079457843841402e+23
1.0,33984189852.68432,3010578884138.0874,1.9283557300115521,1.969306082813301,1.9283557300115521,1.9284910563644635,单调下降,0,0,B,幂函数型,7.94328234724279e+23
1.0,35764103113.322075,3212393803892.561,1.924147034743413,1.9644096902276922,1.924147034743413,1.924280145098457,单调下降,0,0,B,幂函数型,8.912509381337441e+23
1.0,37638933622.64313,3427450255630.6426,1.9200140292670644,1.9595990721217014,1.9200140292670644,1.9201449524052978,单调下降,0,0,B,幂函数型,1e+24
1.0,39613748553.73739,3656611523149.887,1.9159552593827307,1.9548727259072038,1.9159552593827307,1.9160840242163646,单调下降,0,0,B,幂函数型,1.1220184543019652e+24
1.0,41693885349.67651,3900797182027.216,1.9119693045824189,1.9502291753182526,1.9119693045824189,1.9120959401140891,单调下降,0,0,B,幂函数型,1.2589254117941714e+24
1.0,43884966147.8435,4160986769287.241,1.9080547769515812,1.9456669699499685,1.9080547769515812,1.9081793122364643,单调下降,0,0,B,幂函数型,1.4125375446227496e+24
1.0,46192912973.93087,4438223692200.3955,1.9042103201194704,1.9411846848055085,1.9042103201194704,1.9043327842301006,单调下降,0,0,B,幂函数型,1.584893192461124e+24
1.0,48623963746.65889,4733619391802.736,1.9004346082558463,1.9367809198509736,1.9004346082558463,1.9005550302494876,单调下降,0,0,B,幂函数型,1.7782794100389228e+24
1.0,51184689136.473724,5048357777746.084,1.8967263451117629,1.932454299578106,1.8967263451117629,1.896844754000199,单调下降,0,0,B,幂函数型,1.9952623149688828e+24
1.0,53882010323.761345,5383699952169.445,1.8930842631022888,1.928203472574655,1.8930842631022888,1.8932006878238987,单调下降,0,0,B,幂函数型,2.238721138568347e+24
1.0,56723217704.583305,5740989241435.117,1.8895071224290814,1.924027111102265,1.8895071224290814,1.889621591823072,单调下降,0,0,B,幂函数型,2.511886431509572e+24
1.0,59715990594.474434,6121656555801.652,1.8859937102408373,1.9199239106817567,1.8859937102408373,1.8861062530235126,单调下降,0,0,B,幂函数型,2.818382931264472e+24
1.0,62868417983.548035,6527226098413.015,1.8825428398297368,1.9158925896856793,1.8825428398297368,1.8826534845726826,单调下降,0,0,B,幂函数型,3.1622776601683796e+24
1.0,66189020399.004776,6959321446378.398,1.8791533498620647,1.9119318889379922,1.8791533498620647,1.87926212497214,单调下降,0,0,B,幂函数型,3.5481338923357605e+24
1.0,69686772934.12737,7419672028197.832,1.8758241036413041,1.908040571320766,1.8758241036413041,1.8759310373423284,单调下降,0,0,B,幂函数型,3.9810717055349857e+24
1.0,73371129505.9889,7910120023374.768,1.8725539884020526,1.9042174213877712,1.8725539884020526,1.8726591087180906,单调下降,0,0,B,幂函数型,4.4668359215096164e+24
1.0,77252048407.45523,8432627711735.0205,1.8693419146332082,1.9004612449848333,1.8693419146332082,1.8694452493733515,单调下降,0,0,B,幂函数型,5.011872336272756e+24
1.0,81340019222.5048,8989285301770.555,1.866186815428948,1.8967708688768443,1.866186815428948,1.8662883921735012,单调下降,0,0,B,幂函数型,5.62341325190349e+24
1.0,85646091177.65117,9582319269232.969,1.863087645866078,1.893145140381301,1.863087645866078,1.863187491954061,单调下降,0,0,B,幂函数型,6.309573444801943e+24
1.0,90181903006.04976,10214101239239.824,1.8600433824064297,1.8895829270082702,1.8600433824064297,1.8601415249243152,单调下降,0,0,B,幂函数型,7.079457843841402e+24
1.0,94959714405.03792,10887157447322.543,1.8570530223230304,1.8860831161066545,1.8570530223230304,1.8571494880946318,单调下降,0,0,B,幂函数型,7.943282347242789e+24
1.0,99992439172.10925,11604178817156.104,1.854115583148837,1.882644614516659,1.854115583148837,1.8542103987262775,单调下降,0,0,B,幂函数型,8.912509381337514e+24
1.0,105293680108.88766,12368031695166.998,1.851230102146905,1.8792663482283465,1.851230102146905,1.8513232938025919,单调下降,0,0,B,幂函数型,1e+25
1.0,110877765787.43372,13181769284842.346,1.8483956358008973,1.8759472620461677,1.8483956358008973,1.848487229520436,单调下降,0,0,B,幂函数型,1.1220184543019654e+25
1.0,116759789278.2651,14048643826344.01,1.8456112593249208,1.8726863192593781,1.8456112593249208,1.8457012808009068,单调下降,0,0,B,幂函数型,1.2589254117941714e+25
1.0,122955648944.74997,14972119570015.55,1.8428760661917138,1.8694825013182197,1.8428760661917138,1.842964540818339,单调下降,0,0,B,幂函数型,1.4125375446227497e+25
1.0,129482091414.14561,15955886595528.201,1.8401891676782702,1.866334807515779,1.8401891676782702,1.8402761205466895,单调下降,0,0,B,幂函数型,1.5848931924611239e+25
1.0,136356756841.41014,17003875531787.639,1.8375496924280335,1.863242254675421,1.8375496924280335,1.8376351483224376,单调下降,0,0,B,幂函数型,1.7782794100389228e+25
1.0,143598226588.1566,18120273236317.74,1.8349567860288343,1.8602038768436913,1.8349567860288343,1.8350407694231787,单调下降,0,0,B,幂函数型,1.995262314968883e+25
1.0,151226073445.57303,19309539496662.26,1.8324096106058048,1.8572187249886054,1.8324096106058048,1.8324921456611476,单调下降,0,0,B,幂函数型,2.238721138568347e+25
1.0,159260914537.0912,20576424820423.332,1.8299073444285283,1.854285866703219,1.8299073444285283,1.8299884549909322,单调下降,0,0,B,幂函数型,2.5118864315095717e+25
1.0,167724467043.78302,21925989384896.438,1.8274491815317346,1.8514043859143923,1.8274491815317346,1.8275288911306915,单调下降,0,0,B,幂函数型,2.8183829312644723e+25
1.0,176639606903.07446,23363623221888.75,1.825034331348887,1.848573382596657,1.825034331348887,1.8251126631962271,单调下降,0,0,B,幂函数型,3.1622776601683795e+25
1.0,186030430639.4848,24895067718233.105,1.8226620183580389,1.8457919724910938,1.8226620183580389,1.8227389953472846,单调下降,0,0,B,幂函数型,3.5481338923357606e+25
1.0,195922320494.44406,26526438517758.375,1.8203314817393808,1.8430592868291364,1.8203314817393808,1.8204071264455148,单调下降,0,0,B,幂函数型,3.9810717055349854e+25
1.0,206342013031.2885,28264249916065.37,1.8180419750439198,1.8403744720612134,1.8180419750439198,1.818116309723532,单调下降,0,0,B,幂函数型,4.466835921509617e+25
1.0,217317671400.82224,30115440845416.344,1.8157927658727746,1.837736689590142,1.8157927658727746,1.8158658124645586,单调下降,0,0,B,幂函数型,5.0118723362727555e+25
1.0,228878961462.7765,32087402553380.816,1.8135831355665921,1.8351451155091958,1.8135831355665921,1.8136549156921637,单调下降,0,0,B,幂函数型,5.6234132519034905e+25
1.0,241057131968.93033,34188008085647.92,1.8114123789046195,1.832598940344758,1.8114123789046195,1.8114829138696298,单调下降,0,0,B,幂函数型,6.309573444801943e+25
1.0,253885099024.59818,36425643690595.57,1.8092798038129956,1.830097368803483,1.8092798038129956,1.8093491146085134,单调下降,0,0,B,幂函数型,7.0794578438414025e+25
1.0,267397535056.78677,38809242270889.09,1.8071847310818427,1.8276396195238895,1.8071847310818427,1.807252838385985,单调下降,0,0,B,幂函数型,7.943282347242788e+25
1.0,281630962529.4605,41348319015540.336,1.8051264940907692,1.8252249248323018,1.8051264940907692,1.8051934182705556,单调下降,0,0,B,幂函数型,8.912509381337514e+25
1.0,296623852659.27216,44053009354541.164,1.8031044385424149,1.82285253050307,1.8031044385424149,1.8031701996558274,单调下降,0,0,B,幂函数型,1e+26
1.0,312416729398.50934,46934109387485.016,1.801117922203682,1.820521695522988,1.801117922203682,1.8011825400019126,单调下降,0,0,B,幂函数型,1.1220184543019653e+26
1.0,329052278966.36664,50003118947411.195,1.7991663146543309,1.8182316918598391,1.7991663146543309,1.7992298085841953,单调下降,0,0,B,幂函数型,1.2589254117941714e+26
1.0,346575465224.53314,53272287471664.47,1.797248997042621,1.8159818042349976,1.797248997042621,1.7973113862491261,单调下降,0,0,B,幂函数型,1.4125375446227497e+26
1.0,365033651209.0303,56754662862719.05,1.795365361847703,1.8137713299000104,1.795365361847703,1.7954266651767505,单调下降,0,0,B,幂函数型,1.584893192461124e+26
1.0,384476727146.65924,60464143533871.875,1.793514812648485,1.8115995784170986,1.793514812648485,1.7935750486496997,单调下降,0,0,B,幂函数型,1.7782794100389227e+26
1.0,404957245302.21124,64415533847398.39,1.7916967638987074,1.8094658714434964,1.7916967638987074,1.7917559508283725,单调下降,0,0,B,幂函数型,1.995262314968883e+26
1.0,426530562020.78046,68624603166296.95,1.7899106407079748,1.8073695425195742,1.7899106407079748,1.7899687965320665,单调下降,0,0,B,幂函数型,2.238721138568347e+26
1.0,449254987349.2289,73108148755162.69,1.7881558786285128,1.805309936860671,1.7881558786285128,1.78821302102582,单调下降,0,0,B,幂函数型,2.511886431509572e+26
1.0,473191942641.0931,77884062781098.02,1.786431923447419,1.8032864111525728,1.786431923447419,1.7864880698127388,单调下降,0,0,B,幂函数型,2.8183829312644723e+26
1.0,498406126571.0297,82971403681881.34,1.7847382309842053,1.8012983333505754,1.7847382309842053,1.7847933984316036,单调下降,0,0,B,幂函数型,3.1622776601683796e+26
1.0,524965690007.4252,88390472186101.75,1.78307426689342,1.7993450824820654,1.78307426689342,1.7831284722595493,单调下降,0,0,B,幂函数型,3.54813389233576e+26
1.0,552942420215.8711,94162892288446.03,1.7814395064721704,1.7974260484525608,1.7814395064721704,1.7814927663196343,单调下降,0,0,B,幂函数型,3.9810717055349854e+26
1.0,582411934891.4095,100311697503147.67,1.7798334344723554,1.7955406318551501,1.7798334344723554,1.779885765093115,单调下降,0,0,B,幂函数型,4.4668359215096166e+26
1.0,613453886543.9235,106861422739643.39,1.7782555449174442,1.7936882437832666,1.7782555449174442,1.7783069623362564,单调下降,0,0,B,幂函数型,5.0118723362727554e+26
1.0,646152177789.1735,113838202166878.39,1.776705340923636,1.7918683056467468,1.776705340923636,1.7767558609015182,单调下降,0,0,B,幂函数型,5.623413251903491e+26
1.0,680595188127.3494,121269873456655.3,1.7751823345252442,1.7900802489911065,1.7751823345252442,1.7752319725629597,单调下降,0,0,B,幂函数型,6.309573444801942e+26
1.0,716876012822.0717,129186088821786.22,1.773686046504165,1.7883235153199868,1.773686046504165,1.7737348178457224,单调下降,0,0,B,幂函数型,7.079457843841402e+26
1.0,755092714525.5494,137618433291975.67,1.7722160062232837,1.7865975559207077,1.7722160062232837,1.7722639258594455,单调下降,0,0,B,幂函数型,7.94328234724279e+26
1.0,795348588330.0277,146600550699189.88,1.770771751463692,1.784901831692879,1.770771751463692,1.770818834135488,单调下降,0,0,B,幂函数型,8.912509381337514e+26
1.0,837752440961.7632,156168277875045.1,1.7693528282655895,1.783235812980014,1.7693528282655895,1.7693990884678295,单调下降,0,0,B,幂函数型,1e+27
0.6200709735609296,9037345.083748663,144862753.8441222,6.251214069007443,6.251214069007443,7.430700802124165,6.283277762444429,单峰（内点极大，两端点竞争）,0,1,A,对数渐进型,1e+16
0.6200709735609296,9519561.679891093,154305231.53441715,6.171307672042585,6.171307672042585,7.281695842264451,6.201158871069366,单峰（内点极大，两端点竞争）,0,1,A,对数渐进型,1.1220184543019652e+16
0.6200709735609296,10027508.492534058,164363191.00015685,6.092801066760686,6.092801066760686,7.137099965319606,6.120584394372198,单峰（内点极大，两端点竞争）,0,1,A,对数渐进型,1.2589254117941714e+16
0.6200709735609296,10562558.440084925,175076750.71747756,6.015669731761333,6.015669731761333,6.996775259498267,6.041520704070384,单峰（内点极大，两端点竞争）,0,1,A,对数渐进型,1.4125375446227496e+16
0.6200709735609296,11126157.69742574,186488644.17435557,5.9398895752073635,5.9398895752073635,6.8605881633033885,5.963935147099608,单峰（内点极大，两端点竞争）,0,1,A,对数渐进型,1.5848931924611108e+16
0.6200709735609296,11719829.604747765,198644390.32291046,5.865436927299842,5.865436927299842,6.728409327841411,5.887796008027444,单峰（内点极大，两端点竞争）,0,1,A,对数渐进型,1.7782794100389228e+16
0.6200709735609296,12345178.784954822,211592475.14217815,5.79228853288483,5.79228853288483,6.600113483505586,5.813072473007271,单峰（内点极大，两端点竞争）,0,1,A,对数渐进型,1.9952623149688828e+16
0.6200709735609296,13003895.480763584,225384545.03554928,5.720421544189673,5.720421544189673,6.475579310895458,5.7397345952264205,单峰（内点极大，两端点竞争）,0,1,A,对数渐进型,2.2387211385683468e+16
0.6200709735609296,13697760.123223847,240075612.8342832,5.649813513686552,5.649813513686552,6.354689315838662,5.667753261801964,单峰（内点极大，两端点竞争）,0,1,A,对数渐进型,2.511886431509572e+16
0.6200709735609296,14428648.144007131,255724277.22879598,5.5804423870810185,5.5804423870810185,6.237329708385499,5.597100162077191,单峰（内点极大，两端点竞争）,0,1,A,对数渐进型,2.8183829312644492e+16
0.6200709735609296,15198535.0444699,272392956.50295943,5.512286496423397,5.512286496423397,6.123390285651028,5.527747757271824,单峰（内点极大，两端点竞争）,0,1,A,对数渐进型,3.162277660168379e+16
0.6200709735609296,16009501.735193558,290148137.5037322,5.445324553340824,5.445324553340824,6.0127643183831205,5.459669251438806,单峰（内点极大，两端点竞争）,0,1,A,对数渐进型,3.5481338923357604e+16
0.6200709735609296,16863740.16043244,309060640.8391826,5.379535642387867,5.379535642387867,5.905348441139081,5.3928385636808995,单峰（内点极大，两端点竞争）,0,1,A,对数渐进型,3.981071705534986e+16
0.6200709735609296,17763559.222671963,329205903.362717,5.314899214513626,5.314899214513626,5.801042545957,5.3272303015804985,单峰（内点极大，两端点竞争）,0,1,A,对数渐进型,4.466835921509617e+16
0.6200709735609296,18711391.023311563,350664279.0702564,5.251395080643254,5.251395080643254,5.699749679411678,5.2628197357965565,单峰（内点极大，两端点竞争）,0,1,A,对数渐进型,5.0118723362727144e+16
0.6200709735609296,19709797.436338432,373521359.6105526,5.189003405371964,5.189003405371964,5.601375942948552,5.199582775783201,单峰（内点极大，两端点竞争）,0,1,A,对数渐进型,5.623413251903491e+16
0.6200709735609296,20761477.032760914,397868315.68710595,5.1277047007694545,5.1277047007694545,5.505830396392259,5.137495946585131,单峰（内点极大，两端点竞争）,0,1,A,对数渐进型,6.309573444801943e+16
0.6200709735609296,21869272.374517854,423802260.7133989,5.0674798202928955,5.0674798202928955,5.413024964529956,5.076536366665876,单峰（内点极大，两端点竞争）,0,1,A,对数渐进型,7.0794578438414024e+16
0.6200709735609296,23036177.697577123,451426638.1720029,5.008309952806544,5.008309952806544,5.322874346672596,5.0166817267258,单峰（内点极大，两端点竞争）,0,1,A,对数渐进型,7.943282347242789e+16
0.6200709735609296,24265347.004991807,480851634.222612,4.950176616706097,4.950176616706097,5.2352959291004,4.957910269467689,单峰（内点极大，两端点竞争）,0,1,A,对数渐进型,8.91250938133744e+16
0.6200709735609296,25560102.591784995,512194617.20479894,4.893061654146029,4.893061654146029,5.150209700301917,4.900200770268966,单峰（内点极大，两端点竞争）,0,1,A,对数渐进型,1e+17
0.6200709735609296,26923944.024710417,545580605.7885159,4.836947225367997,4.836947225367997,5.067538168918666,4.843532518720418,单峰（内点极大，两端点竞争）,0,1,A,对数渐进型,1.1220184543019653e+17
0.6200709735609296,28360557.601154633,581142767.6397201,4.781815803128626,4.781815803128626,4.987206284310399,4.787885300992753,单峰（内点极大，两端点竞争）,0,1,A,对数渐进型,1.2589254117941714e+17
0.6200709735609296,29873826.31275043,619022950.5901145,4.727650167224916,4.727650167224916,4.909141359658573,4.7332393829933075,单峰（内点极大，两端点竞争）,0,1,A,对数渐进型,1.4125375446227498e+17
0.6200709735609296,31467840.340630017,659372248.4297614,4.674433399115523,4.674433399115523,4.833272997528239,4.679575494276536,单峰（内点极大，两端点竞争）,0,1,A,对数渐进型,1.584893192461111e+17
0.6200709735609296,33146908.11068779,702351603.5792365,4.622148876636304,4.622148876636304,4.759533017811143,4.626874812673155,单峰（内点极大，两端点竞争）,0,1,A,对数渐进型,1.778279410038923e+17
0.6200709735609296,34915567.938729934,748132449.0453974,4.570780268808398,4.570780268808398,4.687855387975127,4.575118949604003,单峰（内点极大，两端点竞争）,0,1,A,对数渐进型,1.995262314968883e+17
0.6200709735609296,36778600.296990804,796897392.2211875,4.520311530737282,4.520311530737282,4.618176155547399,4.5242899360460225,单峰（内点极大，两端点竞争）,0,1,A,对数渐进型,2.238721138568347e+17
0.6200709735609296,38741040.735166535,848840943.25708,4.470726898601171,4.470726898601171,4.5504333827614465,4.4743702091189945,单峰（内点极大，两端点竞争）,0,1,A,对数渐进型,2.511886431509572e+17
0.6200709735609296,40808193.49089346,904170290.9094023,4.422010884727211,4.422010884727211,4.484567083299499,4.425342599262876,单峰（内点极大，两端点竞争）,0,1,A,对数渐进型,2.8183829312644493e+17
0.6200709735609296,42985645.82645699,963106128.9601251,4.374148272753948,4.374148272753948,4.42051916106471,4.3771903179769165,单峰（内点极大，两端点竞争）,0,1,A,对数渐进型,3.1622776601683795e+17
0.6200709735609296,45279283.13048033,1025883536.5046345,4.327124112878509,4.327124112878509,4.358233350919047,4.329896946092819,单峰（内点极大，两端点竞争）,0,1,A,对数渐进型,3.5481338923357606e+17
0.6200709735609296,47695304.82541493,1092752915.6185381,4.280923717187065,4.280923717187065,4.297655161325023,4.283446422555564,单峰（内点极大，两端点竞争）,0,1,A,对数渐进型,3.9810717055349856e+17
0.6200709735609296,50240241.12382443,1163980990.143721,4.235532655067086,4.235532655067086,4.238731818831193,4.237823033686573,单峰（内点极大，两端点竞争）,0,1,A,对数渐进型,4.4668359215096166e+17
1.0,115621854.95679863,289603609.42226565,4.18141221434314,4.190936748699954,4.18141221434314,4.1822080256086425,单峰（内点极大，两端点竞争）,0,1,B,对数渐进型,5.011872336272715e+17
1.0,119529251.48829837,319431607.2868999,4.125646851123549,4.147122068632566,4.125646851123549,4.126438717138161,单峰（内点极大，两端点竞争）,0,1,B,对数渐进型,5.6234132519034906e+17
1.0,123594247.17352681,352196249.0578569,4.071387794466432,4.104074929426477,4.071387794466432,4.072175515685831,单峰（内点极大，两端点竞争）,0,1,B,对数渐进型,6.309573444801943e+17
1.0,127824369.2593013,388169666.12408197,4.0185886229923895,4.0617818853832865,4.0185886229923895,4.019372007899577,单峰（内点极大，两端点竞争）,0,1,B,对数渐进型,7.079457843841403e+17
1.0,132227550.86692266,427647176.05522126,3.967204381513235,4.020229726344895,3.967204381513235,3.9679832464005687,单峰（内点极大，两端点竞争）,0,1,B,对数渐进型,7.943282347242789e+17
1.0,136812154.2343206,470949031.09663945,3.917191535415782,3.9794054735673283,3.917191535415782,3.917965704176524,单峰（内点极大，两端点竞争）,0,1,B,对数渐进型,8.912509381337441e+17
1.0,141586995.28477913,518422275.7308439,3.868507926516134,3.9392963756668635,3.868507926516134,3.8692772304451957,单峰（内点极大，两端点竞争）,0,1,B,对数渐进型,1e+18
1.0,146561369.59215394,570442718.2499846,3.821112730337015,3.899889904637144,3.821112730337015,3.821877007940616,单峰（内点极大，两端点竞争）,0,1,B,对数渐进型,1.1220184543019653e+18
1.0,151745079.81557307,627417021.4348809,3.7749664147621464,3.861173751936085,3.7749664147621464,3.7757255115760753,单峰（内点极大，两端点竞争）,0,1,B,对数渐进型,1.2589254117941714e+18
1.0,157148464.67973414,689784917.6065335,3.7300307000228576,3.823135824641324,3.7300307000228576,3.730784468439027,单峰（内点极大，两端点竞争）,0,1,B,对数渐进型,1.4125375446227497e+18
1.0,162782429.58014745,758021553.5112468,3.6862685199733147,3.7857642416730055,3.6862685199733147,3.687016819074301,单峰（内点极大，两端点竞争）,0,1,B,对数渐进型,1.5848931924611108e+18
1.0,168658478.89604127,832639970.7261021,3.643643984611968,3.749047330082761,3.643643984611968,3.644386680013234,单峰（内点极大，两端点竞争）,0,1,B,对数渐进型,1.7782794100389228e+18
1.0,174788750.097113,914193727.5346503,3.6021223438078502,3.712973621407679,3.6021223438078502,3.6028593075073054,单峰（内点极大，两端点竞争）,0,1,B,对数渐进型,1.995262314968883e+18
1.0,181186049.73393327,1003279668.5296962,3.5616699521914805,3.677531848088149,3.5616699521914805,3.5624010624260762,单峰（内点极大，两端点竞争）,0,1,B,对数渐进型,2.238721138568347e+18
1.0,187863891.40554065,1100540848.5594676,3.522254235171138,3.6427109399484614,3.522254235171138,3.522979376280148,单峰（内点极大，两端点竞争）,0,1,B,对数渐进型,2.511886431509572e+18
1.0,194836535.80172366,1206669618.052794,3.4838436560362185,3.608500020739049,3.4838436560362185,3.4845627183308814,单峰（内点极大，两端点竞争）,0,1,B,对数渐进型,2.818382931264449e+18
1.0,202119032.92157316,1322410877.2469544,3.4464076841104268,3.574888404739325,3.4464076841104268,3.4471205637495825,单峰（内点极大，两端点竞争）,0,1,B,对数渐进型,3.1622776601683794e+18
1.0,209727266.57421184,1448565507.4078052,3.4099167639183494,3.541865593420005,3.4099167639183494,3.4106233627897344,单峰（内点极大，两端点竞争）,0,1,B,对数渐进型,3.5481338923357604e+18
1.0,217678001.27216223,1585993987.7836425,3.3743422853299636,3.509421272163915,3.3743422853299636,3.3750425109367894,单峰（内点极大，两端点竞争）,0,1,B,对数渐进型,3.9810717055349857e+18
1.0,225988931.632641,1735620207.7818546,3.3396565546484487,3.477545307044239,3.3396565546484487,3.3403503200009017,单峰（内点极大，两端点竞争）,0,1,B,对数渐进型,4.4668359215096166e+18
1.0,234678734.4071432,1898435484.7091572,3.305832766607504,3.446227741659195,3.305832766607504,3.3065199901187894,单调下降,0,0,B,对数渐进型,5.011872336272715e+18
1.0,243767123.2651806,2075502798.3795335,3.272844977245298,3.4154587940221854,3.272844977245298,3.2735255826318417,单调下降,0,0,B,对数渐进型,5.623413251903491e+18
1.0,253274906.46379858,2267961254.9786005,3.2406680776228685,3.3852288535064035,3.2406680776228685,3.241341993808294,单调下降,0,0,B,对数渐进型,6.309573444801943e+18
1.0,263224047.540754,2477030793.783372,3.209277768355742,3.355528477842968,3.209277768355742,3.209944929378233,单调下降,0,0,B,对数渐进型,7.079457843841402e+18
1.0,273637729.17591727,2704017151.6804204,3.178650534928291,3.3263483901716553,3.178650534928291,3.179310879850937,单调下降,0,0,B,对数渐进型,7.943282347242789e+18
1.0,284540420.37264645,2950317101.907126,3.1487636237611794,3.297679476143274,3.1487636237611794,3.149417096584914,单调下降,0,0,B,对数渐进型,8.91250938133744e+18
1.0,295957947.11862105,3217423985.0633183,3.119595019003113,3.2695127810728324,3.119595019003113,3.1202415685818563,单调下降,0,0,B,对数渐进型,1e+19
1.0,307917566.6939636,3506933552.2082067,3.0911234200189073,3.2418395071425445,3.0911234200189073,3.091762999976504,单调下降,0,0,B,对数渐进型,1.1220184543019653e+19
1.0,320448045.8035091,3820550141.7680073,3.0633282195467677,3.2146510106538537,3.0633282195467677,3.063960788195347,单调下降,0,0,B,对数渐进型,1.2589254117941713e+19
1.0,333579742.71972466,4160093214.036289,3.0361894824985702,3.1879387993275863,3.0361894824985702,3.0368150027579404,单调下降,0,0,B,对数渐进型,1.4125375446227497e+19
1.0,347344693.63331324,4527504269.246851,3.0096879253777757,3.1616945296514007,3.0096879253777757,3.0103063646954804,单调下降,0,0,B,对数渐进型,1.5848931924611109e+19
1.0,361776703.4197442,4924854177.53656,2.9838048962906005,3.135910004273711,2.9838048962906005,2.984416226562278,单调下降,0,0,B,对数渐进型,1.7782794100389229e+19
1.0,376911441.0421047,5354350951.589955,2.958522355526921,3.110577169443258,2.958522355526921,2.959126553016622,单调下降,0,0,B,对数渐进型,1.9952623149688828e+19
1.0,392786539.8236636,5818347995.361063,2.9338228566884377,3.0856881124935294,2.9338228566884377,2.9344199019485755,单调下降,0,0,B,对数渐进型,2.238721138568347e+19
1.0,409441702.8375287,6319352864.99871,2.9096895283425535,3.061235059371258,2.9096895283425535,2.9102794061331716,单调下降,0,0,B,对数渐进型,2.511886431509572e+19
1.0,426918813.67563283,6860036580.954281,2.8861060561814553,3.037210372208203,2.8861060561814553,2.8866887553885334,单调下降,0,0,B,对数渐进型,2.8183829312644493e+19
1.0,445262052.87537754,7443243533.216039,2.8630566656669236,3.013606546935483,2.8630566656669236,2.863632179219457,单调下降,0,0,B,对数渐进型,3.162277660168379e+19
1.0,464518020.2990689,8072002024.698373,2.840526105142401,2.9904162109396886,2.840526105142401,2.8410944299280247,单调下降,0,0,B,对数渐进型,3.5481338923357606e+19
1.0,484735863.7795021,8749535501.00101,2.818499629394956,2.9676321207600607,2.818499629394956,2.8190607661739033,单调下降,0,0,B,对数渐进型,3.981071705534986e+19
1.0,505967414.3641382,9479274518.054167,2.7969629836508005,2.9452471598260095,2.7969629836508005,2.7975169369680293,单调下降,0,0,B,对数渐进型,4.466835921509617e+19
1.0,528267328.51060903,10264869502.575108,2.775902387989108,2.923254336234259,2.775902387989108,2.77644916608445,单调下降,0,0,B,对数渐进型,5.011872336272715e+19
1.0,551693237.6076387,11110204363.784628,2.7553045221599284,2.9016467805649513,2.7553045221599284,2.75584413687616,单调下降,0,0,B,对数渐进型,5.6234132519034905e+19
1.0,576305905.2181501,12019411018.47728,2.735156510793038,2.880417743735984,2.735156510793038,2.7356889774817916,单调下降,0,0,B,对数渐进型,6.309573444801943e+19
1.0,602169392.4649646,12996884895.312956,2.715445908985595,2.8595605948949516,2.715445908985595,2.7159712464110894,单调下降,0,0,B,对数渐进型,7.0794578438414025e+19
1.0,629351232.0043831,14047301488.118742,2.696160688257486,2.839068819348011,2.696160688257486,2.6966789184980575,单调下降,0,0,B,对数渐进型,7.94328234724279e+19
1.0,657922611.0591776,15175634032.067493,2.6772892228641822,2.8189360165250195,2.6772892228641822,2.6778003712116587,单调下降,0,0,B,对数渐进型,8.91250938133744e+19
1.0,687958564.0097337,16387172380.859768,2.6588202764579,2.799155897980343,2.6588202764579,2.659324371314883,单调下降,0,0,B,对数渐进型,1e+20
1.0,719538175.0707898,17687543167.501514,2.640742989088685,2.7797222854286585,2.640742989088685,2.6412400618638356,单调下降,0,0,B,对数渐进型,1.1220184543019654e+20
1.0,752744791.611001,19082731335.9629,2.623046864537912,2.7606291088151833,2.623046864537912,2.623536949539367,单调下降,0,0,B,对数渐进型,1.2589254117941713e+20
1.0,787666248.7038176,20579103135.959576,2.6057217579774274,2.7418704044197044,2.6057217579774274,2.6062048923045085,单调下降,0,0,B,对数渐进型,1.4125375446227496e+20
1.0,824395105.5308053,22183430678.344975,2.5887578639482776,2.723440312993814,2.5887578639482776,2.589234087381671,单调下降,0,0,B,对数渐进型,1.5848931924611108e+20
1.0,863028894.292404,23902918154.17746,2.572145704653601,2.7053330779307934,2.572145704653601,2.572615059544213,单调下降,0,0,B,对数渐进型,1.778279410038923e+20
1.0,903670382.3167679,25745229826.469887,2.5558761185608003,2.687543043467541,2.5558761185608003,2.556338649717516,单调下降,0,0,B,对数渐进型,1.995262314968883e+20
1.0,946427848.0943844,27718519909.968433,2.539940249308633,2.670064652918006,2.539940249308633,2.540396003885221,单调下降,0,0,B,对数渐进型,2.238721138568347e+20
1.0,991415372.0048869,29831464461.100483,2.524329534915246,2.6528924469375683,2.524329534915246,2.5247785622966625,单调下降,0,0,B,对数渐进型,2.5118864315095718e+20
1.0,1038753142.5431165,32093295407.503895,2.5090356972835286,2.636021061817818,2.5090356972835286,2.5094780489718893,单调下降,0,0,B,对数渐进型,2.818382931264449e+20
1.0,1088567778.893686,34513836854.35402,2.4940507320004395,2.619445227811215,2.4940507320004395,2.4944864615009323,单调下降,0,0,B,对数渐进型,3.1622776601683794e+20
1.0,1140992670.7480094,37103543813.081436,2.4793668984271253,2.6031597674850917,2.4793668984271253,2.4797960611341425,单调下降,0,0,B,对数渐进型,3.54813389233576e+20
1.0,1196168336.3040352,39873543507.06553,2.4649767100768254,2.587159594104489,2.4649767100768254,2.465399363160589,单调下降,0,0,B,对数渐进型,3.9810717055349857e+20
1.0,1254242799.4379215,42835679418.544205,2.4508729252775927,2.571439710043325,2.4508729252775927,2.4512891275715525,单调下降,0,0,B,对数渐进型,4.466835921509617e+20
1.0,1315371987.0880537,46002558251.34813,2.437048538116876,2.5559952052233936,2.437048538116876,2.4374583500061493,单调下降,0,0,B,对数渐进型,5.0118723362727146e+20
1.0,1379720147.945778,49387599995.177025,2.4234967696649994,2.5408212555807137,2.4234967696649994,2.423900252976111,单调下降,0,0,B,对数渐进型,5.6234132519034906e+20
1.0,1447460293.6037428,53005091289.07483,2.4102110594744315,2.5259131215587374,2.4102110594744315,2.410608277366611,单调下降,0,0,B,对数渐进型,6.309573444801943e+20
1.0,1518774663.3724592,56870242294.52256,2.3971850573516678,2.511266146627961,2.3971850573516678,2.3975760742099386,单调下降,0,0,B,对数渐进型,7.079457843841402e+20
1.0,1593855214.0383759,60999247302.25837,2.384412615398353,2.4968757558314647,2.384412615398353,2.384797496728641,单调下降,0,0,B,对数渐进型,7.943282347242789e+20
1.0,1672904135.9027584,65409349311.58077,2.3718877803180933,2.48273745435593,2.3718877803180933,2.3722665926445647,单调下降,0,0,B,对数渐进型,8.91250938133744e+20
1.0,1756134396.5105617,70118908836.52953,2.359604785985214,2.468846826127699,2.359604785985214,2.3599775967500283,单调下降,0,0,B,对数渐进型,1e+21
1.0,1843770313.551567,75147477210.09814,2.3475580462714665,2.455199532433416,2.3475580462714665,2.3479249237371285,单调下降,0,0,B,对数渐进型,1.1220184543019653e+21
1.0,1936048158.493795,80515874675.47202,2.335742148126492,2.4417913105648408,2.335742148126492,2.3361031612809517,单调下降,0,0,B,对数渐进型,1.2589254117941712e+21
1.0,2033216792.5905712,86246273572.37663,2.324151844907589,2.4286179724873995,2.324151844907589,2.324507063372225,单调下降,0,0,B,对数渐进型,1.4125375446227498e+21
1.0,2135538336.9888122,92362286946.96483,2.3127820499541056,2.4156754035320556,2.3127820499541056,2.3131315438947184,单调下降,0,0,B,对数渐进型,1.584893192461111e+21
1.0,2243288878.756936,98889062935.35275,2.3016278304015807,2.4029595611101047,2.3016278304015807,2.3019716704424815,单调下降,0,0,B,对数渐进型,1.7782794100389228e+21
1.0,2356759214.7465396,105853385294.06657,2.2906844012304806,2.3904664734504775,2.2906844012304806,2.2910226583717677,单调下降,0,0,B,对数渐进型,1.995262314968883e+21
1.0,2476255635.3031588,113283780475.27579,2.279947119544244,2.378192238359164,2.279947119544244,2.280279865082321,单调下降,0,0,B,对数渐进型,2.238721138568347e+21
1.0,2602100749.947575,121210631670.97417,2.2694114790711204,2.3661330220003687,2.2694114790711204,2.2697387845225006,单调下降,0,0,B,对数渐进型,2.5118864315095717e+21
1.0,2734634357.2621613,129666300278.2071,2.2590731048841284,2.35428505769902,2.2590731048841284,2.259395041912561,单调下降,0,0,B,对数渐进型,2.818382931264449e+21
1.0,2874214361.3344593,138685255267.2398,2.2489277483333376,2.3426446447642575,2.2489277483333376,2.2492443886802542,单调下降,0,0,B,对数渐进型,3.1622776601683794e+21
1.0,3021217737.236125,148304210966.2626,2.2389712821845134,2.3312081473335247,2.2389712821845134,2.239282697602805,单调下降,0,0,B,对数渐进型,3.5481338923357606e+21
1.0,3176041548.146062,158562273810.00836,2.2291996959581053,2.3199719932369147,2.2291996959581053,2.229505958149205,单调下降,0,0,B,对数渐进型,3.9810717055349854e+21
1.0,3339104016.8664174,169501098635.58063,2.2196090914624564,2.308932672881411,2.2196090914624564,2.2199102720166977,单调下降,0,0,B,对数渐进型,4.4668359215096167e+21
1.0,3510845654.62576,181165055147.1043,2.21019567851506,2.2980867381546686,2.21019567851506,2.210491848855276,单调下降,0,0,B,对数渐进型,5.011872336272714e+21
1.0,3691730450.2187576,193601405211.50146,2.2009557708456717,2.287430801348006,2.2009557708456717,2.2012470021739814,单调下降,0,0,B,对数渐进型,5.623413251903491e+21
1.0,3882247122.6936183,206860491691.15866,2.191885782175064,2.2769615340982576,2.191885782175064,2.192172145422777,单调下降,0,0,B,对数渐进型,6.309573444801943e+21
1.0,4082910440.9708385,220995939565.35617,2.182982222463214,2.266675666348168,2.182982222463214,2.183263788243802,单调下降,0,0,B,对数渐进型,7.079457843841402e+21
1.0,4294262613.956377,236064870141.5885,2.1742416943207785,2.256569985324993,2.1742416943207785,2.1745185328858185,单调下降,0,0,B,对数渐进型,7.943282347242789e+21
1.0,4516874754.903678,252128129210.22708,2.1656608895777203,2.246641334536995,2.1656608895777203,2.1659330707757416,单调下降,0,0,B,对数渐进型,8.912509381337441e+21
1.0,4751348423.978883,269250530051.72928,2.1572365860030605,2.2368866127875204,2.1572365860030605,2.157504179241203,单调下降,0,0,B,对数渐进型,1e+22
1.0,4998317253.194747,287501112265.0449,2.1489656441697753,2.2273027732063473,2.1489656441697753,2.1492287183781675,单调下降,0,0,B,对数渐进型,1.1220184543019653e+22
1.0,5258448658.102133,306953417448.99286,2.1408450044589884,2.2178868222979973,2.1408450044589884,2.141103628057753,单调下降,0,0,B,对数渐进型,1.2589254117941714e+22
1.0,5532445640.861739,327685782835.78424,2.1328716841977053,2.208635819006726,2.1328716841977053,2.133125925066496,单调下降,0,0,B,对数渐进型,1.4125375446227496e+22
1.0,5821048689.565265,349781654047.6117,2.125042774924464,2.199546873797886,2.125042774924464,2.125292700374428,单调下降,0,0,B,对数渐进型,1.584893192461111e+22
1.0,6125037778.936809,373329918223.4543,2.1173554397774046,2.190617147755388,2.1173554397774046,2.117601116525486,单调下降,0,0,B,对数渐进型,1.7782794100389228e+22
1.0,6445234477.818358,398425258844.73065,2.1098069109994215,2.1818438516949716,2.1098069109994215,2.110048405144888,单调下降,0,0,B,对数渐进型,1.995262314968883e+22
1.0,6782504169.132075,425168533674.955,2.1023944875551788,2.173224245293005,2.1023944875551788,2.1026318645582833,单调下降,0,0,B,对数渐进型,2.238721138568347e+22
1.0,7137758388.316041,453667177320.86975,2.095115532854959,2.164755636230553,2.095115532854959,2.0953488575176378,单调下降,0,0,B,对数渐进型,2.511886431509572e+22
1.0,7511957286.55132,484035630020.7457,2.0879674725804502,2.1564353793524322,2.0879674725804502,2.0881968090289513,单调下降,0,0,B,对数渐进型,2.8183829312644493e+22
1.0,7906112225.434859,516395794370.17096,2.080947792607755,2.1482608758410064,2.080947792607755,2.0811732042771056,单调下降,0,0,B,对数渐进型,3.1622776601683792e+22
1.0,8321288510.107569,550877521807.2915,2.0740540370230542,2.140229572404446,2.0740540370230542,2.074275586643276,单调下降,0,0,B,对数渐进型,3.5481338923357603e+22
1.0,8758608268.223211,587619130797.9536,2.0672838062265413,2.132338960479214,2.0672838062265413,2.067501555810511,单调下降,0,0,B,对数渐进型,3.981071705534985e+22
1.0,9219253482.536324,626767958787.8469,2.0606347551203985,2.124586575446521,2.0606347551203985,2.060848765953275,单调下降,0,0,B,对数渐进型,4.466835921509617e+22
1.0,9704469185.30322,668480950123.44,2.0541045913767535,2.116969995862503,2.0541045913767535,2.054314924006871,单调下降,0,0,B,对数渐进型,5.011872336272714e+22
1.0,10215566823.127628,712925282286.8883,2.0476910737817215,2.1094868427018905,2.0476910737817215,2.0478977880128806,单调下降,0,0,B,对数渐进型,5.623413251903491e+22
1.0,10753927801.344519,760279032943.0201,2.0413920106518058,2.1021347786149245,2.0413920106518058,2.04159516553686,单调下降,0,0,B,对数渐进型,6.309573444801943e+22
1.0,11321007217.518711,810731890459.3021,2.0352052583190696,2.094911507197287,2.0352052583190696,2.035404912154745,单调下降,0,0,B,对数渐进型,7.079457843841402e+22
1.0,11918337794.147644,864485910733.0854,2.0291287196816805,2.087814772272824,2.0291287196816805,2.0293249300045444,单调下降,0,0,B,对数渐进型,7.94328234724279e+22
1.0,12547534021.197449,921756323345.072,2.0231603428165497,2.0808423571888337,2.0231603428165497,2.0233531664000552,单调下降,0,0,B,对数渐进型,8.91250938133744e+22
1.0,13210296519.665518,982772390254.7845,2.0172981196509654,2.0739920841236983,2.0172981196509654,2.017487612503504,单调下降,0,0,B,对数渐进型,1.0000000000000001e+23
1.0,13908416637.963066,1047778320463.4414,2.0115400846902425,2.0672618134066445,2.0115400846902425,2.011726302054135,单调下降,0,0,B,对数渐进型,1.1220184543019653e+23
1.0,14643781293.540333,1117034244292.65,2.0058843137985707,2.0606494428494235,2.0058843137985707,2.006067310149935,单调下降,0,0,B,对数渐进型,1.2589254117941714e+23
1.0,15418378072.836725,1190817251165.504,2.0003289230303642,2.0541529070896933,2.0003289230303642,2.000508752079796,单调下降,0,0,B,对数渐进型,1.4125375446227497e+23
1.0,16234300603.34405,1269422495029.4182,1.9948720675095641,2.0477701769459076,1.9948720675095641,1.9950487822035743,单调下降,0,0,B,对数渐进型,1.584893192461111e+23
1.0,17093754212.294853,1353164371830.5151,1.9895119403544552,2.041499258783505,1.9895119403544552,1.9896855928776085,单调下降,0,0,B,对数渐进型,1.7782794100389228e+23
1.0,17999061887.276833,1442377773736.0393,1.9842467716456957,2.0353381938922004,1.9842467716456957,1.9844174134233954,单调下降,0,0,B,对数渐进型,1.9952623149688827e+23
1.0,18952670554.877155,1537419425108.0715,1.9790748274353653,2.029285057874185,1.9790748274353653,1.979242509137239,单调下降,0,0,B,对数渐进型,2.238721138568347e+23
1.0,19957157694.329926,1638669305557.3252,1.9739944087949601,2.023337960043044,1.9739944087949601,1.9741591803387943,单调下降,0,0,B,对数渐进型,2.5118864315095718e+23
1.0,21015238304.03975,1746532165753.6372,1.9690038509003585,2.0174950428332044,1.9690038509003585,1.9691657614565408,单调下降,0,0,B,对数渐进型,2.818382931264449e+23
1.0,22129772239.812027,1861439142039.1453,1.9641015221519014,2.011754481219728,1.9641015221519014,1.9642606201483273,单调下降,0,0,B,对数渐进型,3.162277660168379e+23
1.0,23303771944.62074,1983849476285.0874,1.9592858233278123,2.006114482148266,1.9592858233278123,1.9594421564552162,单调下降,0,0,B,对数渐进型,3.5481338923357603e+23
1.0,24540410590.80958,2114252347851.9226,1.9545551867692899,2.000573283975005,1.9545551867692899,1.954708801986963,单调下降,0,0,B,对数渐进型,3.9810717055349855e+23
1.0,25843030656.73097,2253168824960.366,1.9499080755956875,1.9951291559164186,1.9499080755956875,1.9500590191375489,单调下降,0,0,B,对数渐进型,4.466835921509616e+23
1.0,27215152961.00246,2401153943257.2236,1.9453429829482842,1.9897803975086583,1.9453429829482842,1.9454913003292709,单调下降,0,0,B,对数渐进型,5.011872336272715e+23
1.0,28660486178.800995,2558798919866.5337,1.940858431261234,1.984525338076421,1.940858431261234,1.9410041672839777,单调下降,0,0,B,对数渐进型,5.623413251903491e+23
1.0,30182936865.917732,2726733511757.603,1.9364529715583492,1.9793623362111132,1.9364529715583492,1.9365961703201127,单调下降,0,0,B,对数渐进型,6.309573444801942e+23
1.0,31786620017.66041,2905628527837.27,1.932125182774456,1.974289779258161,1.932125182774456,1.932265887674301,单调下降,0,0,B,对数渐进型,7.079457843841402e+23
1.0,33475870191.147854,3096198504786.17,1.9278736711001296,1.969306082813301,1.9278736711001296,1.9280119248462897,单调下降,0,0,B,对数渐进型,7.94328234724279e+23
1.0,35255253221.05821,3299204557312.4688,1.923697069348672,1.9644096902276922,1.923697069348672,1.9238329139661081,单调下降,0,0,B,对数渐进型,8.912509381337441e+23
1.0,37129578560.49331,3515457414192.034,1.9195940363442725,1.9595990721217014,1.9195940363442725,1.9197275131823885,单调下降,0,0,B,对数渐进型,1e+24
1.0,39103912280.318184,3745820652205.2534,1.91556325633034,1.9548727259072038,1.91556325633034,1.915694406070835,单调下降,0,0,B,对数渐进型,1.1220184543019652e+24
1.0,41183590762.10783,3991214140869.8774,1.9116034383970526,1.9502291753182526,1.9116034383970526,1.9117323010618945,单调下降,0,0,B,对数渐进型,1.2589254117941714e+24
1.0,43374235121.71647,4252617711709.702,1.9077133159272295,1.9456669699499685,1.9077133159272295,1.9078399308867278,单调下降,0,0,B,对数渐进型,1.4125375446227496e+24
1.0,45681766402.44881,4531075066695.667,1.9038916460596707,1.9411846848055085,1.9038916460596707,1.9040160520406355,单调下降,0,0,B,对数渐进型,1.584893192461124e+24
1.0,48112421578.90024,4827697941448.204,1.9001372091691715,1.9367809198509736,1.9001372091691715,1.9002594442631393,单调下降,0,0,B,对数渐进型,1.7782794100389228e+24
1.0,50672770414.724236,5143670539808.114,1.8964488083624398,1.932454299578106,1.8964488083624398,1.8965689100339536,单调下降,0,0,B,对数渐进型,1.9952623149688828e+24
1.0,53369733219.88878,5480254257462.768,1.8928252689892153,1.928203472574655,1.8928252689892153,1.8929432740841463,单调下降,0,0,B,对数渐进型,2.238721138568347e+24
1.0,56210599555.418724,5838792713470.322,1.889265438167905,1.924027111102265,1.889265438167905,1.8893813829218005,单调下降,0,0,B,对数渐进型,2.511886431509572e+24
1.0,59203047936.17794,6220717109751.197,1.8857681843250984,1.9199239106817567,1.8857681843250984,1.8858821043715475,单调下降,0,0,B,对数渐进型,2.818382931264472e+24
1.0,62355166584.951836,6627551939923.0205,1.8823323967483645,1.9158925896856793,1.8823323967483645,1.8824443271273688,单调下降,0,0,B,对数渐进型,3.1622776601683796e+24
1.0,65675475293.91763,7060921070252.856,1.8789569851517478,1.9119318889379922,1.8789569851517478,1.8790669603180887,单调下降,0,0,B,对数渐进型,3.5481338923357605e+24
1.0,69172948452.59726,7522554216979.042,1.8756408792534418,1.908040571320766,1.8756408792534418,1.875748933085033,单调下降,0,0,B,对数渐进型,3.9810717055349857e+24
1.0,72857039304.52885,8014293845841.515,1.872383028365112,1.9042174213877712,1.872383028365112,1.8724891941713322,单调下降,0,0,B,对数渐进型,4.4668359215096164e+24
1.0,76737705498.23148,8538102521339.151,1.869182400992401,1.9004612449848333,1.869182400992401,1.8692867115223961,单调下降,0,0,B,对数渐进型,5.011872336272756e+24
1.0,80825436001.50609,9096070735029.223,1.866037984446154,1.8967708688768443,1.866037984446154,1.8661404718971033,单调下降,0,0,B,对数渐进型,5.62341325190349e+24
1.0,85131279451.83476,9690425244094.943,1.8629487844639299,1.893145140381301,1.8629487844639299,1.8630494804892699,单调下降,0,0,B,对数渐进型,6.309573444801943e+24
1.0,89666874019.49489,10323537953439.291,1.8599138248413987,1.8895829270082702,1.8599138248413987,1.8600127605589984,单调下降,0,0,B,对数渐进型,7.079457843841402e+24
1.0,94444478864.1146,10997935376735.012,1.8569321470732325,1.8860831161066545,1.8569321470732325,1.8570293530735138,单调下降,0,0,B,对数渐进型,7.943282347242789e+24
1.0,99477007269.68723,11716308714168.133,1.8540028100031254,1.882644614516659,1.8540028100031254,1.8540983163571245,单调下降,0,0,B,对数渐进型,8.912509381337514e+24
1.0,104778061547.59436,12481524587072.148,1.8511248894825978,1.8792663482283465,1.8511248894825978,1.8512187257499653,单调下降,0,0,B,对数渐进型,1e+25
1.0,110361969802.00029,13296636472271.34,1.8482974780382535,1.8759472620461677,1.8482974780382535,1.8483896732751852,单调下降,0,0,B,对数渐进型,1.1220184543019654e+25
1.0,116243824656.96848,14164896881739.654,1.8455196845471833,1.8726863192593781,1.8455196845471833,1.8456102673142805,单调下降,0,0,B,对数渐进型,1.2589254117941714e+25
1.0,122439524049.9881,15089770336158.72,1.8427906339202127,1.8694825013182197,1.8427906339202127,1.8428796322902696,单调下降,0,0,B,对数渐进型,1.4125375446227497e+25
1.0,128965814202.15285,16074947184123.965,1.8401094667927202,1.866334807515779,1.8401094667927202,1.8401969083584326,单调下降,0,0,B,对数渐进型,1.5848931924611239e+25
1.0,135840334881.16196,17124358322114.633,1.837475339222758,1.863242254675421,1.837475339222758,1.837561251104354,单调下降,0,0,B,对数渐进型,1.7782794100389228e+25
1.0,143081667079.4651,18242190873949.055,1.8348874223962177,1.8602038768436913,1.8348874223962177,1.8349718312490058,单调下降,0,0,B,对数渐进型,1.995262314968883e+25
1.0,150709383236.41653,19432904892260.258,1.832344902338811,1.8572187249886054,1.832344902338811,1.832427834360644,单调下降,0,0,B,对数渐进型,2.238721138568347e+25
1.0,158744100140.19388,20701251148613.492,1.8298469796346264,1.854285866703219,1.8298469796346264,1.829928460573281,单调下降,0,0,B,对数渐进型,2.5118864315095717e+25
1.0,167207534652.47275,22052290083223.383,1.8273928691510517,1.8514043859143923,1.8273928691510517,1.8274729243115209,单调下降,0,0,B,对数渐进型,2.8183829312644723e+25
1.0,176122562406.4459,23491411989856.867,1.8249817997698559,1.848573382596657,1.8249817997698559,1.8250604540215514,单调下降,0,0,B,对数渐进型,3.1622776601683795e+25
1.0,185513279636.89212,25024358516434.367,1.8226130141242258,1.8457919724910938,1.8226130141242258,1.8226902919080934,单调下降,0,0,B,对数渐进型,3.5481338923357606e+25
1.0,195405068309.35056,26657245567088.81,1.8202857683415818,1.8430592868291364,1.8202857683415818,1.8203616936771254,单调下降,0,0,B,对数渐进型,3.9810717055349854e+25
1.0,205824664724.48276,28396587697033.66,1.8179993317919851,1.8403744720612134,1.8179993317919851,1.8180739282841998,单调下降,0,0,B,对数渐进型,4.466835921509617e+25
1.0,216800231783.05307,30249324097541.902,1.815752986841967,1.837736689590142,1.815752986841967,1.8158262776881806,单调下降,0,0,B,对数渐进型,5.0118723362727555e+25
1.0,228361435106.80182,32222846274685.984,1.8135460286136245,1.8351451155091958,1.8135460286136245,1.8136180366102483,单调下降,0,0,B,对数渐进型,5.6234132519034905e+25
1.0,240539523221.01828,34325027532242.66,1.811377764748816,1.832598940344758,1.811377764748816,1.811448512298002,单调下降,0,0,B,对数渐进型,6.309573444801943e+25
1.0,253367412015.5035,36564254376354.88,1.8092475151783185,1.830097368803483,1.8092475151783185,1.8093170242945251,单调下降,0,0,B,对数渐进型,7.0794578438414025e+25
1.0,266879773712.2041,38949459967225.984,1.8071546118957986,1.8276396195238895,1.8071546118957986,1.8072229042122643,单调下降,0,0,B,对数渐进型,7.943282347242788e+25
1.0,281113130580.0206,41490159751267.83,1.8050983987364617,1.8252249248323018,1.8050983987364617,1.8051654955115866,单调下降,0,0,B,对数渐进型,8.912509381337514e+25
1.0,296105953650.03595,44196489415832.41,1.8030782311602556,1.82285253050307,1.8030782311602556,1.8031441532838897,单调下降,0,0,B,对数渐进型,1e+26
1.0,311898766698.0489,47079245317921.01,1.8010934760394912,1.820521695522988,1.8010934760394912,1.801158244039134,单调下降,0,0,B,对数渐进型,1.1220184543019653e+26
1.0,328534255775.39484,50149927548123.914,1.7991435114507779,1.8182316918598391,1.7991435114507779,1.7992071454976832,单调下降,0,0,B,对数渐进型,1.2589254117941714e+26
1.0,346057384584.14075,53420785801568.71,1.7972277264711423,1.8159818042349976,1.7972277264711423,1.7972902463863345,单调下降,0,0,B,对数渐进型,1.4125375446227497e+26
1.0,364515516008.52325,56904868238835.914,1.7953455209782325,1.8137713299000104,1.7953455209782325,1.7954069462384323,单调下降,0,0,B,对数渐进型,1.584893192461124e+26
1.0,383958540131.031,60616073531740.42,1.7934963054544977,1.8115995784170986,1.7934963054544977,1.7935566551979565,单调下降,0,0,B,对数渐进型,1.7782794100389227e+26
1.0,404439009079.2434,64569206301577.94,1.7916795007952386,1.8094658714434964,1.7916795007952386,1.7917387938274867,单调下降,0,0,B,对数渐进型,1.995262314968883e+26
1.0,426012279067.81976,68780036170954.18,1.7898945381204394,1.8073695425195742,1.7898945381204394,1.7899527929199424,单调下降,0,0,B,对数渐进型,2.238721138568347e+26
1.0,448736660019.634,73265360664745.8,1.788140858590278,1.805309936860671,1.788140858590278,1.7881980933140085,单调下降,0,0,B,对数渐进型,2.511886431509572e+26
1.0,472673573170.36444,78043072211097.11,1.786417913224231,1.8032864111525728,1.786417913224231,1.7864741457131512,单调下降,0,0,B,对数渐进型,2.8183829312644723e+26
1.0,497887717082.64655,83132229509672.45,1.7847251627236842,1.8012983333505754,1.7847251627236842,1.784780410508144,单调下降,0,0,B,对数渐进型,3.1622776601683796e+26
1.0,524447242518.3966,88553133551874.22,1.783062077297962,1.7993450824820654,1.783062077297962,1.7831163576030102,单调下降,0,0,B,对数渐进型,3.54813389233576e+26
1.0,552423936642.0369,94327408596208.61,1.7814281364937004,1.7974260484525608,1.7814281364937004,1.7814814662443132,单调下降,0,0,B,对数渐进型,3.9810717055349854e+26
1.0,581893417052.4528,100478088421820.47,1.7798228290274798,1.7955406318551501,1.7798228290274798,1.7798752248537046,单调下降,0,0,B,对数渐进型,4.4668359215096166e+26
1.0,612935336168.1556,107029708204226.19,1.7782456526216446,1.7936882437832666,1.7782456526216446,1.778297130863662,单调下降,0,0,B,对数渐进型,5.0118723362727554e+26
1.0,645633596518.0765,114008402379699.39,1.77669611384324,1.7918683056467468,1.77669611384324,1.7767466905563432,单调下降,0,0,B,对数渐进型,5.623413251903491e+26
1.0,680076577519.9348,121442008888689.77,1.7751737279459867,1.7900802489911065,1.7751737279459867,1.7752234189054816,单调下降,0,0,B,对数渐进型,6.309573444801942e+26
1.0,716357374358.9503,129360180214064.92,1.773678018715236,1.7883235153199868,1.773678018715236,1.77372683942126,单调下降,0,0,B,对数渐进型,7.079457843841402e+26
1.0,754574049612.8756,137794501657055.05,1.7722085183158303,1.7865975559207077,1.7722085183158303,1.772256483998094,单调下降,0,0,B,对数渐进型,7.94328234724279e+26
1.0,794829898303.1997,146778617322705.1,1.7707647671428113,1.784901831692879,1.7707647671428113,1.7708118927652616,单调下降,0,0,B,对数渐进型,8.912509381337514e+26
1.0,837233727088.9733,156348364317330.2,1.769346313674911,1.783235812980014,1.769346313674911,1.769392613940317,单调下降,0,0,B,对数渐进型,1e+27
