model_repo,model_size,step,branch,commit
EleutherAI/pythia-14m,14m,142000,step142000,cca39af689139d049aedf10206e932638f19679a
EleutherAI/pythia-14m,14m,141000,step141000,37d03d13381a010ede721945b18170e2f61b0f95
EleutherAI/pythia-14m,14m,140000,step140000,a5891531bf82c6a04eeea84c2bb5b69da15c7c4b
EleutherAI/pythia-14m,14m,139000,step139000,d1fd0ae9d7cd2a98fb8e792c993e601cf17f910b
EleutherAI/pythia-14m,14m,138000,step138000,cb0d666c9b2ac495ce27b75d8f79216572ecc788
EleutherAI/pythia-14m,14m,137000,step137000,dde81509c53fa3f79f35d2098c7b6f55d2710544
EleutherAI/pythia-14m,14m,136000,step136000,fbfc8ed1f8fa4d97e5fbe1b08f94586d8d25cd9d
EleutherAI/pythia-14m,14m,135000,step135000,5b8abc4d3473fbada5aa627bc0b45cc60823d91d
EleutherAI/pythia-14m,14m,134000,step134000,eb7ddf920a5f9e977f0a791fb087005d45d17911
EleutherAI/pythia-14m,14m,133000,step133000,04930e11ddc5bea51ac8f14f37a148f8b9088283
EleutherAI/pythia-14m,14m,132000,step132000,e4d1cf1063b45ba20ecd11e7d3017529a215d3df
EleutherAI/pythia-14m,14m,131000,step131000,677beb266414c7ad23c1411a7ce546e7bc68b6ee
EleutherAI/pythia-14m,14m,130000,step130000,e910fdf6548f7d8773a3147451e17bd0d0c7b309
EleutherAI/pythia-14m,14m,129000,step129000,096a261e07cc28aee3e3d638190e527272360698
EleutherAI/pythia-14m,14m,128000,step128000,db784253a58eeaae4bad0ed27b889da2c542796a
EleutherAI/pythia-14m,14m,127000,step127000,29116458d64bfdd75728480caf7fec21c6bd2193
EleutherAI/pythia-14m,14m,126000,step126000,84c001b42f70bc12affed756fa39048fc869b0a2
EleutherAI/pythia-14m,14m,125000,step125000,71140a43d3d0f7ecd28901fd64eb6d52ce465984
EleutherAI/pythia-14m,14m,124000,step124000,5fda7afc77196593259a35a50750a577d40282e0
EleutherAI/pythia-14m,14m,123000,step123000,36555cc4e4d36b98417cbf02d8e022816d8113bb
EleutherAI/pythia-14m,14m,122000,step122000,19f0d2a23afb4907cdf9f9ada905b31c7c0f9e7f
EleutherAI/pythia-14m,14m,121000,step121000,9ba66414d3c6b14692ff5b1d9a32b1b0ec1ceba8
EleutherAI/pythia-14m,14m,120000,step120000,58e13afbca5078a60dbc2ffe5311e5e0fb3f25ba
EleutherAI/pythia-14m,14m,119000,step119000,bf1c52ede64d0685ca9fc942f45fc2082a6a99b2
EleutherAI/pythia-14m,14m,118000,step118000,670ef7bc364bc79fb7bfc4c70e4f6faca4af2941
EleutherAI/pythia-14m,14m,117000,step117000,77091ccc86fa99c2ac573516616b0f2bc5dfb24b
EleutherAI/pythia-14m,14m,116000,step116000,22b1dbc54eda1c621f4d3fd1d4f103e1a1118cf4
EleutherAI/pythia-14m,14m,115000,step115000,6af4e438bbdcc3431a29fe6095a2d648c578e607
EleutherAI/pythia-14m,14m,114000,step114000,f1ad1edaeddf23bdc26f7ff55c374b471917a4a5
EleutherAI/pythia-14m,14m,113000,step113000,d41cdb451c548d41c3a219fbdc80cea17c4f0727
EleutherAI/pythia-14m,14m,112000,step112000,621bda8515540f0e73ad39ad09606180d31dca3e
EleutherAI/pythia-14m,14m,111000,step111000,1b8be08c6b19765a90a19f7844e70143f5de87b0
EleutherAI/pythia-14m,14m,110000,step110000,6d1012ff403b5a7c51f69217d0529da59641c354
EleutherAI/pythia-14m,14m,109000,step109000,1aa264d4d36f02c1f73389f4cbe80538dff53c6b
EleutherAI/pythia-14m,14m,108000,step108000,15316d8fe78d34c54f6a1c0e3cc1298f4d3602ea
EleutherAI/pythia-14m,14m,107000,step107000,4e7d7776b81450c3a1b9050bae7e6deb7b5cfa00
EleutherAI/pythia-14m,14m,106000,step106000,41d1567f63301f3616487fd124c54a6a83edca30
EleutherAI/pythia-14m,14m,105000,step105000,00583b01b13a70c7ac155322ccffd475202d974b
EleutherAI/pythia-14m,14m,104000,step104000,b8d4196af974c32275b01d11c8e5cfeae39b319c
EleutherAI/pythia-14m,14m,103000,step103000,f4abd7541e7b1cf6115a19a82e156c791b7551bc
EleutherAI/pythia-14m,14m,102000,step102000,ab9d5f4b52066f529c68dfcb184b140d802ed79f
EleutherAI/pythia-14m,14m,101000,step101000,69bf782f2bd16bc848b386afdabc1ea3378f208f
EleutherAI/pythia-14m,14m,100000,step100000,d8ef477bd905f3cceeb9327b0cefba4f6f9895ac
EleutherAI/pythia-14m,14m,99000,step99000,da15233bf65f16030d75a959a4dfacdf0f3a4ce8
EleutherAI/pythia-14m,14m,98000,step98000,2e79e8947031cd876d5e487ab7592ebf9d5df224
EleutherAI/pythia-14m,14m,97000,step97000,7f2f5e256375824c8670c418aaf57a173ae7c3a8
EleutherAI/pythia-14m,14m,96000,step96000,374e0654c525e01c1e55731fb088cf1dd039f472
EleutherAI/pythia-14m,14m,95000,step95000,74ca859bf18fbf6decaae40f32107a1b5e8b4265
EleutherAI/pythia-14m,14m,94000,step94000,10b14212ce8904cf9cc9d3fbba2cb0cf09685c74
EleutherAI/pythia-14m,14m,93000,step93000,e2e15011391f0b108d2309458845aa0070299c8f
EleutherAI/pythia-14m,14m,92000,step92000,e0d202712a515fce82c8773b6d821a1e24fb1efd
EleutherAI/pythia-14m,14m,91000,step91000,df1100aa01b9de71d6a4fbbb402d69d23cd4cee7
EleutherAI/pythia-14m,14m,90000,step90000,fe6add2ed7def9bbac155eb61ba2afcdd3a65ddc
EleutherAI/pythia-14m,14m,89000,step89000,01aa3296b292d458bd766f0ad885f48c12887665
EleutherAI/pythia-14m,14m,88000,step88000,fab4fe95a1feddaa8bdfd540b1fe18f7c8346b3e
EleutherAI/pythia-14m,14m,87000,step87000,5f6b6f585772d748dee34494284f890e68a95726
EleutherAI/pythia-14m,14m,86000,step86000,85b56a19945b2362cf6f546bf9da2c7b5cc76c4d
EleutherAI/pythia-14m,14m,85000,step85000,1126db0eb897f042f53a269e6eb7cd990a413380
EleutherAI/pythia-14m,14m,84000,step84000,4a558de1100a1d92f1517f4051051a4106ada216
EleutherAI/pythia-14m,14m,83000,step83000,7ff784c296ff90ea0182a2ec23a231a5b97c69cb
EleutherAI/pythia-14m,14m,82000,step82000,4264d610f9a7489a751251093dad7d5e1d972e5f
EleutherAI/pythia-14m,14m,81000,step81000,90c5f178372d60c575361a1581be04ce020bba71
EleutherAI/pythia-14m,14m,80000,step80000,9c92e49247d7387bb63955f63c124ca92554ba88
EleutherAI/pythia-14m,14m,79000,step79000,aefc67a6042e5d3fe56311541824b6835781c75d
EleutherAI/pythia-14m,14m,78000,step78000,ca8ff932d5e89112c31c0d9b7610b906caf47727
EleutherAI/pythia-14m,14m,77000,step77000,dfacbd16fc1f84a6d61aa2018fd8017412b0cc95
EleutherAI/pythia-14m,14m,76000,step76000,b955ee1b1871feeebd6607849a5ad0bc0b2c80bc
EleutherAI/pythia-14m,14m,75000,step75000,a1aa8d5bfdd157cef133bd844f73ec8ed00b9c4f
EleutherAI/pythia-14m,14m,74000,step74000,30d1c91492a3cd0e2a6cad7f69fd4218219dba91
EleutherAI/pythia-14m,14m,73000,step73000,b76b05132ad8be4e8c9ba8d5b2930cdb5d609b38
EleutherAI/pythia-14m,14m,72000,step72000,a4bf1f4c48f4c48d384177116082d2ec87ac920e
EleutherAI/pythia-14m,14m,71000,step71000,6a9156279d41c80dea69f043e25818cb3e596f56
EleutherAI/pythia-14m,14m,70000,step70000,bc2da4b54c5cf83a29b2c875759ba1e9d6f85bb1
EleutherAI/pythia-14m,14m,69000,step69000,de9fd46f9cfce7e0b022ab3199b243851660f85f
EleutherAI/pythia-14m,14m,68000,step68000,bc548de1710b1723df17c3b3a66dda7b9fcef509
EleutherAI/pythia-14m,14m,67000,step67000,c20477a97dc2fec7546c8cd21a49bc357711845b
EleutherAI/pythia-14m,14m,66000,step66000,d0abacf0da401c2e5d8884d44212ee3ca927f698
EleutherAI/pythia-14m,14m,65000,step65000,1fcdd6369b758642cde3bcbd96cf8048e28a588a
EleutherAI/pythia-14m,14m,64000,step64000,7bd2eaaf66022cb4ec8d1811704ba939bc4a53c5
EleutherAI/pythia-14m,14m,63000,step63000,89ceab028fa1fe0c5d44886e47e758c6fe24c017
EleutherAI/pythia-14m,14m,62000,step62000,a01b61916d74ef9cc4ca8e8182bbee387d6c87ca
EleutherAI/pythia-14m,14m,61000,step61000,6a0d05ba761075f9d66e7da074eab8c1a73debf6
EleutherAI/pythia-14m,14m,60000,step60000,31a5084977c97cdb008f23731326d1566c8b8409
EleutherAI/pythia-14m,14m,59000,step59000,f64fb7daf92a0850209b79f66bcb898c788ca265
EleutherAI/pythia-14m,14m,58000,step58000,7169ae8eea540690b080c5d48d447babce298cbf
EleutherAI/pythia-14m,14m,57000,step57000,49729cd2443176d4a1b382736f08f84eab33b81c
EleutherAI/pythia-14m,14m,56000,step56000,1ab4f49669e262a89709404f502a3fe0fd175e9a
EleutherAI/pythia-14m,14m,55000,step55000,628e98bdf753ab034a21faf92a601c4ee0c689c8
EleutherAI/pythia-14m,14m,54000,step54000,a8d68564676acea582332eea112133dd74e8f5f1
EleutherAI/pythia-14m,14m,53000,step53000,a58d7210607a65c69868f9a62a3081f8e24e0ee2
EleutherAI/pythia-14m,14m,52000,step52000,a0cdcad2f6ca0a4c15cb5b671bf1cb50bf6e160e
EleutherAI/pythia-14m,14m,51000,step51000,09df5a9c1901323d67dec3662d5d872096ca9dff
EleutherAI/pythia-14m,14m,50000,step50000,8dd98715ddbbc5f55f04c66661b2e1744ab8f91c
EleutherAI/pythia-14m,14m,49000,step49000,ef4bd4581e551ecaba93dcd416436312abe93d7a
EleutherAI/pythia-14m,14m,48000,step48000,567c9ae53625f37e4951a7589e8a4c787fe77825
EleutherAI/pythia-14m,14m,47000,step47000,58f06b59325ae32e91d49e200a91ddf7a0aee3e4
EleutherAI/pythia-14m,14m,46000,step46000,524e8396cc2e0b49e2415ed2312a49023bfb5fa1
EleutherAI/pythia-14m,14m,45000,step45000,1268036f27cec88c1c0f365a9a9a4785518ad812
EleutherAI/pythia-14m,14m,44000,step44000,6df9cb0e9e8bed1325962123b5fe32753d6d1290
EleutherAI/pythia-14m,14m,43000,step43000,f9924086f04270269291f462d260fa0a39736638
EleutherAI/pythia-14m,14m,42000,step42000,d03f1c79a20358c52637cf093c74d1c0e783efa2
EleutherAI/pythia-14m,14m,41000,step41000,5d9b98ac5ed8205d5e4d2182be1e3e2a7048e98e
EleutherAI/pythia-14m,14m,40000,step40000,8df25c656dd39781fd7485ed8c09fe29d26a53ac
EleutherAI/pythia-14m,14m,39000,step39000,c8b63714db71296df8a70979ebe679f7fd1e2d79
EleutherAI/pythia-14m,14m,38000,step38000,b741dbd1ecb86d45a53c362b26d0e291ebba12db
EleutherAI/pythia-14m,14m,37000,step37000,b2f9ea541b075a259013c23cd70b1c05763ed382
EleutherAI/pythia-14m,14m,36000,step36000,a49ded178cf6843fe6f2bb8677f2e7b4a5442884
EleutherAI/pythia-14m,14m,35000,step35000,0dd992b701df2b1709403f6a7cdd7f6931fa76db
EleutherAI/pythia-14m,14m,34000,step34000,4d2bdd0856e3d1a8edf5fc24d7945a4047728ae8
EleutherAI/pythia-14m,14m,33000,step33000,cfc0faa136d13c09fca9fa0744de393a24561611
EleutherAI/pythia-14m,14m,32000,step32000,33df84a2cb76e6f4e4ff9d51e2fccd636cd7fcad
EleutherAI/pythia-14m,14m,31000,step31000,31a1a8dc3ad73302525925505534e45aedecab4b
EleutherAI/pythia-14m,14m,30000,step30000,b101b716cea95f2efd05bf6a06939b4e352536a9
EleutherAI/pythia-14m,14m,29000,step29000,1dbd5bbfc7e13108731db666277aeb9843d3dbc9
EleutherAI/pythia-14m,14m,28000,step28000,5d5cfa4af5b7451275423f5ca3a6e07fed6571ae
EleutherAI/pythia-14m,14m,27000,step27000,4b5fffb58c8301599f68767173e4445b10ba2553
EleutherAI/pythia-14m,14m,26000,step26000,07dd24c154119ff70957e20ecb17a93a87c11d12
EleutherAI/pythia-14m,14m,25000,step25000,077adaee5f80973809e5842f3fe44109b957217f
EleutherAI/pythia-14m,14m,24000,step24000,5e3233dc82100c1ee3766a87e29922eaf75fb69d
EleutherAI/pythia-14m,14m,23000,step23000,2da24f0d54249975578940610ee7b83d0eb18c32
EleutherAI/pythia-14m,14m,22000,step22000,e6c78016a222dd0d0cc55a019d70143d64190f8b
EleutherAI/pythia-14m,14m,21000,step21000,70b642be8594e1e902297744d09af326542bafb4
EleutherAI/pythia-14m,14m,20000,step20000,56d84e3d6aa724fac4c1bd29cd0e2ed1222813d0
EleutherAI/pythia-14m,14m,19000,step19000,79e9d88a7bd7275f121380bd58ec3699d79a9bc4
EleutherAI/pythia-14m,14m,18000,step18000,e50dcf9f9b0e13ba2dc5d37c2f11a28ab1331741
EleutherAI/pythia-14m,14m,17000,step17000,63da8a496492aa4d446df521d2d6e7300e6c4dde
EleutherAI/pythia-14m,14m,16000,step16000,1832f3521343e1a8f388214152ac72226d7804d5
EleutherAI/pythia-14m,14m,15000,step15000,324980fcb403793e67283cb4087b9be156b23d48
EleutherAI/pythia-14m,14m,14000,step14000,8a7f290c5d8af7f7c1a56ad32b470d9c674b0fab
EleutherAI/pythia-14m,14m,13000,step13000,cba5f0d99daebf589fd90521df895a76d100ce85
EleutherAI/pythia-14m,14m,12000,step12000,e70c0676f3e0063cab04bcecf9968bb9106dadb2
EleutherAI/pythia-14m,14m,11000,step11000,e44195ca4a40ccfde1572ac84d957df9364572c0
EleutherAI/pythia-14m,14m,10000,step10000,b9935f34c34c4bddaa99bed4c2ed3fc8e67c7504
EleutherAI/pythia-14m,14m,9000,step9000,f1ccde19a25a9680186f7a1b5d630fa2133291d2
EleutherAI/pythia-14m,14m,8000,step8000,7eaf1fcd5df4240021dad46cf103e58d53ed5f9e
EleutherAI/pythia-14m,14m,7000,step7000,b4c8b15bb25f81dd73bd6c90faf96da9f0dc0eec
EleutherAI/pythia-14m,14m,6000,step6000,79692de0292e42ac6b46db95605142dcf48cc8cc
EleutherAI/pythia-14m,14m,5000,step5000,547149b6bfcb4edc81868fc8dea02e59305b7c1d
EleutherAI/pythia-14m,14m,4000,step4000,b60dbd5b25fd86556d353656317f0f9bddd0116a
EleutherAI/pythia-14m,14m,3000,step3000,ce5c3df65194d4e4baab60f677da33e14b8ed030
EleutherAI/pythia-14m,14m,2000,step2000,55c108a1bc50cc1c118276ac6c592725636531c7
EleutherAI/pythia-14m,14m,1000,step1000,5b020995bfc7aee2931b0f35bd70cf7ee8b1db62
EleutherAI/pythia-14m,14m,512,step512,64c08eedb345bd7766b4283febb672eb04e993ba
EleutherAI/pythia-14m,14m,256,step256,f102f5014c71a573c3dab96838d46989345b9a51
EleutherAI/pythia-14m,14m,128,step128,3a5eb43ebee7160010d65f7162fd09eb1ae543e2
EleutherAI/pythia-14m,14m,64,step64,34ae3b5dc9c67591eaa0d394440b2c2d3752a143
EleutherAI/pythia-14m,14m,32,step32,6eae4186e80772e4f571b94526ea7e7348b5e011
EleutherAI/pythia-14m,14m,16,step16,b3819bb4ea5715cf5b9454428aa746cb6f61c953
EleutherAI/pythia-14m,14m,8,step8,fbd7af0e00c2ded2d0812b65b95842a65fdbc9d8
EleutherAI/pythia-14m,14m,4,step4,de985e60a7337d37f0eb3bc628d0b16c8202947c
EleutherAI/pythia-14m,14m,2,step2,090e997cac8cc804b7a34d32d3861457d7120b0c
EleutherAI/pythia-14m,14m,1,step1,a5a6c6adfd6e48b43682e231c1c30cc674545f0e
EleutherAI/pythia-14m,14m,0,step0,56079904bb80b7f36d3b794089f146e7a4d6efae
EleutherAI/pythia-14m,14m,143000,step143000,f1545025bb394553a7f4e547db0874886f05ef9c
EleutherAI/pythia-70m,70m,143000,step143000,de3e4e2d6cbb3b1a51f90fe153ea51fcd8c7c852
EleutherAI/pythia-70m,70m,142000,step142000,98ed6786d8d131baeb4f687da6a06fbdb9d97bbc
EleutherAI/pythia-70m,70m,141000,step141000,3235dc7ddba743420f14030f22dbe2d360806993
EleutherAI/pythia-70m,70m,140000,step140000,75712a7276ef7c13ed2d45d39715e11e4bc1fe6d
EleutherAI/pythia-70m,70m,139000,step139000,f5014d55858ded6b6b483bb54ac8da458c06e4b1
EleutherAI/pythia-70m,70m,138000,step138000,14f621430c460ecff27a1c50c4f667dc585cd30d
EleutherAI/pythia-70m,70m,137000,step137000,1d4c36b5e81c3b8aee3d37ee3251ee0b6854b839
EleutherAI/pythia-70m,70m,136000,step136000,7d7ece5694ba162fda36d3d98dbbd48398391a78
EleutherAI/pythia-70m,70m,135000,step135000,ebd68cbb6308b34b21a33994eb5156ae803ea59b
EleutherAI/pythia-70m,70m,134000,step134000,ceff8eb7410e6b0ed20058aa4f6ab9bfcde73ad4
EleutherAI/pythia-70m,70m,133000,step133000,1dc9e11f4b9373e1f1ce5fc04ea327ef8a551aea
EleutherAI/pythia-70m,70m,132000,step132000,fa20273d7311d43d5e30065e68e5ed91570be701
EleutherAI/pythia-70m,70m,131000,step131000,7a7df7dd62e0355dcc59dfa9e5de1ff4c8b3c2f3
EleutherAI/pythia-70m,70m,130000,step130000,1f76b83d73389453807919881eb3cc30ecb7faf5
EleutherAI/pythia-70m,70m,129000,step129000,626a8e23033840a5bcd3bcf971e3efbf216118bc
EleutherAI/pythia-70m,70m,128000,step128000,c037a4430fb15f849667c0ea1cb2487d8bb1b9b3
EleutherAI/pythia-70m,70m,127000,step127000,de4315c70ac6c36bb4ee23748bb28b200d55ff88
EleutherAI/pythia-70m,70m,126000,step126000,ebdf5033fdd3bb90c744d7430cde9b5d058b8dfd
EleutherAI/pythia-70m,70m,125000,step125000,f128cef16ca9bedf2c18100c6d672c5c2b1dbc96
EleutherAI/pythia-70m,70m,124000,step124000,bbb0f7de1f0cc19813d69ca2e2d42163e543bfe2
EleutherAI/pythia-70m,70m,123000,step123000,d91619cf1e21f4d2e2a815e76892d5b4be8218c6
EleutherAI/pythia-70m,70m,122000,step122000,9a6349bc2196639a09fbc78f794b1d894b1cf7fc
EleutherAI/pythia-70m,70m,121000,step121000,fe3d6a8e1de8888b449af77855b824587b4e1f72
EleutherAI/pythia-70m,70m,120000,step120000,b17a8cb6f76b1236ca11e0ab713425ebdddadc84
EleutherAI/pythia-70m,70m,119000,step119000,da300f35d26a4b260ff494e2c2894c074dd631c6
EleutherAI/pythia-70m,70m,118000,step118000,085b1b9000a79a6826226331ea0fefdef8777759
EleutherAI/pythia-70m,70m,117000,step117000,986d6c5b741c4da633e2b1176125325ed20d75fc
EleutherAI/pythia-70m,70m,116000,step116000,b0a582f9715a8fd39be14c2543f0fc094b89e5ed
EleutherAI/pythia-70m,70m,115000,step115000,385d6120c6cbdc6e136ed03a6232f3b6b26a503c
EleutherAI/pythia-70m,70m,114000,step114000,39d5f31352dce690d66d533cf7c5ba8a6327b008
EleutherAI/pythia-70m,70m,113000,step113000,d037efc180db80f3d158e1a57132498c152f215e
EleutherAI/pythia-70m,70m,112000,step112000,92f2eb949858a5eaa02a6021a18503c2765b0556
EleutherAI/pythia-70m,70m,111000,step111000,1f35b6b036cd7bc2661b6acb2e3eb6201cc1cff0
EleutherAI/pythia-70m,70m,110000,step110000,4d7103e8e736ceb090568b16e3ba310d6c4a034f
EleutherAI/pythia-70m,70m,109000,step109000,2f8a6c33b430e7334e51d9b80aae0a8f75434ec9
EleutherAI/pythia-70m,70m,108000,step108000,e08a4e8f5b99ca19df46614b2a9a60868ac22f30
EleutherAI/pythia-70m,70m,107000,step107000,2e55197fd932708ed0c987cd1a0856754351f09e
EleutherAI/pythia-70m,70m,106000,step106000,56bbd3b4095651fd36327572f9395a0cd03590d6
EleutherAI/pythia-70m,70m,105000,step105000,c0ba8f42637e71fd6fe7569bf0cef96fe09861c0
EleutherAI/pythia-70m,70m,104000,step104000,c95ad53a903f1b118eb448cd47e509fc18ef708a
EleutherAI/pythia-70m,70m,103000,step103000,1b6ce018068f9c9017f1ab5d6b339d4482c762cb
EleutherAI/pythia-70m,70m,102000,step102000,70357a8a3d5cc0d986e23db7f6ff87c3a51522f0
EleutherAI/pythia-70m,70m,101000,step101000,a33d475131fdd6bb3060e90f9b1602c762e44a2a
EleutherAI/pythia-70m,70m,100000,step100000,332bbc7a79c2a63c0b0684b31014a6fde7af076e
EleutherAI/pythia-70m,70m,99000,step99000,8360d60ad58d8bc3cb338bde1e64a9b79076c449
EleutherAI/pythia-70m,70m,98000,step98000,bc1f9cac3daeb2eaf88b9002990824f1e0539553
EleutherAI/pythia-70m,70m,97000,step97000,9e0e91001730e5804cf6074032c47aa4d95a48b9
EleutherAI/pythia-70m,70m,96000,step96000,4dfdd92f63db10d80feecea8a457cb5b786edcc9
EleutherAI/pythia-70m,70m,95000,step95000,3ed67c12d1d2b62d054fef245957a4f96ef3aaae
EleutherAI/pythia-70m,70m,94000,step94000,a448dbcaf63a2a3085cf50ff8d5cc3ed8f5adc27
EleutherAI/pythia-70m,70m,93000,step93000,f2364ca2b30630674196b2f7fb69c22494859201
EleutherAI/pythia-70m,70m,92000,step92000,d25ae9aaf81399760d7ce2d36899b5ff2eece622
EleutherAI/pythia-70m,70m,91000,step91000,3842af7f3bf3fc10a4dd803c56273a9e3a4947d3
EleutherAI/pythia-70m,70m,90000,step90000,a46b38d7f705a32b531ad439520daad11e7a5b5e
EleutherAI/pythia-70m,70m,89000,step89000,87c1d5ba480708f67553005b30d0aab5f781e80c
EleutherAI/pythia-70m,70m,88000,step88000,2d2d6da1a75f39aea90f212453ff7781ed47afe0
EleutherAI/pythia-70m,70m,87000,step87000,8a00cb98c9b4b50b0d2941705aa3b63eca45fce2
EleutherAI/pythia-70m,70m,86000,step86000,0e66e4f9e548acd036fb88771c3557650173fc14
EleutherAI/pythia-70m,70m,85000,step85000,e5e46b142f4cc79fc728353752d4cc03e9ff0ff1
EleutherAI/pythia-70m,70m,84000,step84000,50c5a3088f688795765fe6a4570e44a83d42f9b8
EleutherAI/pythia-70m,70m,83000,step83000,d5da4d19b1c186d11c3ed1b815c0947de942e43f
EleutherAI/pythia-70m,70m,82000,step82000,f44798987925cb1b266c1284b54274418439db65
EleutherAI/pythia-70m,70m,81000,step81000,13e02a868bfa9a83ef0b9e5cd2d2bb2143f01f08
EleutherAI/pythia-70m,70m,80000,step80000,ffec934891d440fb1c3af1ea46e008e449276aad
EleutherAI/pythia-70m,70m,79000,step79000,0a53967eac660fa1a4bce521c10e25e359c04a40
EleutherAI/pythia-70m,70m,78000,step78000,7ae906f4791221fe5db558a33f435855b0e8ad20
EleutherAI/pythia-70m,70m,77000,step77000,a44ca505e6309ea84a37b1e22e92f744b17fca84
EleutherAI/pythia-70m,70m,76000,step76000,ce16a15bc1366b8bfb7e3a7d7dae71d60a8e5ff5
EleutherAI/pythia-70m,70m,75000,step75000,f3b9bbf3345b09062276fe6beb7aecbeb1385a09
EleutherAI/pythia-70m,70m,74000,step74000,46818f7ee32e66af70c924bef79801ef95e6ae20
EleutherAI/pythia-70m,70m,73000,step73000,f5ce3fd7f9b9412724b21dbb2188cfcd56ac2e23
EleutherAI/pythia-70m,70m,72000,step72000,0c6777105ff6a4fa11a3b8fe2c374a9334844b66
EleutherAI/pythia-70m,70m,71000,step71000,fd371714036fc1c3678d764d7bd13bf43da22bdd
EleutherAI/pythia-70m,70m,70000,step70000,537e5fe9c04878a5aa4e88cee8ebc5ce710c6acb
EleutherAI/pythia-70m,70m,69000,step69000,e4396cc27f521ec17b88196c7de3546fdf503419
EleutherAI/pythia-70m,70m,68000,step68000,f4a865fb9ed1df9af4d90177eff6770cab0509b7
EleutherAI/pythia-70m,70m,67000,step67000,9d972b84bacf7ea83fced7a9be84011a63a18c0a
EleutherAI/pythia-70m,70m,66000,step66000,c0f8a50688c86e7602613b1d731557fc63ed086c
EleutherAI/pythia-70m,70m,65000,step65000,76071a1196f5739d7ea0c1d25a63ac194dcea42b
EleutherAI/pythia-70m,70m,64000,step64000,711835453cce260cc654b2db2ec0578693579b97
EleutherAI/pythia-70m,70m,63000,step63000,bee915b365db743caf9774fc2d42575624334a75
EleutherAI/pythia-70m,70m,62000,step62000,57f55048a3d873c7fed85004e6c11b85e72a0e14
EleutherAI/pythia-70m,70m,61000,step61000,dd6de1e005d8ef695e314229bbfc66497fd31f6c
EleutherAI/pythia-70m,70m,60000,step60000,36bad8985feff4f5a4f2103488968d41e53aabcd
EleutherAI/pythia-70m,70m,59000,step59000,9ddc09aa40b76239c5190a4f2a25ef85ecf1462c
EleutherAI/pythia-70m,70m,58000,step58000,259b515af8dfde4af6d36d353a82bc80f6585e71
EleutherAI/pythia-70m,70m,57000,step57000,03df467d1dd7a9baaaa6f1e534176232b08995e1
EleutherAI/pythia-70m,70m,56000,step56000,7061fc3753d4aaa015027860e8e13b752020f353
EleutherAI/pythia-70m,70m,55000,step55000,fcfad17ba2d0db29e0bac5c485fabe56db614e68
EleutherAI/pythia-70m,70m,54000,step54000,9016c60a5cb36812be11aac8a8c474463ef419d3
EleutherAI/pythia-70m,70m,53000,step53000,2a8de66d27c0e9ee389f7c61b7ba1a0e59b87155
EleutherAI/pythia-70m,70m,52000,step52000,051badd0206bb7094dce4dfb570faa02d54d6196
EleutherAI/pythia-70m,70m,51000,step51000,1b77cfc0b41ff04be6621f9c956a333eeeb7e501
EleutherAI/pythia-70m,70m,50000,step50000,9e248145b8da9f43ba82dbb9c3e14a4047d8f3b4
EleutherAI/pythia-70m,70m,49000,step49000,a462aee19e7b811edd7520e2dd8a3b72215f2d1f
EleutherAI/pythia-70m,70m,48000,step48000,963d0ddf8852ce1e02388c85dc0a70592efeff07
EleutherAI/pythia-70m,70m,47000,step47000,677191f7b0cb6714dffbb70227b09b48e25ee866
EleutherAI/pythia-70m,70m,46000,step46000,61b4e70ba1b898ba68bc10f7cf8c954f62c3e2d4
EleutherAI/pythia-70m,70m,45000,step45000,06deba680ba4fbae2dbcffd13578b1a338c33055
EleutherAI/pythia-70m,70m,44000,step44000,80acfcb3d49c749072fdfd23165b9cdb2676cb7f
EleutherAI/pythia-70m,70m,43000,step43000,d0be19a975ff00b89e41edb65760fa5be5adb2f9
EleutherAI/pythia-70m,70m,42000,step42000,7cb0aa0531576193e2fbfad90d0a75cede7b9455
EleutherAI/pythia-70m,70m,41000,step41000,b1f3699ff1a96724888ee27d6c35f022ae035c62
EleutherAI/pythia-70m,70m,40000,step40000,03829e7b6e418e61d532638093d22545ecdbfc15
EleutherAI/pythia-70m,70m,39000,step39000,66866ff2b9a946db8074a4a78c669e554676ce4c
EleutherAI/pythia-70m,70m,38000,step38000,7e663aaf641d01e3b7ba31806d82e237fa045de9
EleutherAI/pythia-70m,70m,37000,step37000,65405f77a4680b9c24ac2062c22e6b6c1a6b6fb9
EleutherAI/pythia-70m,70m,36000,step36000,6539118837f2417b455c2e0583977f2bb88904ca
EleutherAI/pythia-70m,70m,35000,step35000,045f2cbe7b9b640615d5e00d1d0e2827cdc60069
EleutherAI/pythia-70m,70m,34000,step34000,5b4839243e0341840bd53c93b9ac313380e0393f
EleutherAI/pythia-70m,70m,33000,step33000,5373137c3e8c669baffc1d443b20002967d77bd2
EleutherAI/pythia-70m,70m,32000,step32000,9cfc9da903b5d222d871ad599891f113abb834e6
EleutherAI/pythia-70m,70m,31000,step31000,214b530650da2e7feffe2c38df555328dae3d8ee
EleutherAI/pythia-70m,70m,30000,step30000,94104dcf689dcafe03dfadea36417c962e8f6ebd
EleutherAI/pythia-70m,70m,29000,step29000,0de164218c2d7a67776f1a70127ae17647e02532
EleutherAI/pythia-70m,70m,28000,step28000,0e2814b035c8a02aa8d68de306a73ed37904a289
EleutherAI/pythia-70m,70m,27000,step27000,59e8890d3c69e2119cc2bece5dc4ae68d2dc8bf8
EleutherAI/pythia-70m,70m,26000,step26000,5e3b9148c31f61baf019e4ebc089a53b04c9e67c
EleutherAI/pythia-70m,70m,25000,step25000,181c231f75b8952b7419a445a96ada2f3c8fbf81
EleutherAI/pythia-70m,70m,24000,step24000,11cf52d47c9ee55822491093e56459b31618b9f7
EleutherAI/pythia-70m,70m,23000,step23000,1a11486fb4918ec26880cd602ad96cd02a304abe
EleutherAI/pythia-70m,70m,22000,step22000,a034a4c887a87fbeaeca992b2320b876dffe4689
EleutherAI/pythia-70m,70m,21000,step21000,3e16fc0357653f2cef8d5e50bdc4d80750bb9711
EleutherAI/pythia-70m,70m,20000,step20000,5118befcfead7519820d3e8260ca9e80af18be55
EleutherAI/pythia-70m,70m,19000,step19000,52ed5bb36725bd5e0b1347b4cceae58d9856660f
EleutherAI/pythia-70m,70m,18000,step18000,a7523e9350a72b6b8604495128d3b2765d236257
EleutherAI/pythia-70m,70m,17000,step17000,076850095bc68faed12232202b26155487fc56bd
EleutherAI/pythia-70m,70m,16000,step16000,0f7e8c5cf8516bd66e2d994c9468806e182616ca
EleutherAI/pythia-70m,70m,15000,step15000,1dee087363619ad8fc55417a4b0e010b46b95a12
EleutherAI/pythia-70m,70m,14000,step14000,3d257fd58571a23456d6018aaa700a058d18e01f
EleutherAI/pythia-70m,70m,13000,step13000,1f0b9a1a7472998e2020353aa33723811fbc80a1
EleutherAI/pythia-70m,70m,12000,step12000,54b5a8b15fdf9309bd0985a2a5ebbec7f1dabb9e
EleutherAI/pythia-70m,70m,11000,step11000,48a46de1e7148825ac8379463750a447f8de31f9
EleutherAI/pythia-70m,70m,10000,step10000,ba8ccb7bc7edb63c54939d6c26cb40486d1c3d3b
EleutherAI/pythia-70m,70m,9000,step9000,41eaeb7260435c8fac8599a49cc0274b80352f63
EleutherAI/pythia-70m,70m,8000,step8000,f912434e6d0ecb727c8dbe3721de8749a29f92c1
EleutherAI/pythia-70m,70m,7000,step7000,17fc672c7ce5fc3d014ef3777d680aab80a0893b
EleutherAI/pythia-70m,70m,6000,step6000,08a3606688c762aa0baaf9eba5335e3cb26ea244
EleutherAI/pythia-70m,70m,5000,step5000,2f69798a4abf59cd96e3a9febde87d6be7fbe953
EleutherAI/pythia-70m,70m,4000,step4000,904ea85340922718b8b68c56f9ee1fef30bb313a
EleutherAI/pythia-70m,70m,3000,step3000,58dcbb5909a770307c4e857ba0d74e2343cbf406
EleutherAI/pythia-70m,70m,2000,step2000,978373d6e469beb1131434e60a4c3cad051620a2
EleutherAI/pythia-70m,70m,1000,step1000,0fa739a8417c3c7d2a98ed3b283cacec67fd61df
EleutherAI/pythia-70m,70m,512,step512,8c6e2534e332a9122404629fdb4bac11bf68689c
EleutherAI/pythia-70m,70m,256,step256,24103a01f40aa96f0b3b9b4b29156b006e47b978
EleutherAI/pythia-70m,70m,128,step128,190bf8d97191a06f07ab8cd27f5fbbe8465318be
EleutherAI/pythia-70m,70m,64,step64,da06e97c1e155237b6296b223be599cbe95ad100
EleutherAI/pythia-70m,70m,32,step32,c725522d164fe1d0719cb1a347713360a4ce9f4e
EleutherAI/pythia-70m,70m,16,step16,5c0d74a21b396702bc039b2edc707b33e1f20878
EleutherAI/pythia-70m,70m,8,step8,e17bfc00db39ee168247dd3ba7c54d51135002ae
EleutherAI/pythia-70m,70m,4,step4,667d937e64f611069848ed310ddb5ce971a3b0a9
EleutherAI/pythia-70m,70m,2,step2,cf8b7696e5c19ed56c98186fd48b12a40a550f50
EleutherAI/pythia-70m,70m,1,step1,85473bbdf722c86eaf9d22d22bdbfea8b505380d
EleutherAI/pythia-70m,70m,0,step0,87c8ac0ba129db9b084502d341c6ca8dec0fa01f
EleutherAI/pythia-160m,160m,143000,step143000,b56d9bee36300031aeea723b73c4d62ac7fa71a2
EleutherAI/pythia-160m,160m,142000,step142000,90f6bad5972b319c3f54f2e57f7796e2078ca65a
EleutherAI/pythia-160m,160m,141000,step141000,648118d686bcc2a429e3c3591f8f8e709f2a9248
EleutherAI/pythia-160m,160m,140000,step140000,d846b982dba2296de3f7e4612929bf21483eef8b
EleutherAI/pythia-160m,160m,139000,step139000,cb436f1dd656654cff21521ea3efd97b3736be9d
EleutherAI/pythia-160m,160m,138000,step138000,02b732337ecc1657ed98f916944e457901553801
EleutherAI/pythia-160m,160m,137000,step137000,a14a3c73e1d8436f0f62f516b73222933984b40d
EleutherAI/pythia-160m,160m,136000,step136000,2b5ddd226fe3149166c2651de3a51bc63c25775d
EleutherAI/pythia-160m,160m,135000,step135000,eb6305c25681c07e55e9f3138c2d196c5d2c70fa
EleutherAI/pythia-160m,160m,134000,step134000,c7c24b3e656d6c289185812b5ccb4598151428ec
EleutherAI/pythia-160m,160m,133000,step133000,d417f0d3ccfe07c126ca3ef068469141a7d4f416
EleutherAI/pythia-160m,160m,132000,step132000,8deaade88ce99fb8129c249ff55255169a581c4a
EleutherAI/pythia-160m,160m,131000,step131000,845c7ef4482081f309ee524906a7ed2bc8d75d57
EleutherAI/pythia-160m,160m,130000,step130000,0b59d0757b8e89b8f5acb201425d1a9964ecf77f
EleutherAI/pythia-160m,160m,129000,step129000,900aa993ca2becf66dd6c49a19190101ac145451
EleutherAI/pythia-160m,160m,128000,step128000,aa5969a496f6b99bbd90d79505341c15d05e1eb7
EleutherAI/pythia-160m,160m,127000,step127000,ac3d5eb5bff22b124d65865f125087308ff6554a
EleutherAI/pythia-160m,160m,126000,step126000,49fb29a36ee9cbccad79f11ec3e9c755df71c3fe
EleutherAI/pythia-160m,160m,125000,step125000,5c2e1449041aab08b9112644194bff636f2101b5
EleutherAI/pythia-160m,160m,124000,step124000,570e72c3445fdbeab65a487d5f4224bc5b2531f3
EleutherAI/pythia-160m,160m,123000,step123000,2ddaac324805e644bf92fcbf176356601d2ac7db
EleutherAI/pythia-160m,160m,122000,step122000,c79de0f5643edef4efd01a6730226428ccea0473
EleutherAI/pythia-160m,160m,121000,step121000,d68ceb68eb0e848bd67591e82852c79625378231
EleutherAI/pythia-160m,160m,120000,step120000,3df7d2c5532755f7022704e07dea87f35eeaf0e1
EleutherAI/pythia-160m,160m,119000,step119000,4fda2c6f0752bfa6afe4190bb219d363f5531e1c
EleutherAI/pythia-160m,160m,118000,step118000,12ee45c87260646277aeca48ad84f1f921f53b7f
EleutherAI/pythia-160m,160m,117000,step117000,83936dcef13578104f937e2e24cc36b3f02e5181
EleutherAI/pythia-160m,160m,116000,step116000,f4f1c0162dd4142e72ebcb5b17b450f8a5d281e3
EleutherAI/pythia-160m,160m,115000,step115000,21ea72dcb012b69ebc22672660eb2bcbff478503
EleutherAI/pythia-160m,160m,114000,step114000,69230917e62eaf709f664b5abba31cd9992693d4
EleutherAI/pythia-160m,160m,113000,step113000,17ff0c353220bc61d9143053c26b5e91ff77ff72
EleutherAI/pythia-160m,160m,112000,step112000,6800a8cbd19248c6461865e9af99562cbb0eefd2
EleutherAI/pythia-160m,160m,111000,step111000,82b3ff955b468c8db29495b437ba10a2b66f900d
EleutherAI/pythia-160m,160m,110000,step110000,8dbf3af771b5629b2ede5105f2f1dd1639a143f1
EleutherAI/pythia-160m,160m,109000,step109000,8afebe0f5500e2adbdbf4f59ebe77e72bcae83ab
EleutherAI/pythia-160m,160m,108000,step108000,bf1864d6819d88b2b35a3fa2ff519e489508a23d
EleutherAI/pythia-160m,160m,107000,step107000,920fdee8bcf8951ebd26d81748dde470c33be757
EleutherAI/pythia-160m,160m,106000,step106000,1b57cfb8ad17164d03059606c6e3496725e37f26
EleutherAI/pythia-160m,160m,105000,step105000,11db7c44662362227a2ed412416b039e992854c5
EleutherAI/pythia-160m,160m,104000,step104000,1a8920d384cf8a0ca5011c85c954e32228c292b7
EleutherAI/pythia-160m,160m,103000,step103000,e20984bac7358e477ced6e38487e45ef16d8d417
EleutherAI/pythia-160m,160m,102000,step102000,ce1aeea13cd627ed4a59cc1d4b0b4a83c3848f23
EleutherAI/pythia-160m,160m,101000,step101000,008a714f68e7b9e9af61a204b070a83b5b8c7f7b
EleutherAI/pythia-160m,160m,100000,step100000,c507d0e63f5a7a833b1b1866116a04cc3e74dc70
EleutherAI/pythia-160m,160m,99000,step99000,c8834d2ce3503798db4ee976a4eb73e35582fda3
EleutherAI/pythia-160m,160m,98000,step98000,f917802e74acb1ce4b95d9e36a9d80f59a229b69
EleutherAI/pythia-160m,160m,97000,step97000,4932cee31d4698da9557303ec11001401b20a01d
EleutherAI/pythia-160m,160m,96000,step96000,aaf70579ac956a238ee7b6e95bfc31a7f699ffb6
EleutherAI/pythia-160m,160m,95000,step95000,28338b65e6b2a0ffcdf8b361b0ebe600388b3a0f
EleutherAI/pythia-160m,160m,94000,step94000,0e1439559bae0dcca8f1a03658c8ee8796c19ace
EleutherAI/pythia-160m,160m,93000,step93000,8b706db54cc300c5cfd5a580d129891c1aae51bc
EleutherAI/pythia-160m,160m,92000,step92000,05c60b7c3d5d5b465a8fcecdc506e3cef140839b
EleutherAI/pythia-160m,160m,91000,step91000,890a75778b23761344bc6a96d4ef3d8df4861c0b
EleutherAI/pythia-160m,160m,90000,step90000,c8d0afde63d15fa1b9080987de62099cec2cba0f
EleutherAI/pythia-160m,160m,89000,step89000,f65b15fff2421c541841ede1137c31cc9df35260
EleutherAI/pythia-160m,160m,88000,step88000,731de2d133b0d85da99719033c7bce8e56311d39
EleutherAI/pythia-160m,160m,87000,step87000,5a8aacd457f982b82960e79351f1eae69d0e946e
EleutherAI/pythia-160m,160m,86000,step86000,131e7d76fd8d623064116831d07e18437ce8c43e
EleutherAI/pythia-160m,160m,85000,step85000,455cd2fb3635d70593d4177cedc18639269fa060
EleutherAI/pythia-160m,160m,84000,step84000,01449d4bce7c9aa4f4b372d9e26d2ac7656df867
EleutherAI/pythia-160m,160m,83000,step83000,5ffc8dab40188069d7777fd2b777437a0f394c15
EleutherAI/pythia-160m,160m,82000,step82000,b09969ccd2f25c3121201f6efb25270d144a6400
EleutherAI/pythia-160m,160m,81000,step81000,bec3032bfe0cff965b5b83d0b1e9c22ad922715b
EleutherAI/pythia-160m,160m,80000,step80000,c2b7e67a838512043ebf3fcfdeefa6ddec84a144
EleutherAI/pythia-160m,160m,79000,step79000,1abd7f1a00e7c18ecc9394904640cb2571750906
EleutherAI/pythia-160m,160m,78000,step78000,009f4ee99e49bc0e8c200a030a061394480a2677
EleutherAI/pythia-160m,160m,77000,step77000,a6e8eb00b0cc9034578b711f74d13e92960fc9f9
EleutherAI/pythia-160m,160m,76000,step76000,0195c04e31aca1edfb0952679676b131301b661a
EleutherAI/pythia-160m,160m,75000,step75000,2664504c17429e401a952bebb1ad89e997481e8c
EleutherAI/pythia-160m,160m,74000,step74000,10c4e437b5a30aa3f181c9cbf655cf3390b727f0
EleutherAI/pythia-160m,160m,73000,step73000,8feb608c8dda48af3622aa6bae98ae2c6c056fbd
EleutherAI/pythia-160m,160m,72000,step72000,a1046b6608b5054e7ba3ec45819cdbd6810cb2f2
EleutherAI/pythia-160m,160m,71000,step71000,45ac664e04d2cbd82496bf49da718d771a3c1e6b
EleutherAI/pythia-160m,160m,70000,step70000,71be9e70e2b5615772c83bb749347f7e7f11b293
EleutherAI/pythia-160m,160m,69000,step69000,122fde1e516c078193b030b37b118816052dec0d
EleutherAI/pythia-160m,160m,68000,step68000,426b5a912c9cb8e5f80df728d3952d1c459eb02e
EleutherAI/pythia-160m,160m,67000,step67000,35f6492de133aeb49059ab673d2c30a51bf5a764
EleutherAI/pythia-160m,160m,66000,step66000,802a3e62171c98ecb91ff58824d68cc0876c3b52
EleutherAI/pythia-160m,160m,65000,step65000,4a92734ea23cfb3a2fc9a786a13bd60f160a208b
EleutherAI/pythia-160m,160m,64000,step64000,aac0de458f9106a48f9e58f4ad7ba03f86753932
EleutherAI/pythia-160m,160m,63000,step63000,fef3283e9226c88f96a26b594b4520ef65745e72
EleutherAI/pythia-160m,160m,62000,step62000,baf95f7d5bdab76137e1e94d592cd556408c9987
EleutherAI/pythia-160m,160m,61000,step61000,68e8a7b5dabaf2b1970d678942f730833062a58f
EleutherAI/pythia-160m,160m,60000,step60000,2e339c811edb08673afeb97de3f2850bfc1b1caf
EleutherAI/pythia-160m,160m,59000,step59000,94da07350ef6793b7058b1f6d4a823a1753e27c0
EleutherAI/pythia-160m,160m,58000,step58000,1f37d672aeac4879c5c46045768005bc1b761012
EleutherAI/pythia-160m,160m,57000,step57000,02d745ce60694e24866dc158904723a624e0783f
EleutherAI/pythia-160m,160m,56000,step56000,2c7c45c5393aa1c3ebcb145b0ef4c9b29dcdc0fc
EleutherAI/pythia-160m,160m,55000,step55000,a0b90c9fb8eaf4c8b5b0f61cbf57bf5bec253e3f
EleutherAI/pythia-160m,160m,54000,step54000,c028aa9ec496a5d68bdbd06d281234d9a3eda6b7
EleutherAI/pythia-160m,160m,53000,step53000,be730d0755534f71c214da5ae5360d0875a56029
EleutherAI/pythia-160m,160m,52000,step52000,c56325cab318acabf6eeca269af8112e6622e8f0
EleutherAI/pythia-160m,160m,51000,step51000,eb87a9604e5d74ad4cb5e0f19dce5cc14e3b4de0
EleutherAI/pythia-160m,160m,50000,step50000,3085a4c2797db9241b08d20aafc033f9aede42dd
EleutherAI/pythia-160m,160m,49000,step49000,141bed1adf6733633b9c7124b9886b176459d1e4
EleutherAI/pythia-160m,160m,48000,step48000,b4a0a404a63aa5946fbae0fc469426f685b1977b
EleutherAI/pythia-160m,160m,47000,step47000,47814d55c57297936dade8f13468cd0a4840e959
EleutherAI/pythia-160m,160m,46000,step46000,9f2ed94f329256eb2bd072b6228f785b6c76a3d8
EleutherAI/pythia-160m,160m,45000,step45000,9c21b094d19729e014b4b2b2713135ff4e084126
EleutherAI/pythia-160m,160m,44000,step44000,df31469d55bfd78ff8ffee553c78f63f38471fe8
EleutherAI/pythia-160m,160m,43000,step43000,8be2eb0fc551801389de6f7b7f15f6178a01dd27
EleutherAI/pythia-160m,160m,42000,step42000,a56ac57022ae820b8c9915c2efedf97a60f5144c
EleutherAI/pythia-160m,160m,41000,step41000,e998d463a7124e29834b37c133b0299048c6ea91
EleutherAI/pythia-160m,160m,40000,step40000,28cd250213f2f4ac5996129ed190fe40a5f2f56a
EleutherAI/pythia-160m,160m,39000,step39000,5a039aa3300db8783b6cb96036d94d56ea5fd88c
EleutherAI/pythia-160m,160m,38000,step38000,f1a7d224b2fd90f6cefdb6057b3a8c9cf15d1ddb
EleutherAI/pythia-160m,160m,37000,step37000,5bf2ae05ae86c90893e63018a34e92ee4030c74e
EleutherAI/pythia-160m,160m,36000,step36000,b4789743284a9d0df2f0b9676e8a26c45b8da27e
EleutherAI/pythia-160m,160m,35000,step35000,ea3cf5e0f6287353f3243d71095898bc141d8ec6
EleutherAI/pythia-160m,160m,34000,step34000,be19143af50e0bb3e3af17c4ecf933ceda86e3ca
EleutherAI/pythia-160m,160m,33000,step33000,752b85769692c6185af0450bbc83f28711b643d3
EleutherAI/pythia-160m,160m,32000,step32000,dfead30ed6021412baa93aac4dbb31f1ee82033d
EleutherAI/pythia-160m,160m,31000,step31000,3385f54d40fbd1d0e7a40408bc629a2aacf0819d
EleutherAI/pythia-160m,160m,30000,step30000,23591ecab679a606292cc7488ecb404a52773215
EleutherAI/pythia-160m,160m,29000,step29000,3782e1117fe216d87ae6a48fa356acad2369b102
EleutherAI/pythia-160m,160m,28000,step28000,3c87f3688408ced2090d8f5b7e7fe49e723a67de
EleutherAI/pythia-160m,160m,27000,step27000,56c2daa830f4e137af4625814c7db917c68e59f8
EleutherAI/pythia-160m,160m,26000,step26000,a01e64995476865495b50ba7f8e8ebdffe8922eb
EleutherAI/pythia-160m,160m,25000,step25000,d1e6a6b968cae137432d0118ab324636fb849e7b
EleutherAI/pythia-160m,160m,24000,step24000,0e42df784fc5743c2dde2746cff22153b9034850
EleutherAI/pythia-160m,160m,23000,step23000,05aaeb9e822e8b0aa9ae5597431ded0d2f18cc75
EleutherAI/pythia-160m,160m,22000,step22000,82e18ad46519d4ce0191f97b0512f7f0f09b4914
EleutherAI/pythia-160m,160m,21000,step21000,be6d708e95baa2542d044beae6bfd05d686aad99
EleutherAI/pythia-160m,160m,20000,step20000,68d6e4dc6ea8bdc2360c12038ef8e0ba2eb00eee
EleutherAI/pythia-160m,160m,19000,step19000,2ddcc6352778f7946065001c341f1d3dbb833de9
EleutherAI/pythia-160m,160m,18000,step18000,3c5effe831f5bebfca9c2859dc06acd28b7e8823
EleutherAI/pythia-160m,160m,17000,step17000,2aed145fd6d34f0a8968d239ed0278d0188353e9
EleutherAI/pythia-160m,160m,16000,step16000,13af86250de4e88e9c788ba8d7fb5b0e8a4afb7a
EleutherAI/pythia-160m,160m,15000,step15000,009b72872f0a656ed2eee6355af072447483b831
EleutherAI/pythia-160m,160m,14000,step14000,05be89d8ab00dee9d7dfe0a37e3575fc1f90f627
EleutherAI/pythia-160m,160m,13000,step13000,90b699d15b30fc28490e8b2031709509304c718d
EleutherAI/pythia-160m,160m,12000,step12000,8966908f744a05b888ac84ec098afec1467b4a95
EleutherAI/pythia-160m,160m,11000,step11000,2bb89fb2d37951b6619cb0d9b81a5a5bfaff2cb4
EleutherAI/pythia-160m,160m,10000,step10000,bb9bd9573b772c899bda5206af551645138ceed8
EleutherAI/pythia-160m,160m,9000,step9000,dd36b3a5aabfb33f976ff5f1936fcfa017930515
EleutherAI/pythia-160m,160m,8000,step8000,efd022a43b3330576e60ae82bf5d71619f404997
EleutherAI/pythia-160m,160m,7000,step7000,b7d26a738f992b7b79a3e1f7529849ff112bd9c4
EleutherAI/pythia-160m,160m,6000,step6000,da2dcd5935322e9eadb32c7ff115b97840c14387
EleutherAI/pythia-160m,160m,5000,step5000,37f757103d785d3a314240c71e57cbe2408113e5
EleutherAI/pythia-160m,160m,4000,step4000,b0f0e0245cd0942bcf9389f4145bc9c8cd2517fd
EleutherAI/pythia-160m,160m,3000,step3000,c700948d4999bd3f4a0b467e8d45e299f83dace1
EleutherAI/pythia-160m,160m,2000,step2000,a4817f95aaebbfddd0763a6a027f5be6bd2c9246
EleutherAI/pythia-160m,160m,1000,step1000,f711eaa4e5158955f6fcdff84a2145158b739f77
EleutherAI/pythia-160m,160m,512,step512,700e8c2b860f97ff8fc55b237e75e92ada629553
EleutherAI/pythia-160m,160m,256,step256,5a8c103fce333776b946ec5d7a9beb8a24419f96
EleutherAI/pythia-160m,160m,128,step128,e08223aa854be50565a8513f9aab98187be4c023
EleutherAI/pythia-160m,160m,64,step64,a9f1c3d4059850c7274aee198cb59578fb77802d
EleutherAI/pythia-160m,160m,32,step32,f57c3a9785c086ced0209404b7e14d6d0f1384da
EleutherAI/pythia-160m,160m,16,step16,63c67c9feacd26ef4cf1e45c576fb4c6885ca9d2
EleutherAI/pythia-160m,160m,8,step8,9741782369e007c8eb697f8e99ea42703d2b362f
EleutherAI/pythia-160m,160m,4,step4,775a76e2c914090b27bd680349c66e43f392509b
EleutherAI/pythia-160m,160m,2,step2,aec6f6bd81062dc6a6b0572543113fac0eeef6f9
EleutherAI/pythia-160m,160m,1,step1,4d948288242599192b242bdc388256e54097abce
EleutherAI/pythia-160m,160m,0,step0,0cf035e7d55e9b2fbec7f2db0c0c32670146b9b1
EleutherAI/pythia-410m,410m,143000,step143000,bba6a464f54bbf08fc174cfb351d9794d58af21d
EleutherAI/pythia-410m,410m,142000,step142000,c7f2eda6d2ab6f2cd4a1f38e69f59d25a8c60259
EleutherAI/pythia-410m,410m,141000,step141000,fc20664a4f9ae8c9f49c42e52e37dd0b69233805
EleutherAI/pythia-410m,410m,140000,step140000,040b79a67d81aea8bef5155081e237ed4c6fb7bc
EleutherAI/pythia-410m,410m,139000,step139000,415d4ba819c19d04057eaf9ed286eb393c2a15e2
EleutherAI/pythia-410m,410m,138000,step138000,12579ea10e71dd522e96c8fac5b2f9a6f92d9af6
EleutherAI/pythia-410m,410m,137000,step137000,165128e432ec19cb0c1f1068d855e05f1932e32f
EleutherAI/pythia-410m,410m,136000,step136000,421e3fb894ed96f8a441d79f41fe3a7a851bcaee
EleutherAI/pythia-410m,410m,135000,step135000,1baec83f89ba106ccb538c117e8dccb71a944f8d
EleutherAI/pythia-410m,410m,134000,step134000,e33e83c05c22f741779932672b23a6670809917b
EleutherAI/pythia-410m,410m,133000,step133000,45c291dfb81b96ad2522eabf89eb953045cd537a
EleutherAI/pythia-410m,410m,132000,step132000,a24337d003241d44cd2ea429faea63c10cf2c8b6
EleutherAI/pythia-410m,410m,131000,step131000,2b3eff9e6d88c76ef4698c69fd876ee2ce245b7c
EleutherAI/pythia-410m,410m,130000,step130000,ac32f766c238970e6bf5f33ec26504c6dc071cee
EleutherAI/pythia-410m,410m,129000,step129000,c629bf67289391403f1ca7f391dc8c6c8866c537
EleutherAI/pythia-410m,410m,128000,step128000,4cde13f35370def5b276a2fdb61d3d414eb704bc
EleutherAI/pythia-410m,410m,127000,step127000,8fef7710ae50b8f53ff90f513229f95c3180b404
EleutherAI/pythia-410m,410m,126000,step126000,9479562fee92c19de2f8e791e301b19df13b4143
EleutherAI/pythia-410m,410m,125000,step125000,a7267b7a61291fc169133b74ea612f5955229036
EleutherAI/pythia-410m,410m,124000,step124000,1c2050304b5fc5e6c01d9b9c8d7a9844c3470906
EleutherAI/pythia-410m,410m,123000,step123000,51cabaff46863a0421bf3b44194431cc94d3466e
EleutherAI/pythia-410m,410m,122000,step122000,dada40f38c24ee0aaa5eccf71b40587d8c379ff0
EleutherAI/pythia-410m,410m,121000,step121000,390eb4379951122b433cec332688e83276108bd6
EleutherAI/pythia-410m,410m,120000,step120000,ade882a342507b4be34455393ba750fee7a513b8
EleutherAI/pythia-410m,410m,119000,step119000,e53ceef489f4f14973e49504d6c7475f76692c78
EleutherAI/pythia-410m,410m,118000,step118000,dc7e1ecba81b3d46802f56053296f976bbbd353a
EleutherAI/pythia-410m,410m,117000,step117000,b93d61111c75ae70bbed06b7a0be679f35fa0d9d
EleutherAI/pythia-410m,410m,116000,step116000,f194b5ec745f11332c1ed5185cdbdd45cd554cfa
EleutherAI/pythia-410m,410m,115000,step115000,6cccd1b5295629e130bfa4996831a4250776a8e8
EleutherAI/pythia-410m,410m,114000,step114000,78d59bb0d8fbb556db765db3214046c0a69d5616
EleutherAI/pythia-410m,410m,113000,step113000,5b52cd9a3268c93ce139b800f62daa0b5afaba9f
EleutherAI/pythia-410m,410m,112000,step112000,7e0bbe1ef6bcf3522eb8458f351ae1a69c6986f9
EleutherAI/pythia-410m,410m,111000,step111000,b199a1c3902320da09e7cf389b2a5677dd580ee3
EleutherAI/pythia-410m,410m,110000,step110000,5d70f95772d9be102e4f5d3bb0f00d26fc9d450e
EleutherAI/pythia-410m,410m,109000,step109000,cbdb5843d0d01fec892757eeb250d62a9a88463f
EleutherAI/pythia-410m,410m,108000,step108000,5bc656c3172757d18dd255fedbc326accc316229
EleutherAI/pythia-410m,410m,107000,step107000,d8e92477bcbb66b9b0c01770ccced8d791648c1c
EleutherAI/pythia-410m,410m,106000,step106000,c70ecf641ae56ae16b1afc47aa14c6b2ee3a766b
EleutherAI/pythia-410m,410m,105000,step105000,e0465c7664bc3bdee35015a3f2d783ee2d5feba8
EleutherAI/pythia-410m,410m,104000,step104000,bec78a784f92d30a47064433d217db288b5b1dfe
EleutherAI/pythia-410m,410m,103000,step103000,ddb874064bf83fbaeca86f7eaa8126891870eb71
EleutherAI/pythia-410m,410m,102000,step102000,70d25a5ae144da181bdb451795e753407f18e40a
EleutherAI/pythia-410m,410m,101000,step101000,6a2297bffb4865f5357c599aa5136165e7ab6f29
EleutherAI/pythia-410m,410m,100000,step100000,4a1a51bcc7904dd0ea23a6c75b04c12a244d458e
EleutherAI/pythia-410m,410m,99000,step99000,5f404f2b94a2acc9965f9ad15487db41e385c600
EleutherAI/pythia-410m,410m,98000,step98000,1139d3b471df26bf0fc87cd0c33344addb5081fb
EleutherAI/pythia-410m,410m,97000,step97000,42aa570081376367a5f50299c584ac006c80c2fd
EleutherAI/pythia-410m,410m,96000,step96000,bddc539ba381d577ef15c336e8c295e258d5fa49
EleutherAI/pythia-410m,410m,95000,step95000,c0e7c15b0e153d38c013d4dfb449f121d169a89c
EleutherAI/pythia-410m,410m,94000,step94000,b2508dcb652b738236dc2c60d7a4df5041cf51ae
EleutherAI/pythia-410m,410m,93000,step93000,ad417c29ec398e301373ca8cf6a7de6d62deda71
EleutherAI/pythia-410m,410m,92000,step92000,fe8f27853878e4e2361776bfc8a68dca068d76ff
EleutherAI/pythia-410m,410m,91000,step91000,e49451de81d41712bf61381c43a52982349038d9
EleutherAI/pythia-410m,410m,90000,step90000,4b343eed0456707a827b3a3dc051da21fe3bf10b
EleutherAI/pythia-410m,410m,89000,step89000,791ffe78491e10bad13c530470fc61a11b6188f6
EleutherAI/pythia-410m,410m,88000,step88000,c7e7583827e9546bce8562b0bc1391ca284b76cd
EleutherAI/pythia-410m,410m,87000,step87000,3b4c61d0897b18008b7a788b19cfcbe0a99b9a14
EleutherAI/pythia-410m,410m,86000,step86000,d60b9a501ba0725f392e913a83f1477bf732a95f
EleutherAI/pythia-410m,410m,85000,step85000,41c3dad18b17059083c4b97da4d2a23f80308d4f
EleutherAI/pythia-410m,410m,84000,step84000,f7c9f6a26bc7bce5b10d342cd7a92522e4e40519
EleutherAI/pythia-410m,410m,83000,step83000,e1d934b699f76a9121ab45888c7446ed297d6833
EleutherAI/pythia-410m,410m,82000,step82000,e3142ffa644f2cc96c3b6bbef9fc3ebfa7e5926e
EleutherAI/pythia-410m,410m,81000,step81000,e2bd709f2d6c2cf64bf1203809e3c8f477afce6c
EleutherAI/pythia-410m,410m,80000,step80000,1825be30d00bc3b8f261eb044915dca81991cb7c
EleutherAI/pythia-410m,410m,79000,step79000,e2c7d90f0e3dae42863df44d89db1b0091eda16f
EleutherAI/pythia-410m,410m,78000,step78000,7dfcb46590c7e7707575eb43ece083eb66801cfa
EleutherAI/pythia-410m,410m,77000,step77000,d1a5d55d0397c03e9955b9525c0c4144dc23f4ac
EleutherAI/pythia-410m,410m,76000,step76000,20a198281672c9e85cbbb7d0e7553a9e9dcd5580
EleutherAI/pythia-410m,410m,75000,step75000,ed07efc8dabd001c262b9fc321cfea01fad0b920
EleutherAI/pythia-410m,410m,74000,step74000,77df0a9d17f4d63f3b0688190332fdbf2af841fa
EleutherAI/pythia-410m,410m,73000,step73000,6561de6d3ebba8dd2dab3cb22f6007bd39cb882c
EleutherAI/pythia-410m,410m,72000,step72000,b50bdce30dafe951bc179c8c9058e3cc92dc20f5
EleutherAI/pythia-410m,410m,71000,step71000,67d22c3a875027c7b807e0d8a9c2b138c69d1f00
EleutherAI/pythia-410m,410m,70000,step70000,8b5a3f0e65786b1d1528e6a1b019f21d70c39163
EleutherAI/pythia-410m,410m,69000,step69000,a6661e1c0eb71b09b831cec419263affbf6efc8f
EleutherAI/pythia-410m,410m,68000,step68000,f30a2b3e617283e2f94638cf2487735981e23152
EleutherAI/pythia-410m,410m,67000,step67000,3be0cf50e099cb44b4c828e63ae6a4035f380ddb
EleutherAI/pythia-410m,410m,66000,step66000,07f1756204e49da3ddc7f5b7963255ebc64a3c27
EleutherAI/pythia-410m,410m,65000,step65000,0a5602b15394499c95245a2a266115556c4bb17c
EleutherAI/pythia-410m,410m,64000,step64000,37bf1f8c73edcdf706fa955c6fb4bf9927f88386
EleutherAI/pythia-410m,410m,63000,step63000,289c5042ff2c687a127909cbcc23c2dec5d97041
EleutherAI/pythia-410m,410m,62000,step62000,6f0eb9d0288957021c48113f9d35a5e46d677498
EleutherAI/pythia-410m,410m,61000,step61000,d5e6c3355aa0d40a97e012150ae2495e31fe05f7
EleutherAI/pythia-410m,410m,60000,step60000,382e5a49507f6b113b7e29f308d1366ad8996fa4
EleutherAI/pythia-410m,410m,59000,step59000,2d3ebf4d103eaf2e9c7f5ccecdb536ee40672be8
EleutherAI/pythia-410m,410m,58000,step58000,c8ade107c69844d3c5da519d649988cb4c064848
EleutherAI/pythia-410m,410m,57000,step57000,b22114e471c1fcbb917da14592157a9c5f105381
EleutherAI/pythia-410m,410m,56000,step56000,f32a7ce39be502a19ebe0131c404a601c9813da6
EleutherAI/pythia-410m,410m,55000,step55000,2c22949d212d132266a2bf6e1b6ed7da4b86b3e7
EleutherAI/pythia-410m,410m,54000,step54000,551bed93fb4b466efe13704aefb13f8c580355c2
EleutherAI/pythia-410m,410m,53000,step53000,31c018113bd87147505140514b734f026ad01519
EleutherAI/pythia-410m,410m,52000,step52000,94f77755614d6e2cc6c4b3833d0bb060d8010484
EleutherAI/pythia-410m,410m,51000,step51000,b67553f085bd836dd14db8d86b925d96a9dd9534
EleutherAI/pythia-410m,410m,50000,step50000,d1b369e44ffd66055c28972040d3f2bc320e5a4e
EleutherAI/pythia-410m,410m,49000,step49000,c85a333835dfe8c107d81d009bd68fc0d61ef153
EleutherAI/pythia-410m,410m,48000,step48000,14e4a927ed93cab99c654d1ba024da8271039354
EleutherAI/pythia-410m,410m,47000,step47000,85b2e754df36b15562fdaf23278527a25254d130
EleutherAI/pythia-410m,410m,46000,step46000,e02cdc82b6cda3291697eab92d8b45d4d6fa40ca
EleutherAI/pythia-410m,410m,45000,step45000,0b263fe8c55efb2f7884b6df646a45b439c8545f
EleutherAI/pythia-410m,410m,44000,step44000,632e7375ba796b533a5b0b1e22e6f26f2d7c7e1a
EleutherAI/pythia-410m,410m,43000,step43000,64563df719ded1376f23261b20065ca88a7c12b7
EleutherAI/pythia-410m,410m,42000,step42000,57b9797f9786041c1eed2940ea314cf3344f7a78
EleutherAI/pythia-410m,410m,41000,step41000,4681e487ab053c5085597f2fc337e7a40bde5a6e
EleutherAI/pythia-410m,410m,40000,step40000,4873eac6e2ba4385728ead8f86da873efb0df27b
EleutherAI/pythia-410m,410m,39000,step39000,434c69b781cdbd00a3c44a6d890dfe70657800b1
EleutherAI/pythia-410m,410m,38000,step38000,8f142efcf7ecd46519f6811b9a237b3493b4c573
EleutherAI/pythia-410m,410m,37000,step37000,b129c99ba0c3880145bf51bdaee2d725bab68b77
EleutherAI/pythia-410m,410m,36000,step36000,2cbeb3d7ccc819b2a2a71852e1c117c051b89cef
EleutherAI/pythia-410m,410m,35000,step35000,181eff70142a96e456190cf7012d6461a1abfe8d
EleutherAI/pythia-410m,410m,34000,step34000,d3c4c920ee356bbf4121c6cdd4132063bcd1a272
EleutherAI/pythia-410m,410m,33000,step33000,962a951eac83aa52f9f013bcfb61853cc1d434d1
EleutherAI/pythia-410m,410m,32000,step32000,e96fca70a425a39753c9f54a2cf74421606a33ac
EleutherAI/pythia-410m,410m,31000,step31000,e4783ba754e988ac57824d6d3bf80bfeffc93c62
EleutherAI/pythia-410m,410m,30000,step30000,9ecee011b3038307e86985d2ff7a984549481e1b
EleutherAI/pythia-410m,410m,29000,step29000,b120cf4cd7eda9ff0f9fe196ec782e6f115cad44
EleutherAI/pythia-410m,410m,28000,step28000,3184010b89da3cdf48bf0289e01db959aa99ef9d
EleutherAI/pythia-410m,410m,27000,step27000,66da126651893b00885cb3e7d8a16e720195dabd
EleutherAI/pythia-410m,410m,26000,step26000,06d99fcf5d936d877ff39556c08bed9c6949575b
EleutherAI/pythia-410m,410m,25000,step25000,9d1eacc18e9fbe028ae675f26274f6347b2755cf
EleutherAI/pythia-410m,410m,24000,step24000,b67e8cedf0725aa349effead8805838db9266721
EleutherAI/pythia-410m,410m,23000,step23000,dcfe80212bd09f3d7619ef7aac002e94822406ef
EleutherAI/pythia-410m,410m,22000,step22000,a39e3d3d516fe71e83dac3d6b6e2efa32383db63
EleutherAI/pythia-410m,410m,21000,step21000,41e22a7214896eef2e07099d44cff27ee40c68cb
EleutherAI/pythia-410m,410m,20000,step20000,4a8ece0b00d01adcd5c65179bc4770b75622970d
EleutherAI/pythia-410m,410m,19000,step19000,a333afa6068e4579e5f58a636af7f5e19901661a
EleutherAI/pythia-410m,410m,18000,step18000,0f69833831953d1d887e6f6a3cee7f8d8c772d8e
EleutherAI/pythia-410m,410m,17000,step17000,2c8e32e50c0eaf0b163dbad7ea9037ecae6dd0d2
EleutherAI/pythia-410m,410m,16000,step16000,8446851c14ad5b18ec87ab6ecf9c1a068346293b
EleutherAI/pythia-410m,410m,15000,step15000,cfe851541bf5998d1a5b6fa5fcf90b72c2d039b0
EleutherAI/pythia-410m,410m,14000,step14000,e980b9581066e61532df96342d2f262a6177237d
EleutherAI/pythia-410m,410m,13000,step13000,00dc416f09938619d272255bd1a181e6a53016c7
EleutherAI/pythia-410m,410m,12000,step12000,63a91dd7ed47abd8934276368a6b3250d8e8d916
EleutherAI/pythia-410m,410m,11000,step11000,b218096f09e611b03c450b50164a76714d705f76
EleutherAI/pythia-410m,410m,10000,step10000,b012a9e9f9f1da2856656638b545c2a443227022
EleutherAI/pythia-410m,410m,9000,step9000,92e53dc416dd634bbbb3e54f21c44061a359793e
EleutherAI/pythia-410m,410m,8000,step8000,8e89b393da981e212cfdf890de1fe7dbc2d8b6b9
EleutherAI/pythia-410m,410m,7000,step7000,56bd5599961f5f20b21ef891c15e89a82bcaa88d
EleutherAI/pythia-410m,410m,6000,step6000,037b5fec25bd3a7156d16e160b5ef32f725354e2
EleutherAI/pythia-410m,410m,5000,step5000,4eecbaebb4033b699fa6ad40f614a035285968c6
EleutherAI/pythia-410m,410m,4000,step4000,bbae7110cd5c6718b1e655c87a455527760a4f6b
EleutherAI/pythia-410m,410m,3000,step3000,944cc4753664e74a0ece48968636d9b2a173c0c3
EleutherAI/pythia-410m,410m,2000,step2000,e7a3d8e06fe8cc3b169828c61bb8bc2bea4d705c
EleutherAI/pythia-410m,410m,1000,step1000,1091939841611a37efe2bdfdf2bfd4f7778b0b0c
EleutherAI/pythia-410m,410m,512,step512,c34decdeaf02e4b2afd98c6bfd9ab2b094964c27
EleutherAI/pythia-410m,410m,256,step256,d578bb6ee435535f06872425332b77b2bbc7a81e
EleutherAI/pythia-410m,410m,128,step128,15f95f56be4005f0380715a9e087d9782deb9861
EleutherAI/pythia-410m,410m,64,step64,3da88c26b003ce4b2511b9b0f0de5751dd9bfd36
EleutherAI/pythia-410m,410m,32,step32,1ac6aa5faedc3c142cce97a2516f841d677fc199
EleutherAI/pythia-410m,410m,16,step16,b211529caceb00f3c7148a7c073993401f12db6e
EleutherAI/pythia-410m,410m,8,step8,574a3913dd39863df39f4e7ef3df1e8a9ac4ede7
EleutherAI/pythia-410m,410m,4,step4,b1806509288429a00d4a8b4374524c33772294d3
EleutherAI/pythia-410m,410m,2,step2,21fea53380879801315497a44fe9a2044c7d4bec
EleutherAI/pythia-410m,410m,1,step1,0fe7c663f607c0a03e1a093e91442b28b8e3facc
EleutherAI/pythia-410m,410m,0,step0,8bba10b3d3588a20deaaeacca9efc46a680ca91d
EleutherAI/pythia-1b,1b,143000,step143000,c0fea4b917615c60370c0aeb76877f18fef30ab3
EleutherAI/pythia-1b,1b,142000,step142000,115c49f54c9cdf1d33c104f11d612ee6ad82c023
EleutherAI/pythia-1b,1b,141000,step141000,8394b0deebe3b66550e6df0d89728166857c2a37
EleutherAI/pythia-1b,1b,140000,step140000,47eac5a4f1050754ac3204276e58a902aa8bf187
EleutherAI/pythia-1b,1b,139000,step139000,ae641260a4c36b72edee43980968a17b1ce73c86
EleutherAI/pythia-1b,1b,138000,step138000,7ce8100b5e7863969d251f1ad61239116ee4985b
EleutherAI/pythia-1b,1b,137000,step137000,51daf72c8a1fce7c1e568d5899cba2b811a2a146
EleutherAI/pythia-1b,1b,136000,step136000,cdecdb526f47373406432cfd82d112f5c8bcaa73
EleutherAI/pythia-1b,1b,135000,step135000,ec557a5dfc447f6f631fe0e5681445c2f6cc92e9
EleutherAI/pythia-1b,1b,134000,step134000,9b02d1f7c3062f629e50f8c6bd7dd388c338bd28
EleutherAI/pythia-1b,1b,133000,step133000,e7268c06f9601a81af758f821d84c5cbc5e6927b
EleutherAI/pythia-1b,1b,132000,step132000,31d283cf2331671ff756da7f836970453c5d9c1a
EleutherAI/pythia-1b,1b,131000,step131000,b1d7d6789e2b5432ad6c1825bbad96577d844118
EleutherAI/pythia-1b,1b,130000,step130000,1abaa6394fde5fb42fa93f5cab6dcc5d40db5902
EleutherAI/pythia-1b,1b,129000,step129000,97edce5c7de416dc1311008b66a631eda1799ddd
EleutherAI/pythia-1b,1b,128000,step128000,98d7db87a04f521d92ce7bea4031bb8b02117c2c
EleutherAI/pythia-1b,1b,127000,step127000,739b939b506110a4118fd5b09bd828fd8f8fd73e
EleutherAI/pythia-1b,1b,126000,step126000,53126fa2f288b95f2e2d6bacccb45b45cee805e5
EleutherAI/pythia-1b,1b,125000,step125000,942ab5b31fa13b2f66735b5b4d91b661b9c2f3af
EleutherAI/pythia-1b,1b,124000,step124000,2af05e777dff0be908dd9907f39fb9b3c0eeb5b7
EleutherAI/pythia-1b,1b,123000,step123000,f3860d84f5699b734c4354943e59f6d168b55e43
EleutherAI/pythia-1b,1b,122000,step122000,4c60f63e49db1225061883786b65c698229d3094
EleutherAI/pythia-1b,1b,121000,step121000,fcb2ea1204d852527ef17e743e99f16bdb38a9ff
EleutherAI/pythia-1b,1b,120000,step120000,1a4a69d7380a678ea2b5d135019781c757706c6c
EleutherAI/pythia-1b,1b,119000,step119000,816ce5b6a390b338a775dce5006eeecd4292d086
EleutherAI/pythia-1b,1b,118000,step118000,5813b40e3ea922089362de695474e62eba979b13
EleutherAI/pythia-1b,1b,117000,step117000,1bc8690c43a57b5dd8990f86d26fc30ebce89e65
EleutherAI/pythia-1b,1b,116000,step116000,26921ded7f97b7fd684cbf8065fe2b0bde2f095f
EleutherAI/pythia-1b,1b,115000,step115000,6395e1ecc7515641acb19de542d30504342b4f2a
EleutherAI/pythia-1b,1b,114000,step114000,39ecf091622f33d922114c1924dbefa92388f6cf
EleutherAI/pythia-1b,1b,113000,step113000,64496adc213cb687a8ad0d11cab3ee38cfccda03
EleutherAI/pythia-1b,1b,112000,step112000,8d1a7cf23cf6fac6615426d624a518106aedf4ba
EleutherAI/pythia-1b,1b,111000,step111000,99263b59791b7f99c336c732308d25cc44a35332
EleutherAI/pythia-1b,1b,110000,step110000,2de00b8c71b16e1a44fd5722eae59f6b7e5df9c0
EleutherAI/pythia-1b,1b,109000,step109000,05066a6d6484cfb1b8ba20e8f45d2340ad99479e
EleutherAI/pythia-1b,1b,108000,step108000,768750746ba6eb2af298a9ff60894a218461602d
EleutherAI/pythia-1b,1b,107000,step107000,c234c42319a2901df64e67ca16cf2c602aeaffda
EleutherAI/pythia-1b,1b,106000,step106000,84fcbf6d508b9b46574055702d1f6a5902a2a29d
EleutherAI/pythia-1b,1b,105000,step105000,2f01a1939ef0bd4d41581b67a23e13dfc63817ed
EleutherAI/pythia-1b,1b,104000,step104000,c404dd5ecbc7867aab9d1dea840e315aff23ed5e
EleutherAI/pythia-1b,1b,103000,step103000,95c059988363d8301a32b92997dce77f8f1ba466
EleutherAI/pythia-1b,1b,102000,step102000,89290a2df95cdf7bcf2f648601d9ff1fe7d4a494
EleutherAI/pythia-1b,1b,101000,step101000,76f9f742aa4117d22f810cc2bb612608e30c059a
EleutherAI/pythia-1b,1b,100000,step100000,6b177c443f085cc1af93f453a55e0d43f03aaf57
EleutherAI/pythia-1b,1b,99000,step99000,ab53c5f4969100f1ca2d0dbe56661f494676980d
EleutherAI/pythia-1b,1b,98000,step98000,95906c1697cc33d42dcd2992a07b3b0c377005d5
EleutherAI/pythia-1b,1b,97000,step97000,119237694f625f0e4073cf3f988e6d0b4f2243f6
EleutherAI/pythia-1b,1b,96000,step96000,134b25682ad454b623265d6fc6b948cb45e8c554
EleutherAI/pythia-1b,1b,95000,step95000,f87d4daa28df940e064cfa2e88f7309a02fed1b8
EleutherAI/pythia-1b,1b,94000,step94000,f541b4b99bfa894fdf8c676b96866717d790b512
EleutherAI/pythia-1b,1b,93000,step93000,798697979cd5268f2288956101f79909c0139f1e
EleutherAI/pythia-1b,1b,92000,step92000,e848c7c587d9db09046faff539667e77ae79ab7c
EleutherAI/pythia-1b,1b,91000,step91000,a780b801025c033056a2bda0ba22df9e8d7c2436
EleutherAI/pythia-1b,1b,90000,step90000,4a9cb1e3b27fde1ba09680ed51481018cec5b738
EleutherAI/pythia-1b,1b,89000,step89000,c284ab0cb00ab15eaca9f2db5529f78a7d98dad7
EleutherAI/pythia-1b,1b,88000,step88000,f063e061e3be3637e8fc4802801e540483d6c4a8
EleutherAI/pythia-1b,1b,87000,step87000,382467458f1a6ed2178349429ef7da8a289e9ace
EleutherAI/pythia-1b,1b,86000,step86000,77ad71cc7c538fc950cebfaf63a035d3dd5aaaf4
EleutherAI/pythia-1b,1b,85000,step85000,fc3b8e861f9e22de876a021081d28e1eaa62b709
EleutherAI/pythia-1b,1b,84000,step84000,9baadf8e678174bf46fc659f0775871b312885c5
EleutherAI/pythia-1b,1b,83000,step83000,1d7b67c56b2592c6390743820bd45183aca8baba
EleutherAI/pythia-1b,1b,82000,step82000,21da575a549ca11c49f929cf46aa3f35406c3840
EleutherAI/pythia-1b,1b,81000,step81000,c142c67a83f3b33c09b6068c648da8ad8fe3151f
EleutherAI/pythia-1b,1b,80000,step80000,667a3564e0d39af08db6881ce624b4a19bff925d
EleutherAI/pythia-1b,1b,79000,step79000,3ef6f21410c5150d9394f3f84052611e7961cc3b
EleutherAI/pythia-1b,1b,78000,step78000,67e711e73ce590fb20bc6d27f5f5a8ffd971f9a8
EleutherAI/pythia-1b,1b,77000,step77000,8179dac7575f6563f2bbd98dd0b4718f899d5272
EleutherAI/pythia-1b,1b,76000,step76000,7cfb481d659c7dc6c4a0489a627afe70823afaf1
EleutherAI/pythia-1b,1b,75000,step75000,1d3c9ac30651ed89d9f5b9652bfc199232e72ece
EleutherAI/pythia-1b,1b,74000,step74000,d1273eba58cc1c6c9705d927cad5e76c46eee0d8
EleutherAI/pythia-1b,1b,73000,step73000,9b7dc7a06f7c3fee0eea65bb8aad9ab74cf63777
EleutherAI/pythia-1b,1b,72000,step72000,566a4a2d532632221abdb8e8da1be1fb621a47a6
EleutherAI/pythia-1b,1b,71000,step71000,09c1f2f1188960e0ca3f5be9ed27c3df153e7f17
EleutherAI/pythia-1b,1b,70000,step70000,f0b0a371f295717759a6f361db8593c15a5dab92
EleutherAI/pythia-1b,1b,69000,step69000,3f7f2b436b1424f682022637081815c8297c6593
EleutherAI/pythia-1b,1b,68000,step68000,b7946531afe3d92b3c11ac4fd6107023c42a9504
EleutherAI/pythia-1b,1b,67000,step67000,eabe540ed180a882c1b843e31c15df0006df7e0b
EleutherAI/pythia-1b,1b,66000,step66000,b75c57d7d030df9f9181fbcfa130c8ef1dfe6bdd
EleutherAI/pythia-1b,1b,65000,step65000,734d461b1a07ed464b92512f2d64c46300426606
EleutherAI/pythia-1b,1b,64000,step64000,d8a21ab8f2de9e94f9b5344f2f15e6cbc3dfdf5b
EleutherAI/pythia-1b,1b,63000,step63000,62e7057b6f7a4a7ef34b4e060e2d32dba4b08051
EleutherAI/pythia-1b,1b,62000,step62000,b193d9597ecde984dcdf9a3f8b3c5107c2512caa
EleutherAI/pythia-1b,1b,61000,step61000,3c67f717962a847dd93650bdc1285631e08da5c0
EleutherAI/pythia-1b,1b,60000,step60000,5bf820682f0c0fe114263e21526fd0e438a6ad03
EleutherAI/pythia-1b,1b,59000,step59000,29aa92b854e7b109c82b024fd2b20fe2e02cbe0d
EleutherAI/pythia-1b,1b,58000,step58000,e26792464c201b01ec84668b34d670485562a5c4
EleutherAI/pythia-1b,1b,57000,step57000,ae9f9deb1b5f1aea1daf9c64d08293f791a797c9
EleutherAI/pythia-1b,1b,56000,step56000,e1f7ded709500b683371bca9e56b783410bacf28
EleutherAI/pythia-1b,1b,55000,step55000,a707a0b9da95ac5a4a70a702963f6cb5a6987ac9
EleutherAI/pythia-1b,1b,54000,step54000,b20976f8930eb406cc676e26af7e6b48f9b79fe9
EleutherAI/pythia-1b,1b,53000,step53000,e20477c132eb72b6f61c275ae3d7329c916925b2
EleutherAI/pythia-1b,1b,52000,step52000,fd3a1a493ad37aace1e4ddc2581e1e577379f3cd
EleutherAI/pythia-1b,1b,51000,step51000,a24e2c7a4be3639b68fada2a3d8b3bc81a037523
EleutherAI/pythia-1b,1b,50000,step50000,2508971c5328341066b71ae6b648fe39eee8533d
EleutherAI/pythia-1b,1b,49000,step49000,35381e0bd87c4f44c62609afe8e6b89359001044
EleutherAI/pythia-1b,1b,48000,step48000,cb6be400acd5d46100f0688e76bf94bc156531c0
EleutherAI/pythia-1b,1b,47000,step47000,3d2fb39f13d0ce0a3d49b30721d4ea85dae0f972
EleutherAI/pythia-1b,1b,46000,step46000,d05c4df88dd28cef141051118c2e7d207dd2f75c
EleutherAI/pythia-1b,1b,45000,step45000,96ced4a1966ebf3bd1f9935a271d72ed1eaf4717
EleutherAI/pythia-1b,1b,44000,step44000,75751806c24d6e06ad3d249d1ba63aa31f7f821f
EleutherAI/pythia-1b,1b,43000,step43000,3d330abc3f8677d4c99465b934cdeabb666853db
EleutherAI/pythia-1b,1b,42000,step42000,c4ccebc9ceeeb4604958517365eed35ab5e95c06
EleutherAI/pythia-1b,1b,41000,step41000,6524edfad384b0cb8b86e23dd46348969e98eff3
EleutherAI/pythia-1b,1b,40000,step40000,3e4f2c3c66c167f60a0a680ab7f983a7b57df48e
EleutherAI/pythia-1b,1b,39000,step39000,e029fd1d3f2cf1970a30cc40ef89239f2a0ca334
EleutherAI/pythia-1b,1b,38000,step38000,bccb50d6e4950b4e944d2e681c5b92d98bbfd499
EleutherAI/pythia-1b,1b,37000,step37000,57cfc2ebc889e1e61e646ca3d912f5b0c9043ca6
EleutherAI/pythia-1b,1b,36000,step36000,f53e921d2afc99aed6c15e8b10b0699ac1d2811f
EleutherAI/pythia-1b,1b,35000,step35000,7d24d567ea4b38bc048aa437b01e07f13d5cf069
EleutherAI/pythia-1b,1b,34000,step34000,88f2433ad6748e156c0789b3ee557c49b367e32c
EleutherAI/pythia-1b,1b,33000,step33000,99ea03e762b126df9b51c05a3e2b075cd273c99c
EleutherAI/pythia-1b,1b,32000,step32000,e2368797b94c696a2ccf2475692a2a498a8f821a
EleutherAI/pythia-1b,1b,31000,step31000,b551667e45a91b0740fea020d4bc23257f2680c6
EleutherAI/pythia-1b,1b,30000,step30000,73415cdf0690234794ad35e003f202b7552e0890
EleutherAI/pythia-1b,1b,29000,step29000,7bca69e997f2dba3dc0cc72e7eeebcf5e60e4522
EleutherAI/pythia-1b,1b,28000,step28000,9f4986d7ea76d02301e1e73655dcb78db65e0618
EleutherAI/pythia-1b,1b,27000,step27000,9aad5c136c458946bfe4f0491100ae4958f1c597
EleutherAI/pythia-1b,1b,26000,step26000,688aa9c548acbf4ad5f1c29ee5d1c4a812020767
EleutherAI/pythia-1b,1b,25000,step25000,34d1cf6907d1d4a78203f716bba680e6265b38ee
EleutherAI/pythia-1b,1b,24000,step24000,79445d0b8d183b9647d6610fc451af16a76a1248
EleutherAI/pythia-1b,1b,23000,step23000,b3b79cd305bc0e043bbd18c4b2fe4d42bf95171c
EleutherAI/pythia-1b,1b,22000,step22000,c0d4478950935758dff010bc35790c9c3587bbd9
EleutherAI/pythia-1b,1b,21000,step21000,14a7ace334a7e0e71a6379d1968e6e044a3c1b1e
EleutherAI/pythia-1b,1b,20000,step20000,051c3d3f9da7df11c084674487f5910abb1a7af7
EleutherAI/pythia-1b,1b,19000,step19000,e3c0cd8feb378c2e8233178d34e4c1cb73e4517f
EleutherAI/pythia-1b,1b,18000,step18000,87fd8d62034eba6456573e030b4c99790b24b1f3
EleutherAI/pythia-1b,1b,17000,step17000,9da26e3c89930449c25ff81f567afa950ccdfc24
EleutherAI/pythia-1b,1b,16000,step16000,87fbbd142e6bd4e145490c5ed17e9a57756abb89
EleutherAI/pythia-1b,1b,15000,step15000,31f477f0078ca0df1e10f1a80c7dddacf1ff67ea
EleutherAI/pythia-1b,1b,14000,step14000,f19ed57863b0ebc4169e6fe2545157c8316864a3
EleutherAI/pythia-1b,1b,13000,step13000,eb08605c04c52b214664640536a9be6c1a934979
EleutherAI/pythia-1b,1b,12000,step12000,6b7976599b054d18ba6f036f0b9d7aac8d990249
EleutherAI/pythia-1b,1b,11000,step11000,1687fc2debd0055ec1eaa5e01a1a4dbaae7db7b5
EleutherAI/pythia-1b,1b,10000,step10000,542161eccaf28814b1c40a63da5dc92c588252c8
EleutherAI/pythia-1b,1b,9000,step9000,bc6d43a7d4c6617037394f80f3764b6de05df956
EleutherAI/pythia-1b,1b,8000,step8000,31d29dfecf5548b01dd95242d836dc9d1c290f9b
EleutherAI/pythia-1b,1b,7000,step7000,b4facfe3b4d62839f156737e38114249697072e4
EleutherAI/pythia-1b,1b,6000,step6000,0f5694ad9f50fdabbec4bab81ee9be90009a250a
EleutherAI/pythia-1b,1b,5000,step5000,1931bfbd7bbb1f15979b5e2543edb9253b997085
EleutherAI/pythia-1b,1b,4000,step4000,1a68abc004aba6efc215068bf6dac4f6027b4ac3
EleutherAI/pythia-1b,1b,3000,step3000,6ca902de278cc4802f4cc3023f3ea2bcbc70a867
EleutherAI/pythia-1b,1b,2000,step2000,157d8af5e95d55582cd06dc66d1e6eceb1b48802
EleutherAI/pythia-1b,1b,1000,step1000,f725b7d1f691917d835b064b18941c669b1670d4
EleutherAI/pythia-1b,1b,512,step512,2c42fa0ca8a2c4523976b21d2bf75856c7004d0d
EleutherAI/pythia-1b,1b,256,step256,249270db5ae35b5a731beb20726c72a8051a5b5a
EleutherAI/pythia-1b,1b,128,step128,92c2a45907dd438dfd5c5a61c25e202d377d51dd
EleutherAI/pythia-1b,1b,64,step64,0ad5b17041f4cea28e3c6eb9d836b007b7b996fa
EleutherAI/pythia-1b,1b,32,step32,dc7b4f7eddfa4981dae48cd2d3c7ff23250a65c8
EleutherAI/pythia-1b,1b,16,step16,6bbc18786805ada13fc86bf524268d472b787b07
EleutherAI/pythia-1b,1b,8,step8,06f6d176db7a1ccd6738938ed95e7c7452837717
EleutherAI/pythia-1b,1b,4,step4,2ae94705fe7d0daf8e8baf0c0e1e534defe05270
EleutherAI/pythia-1b,1b,2,step2,636a04269d0a43a9c3d7a009029342279425cfa7
EleutherAI/pythia-1b,1b,1,step1,8130c3b15edc70c870a3561ad80341cb2e48bf1b
EleutherAI/pythia-1b,1b,0,step0,3f3a5e066c3737f066e123b80b81141b82473280
EleutherAI/pythia-1.4b,1.4b,143000,step143000,9cc5c8c8148a4e0115d9e29c6b4f21124cfe748a
EleutherAI/pythia-1.4b,1.4b,142000,step142000,6fd682181a63dc84bbb86a8426ca0c6627219d7c
EleutherAI/pythia-1.4b,1.4b,141000,step141000,145202ae87f7dde8535c8fe9bed57427be9aa95b
EleutherAI/pythia-1.4b,1.4b,140000,step140000,4e9e5ad92a7e0396cb16cb59a6417c268873b53c
EleutherAI/pythia-1.4b,1.4b,139000,step139000,775ccc62fafd00498b07a37d9139fd5f25997b9f
EleutherAI/pythia-1.4b,1.4b,138000,step138000,48c1edad3c17b755fac2ab323454869e3be0bcdb
EleutherAI/pythia-1.4b,1.4b,137000,step137000,adeb55a36b35a4d9abdfdb350a84272a1329af7f
EleutherAI/pythia-1.4b,1.4b,136000,step136000,2b760ee33527a6fbd88f4590d31f5ef24e56749a
EleutherAI/pythia-1.4b,1.4b,135000,step135000,54f3bb71f498eae244b3eea80e3aac13514ece5b
EleutherAI/pythia-1.4b,1.4b,134000,step134000,24ff371a9ac64f1b4b74f46d24ebfb3a409a5bcd
EleutherAI/pythia-1.4b,1.4b,133000,step133000,114fb4b0cb6fbc22efedf9f0c077362988a600b1
EleutherAI/pythia-1.4b,1.4b,132000,step132000,377b3e3e204ee012d331bc497dcf2d6264b62b29
EleutherAI/pythia-1.4b,1.4b,131000,step131000,22b1deaa17a1b843a428f109a311084f07c6b818
EleutherAI/pythia-1.4b,1.4b,130000,step130000,37fc99f0d868c3e48a2a7bdacc5f8263e4f0aefd
EleutherAI/pythia-1.4b,1.4b,129000,step129000,87372c3a9290559016e3bfab0d44c475c0b24277
EleutherAI/pythia-1.4b,1.4b,128000,step128000,d7937ef13ae3ecb36d2df1c3e774f8f7bb62b309
EleutherAI/pythia-1.4b,1.4b,127000,step127000,01df93f582a69cbb00f4699232258d0646458d1a
EleutherAI/pythia-1.4b,1.4b,126000,step126000,e32f86c541185ba0891db2d0b88c31736ec057c3
EleutherAI/pythia-1.4b,1.4b,125000,step125000,09a069e6d1505e0fa9a5657ec2cde6a217fba7bd
EleutherAI/pythia-1.4b,1.4b,124000,step124000,17214c716e7fefc96f578626860da0ba54396142
EleutherAI/pythia-1.4b,1.4b,123000,step123000,aa35d0a12c916715e052697e78bdfaddefdfad6b
EleutherAI/pythia-1.4b,1.4b,122000,step122000,31a10f1dd2e68c32b15be563cad2f4630afeb6e9
EleutherAI/pythia-1.4b,1.4b,121000,step121000,a0b1db259c619425e4b67e7d2753a0be792f7d14
EleutherAI/pythia-1.4b,1.4b,120000,step120000,4e056d657ceede13435146a8126bbf7bda0a1b0e
EleutherAI/pythia-1.4b,1.4b,119000,step119000,356cd8ba69f07b2a6f9573ca0196efe6867c2901
EleutherAI/pythia-1.4b,1.4b,118000,step118000,80426a0866fb0b16a30e3c3004b9b86863abb001
EleutherAI/pythia-1.4b,1.4b,117000,step117000,5380c482ac3eaa99de4f2257339e98b31ce90110
EleutherAI/pythia-1.4b,1.4b,116000,step116000,eca4bf818f8f8211aeeeb27c53b4107e0b37ba7d
EleutherAI/pythia-1.4b,1.4b,115000,step115000,402d5918fefe79ee18b8baa1e5e380d00edbde06
EleutherAI/pythia-1.4b,1.4b,114000,step114000,351468d91cf298f693b6817350b2030cf3b0ed94
EleutherAI/pythia-1.4b,1.4b,113000,step113000,3864c1de97450556872c734c9792db9ec6f8812f
EleutherAI/pythia-1.4b,1.4b,112000,step112000,958d8f6c1dba61335d72ead0be2438b4e759a2b5
EleutherAI/pythia-1.4b,1.4b,111000,step111000,9fc74c436284ded05b61946e913c0d1e607fe6b7
EleutherAI/pythia-1.4b,1.4b,110000,step110000,413c1a5dc1a66d2bb29eb51061d6b26174b5f202
EleutherAI/pythia-1.4b,1.4b,109000,step109000,3b098d2941f934e7c07b9febc5d12da8cf111d40
EleutherAI/pythia-1.4b,1.4b,108000,step108000,5a1b88ea3447ca62d2ea03dfc6c6ae9da72b4bff
EleutherAI/pythia-1.4b,1.4b,107000,step107000,c9eb4a8c7b6d497aee88ce11ac3add75583ea3eb
EleutherAI/pythia-1.4b,1.4b,106000,step106000,3f2f909c69a7a18513d69047ab6a41de4923c66b
EleutherAI/pythia-1.4b,1.4b,105000,step105000,9f8e3355c4e83d16fb7ea881f7a853c8a0255687
EleutherAI/pythia-1.4b,1.4b,104000,step104000,8fd15a080c8ce15b00232ec9a312672d1cf7cfd9
EleutherAI/pythia-1.4b,1.4b,103000,step103000,535fe2e1fdfb8260a76c6bbb45a73ff69575f39a
EleutherAI/pythia-1.4b,1.4b,102000,step102000,f24646742dce74436967593c8ff351e51e97919e
EleutherAI/pythia-1.4b,1.4b,101000,step101000,9e41f522ec4d6a79d21011889d6db21db3d74323
EleutherAI/pythia-1.4b,1.4b,100000,step100000,4643e5c8d2ca50aee430ef3f4405e9421b7f76c3
EleutherAI/pythia-1.4b,1.4b,99000,step99000,f307dffa7a87cbe3b968a7859050ffc4d757ab7e
EleutherAI/pythia-1.4b,1.4b,98000,step98000,6ad266923e005eab3cf7762e2d05cfbe139524e2
EleutherAI/pythia-1.4b,1.4b,97000,step97000,59ca7d75ad8b55c3a868863ed2d524b5e6424ac5
EleutherAI/pythia-1.4b,1.4b,96000,step96000,e4af1b259bef9a8837551bde51c5c53f85c2a1e9
EleutherAI/pythia-1.4b,1.4b,95000,step95000,4721a3afa99c983f6620c860d2ccf6acf7cee43e
EleutherAI/pythia-1.4b,1.4b,94000,step94000,f33e253d4d6e6a42fe7a8d23f580c4a47d88e99c
EleutherAI/pythia-1.4b,1.4b,93000,step93000,22548866f3e701db636bf4edfdd748f2c46a9c9e
EleutherAI/pythia-1.4b,1.4b,92000,step92000,32d4a5b98cb287b3abac66a4a4f96def9a957e2a
EleutherAI/pythia-1.4b,1.4b,91000,step91000,682a58047cd4d996b0fa3ce80d727235851bb168
EleutherAI/pythia-1.4b,1.4b,90000,step90000,44800f0d7e7d278752886243b5cc5e5492b774b8
EleutherAI/pythia-1.4b,1.4b,89000,step89000,2088299e7059fddca4afc190ba4bfccce87ea99e
EleutherAI/pythia-1.4b,1.4b,88000,step88000,4d785a1506f524b9948a4e899db288df65a99e4f
EleutherAI/pythia-1.4b,1.4b,87000,step87000,5d281fd90417142fb9ccdf953b36b1ce70091902
EleutherAI/pythia-1.4b,1.4b,86000,step86000,fb4fda1ac5df92f463db030a112a215309298773
EleutherAI/pythia-1.4b,1.4b,85000,step85000,af7cb690346691192f3fe72bcfaf5bc0cabf7519
EleutherAI/pythia-1.4b,1.4b,84000,step84000,e3ab9530882f88146867c870d992f1159a849e59
EleutherAI/pythia-1.4b,1.4b,83000,step83000,61171d533b70d0b228e8b60c685b177f8937c966
EleutherAI/pythia-1.4b,1.4b,82000,step82000,ca4841526f3226e5f0a747a29782189dde73106c
EleutherAI/pythia-1.4b,1.4b,81000,step81000,a1d286a4346eeaac84ac206d2875b9dc46cbed9a
EleutherAI/pythia-1.4b,1.4b,80000,step80000,c72cd1f883e7696433a1e47954544f4afcfac293
EleutherAI/pythia-1.4b,1.4b,79000,step79000,03e82ae5c84226cd5533f00b651edd7ae48236fa
EleutherAI/pythia-1.4b,1.4b,78000,step78000,7a0a3c5b2d6e31005df63c2a1ca31675fd0d48e5
EleutherAI/pythia-1.4b,1.4b,77000,step77000,b36399306c5664d2cfe7e3fbf15c88f56b02d62a
EleutherAI/pythia-1.4b,1.4b,76000,step76000,774410e2f9e843a09e45cb2a0e1cd02a76888299
EleutherAI/pythia-1.4b,1.4b,75000,step75000,ccba682e0f1299ec3cca7ff73783db7edc5114d8
EleutherAI/pythia-1.4b,1.4b,74000,step74000,9ddea5129a3cd4bfbc1f851a19169e52f7827591
EleutherAI/pythia-1.4b,1.4b,73000,step73000,61e9fd7329a3b0314f2beef5b7039d5228b442e5
EleutherAI/pythia-1.4b,1.4b,72000,step72000,8b3a32e8bf988a21e749d5f046bacdad2df1a4f4
EleutherAI/pythia-1.4b,1.4b,71000,step71000,0e05b0eb5171f830a28d7e676e93a644d6c6522d
EleutherAI/pythia-1.4b,1.4b,70000,step70000,9df63d10571893b2a88d20f47255738fb65ed9a5
EleutherAI/pythia-1.4b,1.4b,69000,step69000,3bccc5b9feee1106be48ae5e7727c5c17d6e9539
EleutherAI/pythia-1.4b,1.4b,68000,step68000,9355e45b82d86fe6b9bccd30e5784f31e4eb86f9
EleutherAI/pythia-1.4b,1.4b,67000,step67000,5183c2180bf92c5817d6f9354a294c031d5e5b08
EleutherAI/pythia-1.4b,1.4b,66000,step66000,af2a0419ecabdabb17e0636f73b25404a9334b20
EleutherAI/pythia-1.4b,1.4b,65000,step65000,1dd69296891c6e720a99baf97039068bb512fd84
EleutherAI/pythia-1.4b,1.4b,64000,step64000,7277ad8a8582c08c985da32613a987189c6e7c3c
EleutherAI/pythia-1.4b,1.4b,63000,step63000,10670ac7797f2a404d0e37d66bca098012504e84
EleutherAI/pythia-1.4b,1.4b,62000,step62000,bd7c9207e41093787dcd507c4af7bc42e0b58856
EleutherAI/pythia-1.4b,1.4b,61000,step61000,83af4d3d5bf0352a82fb51ec667614362007ea47
EleutherAI/pythia-1.4b,1.4b,60000,step60000,7f3bc73836ed2f73a98d5cd296d199eab3671392
EleutherAI/pythia-1.4b,1.4b,59000,step59000,c88e6089751aa8f3396dd04bafdf0bab442a5092
EleutherAI/pythia-1.4b,1.4b,58000,step58000,c11e7d0e60d403e2d6b69d09e2488cb33c34667c
EleutherAI/pythia-1.4b,1.4b,57000,step57000,18076c27c3551b2bc5c261e24882b6008956aa4d
EleutherAI/pythia-1.4b,1.4b,56000,step56000,1f30058007b0ffd760fb2b8e0cb0703e540dcebe
EleutherAI/pythia-1.4b,1.4b,55000,step55000,a0234d8fa6e8d4433e9ab9baa8b91cfe124731e1
EleutherAI/pythia-1.4b,1.4b,54000,step54000,e036f2e67e04ed2859da6419d3305587bc07d9dd
EleutherAI/pythia-1.4b,1.4b,53000,step53000,f035df876334cbcc693dbc277b6e08ff8a7fdab8
EleutherAI/pythia-1.4b,1.4b,52000,step52000,8caee700688174c6a86979941a258b32348fbf13
EleutherAI/pythia-1.4b,1.4b,51000,step51000,8ac9d4cded67c10c584f3bf7a7a19bab71e990d4
EleutherAI/pythia-1.4b,1.4b,50000,step50000,80f3f0fae1bb97e8e1d9c8e2ff96d213c107eb0c
EleutherAI/pythia-1.4b,1.4b,49000,step49000,784ef263b090a91eb8c96f4fb8d7fa2e6f4dd267
EleutherAI/pythia-1.4b,1.4b,48000,step48000,b5d0b1087924508e674b87f0ffadbcaf4d096b99
EleutherAI/pythia-1.4b,1.4b,47000,step47000,28179af1d3bc993097a3ac7e177c577d0b1e6065
EleutherAI/pythia-1.4b,1.4b,46000,step46000,002058b64064db38097d1e845fde9f525d235b9c
EleutherAI/pythia-1.4b,1.4b,45000,step45000,d4270a9350667ef9ce4068c704fc7e5f8e6ef4a9
EleutherAI/pythia-1.4b,1.4b,44000,step44000,721e4ce78ac39929afe99f5e5d7f7a813d96f061
EleutherAI/pythia-1.4b,1.4b,43000,step43000,f3d6509f9e42763b286a432a54328f9a75d5a631
EleutherAI/pythia-1.4b,1.4b,42000,step42000,a7b7f12461bf8b8bbfed2e3245194f301f1ba076
EleutherAI/pythia-1.4b,1.4b,41000,step41000,bd74f21cfa5734139e207d7386782ba9ba8dccfb
EleutherAI/pythia-1.4b,1.4b,40000,step40000,9beba9b245e61812d749ec7440c5d8d4f333febe
EleutherAI/pythia-1.4b,1.4b,39000,step39000,238e5ffa3a1aed6c12450cce6f9e0ca7cf538d07
EleutherAI/pythia-1.4b,1.4b,38000,step38000,3094ff0480973bb774bb52f444cae73a8740dde8
EleutherAI/pythia-1.4b,1.4b,37000,step37000,cd7c5eeac2d4dc7c6efcb87bed94ed014a8f3c0c
EleutherAI/pythia-1.4b,1.4b,36000,step36000,c05e6e8a31f8c9323ed8e6318b7139338ee4e972
EleutherAI/pythia-1.4b,1.4b,35000,step35000,ca2b4b67a799e0a2173b6087ffd06db457c3af3b
EleutherAI/pythia-1.4b,1.4b,34000,step34000,f6aaf103b3cd698a3a1f28a290be86bcc2c082fb
EleutherAI/pythia-1.4b,1.4b,33000,step33000,e3011be995d24321eb18d4153d9fcf6b56495b1f
EleutherAI/pythia-1.4b,1.4b,32000,step32000,4d615cf6cea07d28784f3b6e47ef6e2b03d97be2
EleutherAI/pythia-1.4b,1.4b,31000,step31000,47db36db052211cc3712da409867cd61e151c7f8
EleutherAI/pythia-1.4b,1.4b,30000,step30000,f4a101a9109cb728c7ba9859e8936743cb003899
EleutherAI/pythia-1.4b,1.4b,29000,step29000,e14c91068a86da0f89b8ab7c0210e52396279ad1
EleutherAI/pythia-1.4b,1.4b,28000,step28000,c69e2a0df7149fc19206d1f4cd63f0ed937197b8
EleutherAI/pythia-1.4b,1.4b,27000,step27000,fcefb7f289db0f6cc4a1dfd94a54cf3fa0e6480c
EleutherAI/pythia-1.4b,1.4b,26000,step26000,f0643827079838a2ead745bcb9fe959c5ca7b13d
EleutherAI/pythia-1.4b,1.4b,25000,step25000,d8b68fa999932fa0d205b1c9b2f6a02b84b4cba2
EleutherAI/pythia-1.4b,1.4b,24000,step24000,48ffc9909962402c6c610f6160dbacf5922e5846
EleutherAI/pythia-1.4b,1.4b,23000,step23000,50203aa4af0ad116d434d9ed953b603ed90db371
EleutherAI/pythia-1.4b,1.4b,22000,step22000,5af5e264486d828d62419dee1021ed82030e1173
EleutherAI/pythia-1.4b,1.4b,21000,step21000,fa192bb92df7f2e236f6d435061086c598aab153
EleutherAI/pythia-1.4b,1.4b,20000,step20000,540cdfcdd0deea8c6e16b07e6eeac81bea78edee
EleutherAI/pythia-1.4b,1.4b,19000,step19000,c36825d457f99ba3e99caf2e683cb495d9f7d7b9
EleutherAI/pythia-1.4b,1.4b,18000,step18000,df0dae3634645b53cbbe044ef4e7fd478e29c4f5
EleutherAI/pythia-1.4b,1.4b,17000,step17000,c3a0574ba365307fed5432bf6308f6b04792c5b3
EleutherAI/pythia-1.4b,1.4b,16000,step16000,7227add89b788c09c721b976969beb64fa71d10c
EleutherAI/pythia-1.4b,1.4b,15000,step15000,309b8d8cba0e2f625a098a06b39b5ecd7290075b
EleutherAI/pythia-1.4b,1.4b,14000,step14000,5178dde4f9d7688a3d87abca91e1b319040edf96
EleutherAI/pythia-1.4b,1.4b,13000,step13000,e734b0b5fc3732ef1372f5b35fa531459959ad63
EleutherAI/pythia-1.4b,1.4b,12000,step12000,90452fe75ada9294a4c283c5cc99979464ae6d1a
EleutherAI/pythia-1.4b,1.4b,11000,step11000,88bad873ba0262d2e271e6772a7800d39ea84f23
EleutherAI/pythia-1.4b,1.4b,10000,step10000,31e142a47cce40baebba69ab40e7612409e4ce40
EleutherAI/pythia-1.4b,1.4b,9000,step9000,9ebae48f0fbe03736ec40b238ab08b4519fe5202
EleutherAI/pythia-1.4b,1.4b,8000,step8000,772eca29f926856669a401fc662cc199f04352ce
EleutherAI/pythia-1.4b,1.4b,7000,step7000,883d01dd632bf5e914556c5471d15cbb95a6e173
EleutherAI/pythia-1.4b,1.4b,6000,step6000,fb7b931345f1f1b8b30cce8c9d25e4e0c6d7dfde
EleutherAI/pythia-1.4b,1.4b,5000,step5000,7ca9aa97a395d64d70a41dd4f9b7bc7a806a6ba3
EleutherAI/pythia-1.4b,1.4b,4000,step4000,e27c7a8944677b79afa3da836d8be00346511c9f
EleutherAI/pythia-1.4b,1.4b,3000,step3000,05a37d54b83707bc973d036a597961e68cd22415
EleutherAI/pythia-1.4b,1.4b,2000,step2000,e12c050231d0990e07cdfa54506cb1e69a9657e4
EleutherAI/pythia-1.4b,1.4b,1000,step1000,4ccfb66b5ff79d332c69d5182d88d8de8b3441d3
EleutherAI/pythia-1.4b,1.4b,512,step512,c42605265af8e9c36dd9a93bd4be04b73111d886
EleutherAI/pythia-1.4b,1.4b,256,step256,2ab90f690dd8ef9c52c061c0f43b584ac56b4430
EleutherAI/pythia-1.4b,1.4b,128,step128,9a5e4ba9ae5d81dbaa5c44edeb64f4cb9d2feb8e
EleutherAI/pythia-1.4b,1.4b,64,step64,b41b757a3d749cbfb9558e1ea46676a4f15afc01
EleutherAI/pythia-1.4b,1.4b,32,step32,981669acc761138eb959ec99ce07331df71c1a97
EleutherAI/pythia-1.4b,1.4b,16,step16,cdb988a660a82a3dd3b3707cd2c1168443eefffe
EleutherAI/pythia-1.4b,1.4b,8,step8,d71deeaa44fab2601a726d6113617f6d02162029
EleutherAI/pythia-1.4b,1.4b,4,step4,e3d7769a74baf96924458e0389335ee036d29e4b
EleutherAI/pythia-1.4b,1.4b,2,step2,2b66c2ffc801ad6e7dc37f5dab7295dc85148077
EleutherAI/pythia-1.4b,1.4b,1,step1,3688cf9b0f63e5cbb5998c6a5372b4231f0df25f
EleutherAI/pythia-1.4b,1.4b,0,step0,ae04bdc1923b877cf65aee9da264d30555f011ab
EleutherAI/pythia-2.8b,2.8b,143000,step143000,dbe7ae300a54abcdc475a33907b3dff81d25709f
EleutherAI/pythia-2.8b,2.8b,142000,step142000,c040f766b2a7d1e38c9f0f54b07ec669a5bd9f9d
EleutherAI/pythia-2.8b,2.8b,141000,step141000,1dc9025e04009244259f2b588c695684c77aade3
EleutherAI/pythia-2.8b,2.8b,139000,step139000,6e0fa755aea540e9bfa7f912b2717d280328ec0f
EleutherAI/pythia-2.8b,2.8b,138000,step138000,2785278d6c255defd33bcb64cb99bd53a49d8765
EleutherAI/pythia-2.8b,2.8b,137000,step137000,fb7c4e409ed4b3e9b22d09822a89ddad358e5177
EleutherAI/pythia-2.8b,2.8b,136000,step136000,fa421f3d65710867ccea17d83b2e32ad5d320c90
EleutherAI/pythia-2.8b,2.8b,135000,step135000,512fd360bfc5e5d6e5aa4f2b6134617b5b079143
EleutherAI/pythia-2.8b,2.8b,134000,step134000,8ffb7d7213cb5f19c8a4ff9a0b24f808a1fd8039
EleutherAI/pythia-2.8b,2.8b,133000,step133000,07ed91ef6b291130b5241a2d353833e1961c4ade
EleutherAI/pythia-2.8b,2.8b,132000,step132000,8189d7bebb067a38c00084dec8a94d92c6c8604f
EleutherAI/pythia-2.8b,2.8b,131000,step131000,384f1240b8189ecdfdef462f6fbd0c383e39fd10
EleutherAI/pythia-2.8b,2.8b,129000,step129000,226817f9b8147b3bca48dbbe1e05a9afc3f78d3e
EleutherAI/pythia-2.8b,2.8b,128000,step128000,5ec59540bfdbc706c4a52de55a9f159742eb79c7
EleutherAI/pythia-2.8b,2.8b,127000,step127000,ea2c1cc3f83f1c51696e8388559e62c73d7e95d1
EleutherAI/pythia-2.8b,2.8b,126000,step126000,71d3de4841055005326fc75b69fdbdf1402d5c90
EleutherAI/pythia-2.8b,2.8b,125000,step125000,068c56d713ff1ca4eb2fdf3f290e6093a4bc0d05
EleutherAI/pythia-2.8b,2.8b,124000,step124000,ad60c7556f782df990a6d3feada2d2eeaaf27568
EleutherAI/pythia-2.8b,2.8b,123000,step123000,483e1492ea1fc84b2aabd77ae9ad3d36741175d8
EleutherAI/pythia-2.8b,2.8b,122000,step122000,d646800fed90ebc6b03b7b50030b23c41fd8d91a
EleutherAI/pythia-2.8b,2.8b,121000,step121000,8f639d88204da57e94c1d671a7a4e099a167d97c
EleutherAI/pythia-2.8b,2.8b,119000,step119000,90ccf75af5c3b61908a93ef349ae6f80a97d0a55
EleutherAI/pythia-2.8b,2.8b,118000,step118000,45ac22485b14e5ca8fdae07293451f7782e16b6e
EleutherAI/pythia-2.8b,2.8b,117000,step117000,88445aee4bfb1b5f34f3f4820bf84b25731bd8e7
EleutherAI/pythia-2.8b,2.8b,116000,step116000,048c0ed49674d2df4a3f1c0fab5e8baf2b057ba5
EleutherAI/pythia-2.8b,2.8b,115000,step115000,897f8a3b31dd6c6ee5e6e4b73a15b1eedf927951
EleutherAI/pythia-2.8b,2.8b,114000,step114000,6f666ac96ff61e7faaa319a9074f39f033d92aa0
EleutherAI/pythia-2.8b,2.8b,113000,step113000,dfd25e0ab4aa4d52a0e5648b0cfae349cd4904f4
EleutherAI/pythia-2.8b,2.8b,112000,step112000,59b75d4b206f372517c32df6e646388fae430e80
EleutherAI/pythia-2.8b,2.8b,111000,step111000,3990e8dff7507a81db8640d6ee0b64f76ce2c87b
EleutherAI/pythia-2.8b,2.8b,109000,step109000,a2a697fae212fdaae6b559f473c503da23e43b31
EleutherAI/pythia-2.8b,2.8b,108000,step108000,986b6d4a6710670199650cd32520852e5bc5bc17
EleutherAI/pythia-2.8b,2.8b,107000,step107000,e0de67a0b5c6cb84a2bbe61c8985c6c068941186
EleutherAI/pythia-2.8b,2.8b,106000,step106000,61f9347dfa1ebd7c357ed5d3f5840cf8fa54e3e8
EleutherAI/pythia-2.8b,2.8b,105000,step105000,1f59ae1f0f7ee038653966671d934b9b3b61d151
EleutherAI/pythia-2.8b,2.8b,104000,step104000,23fe5c95565f13116115332bad322b3059e7911d
EleutherAI/pythia-2.8b,2.8b,102000,step102000,f86458126cabfa52b26d2edb986707dd099817e4
EleutherAI/pythia-2.8b,2.8b,101000,step101000,f819677a28e886a9b1fd8607cce4c44ca3395a7e
EleutherAI/pythia-2.8b,2.8b,99000,step99000,68172d2242cd5430e8210ecbafed7cc0425f16a2
EleutherAI/pythia-2.8b,2.8b,98000,step98000,5b9c8d7756a0e4cf297192d0aeca3687492d95f5
EleutherAI/pythia-2.8b,2.8b,97000,step97000,abf73fea3f48ff0cf1474c09ba1e3555bad615d6
EleutherAI/pythia-2.8b,2.8b,96000,step96000,3bf413664219d13abab09a4befcef3a44c364464
EleutherAI/pythia-2.8b,2.8b,95000,step95000,0f9edef1d6c14635056c9a538bb09781517ce48e
EleutherAI/pythia-2.8b,2.8b,94000,step94000,441ae393e3ba53e29739485a6a8e0524de1fde71
EleutherAI/pythia-2.8b,2.8b,93000,step93000,5d878156dac3513d38ecb56926112dfc7eb5b148
EleutherAI/pythia-2.8b,2.8b,92000,step92000,99e969c8fbd7c710e234c6e83c9447fe900ba8d1
EleutherAI/pythia-2.8b,2.8b,91000,step91000,dbd479debc329ffe2fb25ed8692b831dee38a165
EleutherAI/pythia-2.8b,2.8b,89000,step89000,11cb76bf81c9552a15c0871d43243abb8a7caf20
EleutherAI/pythia-2.8b,2.8b,88000,step88000,1ef82ba7e7c1a687b756385f8c08869b45951368
EleutherAI/pythia-2.8b,2.8b,87000,step87000,86edbfe0d8970d89bddb2d548365cdcfcd6168f2
EleutherAI/pythia-2.8b,2.8b,86000,step86000,164713cb14d50d666b04b9dd78e646f35341a12f
EleutherAI/pythia-2.8b,2.8b,85000,step85000,637aab58ee83bfb710000e9bd07523c0d4fbe7e3
EleutherAI/pythia-2.8b,2.8b,84000,step84000,5a881336ea6ced2f39bd56f60d4a4d03f780be18
EleutherAI/pythia-2.8b,2.8b,83000,step83000,97fc342b2e76a5ce4b365a34225853209fbca6f5
EleutherAI/pythia-2.8b,2.8b,82000,step82000,2630b5251b659d1c9c03354b3f3c00e177f25ab9
EleutherAI/pythia-2.8b,2.8b,81000,step81000,33cb7168065a1476decf37447fe12c5d69c69123
EleutherAI/pythia-2.8b,2.8b,79000,step79000,7e17d81506135fa70052bde1b061c7f012520bf6
EleutherAI/pythia-2.8b,2.8b,78000,step78000,b9c14c46c881d0e38359f837731ff6491aed1c6e
EleutherAI/pythia-2.8b,2.8b,77000,step77000,8dec9a9c94e1827c6c487c1aa4c7ab0c0dda8c43
EleutherAI/pythia-2.8b,2.8b,76000,step76000,a1009b715b893f5eed3045c91f2f658245eb93c2
EleutherAI/pythia-2.8b,2.8b,75000,step75000,b1c869661842b70de638314499bba046bd2efb9f
EleutherAI/pythia-2.8b,2.8b,74000,step74000,bd1f918bc1fd1575da387526371d00d46e4dabc8
EleutherAI/pythia-2.8b,2.8b,73000,step73000,3fc2002b3ee1270a6f4e57cf656576ba71c000f1
EleutherAI/pythia-2.8b,2.8b,72000,step72000,2592ce1494fbad04eb766556f4e9d5be0fbe6601
EleutherAI/pythia-2.8b,2.8b,71000,step71000,28d65ab52778189e84d7ec18c28776dae0daf287
EleutherAI/pythia-2.8b,2.8b,69000,step69000,edb5d71d5a3f14624dfafea202830c6d452cd5de
EleutherAI/pythia-2.8b,2.8b,68000,step68000,7f81d6afacc3dfbcce73940645cfb3b75d8d5a5c
EleutherAI/pythia-2.8b,2.8b,67000,step67000,c160d62f53c99b8a3881f0d90183c80109d7b43b
EleutherAI/pythia-2.8b,2.8b,66000,step66000,7673c318263a587cf343f7a3c9518362472cedb9
EleutherAI/pythia-2.8b,2.8b,64000,step64000,e4e0ac4e8cba6f7880e63a12c51858ed49d968b8
EleutherAI/pythia-2.8b,2.8b,63000,step63000,6bc043d1a5865b5a004b153ca26a538067be6c26
EleutherAI/pythia-2.8b,2.8b,62000,step62000,27a51d9c6cab060ff2b2a84e44084b04bd37176b
EleutherAI/pythia-2.8b,2.8b,61000,step61000,ce482f00acf19ec5de56b24b895640b18755265d
EleutherAI/pythia-2.8b,2.8b,59000,step59000,853db3f3ca34894757da8500fac63ff0f4ff3cc4
EleutherAI/pythia-2.8b,2.8b,58000,step58000,d6173462bad71f2b15f6cac70ab26980feaa621d
EleutherAI/pythia-2.8b,2.8b,57000,step57000,5cd63dc2562a8ad3da70c23367545b23a0603a8b
EleutherAI/pythia-2.8b,2.8b,56000,step56000,1455b4f83d39377deec7645652977d10ca7a4752
EleutherAI/pythia-2.8b,2.8b,54000,step54000,3246dc2f2baab9967050eaa2594344131df076ab
EleutherAI/pythia-2.8b,2.8b,140000,step140000,d814d45ed5af3c344405cb7909f6a03dd19787f8
EleutherAI/pythia-2.8b,2.8b,130000,step130000,0e13f76de6fd6710184fdc83f6bc4c2a0776d803
EleutherAI/pythia-2.8b,2.8b,120000,step120000,6da387d5fb726c1f7d32994a02dd2620579e5a00
EleutherAI/pythia-2.8b,2.8b,110000,step110000,3874b59206f83e51ee217175f34e1b2f2916dc8d
EleutherAI/pythia-2.8b,2.8b,100000,step100000,668bcb3f3a13a908d6c5e21566fa2bdc2d9c8c65
EleutherAI/pythia-2.8b,2.8b,90000,step90000,19ef1525c3a6230b2f36998e2ee294ff43625d6b
EleutherAI/pythia-2.8b,2.8b,80000,step80000,9426b85966702077332b501434b5a54c9c40b5f6
EleutherAI/pythia-2.8b,2.8b,70000,step70000,ca5f5f4669b3bb626cd047a6087c4a9b7d9f1cd3
EleutherAI/pythia-2.8b,2.8b,65000,step65000,baf86b8bad0d2e020f3a623fc0dd25fbb10570ea
EleutherAI/pythia-2.8b,2.8b,60000,step60000,91c9da667d202b27bf3959ca8696c73c7a88f136
EleutherAI/pythia-2.8b,2.8b,55000,step55000,4f4bbe29b98a336a835db205346da5f8fd15835b
EleutherAI/pythia-2.8b,2.8b,52000,step52000,7a0b660f677e79e98cb4484fcdc47768fbc227cc
EleutherAI/pythia-2.8b,2.8b,51000,step51000,5b27ae30bf8238574adabf2ac0a6e85d0bba7d6b
EleutherAI/pythia-2.8b,2.8b,50000,step50000,1936c7c2953079ceb4d564e0a01f0086bae5aab5
EleutherAI/pythia-2.8b,2.8b,49000,step49000,43a063f7333bab7e67d5eb6cc3b82c57e0cd20e7
EleutherAI/pythia-2.8b,2.8b,48000,step48000,f4767b9237d1f980db38ef2a6eda06508bf6732b
EleutherAI/pythia-2.8b,2.8b,47000,step47000,a3689c752d841b67903e89ffcba83538ef61f947
EleutherAI/pythia-2.8b,2.8b,46000,step46000,526f0383004853b6814ab420935b41a53134d3c6
EleutherAI/pythia-2.8b,2.8b,45000,step45000,839b22815d5379ce2b5a7b5c529a1470d4859b29
EleutherAI/pythia-2.8b,2.8b,44000,step44000,0cb65a20c3d4f81490ef44b3f6ee2ac7dc3fd582
EleutherAI/pythia-2.8b,2.8b,43000,step43000,9fb6a30590b311d2f0ba5015a5676db17ae253c4
EleutherAI/pythia-2.8b,2.8b,42000,step42000,fe593a602d5a2f11c5e5aef98578c01d5f467af1
EleutherAI/pythia-2.8b,2.8b,41000,step41000,90635ee8964d9e204cd6682f1f8951ae59488b48
EleutherAI/pythia-2.8b,2.8b,40000,step40000,ee8603a33c96982181c23193582ada2756f5c403
EleutherAI/pythia-2.8b,2.8b,39000,step39000,cd79c02f7ab52feb909cfecfd378dc67d3339741
EleutherAI/pythia-2.8b,2.8b,38000,step38000,6d9bb3805a5e90e46a5506a75a4f2aa016b9e17a
EleutherAI/pythia-2.8b,2.8b,37000,step37000,b58d93eb7d7cba742aa4d5f16b14da959b7a25fe
EleutherAI/pythia-2.8b,2.8b,36000,step36000,6dffeb0803fac758ce343931e69c5a10562a8320
EleutherAI/pythia-2.8b,2.8b,35000,step35000,25693cdbe7c21368550bbade45395070c2f8f2a8
EleutherAI/pythia-2.8b,2.8b,34000,step34000,7ffa6ee91673784ddde56bf2ce1af7afd833cbeb
EleutherAI/pythia-2.8b,2.8b,33000,step33000,0a571f9334e5fdca5949321f584b252d02ef2b41
EleutherAI/pythia-2.8b,2.8b,32000,step32000,8e9373fa05b5549002f3a29ecd4e1f5663cd1d4c
EleutherAI/pythia-2.8b,2.8b,31000,step31000,ba6a15c170c77f4ae3a70f1ddd09b792f8504bea
EleutherAI/pythia-2.8b,2.8b,30000,step30000,ed1bad30d0885642974ecb9d20cd2b3144601360
EleutherAI/pythia-2.8b,2.8b,29000,step29000,d05e33764e3fecdf6d5d63a34ef24b280b772745
EleutherAI/pythia-2.8b,2.8b,28000,step28000,9e987d314ef61e4313d4ac8449e59f8d3fe16085
EleutherAI/pythia-2.8b,2.8b,27000,step27000,dfe36e43cab7a79ed3607c181ad34544163be220
EleutherAI/pythia-2.8b,2.8b,25000,step25000,2e71f3a780f3062eb259506b9b16f076ee1db4fb
EleutherAI/pythia-2.8b,2.8b,24000,step24000,b88662b9e54c2126e26214df071bd9cf3f155593
EleutherAI/pythia-2.8b,2.8b,23000,step23000,4214fce66dc4d5abe53b8a5c7a3fa8207f376200
EleutherAI/pythia-2.8b,2.8b,22000,step22000,13ef1a0ba8054068dd12c2bfcf18d0ccb55e4f2b
EleutherAI/pythia-2.8b,2.8b,21000,step21000,327bcdb915e834518a956ab57d74bc80136b28b1
EleutherAI/pythia-2.8b,2.8b,20000,step20000,9d53346f34b6a98320c42c1653009c576064b8ae
EleutherAI/pythia-2.8b,2.8b,19000,step19000,be6b3326080bf9e2507542df481102b5c64aa4ed
EleutherAI/pythia-2.8b,2.8b,18000,step18000,db65558751ad6cf0715de0ae931733efcc3cdeb8
EleutherAI/pythia-2.8b,2.8b,17000,step17000,6c621322bbd5e9b185fe6c516ae9b579b6d75ab2
EleutherAI/pythia-2.8b,2.8b,16000,step16000,d86be5ee6523ec46075f22dd2230b8e346524d4f
EleutherAI/pythia-2.8b,2.8b,15000,step15000,253f6803c5e8bba4ac2c8cba6f14eb5583cd0dd8
EleutherAI/pythia-2.8b,2.8b,14000,step14000,a107083b69f9d7b074a7583347581ae71fbb439d
EleutherAI/pythia-2.8b,2.8b,13000,step13000,d8fdae79bb2ccaf3d090b72b3a39a18cf9f093c9
EleutherAI/pythia-2.8b,2.8b,12000,step12000,50b688d2b4975db1c82f072de82b5e64402dceab
EleutherAI/pythia-2.8b,2.8b,11000,step11000,786385b60885dd1c4d1f12eb26572f19b784adb0
EleutherAI/pythia-2.8b,2.8b,10000,step10000,835c7474e2032ea69643f0ade8244a105ec626fd
EleutherAI/pythia-2.8b,2.8b,9000,step9000,d1147d1addb4a18cdc1ff6d2d9e2fc98c4812289
EleutherAI/pythia-2.8b,2.8b,8000,step8000,58ebdb26dabaec03e422e9dac74730ed45e7ae3e
EleutherAI/pythia-2.8b,2.8b,7000,step7000,625ff56335083400150c21bfc603b9a7697a1e11
EleutherAI/pythia-2.8b,2.8b,6000,step6000,a8ad81b88087d23cb3f14a5343b7650b97ecd15b
EleutherAI/pythia-2.8b,2.8b,5000,step5000,de71aa26ef28e480b9cc52d5d9ecc107e6d5cbea
EleutherAI/pythia-2.8b,2.8b,4000,step4000,494474bbd9522f163d2921bf08f107e485b08394
EleutherAI/pythia-2.8b,2.8b,3000,step3000,32f13dfd92d7a935b860726a55386f35af465b37
EleutherAI/pythia-2.8b,2.8b,2000,step2000,7378edcedb6f1a8fa81e0cf3b116d7d0dd962258
EleutherAI/pythia-2.8b,2.8b,1000,step1000,cc81f94ea2acd24862163f15126427b85b98caac
EleutherAI/pythia-2.8b,2.8b,512,step512,56983e481a9a1d36005ac29e53ed4bafddf9200f
EleutherAI/pythia-2.8b,2.8b,256,step256,7769e9290933d1a0e850fafdf6b19438127a49c5
EleutherAI/pythia-2.8b,2.8b,128,step128,1d89b0b51dc658bde5181477ce60368d69bb8c5e
EleutherAI/pythia-2.8b,2.8b,64,step64,798463c14509166ba2833780da614276167ff2fc
EleutherAI/pythia-2.8b,2.8b,32,step32,589f1f0ca104fe8f01cbcec10cd9bdb986d424ac
EleutherAI/pythia-2.8b,2.8b,16,step16,8d7f0d1e7e327bf52af251e6379cd829ba46b451
EleutherAI/pythia-2.8b,2.8b,8,step8,4084c361bd62c0e1e9723e695f1e69e971a39b08
EleutherAI/pythia-2.8b,2.8b,4,step4,e02ee6411432045ad6cf4a2a20fd44c166b157f7
EleutherAI/pythia-2.8b,2.8b,2,step2,4ed88529b64c8c3dd415aa14fe7ef06763053ab2
EleutherAI/pythia-2.8b,2.8b,1,step1,551e83242dc599b1db4e5d29bb881a09170e69e0
EleutherAI/pythia-2.8b,2.8b,0,step0,bd55df2208f3b31d01673d546f786be9cc3c4ba5
EleutherAI/pythia-2.8b,2.8b,103000,step103000,2a259cdd96a4beb1cdf467512e3904197345f6a9
EleutherAI/pythia-2.8b,2.8b,26000,step26000,2a259cdd96a4beb1cdf467512e3904197345f6a9
EleutherAI/pythia-2.8b,2.8b,53000,step53000,2a259cdd96a4beb1cdf467512e3904197345f6a9
EleutherAI/pythia-6.9b,6.9b,26000,step26000,d0f1ea5d72db917872d030c7979c8b6e48e6fe73
EleutherAI/pythia-6.9b,6.9b,143000,step143000,21bfa02e806e253fe453702c29c81d9f83617255
EleutherAI/pythia-6.9b,6.9b,83000,step83000,d0b54beda6f4c9db7463b700eca4b0e02c169855
EleutherAI/pythia-6.9b,6.9b,142000,step142000,bfc39bb507cf602892bf522baf788a5cd7704653
EleutherAI/pythia-6.9b,6.9b,141000,step141000,d6b02e7fd35756d45a294c0f60198ccb787c5eac
EleutherAI/pythia-6.9b,6.9b,140000,step140000,cd21170d5cd536fed247ad6492affe196f8b5075
EleutherAI/pythia-6.9b,6.9b,139000,step139000,c6d32a6072a46cece2d1d540fbc25f04739de432
EleutherAI/pythia-6.9b,6.9b,138000,step138000,444264162f480c107065f85c4b0dd52d2dce0083
EleutherAI/pythia-6.9b,6.9b,137000,step137000,4acc2ae881a61e12e1ec64cffdd011dd24370ff3
EleutherAI/pythia-6.9b,6.9b,136000,step136000,d4a92553e3186ad8ee6bcf2256ca1f31083217fe
EleutherAI/pythia-6.9b,6.9b,135000,step135000,2e5f25d9c5f7fb2ad8ec9d772dd53bc3d13f968e
EleutherAI/pythia-6.9b,6.9b,134000,step134000,3a92216edb6c7d23fa7c63450bee987e2f24c4d4
EleutherAI/pythia-6.9b,6.9b,133000,step133000,b008d2c4d763b8055d59965664525647b9d74ca7
EleutherAI/pythia-6.9b,6.9b,132000,step132000,e44bf64f09ad81d81960cc7c11cd933f4d003797
EleutherAI/pythia-6.9b,6.9b,131000,step131000,5dc702d78cbacd2b175aeaab9b361891de31e957
EleutherAI/pythia-6.9b,6.9b,130000,step130000,99118e385509b71bce1d3f35d88b5bdd6697a7ed
EleutherAI/pythia-6.9b,6.9b,129000,step129000,93ff1d2158fc95639f75e894fb93a88ef9051554
EleutherAI/pythia-6.9b,6.9b,128000,step128000,515c05d16b89abff334eb2750ce446bbc6d2cc7a
EleutherAI/pythia-6.9b,6.9b,127000,step127000,994b28b7a22bc073e948032211a23b1f6a756790
EleutherAI/pythia-6.9b,6.9b,126000,step126000,ab7f21e859b107e3b7bc30c53bba1037a1bf3a89
EleutherAI/pythia-6.9b,6.9b,125000,step125000,546a551e49c6a8702590c7e578f0ab7307667b05
EleutherAI/pythia-6.9b,6.9b,124000,step124000,f0e571989f630528e8bb69389b4fd008bc315327
EleutherAI/pythia-6.9b,6.9b,123000,step123000,bd622eb9d40c0c36d13db51e6b43179756f06055
EleutherAI/pythia-6.9b,6.9b,122000,step122000,7616e4d534d1ad479ae4c1e2dbc96c2089cad248
EleutherAI/pythia-6.9b,6.9b,121000,step121000,896252722e3c810cc305d8ddc42323a4110f9c41
EleutherAI/pythia-6.9b,6.9b,120000,step120000,57c5388dd183fc59899673ac22fb18115fe31155
EleutherAI/pythia-6.9b,6.9b,119000,step119000,f5403f05aa02e6270ab41a3b15cc25accfbf40b2
EleutherAI/pythia-6.9b,6.9b,118000,step118000,86da36410722669224caff159e031893c906a482
EleutherAI/pythia-6.9b,6.9b,117000,step117000,876b3b4b79f8878fd53f8b7b7a6307dee1e09eb4
EleutherAI/pythia-6.9b,6.9b,116000,step116000,c1cf0214158f3b47752e47575d8a503b692f0d37
EleutherAI/pythia-6.9b,6.9b,115000,step115000,d1dc32b61454a9f82fd6694f69469268977a61a8
EleutherAI/pythia-6.9b,6.9b,114000,step114000,3f8e7e61e0930b9716d35f89277eb0c8ebc62e53
EleutherAI/pythia-6.9b,6.9b,113000,step113000,6e5bcf78022239f25bad1b34c8c045aa44bc738e
EleutherAI/pythia-6.9b,6.9b,112000,step112000,9c7bcdb57a6a163bc1bce8359d8ebc8b77eda997
EleutherAI/pythia-6.9b,6.9b,111000,step111000,cf5e66834e613ff1d28994d3f0537b6029b5f765
EleutherAI/pythia-6.9b,6.9b,110000,step110000,a12374db950ce44f7e7d99499d9beb395b41dd0e
EleutherAI/pythia-6.9b,6.9b,109000,step109000,2206583c61728f37b64fc7f44a49704ca03071c8
EleutherAI/pythia-6.9b,6.9b,108000,step108000,9f6df7a7b3aa9d424aeb717e1b33aa2af9e190fa
EleutherAI/pythia-6.9b,6.9b,107000,step107000,b185a4d845b4ec3f7e0aedbb5a5ed79d312040a0
EleutherAI/pythia-6.9b,6.9b,106000,step106000,b4109781117ab94d65fe9da383f15ba6e485e095
EleutherAI/pythia-6.9b,6.9b,105000,step105000,f37fb213fdbae81a0fb4472fdbd38dfb221f9b2a
EleutherAI/pythia-6.9b,6.9b,104000,step104000,241a2c16938c95e9514d31ed142d3a1130ac9ddf
EleutherAI/pythia-6.9b,6.9b,103000,step103000,2e70b9dc0f6d4049f234e988add2ee4fbc5a5f70
EleutherAI/pythia-6.9b,6.9b,102000,step102000,3acb7b7bc6ddafe21cc62ea278122402e19e68b2
EleutherAI/pythia-6.9b,6.9b,101000,step101000,bc569429286cdb3bbb78f52e3c52ea14305938f8
EleutherAI/pythia-6.9b,6.9b,100000,step100000,e8322eda2cea965228d7d8ab118ef7c38ec899ae
EleutherAI/pythia-6.9b,6.9b,99000,step99000,a1c69f3097565936b425e1dad37d5edbcd3c77eb
EleutherAI/pythia-6.9b,6.9b,98000,step98000,041b76a705bdde11dc09a9623da046aa868a9529
EleutherAI/pythia-6.9b,6.9b,97000,step97000,f766f349b35a51f9c17a418967c12d476717f167
EleutherAI/pythia-6.9b,6.9b,96000,step96000,302faf86a26ec5829ee6bfc8baaccad63400d19e
EleutherAI/pythia-6.9b,6.9b,95000,step95000,b952bd629974779851354b0d2ddd85708092a390
EleutherAI/pythia-6.9b,6.9b,94000,step94000,c865e1128f6353c3eb3c5ecc644424ba54b52d58
EleutherAI/pythia-6.9b,6.9b,93000,step93000,cd6958a694c50744509a372f0bcbbaffe07ddad7
EleutherAI/pythia-6.9b,6.9b,92000,step92000,bc3e276698ffc04770c872ee7e9e0e886e118720
EleutherAI/pythia-6.9b,6.9b,91000,step91000,0cf4cafbf5e17ab32739060fdc957f795de821ab
EleutherAI/pythia-6.9b,6.9b,90000,step90000,9a08d7c6fa73d7e5c1b1494a077fc247a2445424
EleutherAI/pythia-6.9b,6.9b,89000,step89000,87cafcb165fdd69b670408cc3daae19011f99677
EleutherAI/pythia-6.9b,6.9b,88000,step88000,0560dd91c5b4c664be55b84d60907c4f53b2ed7b
EleutherAI/pythia-6.9b,6.9b,87000,step87000,5981cec81ff3a21134f40c8f52a985900352d7f0
EleutherAI/pythia-6.9b,6.9b,86000,step86000,adf5436ce54a332d2808b1bd2f7044e0c8fe2824
EleutherAI/pythia-6.9b,6.9b,85000,step85000,3d53301ef6bcc1579d81c474c56b779faf2b3cbf
EleutherAI/pythia-6.9b,6.9b,84000,step84000,bd0fb3e7e271af8a320fbf5a990f6c229ee1ce64
EleutherAI/pythia-6.9b,6.9b,82000,step82000,bcdeab48804c0302688e11458d94464d4f136904
EleutherAI/pythia-6.9b,6.9b,81000,step81000,148f68c650c9f9fff5295286c105c518dfd4b6e0
EleutherAI/pythia-6.9b,6.9b,80000,step80000,c51dca0acfafc416e132f889c7a2d0647b834be8
EleutherAI/pythia-6.9b,6.9b,79000,step79000,a7b9e84e3505bb20a250b3406c8347f4d61693c2
EleutherAI/pythia-6.9b,6.9b,78000,step78000,5253f1915348479ddde96c2cf9c762201efb9efe
EleutherAI/pythia-6.9b,6.9b,77000,step77000,64ec6a3154a9058550f27a89b0e9f840394a319d
EleutherAI/pythia-6.9b,6.9b,76000,step76000,e5b8c16d7f25f8f366f5c41a3662323f875a9684
EleutherAI/pythia-6.9b,6.9b,75000,step75000,fcbed72176eb177f4b2cd74cf5a1b6cd21edd299
EleutherAI/pythia-6.9b,6.9b,74000,step74000,34a7377266b0b6eca21cb105e2621bebdc9780ae
EleutherAI/pythia-6.9b,6.9b,73000,step73000,dbc8619ea5db49455b4468a2bd007488f1f867eb
EleutherAI/pythia-6.9b,6.9b,72000,step72000,f5f3cf1b5184241a5896a4e0acda356625dd724a
EleutherAI/pythia-6.9b,6.9b,71000,step71000,caf03764ab37e06430c81cd829a4d523e8c76bf9
EleutherAI/pythia-6.9b,6.9b,70000,step70000,2606322d77e434ff6106824e679769ef479c89a4
EleutherAI/pythia-6.9b,6.9b,69000,step69000,e3bafffc3125b6a53fc302a677c70379d7d12c61
EleutherAI/pythia-6.9b,6.9b,68000,step68000,e39f06e42fc3eea48aa972a7df206ff7f30840c8
EleutherAI/pythia-6.9b,6.9b,67000,step67000,5c8a1a18b50333daa88d4b0be5b618a98be0ba6b
EleutherAI/pythia-6.9b,6.9b,66000,step66000,35b1a3aba3c32093bf28adb5f0983a929db73d00
EleutherAI/pythia-6.9b,6.9b,65000,step65000,49c331fecd72eb0422ad38f54ae14af35601b907
EleutherAI/pythia-6.9b,6.9b,64000,step64000,93358b03c0421d030654bfc3af1b0312b659a58c
EleutherAI/pythia-6.9b,6.9b,63000,step63000,2dc97a49dfea4622b0398d6c67af9104c6de2c8d
EleutherAI/pythia-6.9b,6.9b,62000,step62000,2f00eb24184ac3c8943e4692fedb213f9de1adb6
EleutherAI/pythia-6.9b,6.9b,61000,step61000,4f4d0a32c2fd0ba9d708ae79416ed7625034504a
EleutherAI/pythia-6.9b,6.9b,60000,step60000,d71da6fa83025f252d316cfc26977ac2c858450c
EleutherAI/pythia-6.9b,6.9b,59000,step59000,863f27223ffd39fd987bcc9a78790c4aa10def52
EleutherAI/pythia-6.9b,6.9b,58000,step58000,3fb58c7bf10d060601fd40ac43bffc7640441535
EleutherAI/pythia-6.9b,6.9b,57000,step57000,051c7a75dd575ebb8b08bf29cc2c66db776de23d
EleutherAI/pythia-6.9b,6.9b,56000,step56000,115d5543a8dd0b4fa1571996304a96f73ae1e041
EleutherAI/pythia-6.9b,6.9b,55000,step55000,0111e0e4a906d6c66e40aae52b52f7e0c10ae5ce
EleutherAI/pythia-6.9b,6.9b,54000,step54000,f111524520bbbca6f3b43a168014530b9ab28d76
EleutherAI/pythia-6.9b,6.9b,53000,step53000,f4435160baec720ae1595143899998c94188178b
EleutherAI/pythia-6.9b,6.9b,52000,step52000,448a30c8eee3ff84129efc2f74f9c7b46898ac9f
EleutherAI/pythia-6.9b,6.9b,51000,step51000,eb0dd1e02d25c1517b2590238785fd620622fd92
EleutherAI/pythia-6.9b,6.9b,50000,step50000,dfc8ac2b59167271552992c6aa245ed86c4e6732
EleutherAI/pythia-6.9b,6.9b,49000,step49000,2af628e42e34dd98aa36e3920564de09a27f934c
EleutherAI/pythia-6.9b,6.9b,48000,step48000,f66ac5cb4b86805e59e10c54147ba8e38f6c746f
EleutherAI/pythia-6.9b,6.9b,47000,step47000,b92eb8beecbf80d9a6f755eee2cec67bb09c989c
EleutherAI/pythia-6.9b,6.9b,46000,step46000,27b901f7c31bd156d0724f7e64590d16bb50646b
EleutherAI/pythia-6.9b,6.9b,45000,step45000,b2522cc98d2654a985c0c7b5e28cd4e1aa741024
EleutherAI/pythia-6.9b,6.9b,44000,step44000,2c65e187ae624c15b02643f7dc8f94741d090fdc
EleutherAI/pythia-6.9b,6.9b,43000,step43000,5928aa83354aa35f9a5a6999bb899a6b14faa512
EleutherAI/pythia-6.9b,6.9b,42000,step42000,430ac4a419bdf3cb9aeda707ae3d3b01e9011079
EleutherAI/pythia-6.9b,6.9b,41000,step41000,740ec743d58ba36a8df1be99eb78a651b8a77b68
EleutherAI/pythia-6.9b,6.9b,40000,step40000,c61eb4fd56716a0d2b7ade3d83fea06110e3a660
EleutherAI/pythia-6.9b,6.9b,39000,step39000,27d6dc82d22588f263070b0c7599cd5ba4caa7a2
EleutherAI/pythia-6.9b,6.9b,38000,step38000,e3264945e144661b6aeec6c4e11ed5ab679566b4
EleutherAI/pythia-6.9b,6.9b,37000,step37000,571038cd2c7ee16dcb9583ddad4b5901e177392d
EleutherAI/pythia-6.9b,6.9b,36000,step36000,c286e37cdce3ba3dd89d0414720c4817eb11c002
EleutherAI/pythia-6.9b,6.9b,35000,step35000,7511eb8796ac43df2a93b05d2974eb2866018beb
EleutherAI/pythia-6.9b,6.9b,34000,step34000,5ed587849eb7390d64a7d8a51f26be678c62aa76
EleutherAI/pythia-6.9b,6.9b,33000,step33000,027124776216a2dbcdcbdffec3f4b45a1fd739a6
EleutherAI/pythia-6.9b,6.9b,32000,step32000,554e5adfd737b258837ccf4d0c4dfa4e382c1a31
EleutherAI/pythia-6.9b,6.9b,31000,step31000,94acf29dfe44b7f048a959ef11cabfb31033bae2
EleutherAI/pythia-6.9b,6.9b,30000,step30000,383e80e490981efe565f8c49cb5e7b125c48d7d6
EleutherAI/pythia-6.9b,6.9b,29000,step29000,6eca6c29b3b32fcdfa2cf156c1719a2ed4431bbc
EleutherAI/pythia-6.9b,6.9b,28000,step28000,5552a2f17cabc72736e03edd77162e0b32d6d258
EleutherAI/pythia-6.9b,6.9b,27000,step27000,fe905098d60b6d3dccfd6175ff831881fe4a4f87
EleutherAI/pythia-6.9b,6.9b,25000,step25000,01fe44ccb2afd2a10d0f5910d24394cf00c7f932
EleutherAI/pythia-6.9b,6.9b,24000,step24000,53c0b3722f42fea2cecbeb99a8f6cc053c49d7fb
EleutherAI/pythia-6.9b,6.9b,23000,step23000,7fe42e83d1bcea143711c801bc2f3402902807b4
EleutherAI/pythia-6.9b,6.9b,22000,step22000,309a0c76490518e1cfe1a9d4bb9d015b1e4226f3
EleutherAI/pythia-6.9b,6.9b,21000,step21000,5110fb1021c38eaa4b9f5fa43427474a86dad6b6
EleutherAI/pythia-6.9b,6.9b,20000,step20000,f6ff74ac703ba2c7e542e0310ad0a03f8f1481fa
EleutherAI/pythia-6.9b,6.9b,19000,step19000,acb37642656ab777aa1fb703328ce57a0c7a03a8
EleutherAI/pythia-6.9b,6.9b,18000,step18000,05d8822aea4528d2e6d498142b90d1908a9817e9
EleutherAI/pythia-6.9b,6.9b,17000,step17000,d57744253e25c2c3f9b272d4a0a635ca0acf532c
EleutherAI/pythia-6.9b,6.9b,16000,step16000,5c96b47f1e1f2ee0257ad0c5390a725069de95df
EleutherAI/pythia-6.9b,6.9b,15000,step15000,7e4d5977b61f9ba7884dfc3f7b5c72f5f6123e90
EleutherAI/pythia-6.9b,6.9b,14000,step14000,17463349e6eda907664a94ebbb84ce2e2fc51b8c
EleutherAI/pythia-6.9b,6.9b,13000,step13000,c6f8d5084c749ec14a01c5c5fa3f1829f93a4fc9
EleutherAI/pythia-6.9b,6.9b,12000,step12000,a546fccbf1d48be3012b656cc21f80e57584afd7
EleutherAI/pythia-6.9b,6.9b,11000,step11000,4d6b94a0267690ef8f28596415fe5fe8ef7f5e4e
EleutherAI/pythia-6.9b,6.9b,10000,step10000,b1fc3bd1f00eacbd23e545c6ea97d8522f98d46b
EleutherAI/pythia-6.9b,6.9b,9000,step9000,4ea6db9c52b40422d1372a2abb39836a197a36ab
EleutherAI/pythia-6.9b,6.9b,8000,step8000,30b0f018d22eee417933d31922961b3ee35f2b2a
EleutherAI/pythia-6.9b,6.9b,7000,step7000,f79a8a71c243c543a722ef5ece214c602f943db2
EleutherAI/pythia-6.9b,6.9b,6000,step6000,03392bd940b2bfa5ef66084521abf36452a10be1
EleutherAI/pythia-6.9b,6.9b,5000,step5000,7f4ff3d1cfe9cd4b823d9ab03226f39ccc1c537d
EleutherAI/pythia-6.9b,6.9b,4000,step4000,15137e104850d7ed56210b1030e5497059a40c0d
EleutherAI/pythia-6.9b,6.9b,3000,step3000,176abc95d8844d46961e5ea3181cb2ff834effc2
EleutherAI/pythia-6.9b,6.9b,2000,step2000,4f4977f6177dad1adb3a06a115c86e3b9ef57be7
EleutherAI/pythia-6.9b,6.9b,1000,step1000,b60298d785b2af9d959b217964fda8ed6a0554a1
EleutherAI/pythia-6.9b,6.9b,512,step512,f416976e0448b96f5c2e197a1595ed0c9b74a3da
EleutherAI/pythia-6.9b,6.9b,256,step256,b20fb714961a8243ada70c81ace0d574a392c8cf
EleutherAI/pythia-6.9b,6.9b,128,step128,1df65fc416608afd013f3a2581eeb974587ae29c
EleutherAI/pythia-6.9b,6.9b,64,step64,a67dfe563714a64791d1acc20c70fd1a4cb70a8e
EleutherAI/pythia-6.9b,6.9b,32,step32,81459f48a11d9980e651fab938bffb7629ac569e
EleutherAI/pythia-6.9b,6.9b,16,step16,211f269bda27b49d7e5132508f8d4cf319c4c2c2
EleutherAI/pythia-6.9b,6.9b,8,step8,9769c1988a50d18d57608f2556275376b928cebc
EleutherAI/pythia-6.9b,6.9b,4,step4,5ad278cf1457fcecbe2177f4a618d007d6e6d2d8
EleutherAI/pythia-6.9b,6.9b,2,step2,feee2d38535e41be6ce9c8bf7976ee9d38862647
EleutherAI/pythia-6.9b,6.9b,1,step1,37cd3ef41249a3dff5b20b6ff7e45c000ccad82a
EleutherAI/pythia-6.9b,6.9b,0,step0,fec06ebc54bc85e7fb035085e5cf7778cd2c2b3a
EleutherAI/pythia-12b,12b,51000,step51000,5ed3cacfd5a147b3b693280fe8aa1448faa27354
EleutherAI/pythia-12b,12b,59000,step59000,42c7988c620d8dc24238de8c006bbdaac70c1fcc
EleutherAI/pythia-12b,12b,50000,step50000,a4d34351f6f5eff7df9bc89d3711ebabd4e75792
EleutherAI/pythia-12b,12b,49000,step49000,b39c662807e8107657141754ccd0dcab7d364de4
EleutherAI/pythia-12b,12b,44000,step44000,b4d563f0eded66337bd4550473470997c7539572
EleutherAI/pythia-12b,12b,36000,step36000,98d9e60cb615d2772d8e9f2acd3b3c6fac873780
EleutherAI/pythia-12b,12b,35000,step35000,c2132980e2d903baaed107990a0fb36ba40f1ecd
EleutherAI/pythia-12b,12b,6000,step6000,11a05eb44b73f577aec48f0f615db95849a76e1c
EleutherAI/pythia-12b,12b,5000,step5000,79a1cfc1fe58538075d3ad93669e69a1de5e8fa5
EleutherAI/pythia-12b,12b,58000,step58000,35c9d7f32fbb108fb8b5bdd574eb03369d1eed49
EleutherAI/pythia-12b,12b,32000,step32000,35144bc9d995b7e9a00dc1f868a0fd32dfce684d
EleutherAI/pythia-12b,12b,4000,step4000,c5fa27898a76d2d5feb12fdb9b418ba2eeb10953
EleutherAI/pythia-12b,12b,43000,step43000,f7c194f1d97ae5b68e48d8a75fda3ecb40d9870b
EleutherAI/pythia-12b,12b,42000,step42000,67b2472bcf6bfa6826bd935b933b619af1f0b0af
EleutherAI/pythia-12b,12b,33000,step33000,fe9620e59aec5b4b676f4a5d9b3afc7f2f07d677
EleutherAI/pythia-12b,12b,143000,step143000,9c5f35826eb1a9558fb4414c033f58e30322a092
EleutherAI/pythia-12b,12b,142000,step142000,a5bdeaa94a16f8a4f0424ae81841b0b7055b6979
EleutherAI/pythia-12b,12b,141000,step141000,14c9d13d1b8f3bc7bb66030d1bbed8f8ae44543b
EleutherAI/pythia-12b,12b,140000,step140000,f318c9899cf7f06dfe9fd82308118b4c428ae274
EleutherAI/pythia-12b,12b,139000,step139000,a30a0f53b5a71b4fe43a178a1f842cb5b9a87ec3
EleutherAI/pythia-12b,12b,138000,step138000,29c4d14f30680ef9c7eee34265b7bd43e439e5a9
EleutherAI/pythia-12b,12b,137000,step137000,87fec5b94d77d2b87fa1e32944a336fc709d924e
EleutherAI/pythia-12b,12b,136000,step136000,2bac4993663c16779a303bee0f9db6033e9ac942
EleutherAI/pythia-12b,12b,135000,step135000,3ccff7865684615f1c6a5f73eb9b15630a2b1699
EleutherAI/pythia-12b,12b,134000,step134000,48f18f74ee943b99415fb65506c9eb5a4b187ceb
EleutherAI/pythia-12b,12b,133000,step133000,0010fd11a9dade98b947ddeffb67d12063264b5c
EleutherAI/pythia-12b,12b,132000,step132000,0d950c09cd9814dbb282c6ed2bf88aac84ca2b41
EleutherAI/pythia-12b,12b,131000,step131000,837c7288f42fda58f40e79106ace072152618def
EleutherAI/pythia-12b,12b,130000,step130000,aee7ecfad6bf0fa7d5ad2c1ed17ee7df1bf0dac5
EleutherAI/pythia-12b,12b,129000,step129000,63bcd6d3b35366e8414fc050d2d9cce47899fff0
EleutherAI/pythia-12b,12b,128000,step128000,cb14d0923316034a094dc6b3990ad772605b481c
EleutherAI/pythia-12b,12b,127000,step127000,918643f2af9f7059e3d3c2d39c3f7b47e59b2835
EleutherAI/pythia-12b,12b,126000,step126000,b3a2c5ed02a39bac2372de83093de6ea1dd8c720
EleutherAI/pythia-12b,12b,125000,step125000,a111ced3c8dba40479b3dccc96726e0d1edd472b
EleutherAI/pythia-12b,12b,124000,step124000,d4e1db9b39de19b5050bd2083fb0a86dce39b80a
EleutherAI/pythia-12b,12b,123000,step123000,e737d7523ccb95cf81c0f8a543a1f3698587a22f
EleutherAI/pythia-12b,12b,122000,step122000,e4f0e0d9ca7479cbaaa37029ff4d5f6eb3880893
EleutherAI/pythia-12b,12b,121000,step121000,c688163c8c56bdac77c77910fa7a9f15bd0c16be
EleutherAI/pythia-12b,12b,120000,step120000,508e1e84d1b63736bccee8b29c5d5deb72f212a4
EleutherAI/pythia-12b,12b,119000,step119000,21869220023a3d12efb67e3b89d21554cff76984
EleutherAI/pythia-12b,12b,118000,step118000,ddd7506b32abcdce12414d703156ff601306818f
EleutherAI/pythia-12b,12b,117000,step117000,a64d2f0114f58a791a7694ed9e5b26f008f16657
EleutherAI/pythia-12b,12b,116000,step116000,c48cd5a462a3f41056ca27731492b7fc419468b9
EleutherAI/pythia-12b,12b,115000,step115000,1727a0680ce2c13c0c2405ca078d5fcb7056ff53
EleutherAI/pythia-12b,12b,114000,step114000,7ab29f9e02d3e7ae440557dd0a86ae11368d3eed
EleutherAI/pythia-12b,12b,113000,step113000,767b2860a28ae37ff24111653a6f108a113cac99
EleutherAI/pythia-12b,12b,112000,step112000,a601e3bf2de9304c487583f7fe26a2ebbe428f7b
EleutherAI/pythia-12b,12b,111000,step111000,a9c90a77ef6dc5e0e3701ffadee84e8946b2f483
EleutherAI/pythia-12b,12b,110000,step110000,24bfd8bf28fd0c55baadd672121780f6db5245ef
EleutherAI/pythia-12b,12b,109000,step109000,02f2e6837d99a9d2148d2c41caa3d7a250e48fa1
EleutherAI/pythia-12b,12b,108000,step108000,ce82978f8a4997c74eba2c5407d1e224630529ba
EleutherAI/pythia-12b,12b,107000,step107000,918e5f4386c90f43c06ba782567e54790a529142
EleutherAI/pythia-12b,12b,106000,step106000,6d12a0090ceea8537fea0ce0a07bd63281cf660a
EleutherAI/pythia-12b,12b,105000,step105000,e27d1e4904668a86d7deff31ac54e9df995adcd9
EleutherAI/pythia-12b,12b,104000,step104000,d51e5d8491f4f50434a285d2fb2579064ecf3c34
EleutherAI/pythia-12b,12b,103000,step103000,f204d5dd7c8a876546b18cc89db20eb913ab2151
EleutherAI/pythia-12b,12b,102000,step102000,62c1998b1c19b4b92bedba8e4b60cc79a8b984f6
EleutherAI/pythia-12b,12b,101000,step101000,369297846a15cb2e93d43f1761a83f47b499b0a2
EleutherAI/pythia-12b,12b,100000,step100000,5ef7e566438f742d2ba55bee49e34931083b8ba2
EleutherAI/pythia-12b,12b,99000,step99000,4e45eceb53625f67bce7bb762dd338ec3917e04b
EleutherAI/pythia-12b,12b,98000,step98000,972ea44aaae628b3d4c9669b5ab90a8fc5e7360c
EleutherAI/pythia-12b,12b,97000,step97000,755a66e5c135d531ff508baa496a7244fc83695d
EleutherAI/pythia-12b,12b,96000,step96000,472b6ca1c21aea4fb749b42fdcafc060a2aada66
EleutherAI/pythia-12b,12b,95000,step95000,322bf0fa08ffdfa498576d72a7038b0f32fce56d
EleutherAI/pythia-12b,12b,94000,step94000,ff5f141b8f2ae453bb75105430fae7e5441a5135
EleutherAI/pythia-12b,12b,93000,step93000,bb7d4d09cc3044da5cb46fa1a14ad33246c9c270
EleutherAI/pythia-12b,12b,92000,step92000,59ef97915dd1e870dfd3ce95b65943a10ca28291
EleutherAI/pythia-12b,12b,91000,step91000,a25cf5972afab202da0a3480bea0da6dcf667870
EleutherAI/pythia-12b,12b,90000,step90000,c7a0cb973a4003e1d07ac37ec7d66898ff6092e3
EleutherAI/pythia-12b,12b,89000,step89000,53fd074925f7b6c5242a56af6134b8df5759e1cc
EleutherAI/pythia-12b,12b,88000,step88000,746d8ffc4f86942b8ebbcf7c036cc1547d0e34ec
EleutherAI/pythia-12b,12b,87000,step87000,c52e443170e8238ac15c43fd7be9b26835897c5f
EleutherAI/pythia-12b,12b,86000,step86000,522685559b660729eef8233394acb0574e2db5c7
EleutherAI/pythia-12b,12b,85000,step85000,5f41ea1767870364f8bbaaf68ed9b07a74db1d3e
EleutherAI/pythia-12b,12b,84000,step84000,8a92ce10546f020df84f2a8ba72054e1f3fda363
EleutherAI/pythia-12b,12b,83000,step83000,9cc8c068fb942e840c935dede6fbaa0276d2fffb
EleutherAI/pythia-12b,12b,82000,step82000,1afac8f9fc6dfce4cc7ee5744e39d9cd265a0bf1
EleutherAI/pythia-12b,12b,81000,step81000,635eec2308c2ce30cdfddf11e516f93ab3ab5a06
EleutherAI/pythia-12b,12b,80000,step80000,fa8b7ddc1b3b33d889a35650d5bc42414d52bea4
EleutherAI/pythia-12b,12b,28000,step28000,ab06d804d33ae36896fbc0b1d79e535e470dedd1
EleutherAI/pythia-12b,12b,39000,step39000,476707465fc77b6df347a5fb9426533d3b3079e8
EleutherAI/pythia-12b,12b,29000,step29000,5fdbd20791959856dc4e253133d2d19d8b9367bb
EleutherAI/pythia-12b,12b,79000,step79000,3bbc7856f38e2ccb1ffb1021e6a52786d776863b
EleutherAI/pythia-12b,12b,78000,step78000,b8ad11ce771f9266422f2659abf77bf45a49feaa
EleutherAI/pythia-12b,12b,77000,step77000,d36a722132887ecc4b4d054c94641dff58a2e29e
EleutherAI/pythia-12b,12b,76000,step76000,e635ba9a257e2932855670c8d823bf0c5546a3ff
EleutherAI/pythia-12b,12b,75000,step75000,a7a4241bbd9012cc4dca18c3c8facd0d403f676f
EleutherAI/pythia-12b,12b,74000,step74000,b9adbcabc7ef53ee522f3ece3d6b44d86cac50b6
EleutherAI/pythia-12b,12b,73000,step73000,15b821767af02f50215fe04baa1b42cae74c6794
EleutherAI/pythia-12b,12b,72000,step72000,0ea57a025e9042de38822fc5ad05544b6b112269
EleutherAI/pythia-12b,12b,71000,step71000,c125858b51e9794c8feb64ce7bbf30ccb8a87358
EleutherAI/pythia-12b,12b,70000,step70000,aa89944fbe2abf1bf82e80aadab9000ac74250f7
EleutherAI/pythia-12b,12b,69000,step69000,7c78cc921980545b04942e8d107ccbba8b20f0a5
EleutherAI/pythia-12b,12b,68000,step68000,2b178b2a98fd729be4b2904e76a10ed7ce1a69cc
EleutherAI/pythia-12b,12b,67000,step67000,c2843550ec59a20fd7768f0c5e3b3b69233335d5
EleutherAI/pythia-12b,12b,66000,step66000,edd8a66869d1bd3ce5fe4a86e787313ab42841ba
EleutherAI/pythia-12b,12b,65000,step65000,cfa82aa8832a4ae5542241066fb3e88c5d4ac515
EleutherAI/pythia-12b,12b,64000,step64000,f8b60fcd6526a3b6a1b541043caa7082024a5e45
EleutherAI/pythia-12b,12b,63000,step63000,8e17e9130785cc6b0f8d6c49be2cf80cd4298002
EleutherAI/pythia-12b,12b,62000,step62000,cf06d4c8c88431ecad881780c84d0d295b08e5f9
EleutherAI/pythia-12b,12b,61000,step61000,13b71376e5de78d1463091de5c59a1e8a347dfdf
EleutherAI/pythia-12b,12b,60000,step60000,9a6ccbe1fc3defd183e51f953b45025892d2770b
EleutherAI/pythia-12b,12b,57000,step57000,a9ed3ffc553d905c570371e9e61b7d1ae2ebe71d
EleutherAI/pythia-12b,12b,56000,step56000,eb3436d852467fdb1367f1588cd7a4fb8fb1d11a
EleutherAI/pythia-12b,12b,55000,step55000,f629fde55baaf850b78366a60c03b9c001d04c0c
EleutherAI/pythia-12b,12b,54000,step54000,3359f94593cc0efa0396757b442a0a3313d5bd4a
EleutherAI/pythia-12b,12b,53000,step53000,085dd283f5bb2ee997014bdad1d1841bfd007436
EleutherAI/pythia-12b,12b,52000,step52000,f713b0978c69e6d45836cab0791cca4cf474ba77
EleutherAI/pythia-12b,12b,48000,step48000,886f33963985b6308a2c88e1b20340cd29b8b13b
EleutherAI/pythia-12b,12b,47000,step47000,b6ddf09afd0c6eb7faf112b59bdf9fd92fbf34f8
EleutherAI/pythia-12b,12b,46000,step46000,76ec28237b5afd7c158ef0248938b1f3e65242b5
EleutherAI/pythia-12b,12b,45000,step45000,b631e944a5c9c776938edc1dcd8c87dfe200b66d
EleutherAI/pythia-12b,12b,41000,step41000,6db14e1c3ca411cc23684c7f143aef05a17e9ef7
EleutherAI/pythia-12b,12b,40000,step40000,41e0330da6d033a76d5fb0a5aa93e97f2126b01a
EleutherAI/pythia-12b,12b,38000,step38000,6e8e0dadd23313841a01018042db8ddae72b9e1b
EleutherAI/pythia-12b,12b,37000,step37000,be255470cffada472e7e623b6d47fb54dd065bae
EleutherAI/pythia-12b,12b,34000,step34000,4fbdea1981560e3678a23e6355143c9d2feab81d
EleutherAI/pythia-12b,12b,31000,step31000,72aecb4d11634261513c96f7e17d40497a0f2457
EleutherAI/pythia-12b,12b,30000,step30000,fd204ffb419dc5f61add09ad328d38a2fe2930bd
EleutherAI/pythia-12b,12b,27000,step27000,35e3176dc6a241e8b6a696b44555620871f9c46e
EleutherAI/pythia-12b,12b,26000,step26000,22f15a07ec7efbb4cedee35e5b3496980af5eb76
EleutherAI/pythia-12b,12b,25000,step25000,780d49328c60a6292c64db6eac151b3a685d401a
EleutherAI/pythia-12b,12b,24000,step24000,c31d464f881f2c683d60f7757b1d80962c2b45f7
EleutherAI/pythia-12b,12b,23000,step23000,c65b70e2ecae0f5d81e23547a8403f87856fc75c
EleutherAI/pythia-12b,12b,22000,step22000,94c7b8775bb4e110c07470eafc634e1084b42f3a
EleutherAI/pythia-12b,12b,21000,step21000,7988c593d8b470335dbd91a3c939b650cff86a18
EleutherAI/pythia-12b,12b,20000,step20000,ce271c9ddce06a80342c5bcb9eb0597cf704891d
EleutherAI/pythia-12b,12b,19000,step19000,c180bc02c19f5827615becacbeb79e41ac8dfe2d
EleutherAI/pythia-12b,12b,18000,step18000,cead3c198c3c72722def2614b19dde2545c46d54
EleutherAI/pythia-12b,12b,17000,step17000,31d0005a95f42919b6d98bec075956916091ac8f
EleutherAI/pythia-12b,12b,16000,step16000,6ca40116519430c248cc33fe4ad604ca33188911
EleutherAI/pythia-12b,12b,15000,step15000,005bad8b6b765530dc74b5af29b823252d0d600e
EleutherAI/pythia-12b,12b,14000,step14000,8af8bdfcae2b673d2cb5e2ccfd12b5318c4a13df
EleutherAI/pythia-12b,12b,13000,step13000,a9ebda919e1f16760ba22030ac5a5a4dd0d18055
EleutherAI/pythia-12b,12b,12000,step12000,63cd3cdef2efc51521c8b92b9d409a4d43379eeb
EleutherAI/pythia-12b,12b,11000,step11000,3fddb00c192ad09451b2d66613dbfbe974e26230
EleutherAI/pythia-12b,12b,10000,step10000,870ea7e9f703eaeed34e6b4e354ce36b118b9a37
EleutherAI/pythia-12b,12b,9000,step9000,d1c05eda578a5b2ccd89db8e7e009e3833d6a2b0
EleutherAI/pythia-12b,12b,8000,step8000,414835b3f8c14dc5143c3bb6cc5798ab0781623b
EleutherAI/pythia-12b,12b,7000,step7000,dd5c4a2d0dba0f5ab2a46d1a4392a8baaa8bc364
EleutherAI/pythia-12b,12b,3000,step3000,0e3378ad6109be89f947fbc9517fe34c4faa9dd5
EleutherAI/pythia-12b,12b,2000,step2000,672d0932eb95dc7e4abb1d45cfa094c45a88084b
EleutherAI/pythia-12b,12b,1000,step1000,5707ac430a0b3b7a6e97f63a3729035f16553b4f
EleutherAI/pythia-12b,12b,512,step512,fc0eea68bd05c2e812097fc02e972c9b9cef431f
EleutherAI/pythia-12b,12b,256,step256,207001f5af6cafa398442f13b4919c12ee09229f
EleutherAI/pythia-12b,12b,128,step128,9689b6e39d82a21a6453704a1021c21850ee0198
EleutherAI/pythia-12b,12b,64,step64,84de62f87a07bca5f3afa2cab0742ffe3e1bcf25
EleutherAI/pythia-12b,12b,32,step32,10a119d96b288c7c01746224d9feedbf3fcbf259
EleutherAI/pythia-12b,12b,16,step16,535b085a8cc117cb1425ba4577e55d38ddb3cff1
EleutherAI/pythia-12b,12b,8,step8,48c379b0913af8fbc5106528af9906c3decbc3ce
EleutherAI/pythia-12b,12b,4,step4,b394452e6300b25585aa88aa1dc3dcafe0a20886
EleutherAI/pythia-12b,12b,2,step2,172eb1498ca1327564799e24e6914908e202f086
EleutherAI/pythia-12b,12b,1,step1,ea62f06315667b0a1a8d2387a660b98291d7800b
EleutherAI/pythia-12b,12b,0,step0,c2d5a429df2823e7bdb74b6daf6944afc1c0866b
